timeStamp,elapsed,label,responseCode,responseMessage,threadName,dataType,success,failureMessage,bytes,sentBytes,grpThreads,allThreads,URL,Latency,IdleTime,Connect
1776748945903,24,GET /restaurants?q=ramen,200,OK,Restaurant Search Load Test 2-1,text,true,,587,137,1,3,http://localhost:8002/restaurants/?q=ramen,22,0,10
1776748945928,1,GET /restaurants?q=ramen,200,OK,Restaurant Search Load Test 2-1,text,true,,587,137,1,3,http://localhost:8002/restaurants/?q=ramen,1,0,0
1776748945929,1,GET /restaurants?q=ramen,200,OK,Restaurant Search Load Test 2-1,text,true,,587,137,1,3,http://localhost:8002/restaurants/?q=ramen,1,0,0
1776748945931,1,GET /restaurants?q=ramen,200,OK,Restaurant Search Load Test 2-1,text,true,,587,137,1,3,http://localhost:8002/restaurants/?q=ramen,1,0,0
1776748945932,1,GET /restaurants?q=ramen,200,OK,Restaurant Search Load Test 2-1,text,true,,587,137,1,3,http://localhost:8002/restaurants/?q=ramen,1,0,0
1776748945933,1,GET /restaurants?q=ramen,200,OK,Restaurant Search Load Test 2-1,text,true,,587,137,1,3,http://localhost:8002/restaurants/?q=ramen,1,0,0
1776748945934,0,GET /restaurants?q=ramen,200,OK,Restaurant Search Load Test 2-1,text,true,,587,137,1,3,http://localhost:8002/restaurants/?q=ramen,0,0,0
1776748945935,0,GET /restaurants?q=ramen,200,OK,Restaurant Search Load Test 2-1,text,true,,587,137,1,3,http://localhost:8002/restaurants/?q=ramen,0,0,0
1776748945936,0,GET /restaurants?q=ramen,200,OK,Restaurant Search Load Test 2-1,text,true,,587,137,1,3,http://localhost:8002/restaurants/?q=ramen,0,0,0
1776748945937,1,GET /restaurants?q=ramen,200,OK,Restaurant Search Load Test 2-1,text,true,,587,137,1,3,http://localhost:8002/restaurants/?q=ramen,1,0,0
1776748946174,2,GET /restaurants?q=ramen,200,OK,Restaurant Search Load Test 2-2,text,true,,587,137,1,4,http://localhost:8002/restaurants/?q=ramen,2,0,1
1776748946176,2,GET /restaurants?q=ramen,200,OK,Restaurant Search Load Test 2-2,text,true,,587,137,1,4,http://localhost:8002/restaurants/?q=ramen,2,0,0
1776748946178,1,GET /restaurants?q=ramen,200,OK,Restaurant Search Load Test 2-2,text,true,,587,137,1,4,http://localhost:8002/restaurants/?q=ramen,1,0,0
1776748946179,1,GET /restaurants?q=ramen,200,OK,Restaurant Search Load Test 2-2,text,true,,587,137,1,4,http://localhost:8002/restaurants/?q=ramen,1,0,0
1776748946180,1,GET /restaurants?q=ramen,200,OK,Restaurant Search Load Test 2-2,text,true,,587,137,1,4,http://localhost:8002/restaurants/?q=ramen,1,0,0
1776748946181,2,GET /restaurants?q=ramen,200,OK,Restaurant Search Load Test 2-2,text,true,,587,137,1,4,http://localhost:8002/restaurants/?q=ramen,2,0,0
1776748946183,1,GET /restaurants?q=ramen,200,OK,Restaurant Search Load Test 2-2,text,true,,587,137,1,4,http://localhost:8002/restaurants/?q=ramen,1,0,0
1776748946184,2,GET /restaurants?q=ramen,200,OK,Restaurant Search Load Test 2-2,text,true,,587,137,1,5,http://localhost:8002/restaurants/?q=ramen,2,0,0
1776748946186,1,GET /restaurants?q=ramen,200,OK,Restaurant Search Load Test 2-2,text,true,,587,137,1,5,http://localhost:8002/restaurants/?q=ramen,1,0,0
1776748946187,1,GET /restaurants?q=ramen,200,OK,Restaurant Search Load Test 2-2,text,true,,587,137,1,5,http://localhost:8002/restaurants/?q=ramen,1,0,0
1776748945903,377,POST /auth/login,200,OK,Login Load Test 1-1,text,true,,316,243,2,4,http://localhost:8001/auth/login,377,0,10
1776748945903,546,Login for Token,200,OK,Review Submission Load Test 3-1,text,true,,316,243,2,4,http://localhost:8001/auth/login,546,0,10
1776748946451,4,POST /reviews/,400,Bad Request,Review Submission Load Test 3-1,text,false,,188,440,2,4,http://localhost:8004/reviews/,4,0,1
1776748946474,2,GET /restaurants?q=ramen,200,OK,Restaurant Search Load Test 2-3,text,true,,587,137,1,6,http://localhost:8002/restaurants/?q=ramen,2,0,0
1776748946476,2,GET /restaurants?q=ramen,200,OK,Restaurant Search Load Test 2-3,text,true,,587,137,1,6,http://localhost:8002/restaurants/?q=ramen,2,0,0
1776748946479,1,GET /restaurants?q=ramen,200,OK,Restaurant Search Load Test 2-3,text,true,,587,137,1,6,http://localhost:8002/restaurants/?q=ramen,1,0,0
1776748946480,1,GET /restaurants?q=ramen,200,OK,Restaurant Search Load Test 2-3,text,true,,587,137,1,6,http://localhost:8002/restaurants/?q=ramen,1,0,0
1776748946482,1,GET /restaurants?q=ramen,200,OK,Restaurant Search Load Test 2-3,text,true,,587,137,1,7,http://localhost:8002/restaurants/?q=ramen,1,0,0
1776748946483,1,GET /restaurants?q=ramen,200,OK,Restaurant Search Load Test 2-3,text,true,,587,137,1,7,http://localhost:8002/restaurants/?q=ramen,1,0,0
1776748946484,1,GET /restaurants?q=ramen,200,OK,Restaurant Search Load Test 2-3,text,true,,587,137,1,7,http://localhost:8002/restaurants/?q=ramen,1,0,0
1776748946486,1,GET /restaurants?q=ramen,200,OK,Restaurant Search Load Test 2-3,text,true,,587,137,1,7,http://localhost:8002/restaurants/?q=ramen,1,0,0
1776748946487,1,GET /restaurants?q=ramen,200,OK,Restaurant Search Load Test 2-3,text,true,,587,137,1,7,http://localhost:8002/restaurants/?q=ramen,1,0,0
1776748946488,1,GET /restaurants?q=ramen,200,OK,Restaurant Search Load Test 2-3,text,true,,587,137,1,7,http://localhost:8002/restaurants/?q=ramen,1,0,0
1776748946170,449,POST /auth/login,200,OK,Login Load Test 1-2,text,true,,316,243,3,6,http://localhost:8001/auth/login,449,0,0
1776748946185,435,Login for Token,200,OK,Review Submission Load Test 3-2,text,true,,316,243,3,6,http://localhost:8001/auth/login,435,0,0
1776748946621,3,POST /reviews/,400,Bad Request,Review Submission Load Test 3-2,text,false,,188,440,3,6,http://localhost:8004/reviews/,3,0,0
1776748946779,2,GET /restaurants?q=ramen,200,OK,Restaurant Search Load Test 2-4,text,true,,587,137,1,8,http://localhost:8002/restaurants/?q=ramen,2,0,1
1776748946782,1,GET /restaurants?q=ramen,200,OK,Restaurant Search Load Test 2-4,text,true,,587,137,1,9,http://localhost:8002/restaurants/?q=ramen,1,0,0
1776748946783,1,GET /restaurants?q=ramen,200,OK,Restaurant Search Load Test 2-4,text,true,,587,137,1,9,http://localhost:8002/restaurants/?q=ramen,1,0,0
1776748946785,1,GET /restaurants?q=ramen,200,OK,Restaurant Search Load Test 2-4,text,true,,587,137,1,9,http://localhost:8002/restaurants/?q=ramen,1,0,0
1776748946786,1,GET /restaurants?q=ramen,200,OK,Restaurant Search Load Test 2-4,text,true,,587,137,1,9,http://localhost:8002/restaurants/?q=ramen,1,0,0
1776748946787,1,GET /restaurants?q=ramen,200,OK,Restaurant Search Load Test 2-4,text,true,,587,137,1,9,http://localhost:8002/restaurants/?q=ramen,1,0,0
1776748946788,0,GET /restaurants?q=ramen,200,OK,Restaurant Search Load Test 2-4,text,true,,587,137,1,9,http://localhost:8002/restaurants/?q=ramen,0,0,0
1776748946789,0,GET /restaurants?q=ramen,200,OK,Restaurant Search Load Test 2-4,text,true,,587,137,1,9,http://localhost:8002/restaurants/?q=ramen,0,0,0
1776748946790,0,GET /restaurants?q=ramen,200,OK,Restaurant Search Load Test 2-4,text,true,,587,137,1,9,http://localhost:8002/restaurants/?q=ramen,0,0,0
1776748946791,0,GET /restaurants?q=ramen,200,OK,Restaurant Search Load Test 2-4,text,true,,587,137,1,9,http://localhost:8002/restaurants/?q=ramen,0,0,0
1776748947073,3,GET /restaurants?q=ramen,200,OK,Restaurant Search Load Test 2-5,text,true,,587,137,1,10,http://localhost:8002/restaurants/?q=ramen,3,0,1
1776748947076,1,GET /restaurants?q=ramen,200,OK,Restaurant Search Load Test 2-5,text,true,,587,137,1,10,http://localhost:8002/restaurants/?q=ramen,1,0,0
1776748947077,1,GET /restaurants?q=ramen,200,OK,Restaurant Search Load Test 2-5,text,true,,587,137,1,10,http://localhost:8002/restaurants/?q=ramen,1,0,0
1776748947078,1,GET /restaurants?q=ramen,200,OK,Restaurant Search Load Test 2-5,text,true,,587,137,1,10,http://localhost:8002/restaurants/?q=ramen,1,0,0
1776748947079,1,GET /restaurants?q=ramen,200,OK,Restaurant Search Load Test 2-5,text,true,,587,137,1,10,http://localhost:8002/restaurants/?q=ramen,1,0,0
1776748947080,1,GET /restaurants?q=ramen,200,OK,Restaurant Search Load Test 2-5,text,true,,587,137,1,10,http://localhost:8002/restaurants/?q=ramen,1,0,0
1776748947081,1,GET /restaurants?q=ramen,200,OK,Restaurant Search Load Test 2-5,text,true,,587,137,1,10,http://localhost:8002/restaurants/?q=ramen,1,0,0
1776748947082,1,GET /restaurants?q=ramen,200,OK,Restaurant Search Load Test 2-5,text,true,,587,137,1,10,http://localhost:8002/restaurants/?q=ramen,1,0,0
1776748947083,1,GET /restaurants?q=ramen,200,OK,Restaurant Search Load Test 2-5,text,true,,587,137,1,10,http://localhost:8002/restaurants/?q=ramen,1,0,0
1776748947084,1,GET /restaurants?q=ramen,200,OK,Restaurant Search Load Test 2-5,text,true,,587,137,1,10,http://localhost:8002/restaurants/?q=ramen,1,0,0
1776748946280,1021,POST /auth/login,200,OK,Login Load Test 1-1,text,true,,316,243,5,10,http://localhost:8001/auth/login,1021,0,0
1776748946469,832,POST /auth/login,200,OK,Login Load Test 1-3,text,true,,316,243,5,10,http://localhost:8001/auth/login,832,0,1
1776748946482,820,Login for Token,200,OK,Review Submission Load Test 3-3,text,true,,316,243,5,10,http://localhost:8001/auth/login,820,0,1
1776748946456,845,Login for Token,200,OK,Review Submission Load Test 3-1,text,true,,316,243,5,10,http://localhost:8001/auth/login,845,0,0
1776748947302,2,POST /reviews/,400,Bad Request,Review Submission Load Test 3-1,text,false,,188,440,5,10,http://localhost:8004/reviews/,2,0,0
1776748947303,2,POST /reviews/,400,Bad Request,Review Submission Load Test 3-3,text,false,,188,440,5,10,http://localhost:8004/reviews/,2,0,1
1776748947374,2,GET /restaurants?q=ramen,200,OK,Restaurant Search Load Test 2-6,text,true,,587,137,1,12,http://localhost:8002/restaurants/?q=ramen,2,0,1
1776748947377,1,GET /restaurants?q=ramen,200,OK,Restaurant Search Load Test 2-6,text,true,,587,137,1,12,http://localhost:8002/restaurants/?q=ramen,1,0,0
1776748947379,1,GET /restaurants?q=ramen,200,OK,Restaurant Search Load Test 2-6,text,true,,587,137,1,12,http://localhost:8002/restaurants/?q=ramen,1,0,0
1776748947380,1,GET /restaurants?q=ramen,200,OK,Restaurant Search Load Test 2-6,text,true,,587,137,1,12,http://localhost:8002/restaurants/?q=ramen,1,0,0
1776748947381,1,GET /restaurants?q=ramen,200,OK,Restaurant Search Load Test 2-6,text,true,,587,137,1,12,http://localhost:8002/restaurants/?q=ramen,1,0,0
1776748947382,1,GET /restaurants?q=ramen,200,OK,Restaurant Search Load Test 2-6,text,true,,587,137,1,12,http://localhost:8002/restaurants/?q=ramen,1,0,0
1776748947383,1,GET /restaurants?q=ramen,200,OK,Restaurant Search Load Test 2-6,text,true,,587,137,1,12,http://localhost:8002/restaurants/?q=ramen,1,0,0
1776748947384,1,GET /restaurants?q=ramen,200,OK,Restaurant Search Load Test 2-6,text,true,,587,137,1,12,http://localhost:8002/restaurants/?q=ramen,1,0,0
1776748947385,2,GET /restaurants?q=ramen,200,OK,Restaurant Search Load Test 2-6,text,true,,587,137,1,13,http://localhost:8002/restaurants/?q=ramen,2,0,0
1776748947387,1,GET /restaurants?q=ramen,200,OK,Restaurant Search Load Test 2-6,text,true,,587,137,1,13,http://localhost:8002/restaurants/?q=ramen,1,0,0
1776748947678,2,GET /restaurants?q=ramen,200,OK,Restaurant Search Load Test 2-7,text,true,,587,137,1,14,http://localhost:8002/restaurants/?q=ramen,2,0,1
1776748947680,2,GET /restaurants?q=ramen,200,OK,Restaurant Search Load Test 2-7,text,true,,587,137,1,14,http://localhost:8002/restaurants/?q=ramen,2,0,0
1776748947682,1,GET /restaurants?q=ramen,200,OK,Restaurant Search Load Test 2-7,text,true,,587,137,1,14,http://localhost:8002/restaurants/?q=ramen,1,0,0
1776748947683,1,GET /restaurants?q=ramen,200,OK,Restaurant Search Load Test 2-7,text,true,,587,137,1,14,http://localhost:8002/restaurants/?q=ramen,1,0,0
1776748947684,0,GET /restaurants?q=ramen,200,OK,Restaurant Search Load Test 2-7,text,true,,587,137,1,14,http://localhost:8002/restaurants/?q=ramen,0,0,0
1776748947685,1,GET /restaurants?q=ramen,200,OK,Restaurant Search Load Test 2-7,text,true,,587,137,1,15,http://localhost:8002/restaurants/?q=ramen,1,0,0
1776748947686,1,GET /restaurants?q=ramen,200,OK,Restaurant Search Load Test 2-7,text,true,,587,137,1,15,http://localhost:8002/restaurants/?q=ramen,1,0,0
1776748947687,0,GET /restaurants?q=ramen,200,OK,Restaurant Search Load Test 2-7,text,true,,587,137,1,15,http://localhost:8002/restaurants/?q=ramen,0,0,0
1776748947688,0,GET /restaurants?q=ramen,200,OK,Restaurant Search Load Test 2-7,text,true,,587,137,1,15,http://localhost:8002/restaurants/?q=ramen,0,0,0
1776748947688,1,GET /restaurants?q=ramen,200,OK,Restaurant Search Load Test 2-7,text,true,,587,137,1,15,http://localhost:8002/restaurants/?q=ramen,1,0,0
1776748947977,2,GET /restaurants?q=ramen,200,OK,Restaurant Search Load Test 2-8,text,true,,587,137,1,16,http://localhost:8002/restaurants/?q=ramen,2,0,0
1776748947979,1,GET /restaurants?q=ramen,200,OK,Restaurant Search Load Test 2-8,text,true,,587,137,1,16,http://localhost:8002/restaurants/?q=ramen,1,0,0
1776748947980,2,GET /restaurants?q=ramen,200,OK,Restaurant Search Load Test 2-8,text,true,,587,137,1,16,http://localhost:8002/restaurants/?q=ramen,2,0,0
1776748947982,1,GET /restaurants?q=ramen,200,OK,Restaurant Search Load Test 2-8,text,true,,587,137,1,17,http://localhost:8002/restaurants/?q=ramen,1,0,0
1776748947983,1,GET /restaurants?q=ramen,200,OK,Restaurant Search Load Test 2-8,text,true,,587,137,1,17,http://localhost:8002/restaurants/?q=ramen,1,0,0
1776748947985,1,GET /restaurants?q=ramen,200,OK,Restaurant Search Load Test 2-8,text,true,,587,137,1,17,http://localhost:8002/restaurants/?q=ramen,1,0,0
1776748947986,1,GET /restaurants?q=ramen,200,OK,Restaurant Search Load Test 2-8,text,true,,587,137,1,17,http://localhost:8002/restaurants/?q=ramen,1,0,0
1776748947987,1,GET /restaurants?q=ramen,200,OK,Restaurant Search Load Test 2-8,text,true,,587,137,1,17,http://localhost:8002/restaurants/?q=ramen,1,0,0
1776748947988,1,GET /restaurants?q=ramen,200,OK,Restaurant Search Load Test 2-8,text,true,,587,137,1,17,http://localhost:8002/restaurants/?q=ramen,1,0,0
1776748947989,1,GET /restaurants?q=ramen,200,OK,Restaurant Search Load Test 2-8,text,true,,587,137,1,17,http://localhost:8002/restaurants/?q=ramen,1,0,0
1776748948276,2,GET /restaurants?q=ramen,200,OK,Restaurant Search Load Test 2-9,text,true,,587,137,1,18,http://localhost:8002/restaurants/?q=ramen,2,0,0
1776748948279,1,GET /restaurants?q=ramen,200,OK,Restaurant Search Load Test 2-9,text,true,,587,137,1,18,http://localhost:8002/restaurants/?q=ramen,1,0,0
1776748948280,1,GET /restaurants?q=ramen,200,OK,Restaurant Search Load Test 2-9,text,true,,587,137,1,18,http://localhost:8002/restaurants/?q=ramen,1,0,0
1776748948281,1,GET /restaurants?q=ramen,200,OK,Restaurant Search Load Test 2-9,text,true,,587,137,1,18,http://localhost:8002/restaurants/?q=ramen,1,0,0
1776748948283,1,GET /restaurants?q=ramen,200,OK,Restaurant Search Load Test 2-9,text,true,,587,137,1,18,http://localhost:8002/restaurants/?q=ramen,1,0,0
1776748948284,1,GET /restaurants?q=ramen,200,OK,Restaurant Search Load Test 2-9,text,true,,587,137,1,19,http://localhost:8002/restaurants/?q=ramen,1,0,0
1776748948285,1,GET /restaurants?q=ramen,200,OK,Restaurant Search Load Test 2-9,text,true,,587,137,1,19,http://localhost:8002/restaurants/?q=ramen,1,0,0
1776748948286,1,GET /restaurants?q=ramen,200,OK,Restaurant Search Load Test 2-9,text,true,,587,137,1,19,http://localhost:8002/restaurants/?q=ramen,1,0,0
1776748948287,1,GET /restaurants?q=ramen,200,OK,Restaurant Search Load Test 2-9,text,true,,587,137,1,19,http://localhost:8002/restaurants/?q=ramen,1,0,0
1776748948289,1,GET /restaurants?q=ramen,200,OK,Restaurant Search Load Test 2-9,text,true,,587,137,1,19,http://localhost:8002/restaurants/?q=ramen,1,0,0
1776748946767,1561,POST /auth/login,200,OK,Login Load Test 1-4,text,true,,316,243,9,18,http://localhost:8001/auth/login,1561,0,1
1776748946620,1708,POST /auth/login,200,OK,Login Load Test 1-2,text,true,,316,243,9,18,http://localhost:8001/auth/login,1708,0,0
1776748946783,1545,Login for Token,200,OK,Review Submission Load Test 3-4,text,true,,316,243,9,18,http://localhost:8001/auth/login,1545,0,0
1776748947069,1260,POST /auth/login,200,OK,Login Load Test 1-5,text,true,,316,243,9,18,http://localhost:8001/auth/login,1260,0,1
1776748946625,1704,Login for Token,200,OK,Review Submission Load Test 3-2,text,true,,316,243,9,18,http://localhost:8001/auth/login,1704,0,0
1776748947086,1246,Login for Token,200,OK,Review Submission Load Test 3-5,text,true,,316,243,9,18,http://localhost:8001/auth/login,1246,0,0
1776748948330,3,POST /reviews/,400,Bad Request,Review Submission Load Test 3-2,text,false,,188,440,9,18,http://localhost:8004/reviews/,3,0,0
1776748948329,4,POST /reviews/,400,Bad Request,Review Submission Load Test 3-4,text,false,,188,440,9,18,http://localhost:8004/reviews/,4,0,1
1776748948333,2,POST /reviews/,400,Bad Request,Review Submission Load Test 3-5,text,false,,188,440,9,18,http://localhost:8004/reviews/,2,0,0
1776748948577,3,GET /restaurants?q=ramen,200,OK,Restaurant Search Load Test 2-10,text,true,,587,137,1,20,http://localhost:8002/restaurants/?q=ramen,3,0,1
1776748948580,1,GET /restaurants?q=ramen,200,OK,Restaurant Search Load Test 2-10,text,true,,587,137,1,20,http://localhost:8002/restaurants/?q=ramen,1,0,0
1776748948582,1,GET /restaurants?q=ramen,200,OK,Restaurant Search Load Test 2-10,text,true,,587,137,1,20,http://localhost:8002/restaurants/?q=ramen,1,0,0
1776748948583,1,GET /restaurants?q=ramen,200,OK,Restaurant Search Load Test 2-10,text,true,,587,137,1,21,http://localhost:8002/restaurants/?q=ramen,1,0,0
1776748948584,1,GET /restaurants?q=ramen,200,OK,Restaurant Search Load Test 2-10,text,true,,587,137,1,21,http://localhost:8002/restaurants/?q=ramen,1,0,0
1776748948586,1,GET /restaurants?q=ramen,200,OK,Restaurant Search Load Test 2-10,text,true,,587,137,1,21,http://localhost:8002/restaurants/?q=ramen,1,0,0
1776748948587,1,GET /restaurants?q=ramen,200,OK,Restaurant Search Load Test 2-10,text,true,,587,137,1,21,http://localhost:8002/restaurants/?q=ramen,1,0,0
1776748948588,1,GET /restaurants?q=ramen,200,OK,Restaurant Search Load Test 2-10,text,true,,587,137,1,21,http://localhost:8002/restaurants/?q=ramen,1,0,0
1776748948589,1,GET /restaurants?q=ramen,200,OK,Restaurant Search Load Test 2-10,text,true,,587,137,1,21,http://localhost:8002/restaurants/?q=ramen,1,0,0
1776748948590,1,GET /restaurants?q=ramen,200,OK,Restaurant Search Load Test 2-10,text,true,,587,137,1,21,http://localhost:8002/restaurants/?q=ramen,1,0,0
1776748948878,2,GET /restaurants?q=ramen,200,OK,Restaurant Search Load Test 2-11,text,true,,587,137,1,22,http://localhost:8002/restaurants/?q=ramen,2,0,1
1776748948880,2,GET /restaurants?q=ramen,200,OK,Restaurant Search Load Test 2-11,text,true,,587,137,1,22,http://localhost:8002/restaurants/?q=ramen,1,0,0
1776748948882,1,GET /restaurants?q=ramen,200,OK,Restaurant Search Load Test 2-11,text,true,,587,137,1,23,http://localhost:8002/restaurants/?q=ramen,1,0,0
1776748948883,2,GET /restaurants?q=ramen,200,OK,Restaurant Search Load Test 2-11,text,true,,587,137,1,23,http://localhost:8002/restaurants/?q=ramen,2,0,0
1776748948885,1,GET /restaurants?q=ramen,200,OK,Restaurant Search Load Test 2-11,text,true,,587,137,1,23,http://localhost:8002/restaurants/?q=ramen,1,0,0
1776748948886,1,GET /restaurants?q=ramen,200,OK,Restaurant Search Load Test 2-11,text,true,,587,137,1,23,http://localhost:8002/restaurants/?q=ramen,1,0,0
1776748948887,1,GET /restaurants?q=ramen,200,OK,Restaurant Search Load Test 2-11,text,true,,587,137,1,23,http://localhost:8002/restaurants/?q=ramen,1,0,0
1776748948888,1,GET /restaurants?q=ramen,200,OK,Restaurant Search Load Test 2-11,text,true,,587,137,1,23,http://localhost:8002/restaurants/?q=ramen,1,0,0
1776748948890,1,GET /restaurants?q=ramen,200,OK,Restaurant Search Load Test 2-11,text,true,,587,137,1,23,http://localhost:8002/restaurants/?q=ramen,1,0,0
1776748948891,1,GET /restaurants?q=ramen,200,OK,Restaurant Search Load Test 2-11,text,true,,587,137,1,23,http://localhost:8002/restaurants/?q=ramen,1,0,0
1776748949178,2,GET /restaurants?q=ramen,200,OK,Restaurant Search Load Test 2-12,text,true,,587,137,1,24,http://localhost:8002/restaurants/?q=ramen,2,0,1
1776748949181,1,GET /restaurants?q=ramen,200,OK,Restaurant Search Load Test 2-12,text,true,,587,137,1,24,http://localhost:8002/restaurants/?q=ramen,1,0,0
1776748949182,1,GET /restaurants?q=ramen,200,OK,Restaurant Search Load Test 2-12,text,true,,587,137,1,24,http://localhost:8002/restaurants/?q=ramen,1,0,0
1776748949183,1,GET /restaurants?q=ramen,200,OK,Restaurant Search Load Test 2-12,text,true,,587,137,1,25,http://localhost:8002/restaurants/?q=ramen,1,0,0
1776748949184,1,GET /restaurants?q=ramen,200,OK,Restaurant Search Load Test 2-12,text,true,,587,137,1,25,http://localhost:8002/restaurants/?q=ramen,1,0,0
1776748949185,1,GET /restaurants?q=ramen,200,OK,Restaurant Search Load Test 2-12,text,true,,587,137,1,25,http://localhost:8002/restaurants/?q=ramen,1,0,0
1776748949186,1,GET /restaurants?q=ramen,200,OK,Restaurant Search Load Test 2-12,text,true,,587,137,1,25,http://localhost:8002/restaurants/?q=ramen,1,0,0
1776748949187,1,GET /restaurants?q=ramen,200,OK,Restaurant Search Load Test 2-12,text,true,,587,137,1,25,http://localhost:8002/restaurants/?q=ramen,1,0,0
1776748949188,1,GET /restaurants?q=ramen,200,OK,Restaurant Search Load Test 2-12,text,true,,587,137,1,25,http://localhost:8002/restaurants/?q=ramen,1,0,0
1776748949189,1,GET /restaurants?q=ramen,200,OK,Restaurant Search Load Test 2-12,text,true,,587,137,1,25,http://localhost:8002/restaurants/?q=ramen,1,0,0
1776748949479,2,GET /restaurants?q=ramen,200,OK,Restaurant Search Load Test 2-13,text,true,,587,137,1,26,http://localhost:8002/restaurants/?q=ramen,2,0,1
1776748949481,2,GET /restaurants?q=ramen,200,OK,Restaurant Search Load Test 2-13,text,true,,587,137,1,27,http://localhost:8002/restaurants/?q=ramen,2,0,0
1776748949483,1,GET /restaurants?q=ramen,200,OK,Restaurant Search Load Test 2-13,text,true,,587,137,1,27,http://localhost:8002/restaurants/?q=ramen,1,0,0
1776748949484,1,GET /restaurants?q=ramen,200,OK,Restaurant Search Load Test 2-13,text,true,,587,137,1,27,http://localhost:8002/restaurants/?q=ramen,1,0,0
1776748949485,1,GET /restaurants?q=ramen,200,OK,Restaurant Search Load Test 2-13,text,true,,587,137,1,27,http://localhost:8002/restaurants/?q=ramen,1,0,0
1776748949486,1,GET /restaurants?q=ramen,200,OK,Restaurant Search Load Test 2-13,text,true,,587,137,1,27,http://localhost:8002/restaurants/?q=ramen,1,0,0
1776748949487,1,GET /restaurants?q=ramen,200,OK,Restaurant Search Load Test 2-13,text,true,,587,137,1,27,http://localhost:8002/restaurants/?q=ramen,1,0,0
1776748949488,1,GET /restaurants?q=ramen,200,OK,Restaurant Search Load Test 2-13,text,true,,587,137,1,27,http://localhost:8002/restaurants/?q=ramen,1,0,0
1776748949489,1,GET /restaurants?q=ramen,200,OK,Restaurant Search Load Test 2-13,text,true,,587,137,1,27,http://localhost:8002/restaurants/?q=ramen,1,0,0
1776748949490,1,GET /restaurants?q=ramen,200,OK,Restaurant Search Load Test 2-13,text,true,,587,137,1,27,http://localhost:8002/restaurants/?q=ramen,1,0,0
1776748947301,2382,POST /auth/login,200,OK,Login Load Test 1-3,text,true,,316,243,13,26,http://localhost:8001/auth/login,2382,0,0
1776748947301,2382,POST /auth/login,200,OK,Login Load Test 1-1,text,true,,316,243,13,26,http://localhost:8001/auth/login,2382,0,0
1776748947306,2377,Login for Token,200,OK,Review Submission Load Test 3-3,text,true,,316,243,13,26,http://localhost:8001/auth/login,2377,0,0
1776748947304,2379,Login for Token,200,OK,Review Submission Load Test 3-1,text,true,,316,243,13,26,http://localhost:8001/auth/login,2379,0,0
1776748949683,2,POST /reviews/,400,Bad Request,Review Submission Load Test 3-3,text,false,,188,440,13,26,http://localhost:8004/reviews/,2,0,0
1776748949683,3,POST /reviews/,400,Bad Request,Review Submission Load Test 3-1,text,false,,188,440,13,26,http://localhost:8004/reviews/,2,0,0
1776748949779,2,GET /restaurants?q=ramen,200,OK,Restaurant Search Load Test 2-14,text,true,,587,137,1,27,http://localhost:8002/restaurants/?q=ramen,2,0,0
1776748949781,1,GET /restaurants?q=ramen,200,OK,Restaurant Search Load Test 2-14,text,true,,587,137,1,27,http://localhost:8002/restaurants/?q=ramen,1,0,0
1776748949782,1,GET /restaurants?q=ramen,200,OK,Restaurant Search Load Test 2-14,text,true,,587,137,1,27,http://localhost:8002/restaurants/?q=ramen,1,0,0
1776748949783,1,GET /restaurants?q=ramen,200,OK,Restaurant Search Load Test 2-14,text,true,,587,137,1,27,http://localhost:8002/restaurants/?q=ramen,1,0,0
1776748949784,1,GET /restaurants?q=ramen,200,OK,Restaurant Search Load Test 2-14,text,true,,587,137,1,27,http://localhost:8002/restaurants/?q=ramen,1,0,0
1776748949785,0,GET /restaurants?q=ramen,200,OK,Restaurant Search Load Test 2-14,text,true,,587,137,1,27,http://localhost:8002/restaurants/?q=ramen,0,0,0
1776748949785,1,GET /restaurants?q=ramen,200,OK,Restaurant Search Load Test 2-14,text,true,,587,137,1,28,http://localhost:8002/restaurants/?q=ramen,1,0,0
1776748949786,1,GET /restaurants?q=ramen,200,OK,Restaurant Search Load Test 2-14,text,true,,587,137,1,28,http://localhost:8002/restaurants/?q=ramen,1,0,0
1776748949787,1,GET /restaurants?q=ramen,200,OK,Restaurant Search Load Test 2-14,text,true,,587,137,1,28,http://localhost:8002/restaurants/?q=ramen,1,0,0
1776748949788,1,GET /restaurants?q=ramen,200,OK,Restaurant Search Load Test 2-14,text,true,,587,137,1,28,http://localhost:8002/restaurants/?q=ramen,1,0,0
1776748947668,2349,POST /auth/login,200,OK,Login Load Test 1-7,text,true,,316,243,14,27,http://localhost:8001/auth/login,2349,0,1
1776748947386,2631,Login for Token,200,OK,Review Submission Load Test 3-6,text,true,,316,243,13,27,http://localhost:8001/auth/login,2631,0,0
1776748947685,2332,Login for Token,200,OK,Review Submission Load Test 3-7,text,true,,316,243,13,27,http://localhost:8001/auth/login,2332,0,1
1776748950019,3,POST /reviews/,400,Bad Request,Review Submission Load Test 3-6,text,false,,188,440,13,27,http://localhost:8004/reviews/,3,0,1
1776748950020,2,POST /reviews/,400,Bad Request,Review Submission Load Test 3-7,text,false,,188,440,13,27,http://localhost:8004/reviews/,2,0,1
1776748950079,2,GET /restaurants?q=ramen,200,OK,Restaurant Search Load Test 2-15,text,true,,587,137,1,29,http://localhost:8002/restaurants/?q=ramen,2,0,1
1776748950081,1,GET /restaurants?q=ramen,200,OK,Restaurant Search Load Test 2-15,text,true,,587,137,1,29,http://localhost:8002/restaurants/?q=ramen,1,0,0
1776748950082,1,GET /restaurants?q=ramen,200,OK,Restaurant Search Load Test 2-15,text,true,,587,137,1,29,http://localhost:8002/restaurants/?q=ramen,1,0,0
1776748950083,1,GET /restaurants?q=ramen,200,OK,Restaurant Search Load Test 2-15,text,true,,587,137,1,29,http://localhost:8002/restaurants/?q=ramen,1,0,0
1776748950084,1,GET /restaurants?q=ramen,200,OK,Restaurant Search Load Test 2-15,text,true,,587,137,1,30,http://localhost:8002/restaurants/?q=ramen,1,0,0
1776748950085,1,GET /restaurants?q=ramen,200,OK,Restaurant Search Load Test 2-15,text,true,,587,137,1,30,http://localhost:8002/restaurants/?q=ramen,1,0,0
1776748950087,0,GET /restaurants?q=ramen,200,OK,Restaurant Search Load Test 2-15,text,true,,587,137,1,30,http://localhost:8002/restaurants/?q=ramen,0,0,0
1776748950088,1,GET /restaurants?q=ramen,200,OK,Restaurant Search Load Test 2-15,text,true,,587,137,1,30,http://localhost:8002/restaurants/?q=ramen,1,0,0
1776748950089,1,GET /restaurants?q=ramen,200,OK,Restaurant Search Load Test 2-15,text,true,,587,137,1,30,http://localhost:8002/restaurants/?q=ramen,1,0,0
1776748950090,1,GET /restaurants?q=ramen,200,OK,Restaurant Search Load Test 2-15,text,true,,587,137,1,30,http://localhost:8002/restaurants/?q=ramen,1,0,0
1776748950374,2,GET /restaurants?q=ramen,200,OK,Restaurant Search Load Test 2-16,text,true,,587,137,1,31,http://localhost:8002/restaurants/?q=ramen,2,0,1
1776748950377,1,GET /restaurants?q=ramen,200,OK,Restaurant Search Load Test 2-16,text,true,,587,137,1,31,http://localhost:8002/restaurants/?q=ramen,1,0,0
1776748950378,1,GET /restaurants?q=ramen,200,OK,Restaurant Search Load Test 2-16,text,true,,587,137,1,31,http://localhost:8002/restaurants/?q=ramen,1,0,0
1776748950379,1,GET /restaurants?q=ramen,200,OK,Restaurant Search Load Test 2-16,text,true,,587,137,1,31,http://localhost:8002/restaurants/?q=ramen,1,0,0
1776748950380,1,GET /restaurants?q=ramen,200,OK,Restaurant Search Load Test 2-16,text,true,,587,137,1,31,http://localhost:8002/restaurants/?q=ramen,1,0,0
1776748950381,1,GET /restaurants?q=ramen,200,OK,Restaurant Search Load Test 2-16,text,true,,587,137,1,32,http://localhost:8002/restaurants/?q=ramen,1,0,0
1776748950382,1,GET /restaurants?q=ramen,200,OK,Restaurant Search Load Test 2-16,text,true,,587,137,1,32,http://localhost:8002/restaurants/?q=ramen,1,0,0
1776748950383,1,GET /restaurants?q=ramen,200,OK,Restaurant Search Load Test 2-16,text,true,,587,137,1,32,http://localhost:8002/restaurants/?q=ramen,1,0,0
1776748950384,1,GET /restaurants?q=ramen,200,OK,Restaurant Search Load Test 2-16,text,true,,587,137,1,32,http://localhost:8002/restaurants/?q=ramen,1,0,0
1776748950385,1,GET /restaurants?q=ramen,200,OK,Restaurant Search Load Test 2-16,text,true,,587,137,1,32,http://localhost:8002/restaurants/?q=ramen,1,0,0
1776748950679,2,GET /restaurants?q=ramen,200,OK,Restaurant Search Load Test 2-17,text,true,,587,137,1,33,http://localhost:8002/restaurants/?q=ramen,2,0,1
1776748950682,1,GET /restaurants?q=ramen,200,OK,Restaurant Search Load Test 2-17,text,true,,587,137,1,33,http://localhost:8002/restaurants/?q=ramen,1,0,0
1776748950683,1,GET /restaurants?q=ramen,200,OK,Restaurant Search Load Test 2-17,text,true,,587,137,1,33,http://localhost:8002/restaurants/?q=ramen,1,0,0
1776748950684,1,GET /restaurants?q=ramen,200,OK,Restaurant Search Load Test 2-17,text,true,,587,137,1,33,http://localhost:8002/restaurants/?q=ramen,1,0,0
1776748950685,1,GET /restaurants?q=ramen,200,OK,Restaurant Search Load Test 2-17,text,true,,587,137,1,34,http://localhost:8002/restaurants/?q=ramen,1,0,0
1776748950686,1,GET /restaurants?q=ramen,200,OK,Restaurant Search Load Test 2-17,text,true,,587,137,1,34,http://localhost:8002/restaurants/?q=ramen,1,0,0
1776748950687,1,GET /restaurants?q=ramen,200,OK,Restaurant Search Load Test 2-17,text,true,,587,137,1,34,http://localhost:8002/restaurants/?q=ramen,1,0,0
1776748950688,1,GET /restaurants?q=ramen,200,OK,Restaurant Search Load Test 2-17,text,true,,587,137,1,34,http://localhost:8002/restaurants/?q=ramen,1,0,0
1776748950689,1,GET /restaurants?q=ramen,200,OK,Restaurant Search Load Test 2-17,text,true,,587,137,1,34,http://localhost:8002/restaurants/?q=ramen,1,0,0
1776748950690,1,GET /restaurants?q=ramen,200,OK,Restaurant Search Load Test 2-17,text,true,,587,137,1,34,http://localhost:8002/restaurants/?q=ramen,1,0,0
1776748947967,2890,POST /auth/login,200,OK,Login Load Test 1-8,text,true,,316,243,17,33,http://localhost:8001/auth/login,2890,0,0
1776748947367,3490,POST /auth/login,200,OK,Login Load Test 1-6,text,true,,316,243,17,33,http://localhost:8001/auth/login,3490,0,1
1776748950977,2,GET /restaurants?q=ramen,200,OK,Restaurant Search Load Test 2-18,text,true,,587,137,1,35,http://localhost:8002/restaurants/?q=ramen,2,0,1
1776748950979,1,GET /restaurants?q=ramen,200,OK,Restaurant Search Load Test 2-18,text,true,,587,137,1,35,http://localhost:8002/restaurants/?q=ramen,1,0,0
1776748950980,1,GET /restaurants?q=ramen,200,OK,Restaurant Search Load Test 2-18,text,true,,587,137,1,35,http://localhost:8002/restaurants/?q=ramen,1,0,0
1776748950982,1,GET /restaurants?q=ramen,200,OK,Restaurant Search Load Test 2-18,text,true,,587,137,1,35,http://localhost:8002/restaurants/?q=ramen,1,0,0
1776748950983,0,GET /restaurants?q=ramen,200,OK,Restaurant Search Load Test 2-18,text,true,,587,137,1,35,http://localhost:8002/restaurants/?q=ramen,0,0,0
1776748950984,1,GET /restaurants?q=ramen,200,OK,Restaurant Search Load Test 2-18,text,true,,587,137,1,35,http://localhost:8002/restaurants/?q=ramen,1,0,0
1776748950985,1,GET /restaurants?q=ramen,200,OK,Restaurant Search Load Test 2-18,text,true,,587,137,1,36,http://localhost:8002/restaurants/?q=ramen,1,0,0
1776748950986,1,GET /restaurants?q=ramen,200,OK,Restaurant Search Load Test 2-18,text,true,,587,137,1,36,http://localhost:8002/restaurants/?q=ramen,1,0,0
1776748950987,1,GET /restaurants?q=ramen,200,OK,Restaurant Search Load Test 2-18,text,true,,587,137,1,36,http://localhost:8002/restaurants/?q=ramen,1,0,0
1776748950988,1,GET /restaurants?q=ramen,200,OK,Restaurant Search Load Test 2-18,text,true,,587,137,1,36,http://localhost:8002/restaurants/?q=ramen,1,0,0
1776748951277,1,GET /restaurants?q=ramen,200,OK,Restaurant Search Load Test 2-19,text,true,,587,137,1,37,http://localhost:8002/restaurants/?q=ramen,1,0,0
1776748951278,1,GET /restaurants?q=ramen,200,OK,Restaurant Search Load Test 2-19,text,true,,587,137,1,37,http://localhost:8002/restaurants/?q=ramen,1,0,0
1776748951279,1,GET /restaurants?q=ramen,200,OK,Restaurant Search Load Test 2-19,text,true,,587,137,1,37,http://localhost:8002/restaurants/?q=ramen,1,0,0
1776748951280,1,GET /restaurants?q=ramen,200,OK,Restaurant Search Load Test 2-19,text,true,,587,137,1,37,http://localhost:8002/restaurants/?q=ramen,1,0,0
1776748951281,1,GET /restaurants?q=ramen,200,OK,Restaurant Search Load Test 2-19,text,true,,587,137,1,38,http://localhost:8002/restaurants/?q=ramen,1,0,0
1776748951282,1,GET /restaurants?q=ramen,200,OK,Restaurant Search Load Test 2-19,text,true,,587,137,1,38,http://localhost:8002/restaurants/?q=ramen,1,0,0
1776748951284,0,GET /restaurants?q=ramen,200,OK,Restaurant Search Load Test 2-19,text,true,,587,137,1,38,http://localhost:8002/restaurants/?q=ramen,0,0,0
1776748951285,0,GET /restaurants?q=ramen,200,OK,Restaurant Search Load Test 2-19,text,true,,587,137,1,38,http://localhost:8002/restaurants/?q=ramen,0,0,0
1776748951285,1,GET /restaurants?q=ramen,200,OK,Restaurant Search Load Test 2-19,text,true,,587,137,1,38,http://localhost:8002/restaurants/?q=ramen,1,0,0
1776748951286,1,GET /restaurants?q=ramen,200,OK,Restaurant Search Load Test 2-19,text,true,,587,137,1,38,http://localhost:8002/restaurants/?q=ramen,1,0,0
1776748948329,3035,POST /auth/login,200,OK,Login Load Test 1-4,text,true,,316,243,19,37,http://localhost:8001/auth/login,3035,0,0
1776748948330,3034,POST /auth/login,200,OK,Login Load Test 1-5,text,true,,316,243,19,37,http://localhost:8001/auth/login,3034,0,0
1776748948268,3097,POST /auth/login,200,OK,Login Load Test 1-9,text,true,,316,243,19,37,http://localhost:8001/auth/login,3097,0,1
1776748947982,3383,Login for Token,200,OK,Review Submission Load Test 3-8,text,true,,316,243,18,37,http://localhost:8001/auth/login,3383,0,1
1776748948329,3035,POST /auth/login,200,OK,Login Load Test 1-2,text,true,,316,243,19,37,http://localhost:8001/auth/login,3035,0,0
1776748951367,2,POST /reviews/,400,Bad Request,Review Submission Load Test 3-8,text,false,,188,440,18,37,http://localhost:8004/reviews/,2,0,1
1776748951578,2,GET /restaurants?q=ramen,200,OK,Restaurant Search Load Test 2-20,text,true,,587,137,1,39,http://localhost:8002/restaurants/?q=ramen,2,0,1
1776748951581,1,GET /restaurants?q=ramen,200,OK,Restaurant Search Load Test 2-20,text,true,,587,137,1,39,http://localhost:8002/restaurants/?q=ramen,1,0,0
1776748951582,1,GET /restaurants?q=ramen,200,OK,Restaurant Search Load Test 2-20,text,true,,587,137,1,39,http://localhost:8002/restaurants/?q=ramen,1,0,0
1776748951583,1,GET /restaurants?q=ramen,200,OK,Restaurant Search Load Test 2-20,text,true,,587,137,1,39,http://localhost:8002/restaurants/?q=ramen,1,0,0
1776748951584,1,GET /restaurants?q=ramen,200,OK,Restaurant Search Load Test 2-20,text,true,,587,137,1,39,http://localhost:8002/restaurants/?q=ramen,1,0,0
1776748951585,1,GET /restaurants?q=ramen,200,OK,Restaurant Search Load Test 2-20,text,true,,587,137,1,39,http://localhost:8002/restaurants/?q=ramen,1,0,0
1776748951586,0,GET /restaurants?q=ramen,200,OK,Restaurant Search Load Test 2-20,text,true,,587,137,1,40,http://localhost:8002/restaurants/?q=ramen,0,0,0
1776748951587,0,GET /restaurants?q=ramen,200,OK,Restaurant Search Load Test 2-20,text,true,,587,137,1,40,http://localhost:8002/restaurants/?q=ramen,0,0,0
1776748951588,0,GET /restaurants?q=ramen,200,OK,Restaurant Search Load Test 2-20,text,true,,587,137,1,40,http://localhost:8002/restaurants/?q=ramen,0,0,0
1776748951589,0,GET /restaurants?q=ramen,200,OK,Restaurant Search Load Test 2-20,text,true,,587,137,1,40,http://localhost:8002/restaurants/?q=ramen,0,0,0
1776748948335,3365,Login for Token,200,OK,Review Submission Load Test 3-5,text,true,,316,243,19,39,http://localhost:8001/auth/login,3365,0,0
1776748948285,3415,Login for Token,200,OK,Review Submission Load Test 3-9,text,true,,316,243,19,39,http://localhost:8001/auth/login,3415,0,0
1776748948334,3366,Login for Token,200,OK,Review Submission Load Test 3-4,text,true,,316,243,19,39,http://localhost:8001/auth/login,3366,0,0
1776748951702,2,POST /reviews/,400,Bad Request,Review Submission Load Test 3-4,text,false,,188,440,19,39,http://localhost:8004/reviews/,2,0,0
1776748951702,3,POST /reviews/,400,Bad Request,Review Submission Load Test 3-5,text,false,,188,440,19,39,http://localhost:8004/reviews/,3,0,0
1776748951703,2,POST /reviews/,400,Bad Request,Review Submission Load Test 3-9,text,false,,188,440,19,39,http://localhost:8004/reviews/,2,0,0
1776748951878,2,GET /restaurants?q=ramen,200,OK,Restaurant Search Load Test 2-21,text,true,,587,137,1,41,http://localhost:8002/restaurants/?q=ramen,2,0,0
1776748951880,1,GET /restaurants?q=ramen,200,OK,Restaurant Search Load Test 2-21,text,true,,587,137,1,41,http://localhost:8002/restaurants/?q=ramen,1,0,0
1776748951881,1,GET /restaurants?q=ramen,200,OK,Restaurant Search Load Test 2-21,text,true,,587,137,1,41,http://localhost:8002/restaurants/?q=ramen,1,0,0
1776748951882,1,GET /restaurants?q=ramen,200,OK,Restaurant Search Load Test 2-21,text,true,,587,137,1,41,http://localhost:8002/restaurants/?q=ramen,1,0,0
1776748951883,1,GET /restaurants?q=ramen,200,OK,Restaurant Search Load Test 2-21,text,true,,587,137,1,41,http://localhost:8002/restaurants/?q=ramen,1,0,0
1776748951885,0,GET /restaurants?q=ramen,200,OK,Restaurant Search Load Test 2-21,text,true,,587,137,1,42,http://localhost:8002/restaurants/?q=ramen,0,0,0
1776748951885,1,GET /restaurants?q=ramen,200,OK,Restaurant Search Load Test 2-21,text,true,,587,137,1,42,http://localhost:8002/restaurants/?q=ramen,1,0,0
1776748951887,0,GET /restaurants?q=ramen,200,OK,Restaurant Search Load Test 2-21,text,true,,587,137,1,42,http://localhost:8002/restaurants/?q=ramen,0,0,0
1776748951888,0,GET /restaurants?q=ramen,200,OK,Restaurant Search Load Test 2-21,text,true,,587,137,1,42,http://localhost:8002/restaurants/?q=ramen,0,0,0
1776748951888,1,GET /restaurants?q=ramen,200,OK,Restaurant Search Load Test 2-21,text,true,,587,137,1,42,http://localhost:8002/restaurants/?q=ramen,1,0,0
1776748952180,2,GET /restaurants?q=ramen,200,OK,Restaurant Search Load Test 2-22,text,true,,587,137,1,43,http://localhost:8002/restaurants/?q=ramen,2,0,0
1776748952182,1,GET /restaurants?q=ramen,200,OK,Restaurant Search Load Test 2-22,text,true,,587,137,1,43,http://localhost:8002/restaurants/?q=ramen,1,0,0
1776748952183,1,GET /restaurants?q=ramen,200,OK,Restaurant Search Load Test 2-22,text,true,,587,137,1,43,http://localhost:8002/restaurants/?q=ramen,1,0,0
1776748952185,1,GET /restaurants?q=ramen,200,OK,Restaurant Search Load Test 2-22,text,true,,587,137,1,44,http://localhost:8002/restaurants/?q=ramen,1,0,0
1776748952186,1,GET /restaurants?q=ramen,200,OK,Restaurant Search Load Test 2-22,text,true,,587,137,1,44,http://localhost:8002/restaurants/?q=ramen,1,0,0
1776748952187,0,GET /restaurants?q=ramen,200,OK,Restaurant Search Load Test 2-22,text,true,,587,137,1,44,http://localhost:8002/restaurants/?q=ramen,0,0,0
1776748952187,1,GET /restaurants?q=ramen,200,OK,Restaurant Search Load Test 2-22,text,true,,587,137,1,44,http://localhost:8002/restaurants/?q=ramen,1,0,0
1776748952188,1,GET /restaurants?q=ramen,200,OK,Restaurant Search Load Test 2-22,text,true,,587,137,1,44,http://localhost:8002/restaurants/?q=ramen,1,0,0
1776748952189,1,GET /restaurants?q=ramen,200,OK,Restaurant Search Load Test 2-22,text,true,,587,137,1,44,http://localhost:8002/restaurants/?q=ramen,1,0,0
1776748952190,1,GET /restaurants?q=ramen,200,OK,Restaurant Search Load Test 2-22,text,true,,587,137,1,44,http://localhost:8002/restaurants/?q=ramen,1,0,0
1776748952475,2,GET /restaurants?q=ramen,200,OK,Restaurant Search Load Test 2-23,text,true,,587,137,1,45,http://localhost:8002/restaurants/?q=ramen,2,0,0
1776748952477,1,GET /restaurants?q=ramen,200,OK,Restaurant Search Load Test 2-23,text,true,,587,137,1,45,http://localhost:8002/restaurants/?q=ramen,1,0,0
1776748952478,1,GET /restaurants?q=ramen,200,OK,Restaurant Search Load Test 2-23,text,true,,587,137,1,45,http://localhost:8002/restaurants/?q=ramen,1,0,0
1776748952479,1,GET /restaurants?q=ramen,200,OK,Restaurant Search Load Test 2-23,text,true,,587,137,1,45,http://localhost:8002/restaurants/?q=ramen,1,0,0
1776748952480,1,GET /restaurants?q=ramen,200,OK,Restaurant Search Load Test 2-23,text,true,,587,137,1,45,http://localhost:8002/restaurants/?q=ramen,1,0,0
1776748952481,1,GET /restaurants?q=ramen,200,OK,Restaurant Search Load Test 2-23,text,true,,587,137,1,45,http://localhost:8002/restaurants/?q=ramen,1,0,0
1776748952482,1,GET /restaurants?q=ramen,200,OK,Restaurant Search Load Test 2-23,text,true,,587,137,1,46,http://localhost:8002/restaurants/?q=ramen,1,0,0
1776748952483,1,GET /restaurants?q=ramen,200,OK,Restaurant Search Load Test 2-23,text,true,,587,137,1,46,http://localhost:8002/restaurants/?q=ramen,1,0,0
1776748952484,1,GET /restaurants?q=ramen,200,OK,Restaurant Search Load Test 2-23,text,true,,587,137,1,46,http://localhost:8002/restaurants/?q=ramen,1,0,0
1776748952485,1,GET /restaurants?q=ramen,200,OK,Restaurant Search Load Test 2-23,text,true,,587,137,1,46,http://localhost:8002/restaurants/?q=ramen,1,0,0
1776748948565,3972,POST /auth/login,200,OK,Login Load Test 1-10,text,true,,316,243,23,45,http://localhost:8001/auth/login,3972,0,1
1776748948333,4204,Login for Token,200,OK,Review Submission Load Test 3-2,text,true,,316,243,22,45,http://localhost:8001/auth/login,4204,0,0
1776748952538,2,POST /reviews/,400,Bad Request,Review Submission Load Test 3-2,text,false,,188,440,22,45,http://localhost:8004/reviews/,2,0,0
1776748952775,2,GET /restaurants?q=ramen,200,OK,Restaurant Search Load Test 2-24,text,true,,587,137,1,46,http://localhost:8002/restaurants/?q=ramen,2,0,1
1776748952777,1,GET /restaurants?q=ramen,200,OK,Restaurant Search Load Test 2-24,text,true,,587,137,1,46,http://localhost:8002/restaurants/?q=ramen,1,0,0
1776748952778,1,GET /restaurants?q=ramen,200,OK,Restaurant Search Load Test 2-24,text,true,,587,137,1,46,http://localhost:8002/restaurants/?q=ramen,1,0,0
1776748952779,1,GET /restaurants?q=ramen,200,OK,Restaurant Search Load Test 2-24,text,true,,587,137,1,46,http://localhost:8002/restaurants/?q=ramen,1,0,0
1776748952780,1,GET /restaurants?q=ramen,200,OK,Restaurant Search Load Test 2-24,text,true,,587,137,1,46,http://localhost:8002/restaurants/?q=ramen,1,0,0
1776748952781,1,GET /restaurants?q=ramen,200,OK,Restaurant Search Load Test 2-24,text,true,,587,137,1,46,http://localhost:8002/restaurants/?q=ramen,1,0,0
1776748952782,1,GET /restaurants?q=ramen,200,OK,Restaurant Search Load Test 2-24,text,true,,587,137,1,47,http://localhost:8002/restaurants/?q=ramen,1,0,0
1776748952784,0,GET /restaurants?q=ramen,200,OK,Restaurant Search Load Test 2-24,text,true,,587,137,1,47,http://localhost:8002/restaurants/?q=ramen,0,0,0
1776748952784,1,GET /restaurants?q=ramen,200,OK,Restaurant Search Load Test 2-24,text,true,,587,137,1,47,http://localhost:8002/restaurants/?q=ramen,1,0,0
1776748952785,1,GET /restaurants?q=ramen,200,OK,Restaurant Search Load Test 2-24,text,true,,587,137,1,47,http://localhost:8002/restaurants/?q=ramen,1,0,0
1776748953077,2,GET /restaurants?q=ramen,200,OK,Restaurant Search Load Test 2-25,text,true,,587,137,1,48,http://localhost:8002/restaurants/?q=ramen,2,0,0
1776748953079,1,GET /restaurants?q=ramen,200,OK,Restaurant Search Load Test 2-25,text,true,,587,137,1,48,http://localhost:8002/restaurants/?q=ramen,1,0,0
1776748953080,1,GET /restaurants?q=ramen,200,OK,Restaurant Search Load Test 2-25,text,true,,587,137,1,48,http://localhost:8002/restaurants/?q=ramen,1,0,0
1776748953081,1,GET /restaurants?q=ramen,200,OK,Restaurant Search Load Test 2-25,text,true,,587,137,1,48,http://localhost:8002/restaurants/?q=ramen,1,0,0
1776748953082,1,GET /restaurants?q=ramen,200,OK,Restaurant Search Load Test 2-25,text,true,,587,137,1,48,http://localhost:8002/restaurants/?q=ramen,1,0,0
1776748953083,1,GET /restaurants?q=ramen,200,OK,Restaurant Search Load Test 2-25,text,true,,587,137,1,49,http://localhost:8002/restaurants/?q=ramen,1,0,0
1776748953084,1,GET /restaurants?q=ramen,200,OK,Restaurant Search Load Test 2-25,text,true,,587,137,1,49,http://localhost:8002/restaurants/?q=ramen,1,0,0
1776748953085,1,GET /restaurants?q=ramen,200,OK,Restaurant Search Load Test 2-25,text,true,,587,137,1,49,http://localhost:8002/restaurants/?q=ramen,1,0,0
1776748953086,1,GET /restaurants?q=ramen,200,OK,Restaurant Search Load Test 2-25,text,true,,587,137,1,49,http://localhost:8002/restaurants/?q=ramen,1,0,0
1776748953087,1,GET /restaurants?q=ramen,200,OK,Restaurant Search Load Test 2-25,text,true,,587,137,1,49,http://localhost:8002/restaurants/?q=ramen,1,0,0
1776748949683,3692,POST /auth/login,200,OK,Login Load Test 1-1,text,true,,316,243,26,49,http://localhost:8001/auth/login,3692,0,0
1776748949683,3693,POST /auth/login,200,OK,Login Load Test 1-3,text,true,,316,243,26,49,http://localhost:8001/auth/login,3692,0,0
1776748949686,3689,Login for Token,200,OK,Review Submission Load Test 3-3,text,true,,316,243,23,49,http://localhost:8001/auth/login,3689,0,0
1776748948882,4494,Login for Token,200,OK,Review Submission Load Test 3-11,text,true,,316,243,23,49,http://localhost:8001/auth/login,4494,0,1
1776748948584,4792,Login for Token,200,OK,Review Submission Load Test 3-10,text,true,,316,243,23,49,http://localhost:8001/auth/login,4792,0,0
1776748953377,2,POST /reviews/,400,Bad Request,Review Submission Load Test 3-3,text,false,,188,440,23,50,http://localhost:8004/reviews/,2,0,0
1776748953377,3,POST /reviews/,400,Bad Request,Review Submission Load Test 3-11,text,false,,188,440,22,49,http://localhost:8004/reviews/,3,0,1
1776748953378,2,POST /reviews/,400,Bad Request,Review Submission Load Test 3-10,text,false,,188,440,22,49,http://localhost:8004/reviews/,2,0,0
1776748953379,1,GET /restaurants?q=ramen,200,OK,Restaurant Search Load Test 2-26,text,true,,587,137,1,49,http://localhost:8002/restaurants/?q=ramen,1,0,0
1776748953381,0,GET /restaurants?q=ramen,200,OK,Restaurant Search Load Test 2-26,text,true,,587,137,1,49,http://localhost:8002/restaurants/?q=ramen,0,0,0
1776748953382,0,GET /restaurants?q=ramen,200,OK,Restaurant Search Load Test 2-26,text,true,,587,137,1,49,http://localhost:8002/restaurants/?q=ramen,0,0,0
1776748953383,0,GET /restaurants?q=ramen,200,OK,Restaurant Search Load Test 2-26,text,true,,587,137,1,49,http://localhost:8002/restaurants/?q=ramen,0,0,0
1776748953384,0,GET /restaurants?q=ramen,200,OK,Restaurant Search Load Test 2-26,text,true,,587,137,1,49,http://localhost:8002/restaurants/?q=ramen,0,0,0
1776748953385,0,GET /restaurants?q=ramen,200,OK,Restaurant Search Load Test 2-26,text,true,,587,137,1,49,http://localhost:8002/restaurants/?q=ramen,0,0,0
1776748953385,1,GET /restaurants?q=ramen,200,OK,Restaurant Search Load Test 2-26,text,true,,587,137,1,49,http://localhost:8002/restaurants/?q=ramen,1,0,0
1776748953386,1,GET /restaurants?q=ramen,200,OK,Restaurant Search Load Test 2-26,text,true,,587,137,1,50,http://localhost:8002/restaurants/?q=ramen,1,0,0
1776748953387,1,GET /restaurants?q=ramen,200,OK,Restaurant Search Load Test 2-26,text,true,,587,137,1,50,http://localhost:8002/restaurants/?q=ramen,1,0,0
1776748953388,1,GET /restaurants?q=ramen,200,OK,Restaurant Search Load Test 2-26,text,true,,587,137,1,50,http://localhost:8002/restaurants/?q=ramen,1,0,0
1776748953678,2,GET /restaurants?q=ramen,200,OK,Restaurant Search Load Test 2-27,text,true,,587,137,1,51,http://localhost:8002/restaurants/?q=ramen,2,0,1
1776748953681,1,GET /restaurants?q=ramen,200,OK,Restaurant Search Load Test 2-27,text,true,,587,137,1,51,http://localhost:8002/restaurants/?q=ramen,1,0,0
1776748953682,1,GET /restaurants?q=ramen,200,OK,Restaurant Search Load Test 2-27,text,true,,587,137,1,51,http://localhost:8002/restaurants/?q=ramen,1,0,0
1776748953683,1,GET /restaurants?q=ramen,200,OK,Restaurant Search Load Test 2-27,text,true,,587,137,1,51,http://localhost:8002/restaurants/?q=ramen,1,0,0
1776748953684,1,GET /restaurants?q=ramen,200,OK,Restaurant Search Load Test 2-27,text,true,,587,137,1,51,http://localhost:8002/restaurants/?q=ramen,1,0,0
1776748953685,2,GET /restaurants?q=ramen,200,OK,Restaurant Search Load Test 2-27,text,true,,587,137,1,52,http://localhost:8002/restaurants/?q=ramen,2,0,0
1776748953687,1,GET /restaurants?q=ramen,200,OK,Restaurant Search Load Test 2-27,text,true,,587,137,1,52,http://localhost:8002/restaurants/?q=ramen,1,0,0
1776748953688,1,GET /restaurants?q=ramen,200,OK,Restaurant Search Load Test 2-27,text,true,,587,137,1,52,http://localhost:8002/restaurants/?q=ramen,1,0,0
1776748953689,1,GET /restaurants?q=ramen,200,OK,Restaurant Search Load Test 2-27,text,true,,587,137,1,52,http://localhost:8002/restaurants/?q=ramen,1,0,0
1776748953690,0,GET /restaurants?q=ramen,200,OK,Restaurant Search Load Test 2-27,text,true,,587,137,1,52,http://localhost:8002/restaurants/?q=ramen,0,0,0
1776748948870,4844,POST /auth/login,200,OK,Login Load Test 1-11,text,true,,316,243,27,51,http://localhost:8001/auth/login,4844,0,1
1776748953980,2,GET /restaurants?q=ramen,200,OK,Restaurant Search Load Test 2-28,text,true,,587,137,1,53,http://localhost:8002/restaurants/?q=ramen,2,0,0
1776748953982,1,GET /restaurants?q=ramen,200,OK,Restaurant Search Load Test 2-28,text,true,,587,137,1,53,http://localhost:8002/restaurants/?q=ramen,1,0,0
1776748953983,1,GET /restaurants?q=ramen,200,OK,Restaurant Search Load Test 2-28,text,true,,587,137,1,53,http://localhost:8002/restaurants/?q=ramen,1,0,0
1776748953984,1,GET /restaurants?q=ramen,200,OK,Restaurant Search Load Test 2-28,text,true,,587,137,1,53,http://localhost:8002/restaurants/?q=ramen,1,0,0
1776748953985,1,GET /restaurants?q=ramen,200,OK,Restaurant Search Load Test 2-28,text,true,,587,137,1,53,http://localhost:8002/restaurants/?q=ramen,1,0,0
1776748953986,1,GET /restaurants?q=ramen,200,OK,Restaurant Search Load Test 2-28,text,true,,587,137,1,54,http://localhost:8002/restaurants/?q=ramen,1,0,0
1776748953988,0,GET /restaurants?q=ramen,200,OK,Restaurant Search Load Test 2-28,text,true,,587,137,1,54,http://localhost:8002/restaurants/?q=ramen,0,0,0
1776748953989,0,GET /restaurants?q=ramen,200,OK,Restaurant Search Load Test 2-28,text,true,,587,137,1,54,http://localhost:8002/restaurants/?q=ramen,0,0,0
1776748953990,0,GET /restaurants?q=ramen,200,OK,Restaurant Search Load Test 2-28,text,true,,587,137,1,54,http://localhost:8002/restaurants/?q=ramen,0,0,0
1776748953991,1,GET /restaurants?q=ramen,200,OK,Restaurant Search Load Test 2-28,text,true,,587,137,1,54,http://localhost:8002/restaurants/?q=ramen,1,0,0
1776748950021,4027,POST /auth/login,200,OK,Login Load Test 1-7,text,true,,316,243,28,53,http://localhost:8001/auth/login,4027,0,0
1776748949167,4881,POST /auth/login,200,OK,Login Load Test 1-12,text,true,,316,243,28,53,http://localhost:8001/auth/login,4881,0,1
1776748950022,4026,Login for Token,200,OK,Review Submission Load Test 3-7,text,true,,316,243,25,53,http://localhost:8001/auth/login,4026,0,0
1776748949184,4864,Login for Token,200,OK,Review Submission Load Test 3-12,text,true,,316,243,25,53,http://localhost:8001/auth/login,4864,0,0
1776748954050,1,POST /reviews/,400,Bad Request,Review Submission Load Test 3-7,text,false,,188,440,25,53,http://localhost:8004/reviews/,1,0,0
1776748954050,2,POST /reviews/,400,Bad Request,Review Submission Load Test 3-12,text,false,,188,440,25,53,http://localhost:8004/reviews/,2,0,1
1776748954280,2,GET /restaurants?q=ramen,200,OK,Restaurant Search Load Test 2-29,text,true,,587,137,1,55,http://localhost:8002/restaurants/?q=ramen,2,0,1
1776748954282,1,GET /restaurants?q=ramen,200,OK,Restaurant Search Load Test 2-29,text,true,,587,137,1,55,http://localhost:8002/restaurants/?q=ramen,1,0,0
1776748954284,1,GET /restaurants?q=ramen,200,OK,Restaurant Search Load Test 2-29,text,true,,587,137,1,55,http://localhost:8002/restaurants/?q=ramen,1,0,0
1776748954285,1,GET /restaurants?q=ramen,200,OK,Restaurant Search Load Test 2-29,text,true,,587,137,1,55,http://localhost:8002/restaurants/?q=ramen,1,0,0
1776748954286,1,GET /restaurants?q=ramen,200,OK,Restaurant Search Load Test 2-29,text,true,,587,137,1,56,http://localhost:8002/restaurants/?q=ramen,1,0,0
1776748954287,1,GET /restaurants?q=ramen,200,OK,Restaurant Search Load Test 2-29,text,true,,587,137,1,56,http://localhost:8002/restaurants/?q=ramen,1,0,0
1776748954288,1,GET /restaurants?q=ramen,200,OK,Restaurant Search Load Test 2-29,text,true,,587,137,1,56,http://localhost:8002/restaurants/?q=ramen,1,0,0
1776748954289,1,GET /restaurants?q=ramen,200,OK,Restaurant Search Load Test 2-29,text,true,,587,137,1,56,http://localhost:8002/restaurants/?q=ramen,1,0,0
1776748954290,1,GET /restaurants?q=ramen,200,OK,Restaurant Search Load Test 2-29,text,true,,587,137,1,56,http://localhost:8002/restaurants/?q=ramen,1,0,0
1776748954291,1,GET /restaurants?q=ramen,200,OK,Restaurant Search Load Test 2-29,text,true,,587,137,1,56,http://localhost:8002/restaurants/?q=ramen,1,0,0
1776748954576,3,GET /restaurants?q=ramen,200,OK,Restaurant Search Load Test 2-30,text,true,,587,137,1,57,http://localhost:8002/restaurants/?q=ramen,3,0,1
1776748954579,1,GET /restaurants?q=ramen,200,OK,Restaurant Search Load Test 2-30,text,true,,587,137,1,57,http://localhost:8002/restaurants/?q=ramen,1,0,0
1776748954581,1,GET /restaurants?q=ramen,200,OK,Restaurant Search Load Test 2-30,text,true,,587,137,1,57,http://localhost:8002/restaurants/?q=ramen,1,0,0
1776748954582,1,GET /restaurants?q=ramen,200,OK,Restaurant Search Load Test 2-30,text,true,,587,137,1,57,http://localhost:8002/restaurants/?q=ramen,1,0,0
1776748954583,2,GET /restaurants?q=ramen,200,OK,Restaurant Search Load Test 2-30,text,true,,587,137,1,57,http://localhost:8002/restaurants/?q=ramen,2,0,0
1776748954585,0,GET /restaurants?q=ramen,200,OK,Restaurant Search Load Test 2-30,text,true,,587,137,1,57,http://localhost:8002/restaurants/?q=ramen,0,0,0
1776748954586,0,GET /restaurants?q=ramen,200,OK,Restaurant Search Load Test 2-30,text,true,,587,137,1,57,http://localhost:8002/restaurants/?q=ramen,0,0,0
1776748954587,1,GET /restaurants?q=ramen,200,OK,Restaurant Search Load Test 2-30,text,true,,587,137,1,58,http://localhost:8002/restaurants/?q=ramen,1,0,0
1776748954588,0,GET /restaurants?q=ramen,200,OK,Restaurant Search Load Test 2-30,text,true,,587,137,1,58,http://localhost:8002/restaurants/?q=ramen,0,0,0
1776748954589,0,GET /restaurants?q=ramen,200,OK,Restaurant Search Load Test 2-30,text,true,,587,137,1,58,http://localhost:8002/restaurants/?q=ramen,0,0,0
1776748954877,2,GET /restaurants?q=ramen,200,OK,Restaurant Search Load Test 2-31,text,true,,587,137,1,59,http://localhost:8002/restaurants/?q=ramen,2,0,0
1776748954879,1,GET /restaurants?q=ramen,200,OK,Restaurant Search Load Test 2-31,text,true,,587,137,1,59,http://localhost:8002/restaurants/?q=ramen,1,0,0
1776748954881,1,GET /restaurants?q=ramen,200,OK,Restaurant Search Load Test 2-31,text,true,,587,137,1,59,http://localhost:8002/restaurants/?q=ramen,1,0,0
1776748954882,1,GET /restaurants?q=ramen,200,OK,Restaurant Search Load Test 2-31,text,true,,587,137,1,60,http://localhost:8002/restaurants/?q=ramen,1,0,0
1776748954883,2,GET /restaurants?q=ramen,200,OK,Restaurant Search Load Test 2-31,text,true,,587,137,1,60,http://localhost:8002/restaurants/?q=ramen,2,0,0
1776748954885,1,GET /restaurants?q=ramen,200,OK,Restaurant Search Load Test 2-31,text,true,,587,137,1,60,http://localhost:8002/restaurants/?q=ramen,1,0,0
1776748954886,1,GET /restaurants?q=ramen,200,OK,Restaurant Search Load Test 2-31,text,true,,587,137,1,60,http://localhost:8002/restaurants/?q=ramen,1,0,0
1776748954887,2,GET /restaurants?q=ramen,200,OK,Restaurant Search Load Test 2-31,text,true,,587,137,1,60,http://localhost:8002/restaurants/?q=ramen,2,0,0
1776748954889,1,GET /restaurants?q=ramen,200,OK,Restaurant Search Load Test 2-31,text,true,,587,137,1,60,http://localhost:8002/restaurants/?q=ramen,1,0,0
1776748954890,1,GET /restaurants?q=ramen,200,OK,Restaurant Search Load Test 2-31,text,true,,587,137,1,60,http://localhost:8002/restaurants/?q=ramen,1,0,0
1776748949467,5476,POST /auth/login,200,OK,Login Load Test 1-13,text,true,,316,243,31,59,http://localhost:8001/auth/login,5476,0,0
1776748950022,4921,Login for Token,200,OK,Review Submission Load Test 3-6,text,true,,316,243,28,59,http://localhost:8001/auth/login,4921,0,0
1776748954945,2,POST /reviews/,400,Bad Request,Review Submission Load Test 3-6,text,false,,188,440,28,59,http://localhost:8004/reviews/,2,0,0
1776748955175,2,GET /restaurants?q=ramen,200,OK,Restaurant Search Load Test 2-32,text,true,,587,137,1,61,http://localhost:8002/restaurants/?q=ramen,2,0,1
1776748955177,1,GET /restaurants?q=ramen,200,OK,Restaurant Search Load Test 2-32,text,true,,587,137,1,61,http://localhost:8002/restaurants/?q=ramen,1,0,0
1776748955178,1,GET /restaurants?q=ramen,200,OK,Restaurant Search Load Test 2-32,text,true,,587,137,1,61,http://localhost:8002/restaurants/?q=ramen,1,0,0
1776748955180,0,GET /restaurants?q=ramen,200,OK,Restaurant Search Load Test 2-32,text,true,,587,137,1,61,http://localhost:8002/restaurants/?q=ramen,0,0,0
1776748955181,0,GET /restaurants?q=ramen,200,OK,Restaurant Search Load Test 2-32,text,true,,587,137,1,61,http://localhost:8002/restaurants/?q=ramen,0,0,0
1776748955181,1,GET /restaurants?q=ramen,200,OK,Restaurant Search Load Test 2-32,text,true,,587,137,1,61,http://localhost:8002/restaurants/?q=ramen,1,0,0
1776748955182,1,GET /restaurants?q=ramen,200,OK,Restaurant Search Load Test 2-32,text,true,,587,137,1,61,http://localhost:8002/restaurants/?q=ramen,1,0,0
1776748955183,1,GET /restaurants?q=ramen,200,OK,Restaurant Search Load Test 2-32,text,true,,587,137,1,61,http://localhost:8002/restaurants/?q=ramen,1,0,0
1776748955184,1,GET /restaurants?q=ramen,200,OK,Restaurant Search Load Test 2-32,text,true,,587,137,1,61,http://localhost:8002/restaurants/?q=ramen,1,0,0
1776748955185,1,GET /restaurants?q=ramen,200,OK,Restaurant Search Load Test 2-32,text,true,,587,137,1,61,http://localhost:8002/restaurants/?q=ramen,1,0,0
1776748950857,4424,POST /auth/login,200,OK,Login Load Test 1-8,text,true,,316,243,32,61,http://localhost:8001/auth/login,4424,0,0
1776748950857,4424,POST /auth/login,200,OK,Login Load Test 1-6,text,true,,316,243,32,61,http://localhost:8001/auth/login,4424,0,0
1776748955475,2,GET /restaurants?q=ramen,200,OK,Restaurant Search Load Test 2-33,text,true,,587,137,1,63,http://localhost:8002/restaurants/?q=ramen,2,0,0
1776748955477,1,GET /restaurants?q=ramen,200,OK,Restaurant Search Load Test 2-33,text,true,,587,137,1,63,http://localhost:8002/restaurants/?q=ramen,1,0,0
1776748955478,1,GET /restaurants?q=ramen,200,OK,Restaurant Search Load Test 2-33,text,true,,587,137,1,63,http://localhost:8002/restaurants/?q=ramen,1,0,0
1776748955479,0,GET /restaurants?q=ramen,200,OK,Restaurant Search Load Test 2-33,text,true,,587,137,1,63,http://localhost:8002/restaurants/?q=ramen,0,0,0
1776748955479,1,GET /restaurants?q=ramen,200,OK,Restaurant Search Load Test 2-33,text,true,,587,137,1,63,http://localhost:8002/restaurants/?q=ramen,1,0,0
1776748955480,1,GET /restaurants?q=ramen,200,OK,Restaurant Search Load Test 2-33,text,true,,587,137,1,63,http://localhost:8002/restaurants/?q=ramen,1,0,0
1776748955481,2,GET /restaurants?q=ramen,200,OK,Restaurant Search Load Test 2-33,text,true,,587,137,1,63,http://localhost:8002/restaurants/?q=ramen,2,0,0
1776748955483,1,GET /restaurants?q=ramen,200,OK,Restaurant Search Load Test 2-33,text,true,,587,137,1,63,http://localhost:8002/restaurants/?q=ramen,1,0,0
1776748955484,1,GET /restaurants?q=ramen,200,OK,Restaurant Search Load Test 2-33,text,true,,587,137,1,64,http://localhost:8002/restaurants/?q=ramen,1,0,0
1776748955485,1,GET /restaurants?q=ramen,200,OK,Restaurant Search Load Test 2-33,text,true,,587,137,1,64,http://localhost:8002/restaurants/?q=ramen,1,0,0
1776748951367,4254,POST /auth/login,200,OK,Login Load Test 1-4,text,true,,316,243,33,63,http://localhost:8001/auth/login,4254,0,0
1776748951367,4254,POST /auth/login,200,OK,Login Load Test 1-2,text,true,,316,243,33,63,http://localhost:8001/auth/login,4254,0,0
1776748949483,6137,Login for Token,200,OK,Review Submission Load Test 3-13,text,true,,316,243,30,63,http://localhost:8001/auth/login,6137,0,0
1776748951369,4252,Login for Token,200,OK,Review Submission Load Test 3-8,text,true,,316,243,30,63,http://localhost:8001/auth/login,4252,0,0
1776748949769,5851,POST /auth/login,200,OK,Login Load Test 1-14,text,true,,316,243,33,63,http://localhost:8001/auth/login,5851,0,1
1776748955622,2,POST /reviews/,400,Bad Request,Review Submission Load Test 3-8,text,false,,188,440,30,63,http://localhost:8004/reviews/,2,0,0
1776748955622,2,POST /reviews/,400,Bad Request,Review Submission Load Test 3-13,text,false,,188,440,30,63,http://localhost:8004/reviews/,2,0,1
1776748955777,2,GET /restaurants?q=ramen,200,OK,Restaurant Search Load Test 2-34,text,true,,587,137,1,65,http://localhost:8002/restaurants/?q=ramen,2,0,1
1776748955779,1,GET /restaurants?q=ramen,200,OK,Restaurant Search Load Test 2-34,text,true,,587,137,1,65,http://localhost:8002/restaurants/?q=ramen,1,0,0
1776748955781,0,GET /restaurants?q=ramen,200,OK,Restaurant Search Load Test 2-34,text,true,,587,137,1,65,http://localhost:8002/restaurants/?q=ramen,0,0,0
1776748955782,0,GET /restaurants?q=ramen,200,OK,Restaurant Search Load Test 2-34,text,true,,587,137,1,65,http://localhost:8002/restaurants/?q=ramen,0,0,0
1776748955782,1,GET /restaurants?q=ramen,200,OK,Restaurant Search Load Test 2-34,text,true,,587,137,1,65,http://localhost:8002/restaurants/?q=ramen,1,0,0
1776748955783,1,GET /restaurants?q=ramen,200,OK,Restaurant Search Load Test 2-34,text,true,,587,137,1,65,http://localhost:8002/restaurants/?q=ramen,1,0,0
1776748955784,1,GET /restaurants?q=ramen,200,OK,Restaurant Search Load Test 2-34,text,true,,587,137,1,65,http://localhost:8002/restaurants/?q=ramen,1,0,0
1776748955785,1,GET /restaurants?q=ramen,200,OK,Restaurant Search Load Test 2-34,text,true,,587,137,1,65,http://localhost:8002/restaurants/?q=ramen,1,0,0
1776748955786,1,GET /restaurants?q=ramen,200,OK,Restaurant Search Load Test 2-34,text,true,,587,137,1,66,http://localhost:8002/restaurants/?q=ramen,1,0,0
1776748955787,1,GET /restaurants?q=ramen,200,OK,Restaurant Search Load Test 2-34,text,true,,587,137,1,66,http://localhost:8002/restaurants/?q=ramen,1,0,0
1776748956075,2,GET /restaurants?q=ramen,200,OK,Restaurant Search Load Test 2-35,text,true,,587,137,1,67,http://localhost:8002/restaurants/?q=ramen,2,0,0
1776748956077,1,GET /restaurants?q=ramen,200,OK,Restaurant Search Load Test 2-35,text,true,,587,137,1,67,http://localhost:8002/restaurants/?q=ramen,1,0,0
1776748956078,1,GET /restaurants?q=ramen,200,OK,Restaurant Search Load Test 2-35,text,true,,587,137,1,67,http://localhost:8002/restaurants/?q=ramen,1,0,0
1776748956079,0,GET /restaurants?q=ramen,200,OK,Restaurant Search Load Test 2-35,text,true,,587,137,1,67,http://localhost:8002/restaurants/?q=ramen,0,0,0
1776748956079,1,GET /restaurants?q=ramen,200,OK,Restaurant Search Load Test 2-35,text,true,,587,137,1,67,http://localhost:8002/restaurants/?q=ramen,1,0,0
1776748956080,1,GET /restaurants?q=ramen,200,OK,Restaurant Search Load Test 2-35,text,true,,587,137,1,67,http://localhost:8002/restaurants/?q=ramen,1,0,0
1776748956081,1,GET /restaurants?q=ramen,200,OK,Restaurant Search Load Test 2-35,text,true,,587,137,1,67,http://localhost:8002/restaurants/?q=ramen,1,0,0
1776748956082,1,GET /restaurants?q=ramen,200,OK,Restaurant Search Load Test 2-35,text,true,,587,137,1,67,http://localhost:8002/restaurants/?q=ramen,1,0,0
1776748956083,1,GET /restaurants?q=ramen,200,OK,Restaurant Search Load Test 2-35,text,true,,587,137,1,67,http://localhost:8002/restaurants/?q=ramen,1,0,0
1776748956084,0,GET /restaurants?q=ramen,200,OK,Restaurant Search Load Test 2-35,text,true,,587,137,1,67,http://localhost:8002/restaurants/?q=ramen,0,0,0
1776748951366,4761,POST /auth/login,200,OK,Login Load Test 1-5,text,true,,316,243,35,67,http://localhost:8001/auth/login,4761,0,0
1776748951366,4761,POST /auth/login,200,OK,Login Load Test 1-9,text,true,,316,243,35,67,http://localhost:8001/auth/login,4761,0,0
1776748956380,2,GET /restaurants?q=ramen,200,OK,Restaurant Search Load Test 2-36,text,true,,587,137,1,69,http://localhost:8002/restaurants/?q=ramen,2,0,0
1776748956382,1,GET /restaurants?q=ramen,200,OK,Restaurant Search Load Test 2-36,text,true,,587,137,1,69,http://localhost:8002/restaurants/?q=ramen,1,0,0
1776748956383,1,GET /restaurants?q=ramen,200,OK,Restaurant Search Load Test 2-36,text,true,,587,137,1,69,http://localhost:8002/restaurants/?q=ramen,1,0,0
1776748956384,1,GET /restaurants?q=ramen,200,OK,Restaurant Search Load Test 2-36,text,true,,587,137,1,70,http://localhost:8002/restaurants/?q=ramen,0,0,0
1776748956385,0,GET /restaurants?q=ramen,200,OK,Restaurant Search Load Test 2-36,text,true,,587,137,1,70,http://localhost:8002/restaurants/?q=ramen,0,0,0
1776748956385,1,GET /restaurants?q=ramen,200,OK,Restaurant Search Load Test 2-36,text,true,,587,137,1,70,http://localhost:8002/restaurants/?q=ramen,1,0,0
1776748956386,1,GET /restaurants?q=ramen,200,OK,Restaurant Search Load Test 2-36,text,true,,587,137,1,70,http://localhost:8002/restaurants/?q=ramen,1,0,0
1776748956387,1,GET /restaurants?q=ramen,200,OK,Restaurant Search Load Test 2-36,text,true,,587,137,1,70,http://localhost:8002/restaurants/?q=ramen,1,0,0
1776748956388,1,GET /restaurants?q=ramen,200,OK,Restaurant Search Load Test 2-36,text,true,,587,137,1,70,http://localhost:8002/restaurants/?q=ramen,1,0,0
1776748956389,0,GET /restaurants?q=ramen,200,OK,Restaurant Search Load Test 2-36,text,true,,587,137,1,70,http://localhost:8002/restaurants/?q=ramen,0,0,0
1776748950066,6562,POST /auth/login,200,OK,Login Load Test 1-15,text,true,,316,243,36,69,http://localhost:8001/auth/login,6562,0,1
1776748949786,6842,Login for Token,200,OK,Review Submission Load Test 3-14,text,true,,316,243,33,69,http://localhost:8001/auth/login,6842,0,0
1776748956630,2,POST /reviews/,400,Bad Request,Review Submission Load Test 3-14,text,false,,188,440,33,69,http://localhost:8004/reviews/,2,0,0
1776748956679,3,GET /restaurants?q=ramen,200,OK,Restaurant Search Load Test 2-37,text,true,,587,137,1,71,http://localhost:8002/restaurants/?q=ramen,3,0,1
1776748956682,2,GET /restaurants?q=ramen,200,OK,Restaurant Search Load Test 2-37,text,true,,587,137,1,71,http://localhost:8002/restaurants/?q=ramen,2,0,0
1776748956684,2,GET /restaurants?q=ramen,200,OK,Restaurant Search Load Test 2-37,text,true,,587,137,1,72,http://localhost:8002/restaurants/?q=ramen,2,0,0
1776748956686,1,GET /restaurants?q=ramen,200,OK,Restaurant Search Load Test 2-37,text,true,,587,137,1,72,http://localhost:8002/restaurants/?q=ramen,1,0,0
1776748956687,1,GET /restaurants?q=ramen,200,OK,Restaurant Search Load Test 2-37,text,true,,587,137,1,72,http://localhost:8002/restaurants/?q=ramen,1,0,0
1776748956688,1,GET /restaurants?q=ramen,200,OK,Restaurant Search Load Test 2-37,text,true,,587,137,1,72,http://localhost:8002/restaurants/?q=ramen,1,0,0
1776748956689,1,GET /restaurants?q=ramen,200,OK,Restaurant Search Load Test 2-37,text,true,,587,137,1,72,http://localhost:8002/restaurants/?q=ramen,1,0,0
1776748956690,1,GET /restaurants?q=ramen,200,OK,Restaurant Search Load Test 2-37,text,true,,587,137,1,72,http://localhost:8002/restaurants/?q=ramen,1,0,0
1776748956691,1,GET /restaurants?q=ramen,200,OK,Restaurant Search Load Test 2-37,text,true,,587,137,1,72,http://localhost:8002/restaurants/?q=ramen,1,0,0
1776748956692,1,GET /restaurants?q=ramen,200,OK,Restaurant Search Load Test 2-37,text,true,,587,137,1,72,http://localhost:8002/restaurants/?q=ramen,1,0,0
1776748956978,2,GET /restaurants?q=ramen,200,OK,Restaurant Search Load Test 2-38,text,true,,587,137,1,73,http://localhost:8002/restaurants/?q=ramen,2,0,1
1776748956980,1,GET /restaurants?q=ramen,200,OK,Restaurant Search Load Test 2-38,text,true,,587,137,1,73,http://localhost:8002/restaurants/?q=ramen,1,0,0
1776748956981,1,GET /restaurants?q=ramen,200,OK,Restaurant Search Load Test 2-38,text,true,,587,137,1,73,http://localhost:8002/restaurants/?q=ramen,1,0,0
1776748956982,1,GET /restaurants?q=ramen,200,OK,Restaurant Search Load Test 2-38,text,true,,587,137,1,73,http://localhost:8002/restaurants/?q=ramen,1,0,0
1776748956983,1,GET /restaurants?q=ramen,200,OK,Restaurant Search Load Test 2-38,text,true,,587,137,1,73,http://localhost:8002/restaurants/?q=ramen,1,0,0
1776748956984,1,GET /restaurants?q=ramen,200,OK,Restaurant Search Load Test 2-38,text,true,,587,137,1,73,http://localhost:8002/restaurants/?q=ramen,1,0,0
1776748956985,1,GET /restaurants?q=ramen,200,OK,Restaurant Search Load Test 2-38,text,true,,587,137,1,73,http://localhost:8002/restaurants/?q=ramen,1,0,0
1776748956986,1,GET /restaurants?q=ramen,200,OK,Restaurant Search Load Test 2-38,text,true,,587,137,1,73,http://localhost:8002/restaurants/?q=ramen,1,0,0
1776748956987,0,GET /restaurants?q=ramen,200,OK,Restaurant Search Load Test 2-38,text,true,,587,137,1,73,http://localhost:8002/restaurants/?q=ramen,0,0,0
1776748956987,1,GET /restaurants?q=ramen,200,OK,Restaurant Search Load Test 2-38,text,true,,587,137,1,74,http://localhost:8002/restaurants/?q=ramen,1,0,0
1776748957279,2,GET /restaurants?q=ramen,200,OK,Restaurant Search Load Test 2-39,text,true,,587,137,1,75,http://localhost:8002/restaurants/?q=ramen,2,0,0
1776748957281,1,GET /restaurants?q=ramen,200,OK,Restaurant Search Load Test 2-39,text,true,,587,137,1,75,http://localhost:8002/restaurants/?q=ramen,1,0,0
1776748957282,1,GET /restaurants?q=ramen,200,OK,Restaurant Search Load Test 2-39,text,true,,587,137,1,75,http://localhost:8002/restaurants/?q=ramen,1,0,0
1776748957283,1,GET /restaurants?q=ramen,200,OK,Restaurant Search Load Test 2-39,text,true,,587,137,1,75,http://localhost:8002/restaurants/?q=ramen,1,0,0
1776748957284,1,GET /restaurants?q=ramen,200,OK,Restaurant Search Load Test 2-39,text,true,,587,137,1,75,http://localhost:8002/restaurants/?q=ramen,1,0,0
1776748957285,1,GET /restaurants?q=ramen,200,OK,Restaurant Search Load Test 2-39,text,true,,587,137,1,75,http://localhost:8002/restaurants/?q=ramen,1,0,0
1776748957286,1,GET /restaurants?q=ramen,200,OK,Restaurant Search Load Test 2-39,text,true,,587,137,1,76,http://localhost:8002/restaurants/?q=ramen,1,0,0
1776748957287,1,GET /restaurants?q=ramen,200,OK,Restaurant Search Load Test 2-39,text,true,,587,137,1,76,http://localhost:8002/restaurants/?q=ramen,0,0,0
1776748957288,0,GET /restaurants?q=ramen,200,OK,Restaurant Search Load Test 2-39,text,true,,587,137,1,76,http://localhost:8002/restaurants/?q=ramen,0,0,0
1776748957288,1,GET /restaurants?q=ramen,200,OK,Restaurant Search Load Test 2-39,text,true,,587,137,1,76,http://localhost:8002/restaurants/?q=ramen,1,0,0
1776748950086,7215,Login for Token,200,OK,Review Submission Load Test 3-15,text,true,,316,243,36,75,http://localhost:8001/auth/login,7215,0,0
1776748951704,5597,Login for Token,200,OK,Review Submission Load Test 3-4,text,true,,316,243,36,75,http://localhost:8001/auth/login,5597,0,0
1776748951705,5596,Login for Token,200,OK,Review Submission Load Test 3-9,text,true,,316,243,36,75,http://localhost:8001/auth/login,5596,0,0
1776748951705,5596,Login for Token,200,OK,Review Submission Load Test 3-5,text,true,,316,243,36,75,http://localhost:8001/auth/login,5596,0,0
1776748957302,3,POST /reviews/,400,Bad Request,Review Submission Load Test 3-15,text,false,,188,440,36,75,http://localhost:8004/reviews/,3,0,0
1776748957302,4,POST /reviews/,400,Bad Request,Review Submission Load Test 3-4,text,false,,188,440,36,75,http://localhost:8004/reviews/,4,0,0
1776748957302,4,POST /reviews/,400,Bad Request,Review Submission Load Test 3-9,text,false,,188,440,35,74,http://localhost:8004/reviews/,4,0,0
1776748957302,5,POST /reviews/,400,Bad Request,Review Submission Load Test 3-5,text,false,,188,440,35,74,http://localhost:8004/reviews/,5,0,0
1776748957578,3,GET /restaurants?q=ramen,200,OK,Restaurant Search Load Test 2-40,text,true,,587,137,1,75,http://localhost:8002/restaurants/?q=ramen,3,0,1
1776748957581,2,GET /restaurants?q=ramen,200,OK,Restaurant Search Load Test 2-40,text,true,,587,137,1,75,http://localhost:8002/restaurants/?q=ramen,2,0,0
1776748957584,1,GET /restaurants?q=ramen,200,OK,Restaurant Search Load Test 2-40,text,true,,587,137,1,75,http://localhost:8002/restaurants/?q=ramen,1,0,0
1776748957585,1,GET /restaurants?q=ramen,200,OK,Restaurant Search Load Test 2-40,text,true,,587,137,1,75,http://localhost:8002/restaurants/?q=ramen,1,0,0
1776748957586,1,GET /restaurants?q=ramen,200,OK,Restaurant Search Load Test 2-40,text,true,,587,137,1,76,http://localhost:8002/restaurants/?q=ramen,1,0,0
1776748957587,2,GET /restaurants?q=ramen,200,OK,Restaurant Search Load Test 2-40,text,true,,587,137,1,76,http://localhost:8002/restaurants/?q=ramen,2,0,0
1776748957589,1,GET /restaurants?q=ramen,200,OK,Restaurant Search Load Test 2-40,text,true,,587,137,1,76,http://localhost:8002/restaurants/?q=ramen,1,0,0
1776748957590,1,GET /restaurants?q=ramen,200,OK,Restaurant Search Load Test 2-40,text,true,,587,137,1,76,http://localhost:8002/restaurants/?q=ramen,1,0,0
1776748957591,1,GET /restaurants?q=ramen,200,OK,Restaurant Search Load Test 2-40,text,true,,587,137,1,76,http://localhost:8002/restaurants/?q=ramen,1,0,0
1776748957592,1,GET /restaurants?q=ramen,200,OK,Restaurant Search Load Test 2-40,text,true,,587,137,1,76,http://localhost:8002/restaurants/?q=ramen,1,0,0
1776748952538,5267,POST /auth/login,200,OK,Login Load Test 1-10,text,true,,316,243,40,75,http://localhost:8001/auth/login,5267,0,0
1776748950367,7437,POST /auth/login,200,OK,Login Load Test 1-16,text,true,,316,243,40,75,http://localhost:8001/auth/login,7437,0,1
1776748957880,2,GET /restaurants?q=ramen,200,OK,Restaurant Search Load Test 2-41,text,true,,587,137,1,77,http://localhost:8002/restaurants/?q=ramen,2,0,0
1776748957882,1,GET /restaurants?q=ramen,200,OK,Restaurant Search Load Test 2-41,text,true,,587,137,1,77,http://localhost:8002/restaurants/?q=ramen,1,0,0
1776748957883,1,GET /restaurants?q=ramen,200,OK,Restaurant Search Load Test 2-41,text,true,,587,137,1,77,http://localhost:8002/restaurants/?q=ramen,1,0,0
1776748957884,0,GET /restaurants?q=ramen,200,OK,Restaurant Search Load Test 2-41,text,true,,587,137,1,77,http://localhost:8002/restaurants/?q=ramen,0,0,0
1776748957884,1,GET /restaurants?q=ramen,200,OK,Restaurant Search Load Test 2-41,text,true,,587,137,1,77,http://localhost:8002/restaurants/?q=ramen,1,0,0
1776748957885,1,GET /restaurants?q=ramen,200,OK,Restaurant Search Load Test 2-41,text,true,,587,137,1,77,http://localhost:8002/restaurants/?q=ramen,1,0,0
1776748957886,2,GET /restaurants?q=ramen,200,OK,Restaurant Search Load Test 2-41,text,true,,587,137,1,78,http://localhost:8002/restaurants/?q=ramen,2,0,0
1776748957888,1,GET /restaurants?q=ramen,200,OK,Restaurant Search Load Test 2-41,text,true,,587,137,1,78,http://localhost:8002/restaurants/?q=ramen,1,0,0
1776748957889,0,GET /restaurants?q=ramen,200,OK,Restaurant Search Load Test 2-41,text,true,,587,137,1,78,http://localhost:8002/restaurants/?q=ramen,0,0,0
1776748957890,0,GET /restaurants?q=ramen,200,OK,Restaurant Search Load Test 2-41,text,true,,587,137,1,78,http://localhost:8002/restaurants/?q=ramen,0,0,0
1776748958175,2,GET /restaurants?q=ramen,200,OK,Restaurant Search Load Test 2-42,text,true,,587,137,1,79,http://localhost:8002/restaurants/?q=ramen,2,0,1
1776748958177,1,GET /restaurants?q=ramen,200,OK,Restaurant Search Load Test 2-42,text,true,,587,137,1,79,http://localhost:8002/restaurants/?q=ramen,1,0,0
1776748958179,0,GET /restaurants?q=ramen,200,OK,Restaurant Search Load Test 2-42,text,true,,587,137,1,79,http://localhost:8002/restaurants/?q=ramen,0,0,0
1776748958180,0,GET /restaurants?q=ramen,200,OK,Restaurant Search Load Test 2-42,text,true,,587,137,1,79,http://localhost:8002/restaurants/?q=ramen,0,0,0
1776748958181,0,GET /restaurants?q=ramen,200,OK,Restaurant Search Load Test 2-42,text,true,,587,137,1,79,http://localhost:8002/restaurants/?q=ramen,0,0,0
1776748958181,1,GET /restaurants?q=ramen,200,OK,Restaurant Search Load Test 2-42,text,true,,587,137,1,79,http://localhost:8002/restaurants/?q=ramen,1,0,0
1776748958183,0,GET /restaurants?q=ramen,200,OK,Restaurant Search Load Test 2-42,text,true,,587,137,1,79,http://localhost:8002/restaurants/?q=ramen,0,0,0
1776748958183,1,GET /restaurants?q=ramen,200,OK,Restaurant Search Load Test 2-42,text,true,,587,137,1,79,http://localhost:8002/restaurants/?q=ramen,1,0,0
1776748958184,1,GET /restaurants?q=ramen,200,OK,Restaurant Search Load Test 2-42,text,true,,587,137,1,79,http://localhost:8002/restaurants/?q=ramen,1,0,0
1776748958185,0,GET /restaurants?q=ramen,200,OK,Restaurant Search Load Test 2-42,text,true,,587,137,1,79,http://localhost:8002/restaurants/?q=ramen,0,0,0
1776748958480,2,GET /restaurants?q=ramen,200,OK,Restaurant Search Load Test 2-43,text,true,,587,137,1,81,http://localhost:8002/restaurants/?q=ramen,2,0,0
1776748958482,1,GET /restaurants?q=ramen,200,OK,Restaurant Search Load Test 2-43,text,true,,587,137,1,81,http://localhost:8002/restaurants/?q=ramen,1,0,0
1776748958483,1,GET /restaurants?q=ramen,200,OK,Restaurant Search Load Test 2-43,text,true,,587,137,1,81,http://localhost:8002/restaurants/?q=ramen,1,0,0
1776748958484,1,GET /restaurants?q=ramen,200,OK,Restaurant Search Load Test 2-43,text,true,,587,137,1,82,http://localhost:8002/restaurants/?q=ramen,1,0,0
1776748958485,2,GET /restaurants?q=ramen,200,OK,Restaurant Search Load Test 2-43,text,true,,587,137,1,82,http://localhost:8002/restaurants/?q=ramen,2,0,0
1776748958487,1,GET /restaurants?q=ramen,200,OK,Restaurant Search Load Test 2-43,text,true,,587,137,1,82,http://localhost:8002/restaurants/?q=ramen,1,0,0
1776748958488,1,GET /restaurants?q=ramen,200,OK,Restaurant Search Load Test 2-43,text,true,,587,137,1,82,http://localhost:8002/restaurants/?q=ramen,1,0,0
1776748958489,1,GET /restaurants?q=ramen,200,OK,Restaurant Search Load Test 2-43,text,true,,587,137,1,82,http://localhost:8002/restaurants/?q=ramen,1,0,0
1776748958490,0,GET /restaurants?q=ramen,200,OK,Restaurant Search Load Test 2-43,text,true,,587,137,1,82,http://localhost:8002/restaurants/?q=ramen,0,0,0
1776748958490,1,GET /restaurants?q=ramen,200,OK,Restaurant Search Load Test 2-43,text,true,,587,137,1,82,http://localhost:8002/restaurants/?q=ramen,1,0,0
1776748950668,8000,POST /auth/login,200,OK,Login Load Test 1-17,text,true,,316,243,43,81,http://localhost:8001/auth/login,8000,0,1
1776748953377,5292,POST /auth/login,200,OK,Login Load Test 1-1,text,true,,316,243,43,81,http://localhost:8001/auth/login,5292,0,0
1776748950382,8286,Login for Token,200,OK,Review Submission Load Test 3-16,text,true,,316,243,38,81,http://localhost:8001/auth/login,8286,0,0
1776748953377,5294,POST /auth/login,200,OK,Login Load Test 1-3,text,true,,316,243,43,81,http://localhost:8001/auth/login,5294,0,0
1776748953380,5291,Login for Token,200,OK,Review Submission Load Test 3-11,text,true,,316,243,38,81,http://localhost:8001/auth/login,5291,0,0
1776748953380,5291,Login for Token,200,OK,Review Submission Load Test 3-10,text,true,,316,243,38,81,http://localhost:8001/auth/login,5291,0,0
1776748950686,7985,Login for Token,200,OK,Review Submission Load Test 3-17,text,true,,316,243,38,81,http://localhost:8001/auth/login,7985,0,0
1776748958671,4,POST /reviews/,400,Bad Request,Review Submission Load Test 3-10,text,false,,188,440,38,81,http://localhost:8004/reviews/,4,0,1
1776748958671,4,POST /reviews/,400,Bad Request,Review Submission Load Test 3-11,text,false,,188,440,38,81,http://localhost:8004/reviews/,4,0,1
1776748958672,3,POST /reviews/,400,Bad Request,Review Submission Load Test 3-17,text,false,,188,440,38,81,http://localhost:8004/reviews/,3,0,1
1776748958671,5,POST /reviews/,400,Bad Request,Review Submission Load Test 3-16,text,false,,188,440,38,81,http://localhost:8004/reviews/,5,0,1
1776748958779,2,GET /restaurants?q=ramen,200,OK,Restaurant Search Load Test 2-44,text,true,,587,137,1,83,http://localhost:8002/restaurants/?q=ramen,2,0,1
1776748958782,1,GET /restaurants?q=ramen,200,OK,Restaurant Search Load Test 2-44,text,true,,587,137,1,83,http://localhost:8002/restaurants/?q=ramen,1,0,0
1776748958783,1,GET /restaurants?q=ramen,200,OK,Restaurant Search Load Test 2-44,text,true,,587,137,1,83,http://localhost:8002/restaurants/?q=ramen,1,0,0
1776748958784,1,GET /restaurants?q=ramen,200,OK,Restaurant Search Load Test 2-44,text,true,,587,137,1,83,http://localhost:8002/restaurants/?q=ramen,1,0,0
1776748958785,1,GET /restaurants?q=ramen,200,OK,Restaurant Search Load Test 2-44,text,true,,587,137,1,83,http://localhost:8002/restaurants/?q=ramen,0,0,0
1776748958786,0,GET /restaurants?q=ramen,200,OK,Restaurant Search Load Test 2-44,text,true,,587,137,1,83,http://localhost:8002/restaurants/?q=ramen,0,0,0
1776748958786,1,GET /restaurants?q=ramen,200,OK,Restaurant Search Load Test 2-44,text,true,,587,137,1,84,http://localhost:8002/restaurants/?q=ramen,1,0,0
1776748958787,1,GET /restaurants?q=ramen,200,OK,Restaurant Search Load Test 2-44,text,true,,587,137,1,84,http://localhost:8002/restaurants/?q=ramen,1,0,0
1776748958788,1,GET /restaurants?q=ramen,200,OK,Restaurant Search Load Test 2-44,text,true,,587,137,1,84,http://localhost:8002/restaurants/?q=ramen,1,0,0
1776748958789,1,GET /restaurants?q=ramen,200,OK,Restaurant Search Load Test 2-44,text,true,,587,137,1,84,http://localhost:8002/restaurants/?q=ramen,1,0,0
1776748959077,2,GET /restaurants?q=ramen,200,OK,Restaurant Search Load Test 2-45,text,true,,587,137,1,85,http://localhost:8002/restaurants/?q=ramen,2,0,1
1776748959079,1,GET /restaurants?q=ramen,200,OK,Restaurant Search Load Test 2-45,text,true,,587,137,1,85,http://localhost:8002/restaurants/?q=ramen,1,0,0
1776748959081,0,GET /restaurants?q=ramen,200,OK,Restaurant Search Load Test 2-45,text,true,,587,137,1,85,http://localhost:8002/restaurants/?q=ramen,0,0,0
1776748959082,0,GET /restaurants?q=ramen,200,OK,Restaurant Search Load Test 2-45,text,true,,587,137,1,85,http://localhost:8002/restaurants/?q=ramen,0,0,0
1776748959083,0,GET /restaurants?q=ramen,200,OK,Restaurant Search Load Test 2-45,text,true,,587,137,1,85,http://localhost:8002/restaurants/?q=ramen,0,0,0
1776748959083,1,GET /restaurants?q=ramen,200,OK,Restaurant Search Load Test 2-45,text,true,,587,137,1,85,http://localhost:8002/restaurants/?q=ramen,1,0,0
1776748959084,1,GET /restaurants?q=ramen,200,OK,Restaurant Search Load Test 2-45,text,true,,587,137,1,85,http://localhost:8002/restaurants/?q=ramen,1,0,0
1776748959085,1,GET /restaurants?q=ramen,200,OK,Restaurant Search Load Test 2-45,text,true,,587,137,1,85,http://localhost:8002/restaurants/?q=ramen,1,0,0
1776748959086,1,GET /restaurants?q=ramen,200,OK,Restaurant Search Load Test 2-45,text,true,,587,137,1,86,http://localhost:8002/restaurants/?q=ramen,1,0,0
1776748959087,1,GET /restaurants?q=ramen,200,OK,Restaurant Search Load Test 2-45,text,true,,587,137,1,86,http://localhost:8002/restaurants/?q=ramen,1,0,0
1776748959376,1,GET /restaurants?q=ramen,200,OK,Restaurant Search Load Test 2-46,text,true,,587,137,1,87,http://localhost:8002/restaurants/?q=ramen,1,0,0
1776748959378,1,GET /restaurants?q=ramen,200,OK,Restaurant Search Load Test 2-46,text,true,,587,137,1,87,http://localhost:8002/restaurants/?q=ramen,1,0,0
1776748959379,1,GET /restaurants?q=ramen,200,OK,Restaurant Search Load Test 2-46,text,true,,587,137,1,87,http://localhost:8002/restaurants/?q=ramen,1,0,0
1776748959380,1,GET /restaurants?q=ramen,200,OK,Restaurant Search Load Test 2-46,text,true,,587,137,1,87,http://localhost:8002/restaurants/?q=ramen,1,0,0
1776748959381,1,GET /restaurants?q=ramen,200,OK,Restaurant Search Load Test 2-46,text,true,,587,137,1,87,http://localhost:8002/restaurants/?q=ramen,1,0,0
1776748959382,1,GET /restaurants?q=ramen,200,OK,Restaurant Search Load Test 2-46,text,true,,587,137,1,87,http://localhost:8002/restaurants/?q=ramen,1,0,0
1776748959383,1,GET /restaurants?q=ramen,200,OK,Restaurant Search Load Test 2-46,text,true,,587,137,1,87,http://localhost:8002/restaurants/?q=ramen,1,0,0
1776748959384,1,GET /restaurants?q=ramen,200,OK,Restaurant Search Load Test 2-46,text,true,,587,137,1,88,http://localhost:8002/restaurants/?q=ramen,1,0,0
1776748959385,1,GET /restaurants?q=ramen,200,OK,Restaurant Search Load Test 2-46,text,true,,587,137,1,88,http://localhost:8002/restaurants/?q=ramen,1,0,0
1776748959386,1,GET /restaurants?q=ramen,200,OK,Restaurant Search Load Test 2-46,text,true,,587,137,1,88,http://localhost:8002/restaurants/?q=ramen,1,0,0
1776748953716,5961,POST /auth/login,200,OK,Login Load Test 1-11,text,true,,316,243,47,88,http://localhost:8001/auth/login,5961,0,0
1776748950966,8711,POST /auth/login,200,OK,Login Load Test 1-18,text,true,,316,243,47,88,http://localhost:8001/auth/login,8711,0,0
1776748954051,5626,POST /auth/login,200,OK,Login Load Test 1-7,text,true,,316,243,47,88,http://localhost:8001/auth/login,5626,0,0
1776748954052,5625,Login for Token,200,OK,Review Submission Load Test 3-7,text,true,,316,243,41,88,http://localhost:8001/auth/login,5625,0,0
1776748954052,5625,Login for Token,200,OK,Review Submission Load Test 3-12,text,true,,316,243,41,88,http://localhost:8001/auth/login,5625,0,0
1776748959678,2,POST /reviews/,400,Bad Request,Review Submission Load Test 3-12,text,false,,188,440,41,89,http://localhost:8004/reviews/,2,0,0
1776748959677,3,POST /reviews/,400,Bad Request,Review Submission Load Test 3-7,text,false,,188,440,41,89,http://localhost:8004/reviews/,3,0,1
1776748959680,2,GET /restaurants?q=ramen,200,OK,Restaurant Search Load Test 2-47,text,true,,587,137,1,88,http://localhost:8002/restaurants/?q=ramen,2,0,0
1776748959682,1,GET /restaurants?q=ramen,200,OK,Restaurant Search Load Test 2-47,text,true,,587,137,1,88,http://localhost:8002/restaurants/?q=ramen,1,0,0
1776748959683,1,GET /restaurants?q=ramen,200,OK,Restaurant Search Load Test 2-47,text,true,,587,137,1,88,http://localhost:8002/restaurants/?q=ramen,1,0,0
1776748959684,0,GET /restaurants?q=ramen,200,OK,Restaurant Search Load Test 2-47,text,true,,587,137,1,88,http://localhost:8002/restaurants/?q=ramen,0,0,0
1776748959684,1,GET /restaurants?q=ramen,200,OK,Restaurant Search Load Test 2-47,text,true,,587,137,1,88,http://localhost:8002/restaurants/?q=ramen,1,0,0
1776748959685,1,GET /restaurants?q=ramen,200,OK,Restaurant Search Load Test 2-47,text,true,,587,137,1,88,http://localhost:8002/restaurants/?q=ramen,1,0,0
1776748959686,1,GET /restaurants?q=ramen,200,OK,Restaurant Search Load Test 2-47,text,true,,587,137,1,89,http://localhost:8002/restaurants/?q=ramen,1,0,0
1776748959687,1,GET /restaurants?q=ramen,200,OK,Restaurant Search Load Test 2-47,text,true,,587,137,1,89,http://localhost:8002/restaurants/?q=ramen,1,0,0
1776748959688,0,GET /restaurants?q=ramen,200,OK,Restaurant Search Load Test 2-47,text,true,,587,137,1,89,http://localhost:8002/restaurants/?q=ramen,0,0,0
1776748959689,0,GET /restaurants?q=ramen,200,OK,Restaurant Search Load Test 2-47,text,true,,587,137,1,89,http://localhost:8002/restaurants/?q=ramen,0,0,0
1776748959980,2,GET /restaurants?q=ramen,200,OK,Restaurant Search Load Test 2-48,text,true,,587,137,1,90,http://localhost:8002/restaurants/?q=ramen,2,0,1
1776748959982,1,GET /restaurants?q=ramen,200,OK,Restaurant Search Load Test 2-48,text,true,,587,137,1,91,http://localhost:8002/restaurants/?q=ramen,1,0,0
1776748959984,1,GET /restaurants?q=ramen,200,OK,Restaurant Search Load Test 2-48,text,true,,587,137,1,91,http://localhost:8002/restaurants/?q=ramen,1,0,0
1776748959985,1,GET /restaurants?q=ramen,200,OK,Restaurant Search Load Test 2-48,text,true,,587,137,1,91,http://localhost:8002/restaurants/?q=ramen,1,0,0
1776748959986,0,GET /restaurants?q=ramen,200,OK,Restaurant Search Load Test 2-48,text,true,,587,137,1,91,http://localhost:8002/restaurants/?q=ramen,0,0,0
1776748959987,0,GET /restaurants?q=ramen,200,OK,Restaurant Search Load Test 2-48,text,true,,587,137,1,91,http://localhost:8002/restaurants/?q=ramen,0,0,0
1776748959987,1,GET /restaurants?q=ramen,200,OK,Restaurant Search Load Test 2-48,text,true,,587,137,1,91,http://localhost:8002/restaurants/?q=ramen,1,0,0
1776748959988,1,GET /restaurants?q=ramen,200,OK,Restaurant Search Load Test 2-48,text,true,,587,137,1,91,http://localhost:8002/restaurants/?q=ramen,1,0,0
1776748959989,0,GET /restaurants?q=ramen,200,OK,Restaurant Search Load Test 2-48,text,true,,587,137,1,91,http://localhost:8002/restaurants/?q=ramen,0,0,0
1776748959990,0,GET /restaurants?q=ramen,200,OK,Restaurant Search Load Test 2-48,text,true,,587,137,1,91,http://localhost:8002/restaurants/?q=ramen,0,0,0
1776748960280,2,GET /restaurants?q=ramen,200,OK,Restaurant Search Load Test 2-49,text,true,,587,137,1,92,http://localhost:8002/restaurants/?q=ramen,2,0,0
1776748960282,1,GET /restaurants?q=ramen,200,OK,Restaurant Search Load Test 2-49,text,true,,587,137,1,92,http://localhost:8002/restaurants/?q=ramen,1,0,0
1776748960283,1,GET /restaurants?q=ramen,200,OK,Restaurant Search Load Test 2-49,text,true,,587,137,1,92,http://localhost:8002/restaurants/?q=ramen,0,0,0
1776748960284,0,GET /restaurants?q=ramen,200,OK,Restaurant Search Load Test 2-49,text,true,,587,137,1,92,http://localhost:8002/restaurants/?q=ramen,0,0,0
1776748960284,1,GET /restaurants?q=ramen,200,OK,Restaurant Search Load Test 2-49,text,true,,587,137,1,92,http://localhost:8002/restaurants/?q=ramen,1,0,0
1776748960285,1,GET /restaurants?q=ramen,200,OK,Restaurant Search Load Test 2-49,text,true,,587,137,1,92,http://localhost:8002/restaurants/?q=ramen,1,0,0
1776748960286,1,GET /restaurants?q=ramen,200,OK,Restaurant Search Load Test 2-49,text,true,,587,137,1,93,http://localhost:8002/restaurants/?q=ramen,1,0,0
1776748960287,0,GET /restaurants?q=ramen,200,OK,Restaurant Search Load Test 2-49,text,true,,587,137,1,93,http://localhost:8002/restaurants/?q=ramen,0,0,0
1776748960287,1,GET /restaurants?q=ramen,200,OK,Restaurant Search Load Test 2-49,text,true,,587,137,1,93,http://localhost:8002/restaurants/?q=ramen,1,0,0
1776748960288,1,GET /restaurants?q=ramen,200,OK,Restaurant Search Load Test 2-49,text,true,,587,137,1,93,http://localhost:8002/restaurants/?q=ramen,1,0,0
1776748960580,2,GET /restaurants?q=ramen,200,OK,Restaurant Search Load Test 2-50,text,true,,587,137,1,94,http://localhost:8002/restaurants/?q=ramen,2,0,0
1776748960582,1,GET /restaurants?q=ramen,200,OK,Restaurant Search Load Test 2-50,text,true,,587,137,1,94,http://localhost:8002/restaurants/?q=ramen,1,0,0
1776748960583,1,GET /restaurants?q=ramen,200,OK,Restaurant Search Load Test 2-50,text,true,,587,137,1,95,http://localhost:8002/restaurants/?q=ramen,1,0,0
1776748960584,1,GET /restaurants?q=ramen,200,OK,Restaurant Search Load Test 2-50,text,true,,587,137,1,95,http://localhost:8002/restaurants/?q=ramen,1,0,0
1776748960585,1,GET /restaurants?q=ramen,200,OK,Restaurant Search Load Test 2-50,text,true,,587,137,1,95,http://localhost:8002/restaurants/?q=ramen,1,0,0
1776748960586,1,GET /restaurants?q=ramen,200,OK,Restaurant Search Load Test 2-50,text,true,,587,137,1,95,http://localhost:8002/restaurants/?q=ramen,1,0,0
1776748960587,1,GET /restaurants?q=ramen,200,OK,Restaurant Search Load Test 2-50,text,true,,587,137,1,95,http://localhost:8002/restaurants/?q=ramen,1,0,0
1776748960588,1,GET /restaurants?q=ramen,200,OK,Restaurant Search Load Test 2-50,text,true,,587,137,1,95,http://localhost:8002/restaurants/?q=ramen,1,0,0
1776748960589,1,GET /restaurants?q=ramen,200,OK,Restaurant Search Load Test 2-50,text,true,,587,137,1,95,http://localhost:8002/restaurants/?q=ramen,1,0,0
1776748960590,0,GET /restaurants?q=ramen,200,OK,Restaurant Search Load Test 2-50,text,true,,587,137,1,95,http://localhost:8002/restaurants/?q=ramen,0,0,0
1776748954050,6641,POST /auth/login,200,OK,Login Load Test 1-12,text,true,,316,243,50,94,http://localhost:8001/auth/login,6641,0,0
1776748951269,9422,POST /auth/login,200,OK,Login Load Test 1-19,text,true,,316,243,50,94,http://localhost:8001/auth/login,9422,0,1
1776748954947,5744,Login for Token,200,OK,Review Submission Load Test 3-6,text,true,,316,243,44,94,http://localhost:8001/auth/login,5744,0,0
1776748955283,5409,POST /auth/login,200,OK,Login Load Test 1-8,text,true,,316,243,50,94,http://localhost:8001/auth/login,5409,0,0
1776748950985,9707,Login for Token,200,OK,Review Submission Load Test 3-18,text,true,,316,243,44,94,http://localhost:8001/auth/login,9707,0,1
1776748954945,5747,POST /auth/login,200,OK,Login Load Test 1-13,text,true,,316,243,50,94,http://localhost:8001/auth/login,5747,0,0
1776748955283,5410,POST /auth/login,200,OK,Login Load Test 1-6,text,true,,316,243,50,94,http://localhost:8001/auth/login,5410,0,0
1776748960691,3,POST /reviews/,400,Bad Request,Review Submission Load Test 3-6,text,false,,188,440,44,94,http://localhost:8004/reviews/,3,0,2
1776748960693,2,POST /reviews/,400,Bad Request,Review Submission Load Test 3-18,text,false,,188,440,43,93,http://localhost:8004/reviews/,2,0,0
1776748960881,2,GET /restaurants?q=ramen,200,OK,Restaurant Search Load Test 2-51,text,true,,587,137,1,95,http://localhost:8002/restaurants/?q=ramen,2,0,0
1776748960883,1,GET /restaurants?q=ramen,200,OK,Restaurant Search Load Test 2-51,text,true,,587,137,1,95,http://localhost:8002/restaurants/?q=ramen,1,0,0
1776748960884,1,GET /restaurants?q=ramen,200,OK,Restaurant Search Load Test 2-51,text,true,,587,137,1,96,http://localhost:8002/restaurants/?q=ramen,1,0,0
1776748960885,1,GET /restaurants?q=ramen,200,OK,Restaurant Search Load Test 2-51,text,true,,587,137,1,96,http://localhost:8002/restaurants/?q=ramen,1,0,0
1776748960886,1,GET /restaurants?q=ramen,200,OK,Restaurant Search Load Test 2-51,text,true,,587,137,1,96,http://localhost:8002/restaurants/?q=ramen,1,0,0
1776748960887,1,GET /restaurants?q=ramen,200,OK,Restaurant Search Load Test 2-51,text,true,,587,137,1,96,http://localhost:8002/restaurants/?q=ramen,1,0,0
1776748960888,1,GET /restaurants?q=ramen,200,OK,Restaurant Search Load Test 2-51,text,true,,587,137,1,96,http://localhost:8002/restaurants/?q=ramen,1,0,0
1776748960889,1,GET /restaurants?q=ramen,200,OK,Restaurant Search Load Test 2-51,text,true,,587,137,1,96,http://localhost:8002/restaurants/?q=ramen,1,0,0
1776748960890,0,GET /restaurants?q=ramen,200,OK,Restaurant Search Load Test 2-51,text,true,,587,137,1,96,http://localhost:8002/restaurants/?q=ramen,0,0,0
1776748960890,1,GET /restaurants?q=ramen,200,OK,Restaurant Search Load Test 2-51,text,true,,587,137,1,96,http://localhost:8002/restaurants/?q=ramen,1,0,0
1776748961180,2,GET /restaurants?q=ramen,200,OK,Restaurant Search Load Test 2-52,text,true,,587,137,1,97,http://localhost:8002/restaurants/?q=ramen,2,0,0
1776748961182,1,GET /restaurants?q=ramen,200,OK,Restaurant Search Load Test 2-52,text,true,,587,137,1,97,http://localhost:8002/restaurants/?q=ramen,1,0,0
1776748961183,1,GET /restaurants?q=ramen,200,OK,Restaurant Search Load Test 2-52,text,true,,587,137,1,97,http://localhost:8002/restaurants/?q=ramen,1,0,0
1776748961184,1,GET /restaurants?q=ramen,200,OK,Restaurant Search Load Test 2-52,text,true,,587,137,1,97,http://localhost:8002/restaurants/?q=ramen,1,0,0
1776748961185,1,GET /restaurants?q=ramen,200,OK,Restaurant Search Load Test 2-52,text,true,,587,137,1,98,http://localhost:8002/restaurants/?q=ramen,1,0,0
1776748961186,1,GET /restaurants?q=ramen,200,OK,Restaurant Search Load Test 2-52,text,true,,587,137,1,98,http://localhost:8002/restaurants/?q=ramen,1,0,0
1776748961187,0,GET /restaurants?q=ramen,200,OK,Restaurant Search Load Test 2-52,text,true,,587,137,1,98,http://localhost:8002/restaurants/?q=ramen,0,0,0
1776748961188,0,GET /restaurants?q=ramen,200,OK,Restaurant Search Load Test 2-52,text,true,,587,137,1,98,http://localhost:8002/restaurants/?q=ramen,0,0,0
1776748961188,1,GET /restaurants?q=ramen,200,OK,Restaurant Search Load Test 2-52,text,true,,587,137,1,98,http://localhost:8002/restaurants/?q=ramen,1,0,0
1776748961189,1,GET /restaurants?q=ramen,200,OK,Restaurant Search Load Test 2-52,text,true,,587,137,1,98,http://localhost:8002/restaurants/?q=ramen,1,0,0
1776748951282,10001,Login for Token,Non HTTP response code: java.net.SocketTimeoutException,Non HTTP response message: Read timed out,Review Submission Load Test 3-19,text,false,,2679,0,45,97,http://localhost:8001/auth/login,0,0,1
1776748961285,1,POST /reviews/,401,Unauthorized,Review Submission Load Test 3-19,text,false,,204,299,45,97,http://localhost:8004/reviews/,1,0,0
1776748961474,2,GET /restaurants?q=ramen,200,OK,Restaurant Search Load Test 2-53,text,true,,587,137,1,99,http://localhost:8002/restaurants/?q=ramen,2,0,0
1776748961476,1,GET /restaurants?q=ramen,200,OK,Restaurant Search Load Test 2-53,text,true,,587,137,1,99,http://localhost:8002/restaurants/?q=ramen,1,0,0
1776748961477,1,GET /restaurants?q=ramen,200,OK,Restaurant Search Load Test 2-53,text,true,,587,137,1,99,http://localhost:8002/restaurants/?q=ramen,1,0,0
1776748961478,1,GET /restaurants?q=ramen,200,OK,Restaurant Search Load Test 2-53,text,true,,587,137,1,99,http://localhost:8002/restaurants/?q=ramen,1,0,0
1776748961479,1,GET /restaurants?q=ramen,200,OK,Restaurant Search Load Test 2-53,text,true,,587,137,1,99,http://localhost:8002/restaurants/?q=ramen,1,0,0
1776748961480,0,GET /restaurants?q=ramen,200,OK,Restaurant Search Load Test 2-53,text,true,,587,137,1,99,http://localhost:8002/restaurants/?q=ramen,0,0,0
1776748961481,0,GET /restaurants?q=ramen,200,OK,Restaurant Search Load Test 2-53,text,true,,587,137,1,99,http://localhost:8002/restaurants/?q=ramen,0,0,0
1776748961481,1,GET /restaurants?q=ramen,200,OK,Restaurant Search Load Test 2-53,text,true,,587,137,1,99,http://localhost:8002/restaurants/?q=ramen,1,0,0
1776748961482,1,GET /restaurants?q=ramen,200,OK,Restaurant Search Load Test 2-53,text,true,,587,137,1,99,http://localhost:8002/restaurants/?q=ramen,1,0,0
1776748961483,1,GET /restaurants?q=ramen,200,OK,Restaurant Search Load Test 2-53,text,true,,587,137,1,99,http://localhost:8002/restaurants/?q=ramen,1,0,0
1776748951569,10002,POST /auth/login,Non HTTP response code: java.net.SocketTimeoutException,Non HTTP response message: Read timed out,Login Load Test 1-20,text,false,"Test failed: code expected to equal /

****** received  : [[[Non HTTP response code: java.net.SocketTimeoutException]]]

****** comparison: [[[200                                                    ]]]

/",2679,0,53,99,http://localhost:8001/auth/login,0,0,1
1776748951586,10001,Login for Token,Non HTTP response code: java.net.SocketTimeoutException,Non HTTP response message: Read timed out,Review Submission Load Test 3-20,text,false,,2679,0,46,99,http://localhost:8001/auth/login,0,0,1
1776748961588,1,POST /reviews/,401,Unauthorized,Review Submission Load Test 3-20,text,false,,204,299,46,99,http://localhost:8004/reviews/,1,0,0
1776748961778,2,GET /restaurants?q=ramen,200,OK,Restaurant Search Load Test 2-54,text,true,,587,137,1,101,http://localhost:8002/restaurants/?q=ramen,2,0,0
1776748961780,1,GET /restaurants?q=ramen,200,OK,Restaurant Search Load Test 2-54,text,true,,587,137,1,101,http://localhost:8002/restaurants/?q=ramen,1,0,0
1776748961781,1,GET /restaurants?q=ramen,200,OK,Restaurant Search Load Test 2-54,text,true,,587,137,1,101,http://localhost:8002/restaurants/?q=ramen,1,0,0
1776748961782,1,GET /restaurants?q=ramen,200,OK,Restaurant Search Load Test 2-54,text,true,,587,137,1,101,http://localhost:8002/restaurants/?q=ramen,1,0,0
1776748961783,1,GET /restaurants?q=ramen,200,OK,Restaurant Search Load Test 2-54,text,true,,587,137,1,101,http://localhost:8002/restaurants/?q=ramen,1,0,0
1776748961784,1,GET /restaurants?q=ramen,200,OK,Restaurant Search Load Test 2-54,text,true,,587,137,1,101,http://localhost:8002/restaurants/?q=ramen,1,0,0
1776748961785,1,GET /restaurants?q=ramen,200,OK,Restaurant Search Load Test 2-54,text,true,,587,137,1,101,http://localhost:8002/restaurants/?q=ramen,1,0,0
1776748961786,1,GET /restaurants?q=ramen,200,OK,Restaurant Search Load Test 2-54,text,true,,587,137,1,102,http://localhost:8002/restaurants/?q=ramen,1,0,0
1776748961787,1,GET /restaurants?q=ramen,200,OK,Restaurant Search Load Test 2-54,text,true,,587,137,1,102,http://localhost:8002/restaurants/?q=ramen,1,0,0
1776748961788,0,GET /restaurants?q=ramen,200,OK,Restaurant Search Load Test 2-54,text,true,,587,137,1,102,http://localhost:8002/restaurants/?q=ramen,0,0,0
1776748951866,10002,POST /auth/login,Non HTTP response code: java.net.SocketTimeoutException,Non HTTP response message: Read timed out,Login Load Test 1-21,text,false,"Test failed: code expected to equal /

****** received  : [[[Non HTTP response code: java.net.SocketTimeoutException]]]

****** comparison: [[[200                                                    ]]]

/",2679,0,54,101,http://localhost:8001/auth/login,0,0,1
1776748951885,10001,Login for Token,Non HTTP response code: java.net.SocketTimeoutException,Non HTTP response message: Read timed out,Review Submission Load Test 3-21,text,false,,2679,0,47,101,http://localhost:8001/auth/login,0,0,1
1776748961887,1,POST /reviews/,401,Unauthorized,Review Submission Load Test 3-21,text,false,,204,299,47,101,http://localhost:8004/reviews/,1,0,0
1776748955621,6422,POST /auth/login,200,OK,Login Load Test 1-4,text,true,,316,243,54,101,http://localhost:8001/auth/login,6422,0,0
1776748955621,6422,POST /auth/login,200,OK,Login Load Test 1-2,text,true,,316,243,54,101,http://localhost:8001/auth/login,6422,0,0
1776748955622,6421,POST /auth/login,200,OK,Login Load Test 1-14,text,true,,316,243,54,101,http://localhost:8001/auth/login,6421,0,0
1776748955624,6419,Login for Token,200,OK,Review Submission Load Test 3-13,text,true,,316,243,47,101,http://localhost:8001/auth/login,6419,0,0
1776748962042,2,POST /reviews/,400,Bad Request,Review Submission Load Test 3-13,text,false,,188,440,47,101,http://localhost:8004/reviews/,2,0,1
1776748962075,2,GET /restaurants?q=ramen,200,OK,Restaurant Search Load Test 2-55,text,true,,587,137,1,103,http://localhost:8002/restaurants/?q=ramen,2,0,0
1776748962077,1,GET /restaurants?q=ramen,200,OK,Restaurant Search Load Test 2-55,text,true,,587,137,1,103,http://localhost:8002/restaurants/?q=ramen,1,0,0
1776748962078,1,GET /restaurants?q=ramen,200,OK,Restaurant Search Load Test 2-55,text,true,,587,137,1,103,http://localhost:8002/restaurants/?q=ramen,1,0,0
1776748962079,0,GET /restaurants?q=ramen,200,OK,Restaurant Search Load Test 2-55,text,true,,587,137,1,103,http://localhost:8002/restaurants/?q=ramen,0,0,0
1776748962079,1,GET /restaurants?q=ramen,200,OK,Restaurant Search Load Test 2-55,text,true,,587,137,1,103,http://localhost:8002/restaurants/?q=ramen,1,0,0
1776748962080,1,GET /restaurants?q=ramen,200,OK,Restaurant Search Load Test 2-55,text,true,,587,137,1,103,http://localhost:8002/restaurants/?q=ramen,1,0,0
1776748962081,1,GET /restaurants?q=ramen,200,OK,Restaurant Search Load Test 2-55,text,true,,587,137,1,104,http://localhost:8002/restaurants/?q=ramen,1,0,0
1776748962082,1,GET /restaurants?q=ramen,200,OK,Restaurant Search Load Test 2-55,text,true,,587,137,1,104,http://localhost:8002/restaurants/?q=ramen,1,0,0
1776748962083,1,GET /restaurants?q=ramen,200,OK,Restaurant Search Load Test 2-55,text,true,,587,137,1,104,http://localhost:8002/restaurants/?q=ramen,1,0,0
1776748962084,0,GET /restaurants?q=ramen,200,OK,Restaurant Search Load Test 2-55,text,true,,587,137,1,104,http://localhost:8002/restaurants/?q=ramen,0,0,0
1776748952167,10003,POST /auth/login,Non HTTP response code: java.net.SocketTimeoutException,Non HTTP response message: Read timed out,Login Load Test 1-22,text,false,"Test failed: code expected to equal /

****** received  : [[[Non HTTP response code: java.net.SocketTimeoutException]]]

****** comparison: [[[200                                                    ]]]

/",2679,0,55,103,http://localhost:8001/auth/login,0,0,1
1776748952185,10002,Login for Token,Non HTTP response code: java.net.SocketTimeoutException,Non HTTP response message: Read timed out,Review Submission Load Test 3-22,text,false,,2679,0,48,103,http://localhost:8001/auth/login,0,0,0
1776748962187,2,POST /reviews/,401,Unauthorized,Review Submission Load Test 3-22,text,false,,204,299,48,103,http://localhost:8004/reviews/,2,0,1
1776748955624,6589,Login for Token,200,OK,Review Submission Load Test 3-8,text,true,,316,243,48,103,http://localhost:8001/auth/login,6589,0,0
1776748962213,1,POST /reviews/,400,Bad Request,Review Submission Load Test 3-8,text,false,,188,440,48,103,http://localhost:8004/reviews/,1,0,0
1776748962374,2,GET /restaurants?q=ramen,200,OK,Restaurant Search Load Test 2-56,text,true,,587,137,1,104,http://localhost:8002/restaurants/?q=ramen,2,0,0
1776748962376,1,GET /restaurants?q=ramen,200,OK,Restaurant Search Load Test 2-56,text,true,,587,137,1,104,http://localhost:8002/restaurants/?q=ramen,0,0,0
1776748962377,0,GET /restaurants?q=ramen,200,OK,Restaurant Search Load Test 2-56,text,true,,587,137,1,104,http://localhost:8002/restaurants/?q=ramen,0,0,0
1776748962377,1,GET /restaurants?q=ramen,200,OK,Restaurant Search Load Test 2-56,text,true,,587,137,1,104,http://localhost:8002/restaurants/?q=ramen,1,0,0
1776748962378,1,GET /restaurants?q=ramen,200,OK,Restaurant Search Load Test 2-56,text,true,,587,137,1,104,http://localhost:8002/restaurants/?q=ramen,1,0,0
1776748962380,0,GET /restaurants?q=ramen,200,OK,Restaurant Search Load Test 2-56,text,true,,587,137,1,104,http://localhost:8002/restaurants/?q=ramen,0,0,0
1776748962380,1,GET /restaurants?q=ramen,200,OK,Restaurant Search Load Test 2-56,text,true,,587,137,1,104,http://localhost:8002/restaurants/?q=ramen,1,0,0
1776748962381,1,GET /restaurants?q=ramen,200,OK,Restaurant Search Load Test 2-56,text,true,,587,137,1,104,http://localhost:8002/restaurants/?q=ramen,1,0,0
1776748962382,1,GET /restaurants?q=ramen,200,OK,Restaurant Search Load Test 2-56,text,true,,587,137,1,104,http://localhost:8002/restaurants/?q=ramen,1,0,0
1776748962383,1,GET /restaurants?q=ramen,200,OK,Restaurant Search Load Test 2-56,text,true,,587,137,1,104,http://localhost:8002/restaurants/?q=ramen,1,0,0
1776748952466,10003,POST /auth/login,Non HTTP response code: java.net.SocketTimeoutException,Non HTTP response message: Read timed out,Login Load Test 1-23,text,false,"Test failed: code expected to equal /

****** received  : [[[Non HTTP response code: java.net.SocketTimeoutException]]]

****** comparison: [[[200                                                    ]]]

/",2679,0,56,104,http://localhost:8001/auth/login,0,0,1
1776748952483,10002,Login for Token,Non HTTP response code: java.net.SocketTimeoutException,Non HTTP response message: Read timed out,Review Submission Load Test 3-23,text,false,,2679,0,48,104,http://localhost:8001/auth/login,0,0,0
1776748962485,1,POST /reviews/,401,Unauthorized,Review Submission Load Test 3-23,text,false,,204,299,48,104,http://localhost:8004/reviews/,1,0,0
1776748962677,1,GET /restaurants?q=ramen,200,OK,Restaurant Search Load Test 2-57,text,true,,587,137,1,106,http://localhost:8002/restaurants/?q=ramen,1,0,0
1776748962679,0,GET /restaurants?q=ramen,200,OK,Restaurant Search Load Test 2-57,text,true,,587,137,1,106,http://localhost:8002/restaurants/?q=ramen,0,0,0
1776748962680,0,GET /restaurants?q=ramen,200,OK,Restaurant Search Load Test 2-57,text,true,,587,137,1,106,http://localhost:8002/restaurants/?q=ramen,0,0,0
1776748962680,1,GET /restaurants?q=ramen,200,OK,Restaurant Search Load Test 2-57,text,true,,587,137,1,106,http://localhost:8002/restaurants/?q=ramen,1,0,0
1776748962681,1,GET /restaurants?q=ramen,200,OK,Restaurant Search Load Test 2-57,text,true,,587,137,1,106,http://localhost:8002/restaurants/?q=ramen,1,0,0
1776748962682,1,GET /restaurants?q=ramen,200,OK,Restaurant Search Load Test 2-57,text,true,,587,137,1,106,http://localhost:8002/restaurants/?q=ramen,1,0,0
1776748962683,1,GET /restaurants?q=ramen,200,OK,Restaurant Search Load Test 2-57,text,true,,587,137,1,106,http://localhost:8002/restaurants/?q=ramen,1,0,0
1776748962684,0,GET /restaurants?q=ramen,200,OK,Restaurant Search Load Test 2-57,text,true,,587,137,1,106,http://localhost:8002/restaurants/?q=ramen,0,0,0
1776748962684,1,GET /restaurants?q=ramen,200,OK,Restaurant Search Load Test 2-57,text,true,,587,137,1,107,http://localhost:8002/restaurants/?q=ramen,1,0,0
1776748962685,1,GET /restaurants?q=ramen,200,OK,Restaurant Search Load Test 2-57,text,true,,587,137,1,107,http://localhost:8002/restaurants/?q=ramen,1,0,0
1776748952770,10002,POST /auth/login,Non HTTP response code: java.net.SocketTimeoutException,Non HTTP response message: Read timed out,Login Load Test 1-24,text,false,"Test failed: code expected to equal /

****** received  : [[[Non HTTP response code: java.net.SocketTimeoutException]]]

****** comparison: [[[200                                                    ]]]

/",2679,0,57,106,http://localhost:8001/auth/login,0,0,0
1776748952783,10002,Login for Token,Non HTTP response code: java.net.SocketTimeoutException,Non HTTP response message: Read timed out,Review Submission Load Test 3-24,text,false,,2679,0,49,106,http://localhost:8001/auth/login,0,0,0
1776748962785,2,POST /reviews/,401,Unauthorized,Review Submission Load Test 3-24,text,false,,204,299,49,106,http://localhost:8004/reviews/,2,0,1
1776748956127,6762,POST /auth/login,200,OK,Login Load Test 1-9,text,true,,316,243,57,106,http://localhost:8001/auth/login,6762,0,0
1776748956127,6762,POST /auth/login,200,OK,Login Load Test 1-5,text,true,,316,243,57,106,http://localhost:8001/auth/login,6762,0,0
1776748957306,5583,Login for Token,200,OK,Review Submission Load Test 3-9,text,true,,316,243,49,106,http://localhost:8001/auth/login,5583,0,0
1776748956632,6257,Login for Token,200,OK,Review Submission Load Test 3-14,text,true,,316,243,49,106,http://localhost:8001/auth/login,6257,0,0
1776748956629,6260,POST /auth/login,200,OK,Login Load Test 1-15,text,true,,316,243,57,106,http://localhost:8001/auth/login,6260,0,0
1776748962888,2,POST /reviews/,400,Bad Request,Review Submission Load Test 3-9,text,false,,188,440,49,106,http://localhost:8004/reviews/,2,0,1
1776748962888,3,POST /reviews/,400,Bad Request,Review Submission Load Test 3-14,text,false,,188,440,49,106,http://localhost:8004/reviews/,3,0,1
1776748962979,2,GET /restaurants?q=ramen,200,OK,Restaurant Search Load Test 2-58,text,true,,587,137,1,107,http://localhost:8002/restaurants/?q=ramen,2,0,1
1776748962981,1,GET /restaurants?q=ramen,200,OK,Restaurant Search Load Test 2-58,text,true,,587,137,1,107,http://localhost:8002/restaurants/?q=ramen,1,0,0
1776748962982,1,GET /restaurants?q=ramen,200,OK,Restaurant Search Load Test 2-58,text,true,,587,137,1,107,http://localhost:8002/restaurants/?q=ramen,1,0,0
1776748962983,1,GET /restaurants?q=ramen,200,OK,Restaurant Search Load Test 2-58,text,true,,587,137,1,107,http://localhost:8002/restaurants/?q=ramen,1,0,0
1776748962984,1,GET /restaurants?q=ramen,200,OK,Restaurant Search Load Test 2-58,text,true,,587,137,1,107,http://localhost:8002/restaurants/?q=ramen,1,0,0
1776748962985,1,GET /restaurants?q=ramen,200,OK,Restaurant Search Load Test 2-58,text,true,,587,137,1,108,http://localhost:8002/restaurants/?q=ramen,1,0,0
1776748962987,1,GET /restaurants?q=ramen,200,OK,Restaurant Search Load Test 2-58,text,true,,587,137,1,108,http://localhost:8002/restaurants/?q=ramen,1,0,0
1776748962988,1,GET /restaurants?q=ramen,200,OK,Restaurant Search Load Test 2-58,text,true,,587,137,1,108,http://localhost:8002/restaurants/?q=ramen,1,0,0
1776748962989,1,GET /restaurants?q=ramen,200,OK,Restaurant Search Load Test 2-58,text,true,,587,137,1,108,http://localhost:8002/restaurants/?q=ramen,1,0,0
1776748962990,0,GET /restaurants?q=ramen,200,OK,Restaurant Search Load Test 2-58,text,true,,587,137,1,108,http://localhost:8002/restaurants/?q=ramen,0,0,0
1776748953067,10003,POST /auth/login,Non HTTP response code: java.net.SocketTimeoutException,Non HTTP response message: Read timed out,Login Load Test 1-25,text,false,"Test failed: code expected to equal /

****** received  : [[[Non HTTP response code: java.net.SocketTimeoutException]]]

****** comparison: [[[200                                                    ]]]

/",2679,0,58,107,http://localhost:8001/auth/login,0,0,1
1776748953084,10002,Login for Token,Non HTTP response code: java.net.SocketTimeoutException,Non HTTP response message: Read timed out,Review Submission Load Test 3-25,text,false,,2679,0,49,107,http://localhost:8001/auth/login,0,0,0
1776748963086,1,POST /reviews/,401,Unauthorized,Review Submission Load Test 3-25,text,false,,204,299,49,107,http://localhost:8004/reviews/,1,0,0
1776748963275,2,GET /restaurants?q=ramen,200,OK,Restaurant Search Load Test 2-59,text,true,,587,137,1,109,http://localhost:8002/restaurants/?q=ramen,2,0,0
1776748963277,1,GET /restaurants?q=ramen,200,OK,Restaurant Search Load Test 2-59,text,true,,587,137,1,109,http://localhost:8002/restaurants/?q=ramen,1,0,0
1776748963278,1,GET /restaurants?q=ramen,200,OK,Restaurant Search Load Test 2-59,text,true,,587,137,1,109,http://localhost:8002/restaurants/?q=ramen,1,0,0
1776748963280,0,GET /restaurants?q=ramen,200,OK,Restaurant Search Load Test 2-59,text,true,,587,137,1,109,http://localhost:8002/restaurants/?q=ramen,0,0,0
1776748963281,0,GET /restaurants?q=ramen,200,OK,Restaurant Search Load Test 2-59,text,true,,587,137,1,109,http://localhost:8002/restaurants/?q=ramen,0,0,0
1776748963281,1,GET /restaurants?q=ramen,200,OK,Restaurant Search Load Test 2-59,text,true,,587,137,1,109,http://localhost:8002/restaurants/?q=ramen,1,0,0
1776748963282,1,GET /restaurants?q=ramen,200,OK,Restaurant Search Load Test 2-59,text,true,,587,137,1,109,http://localhost:8002/restaurants/?q=ramen,1,0,0
1776748963283,1,GET /restaurants?q=ramen,200,OK,Restaurant Search Load Test 2-59,text,true,,587,137,1,109,http://localhost:8002/restaurants/?q=ramen,1,0,0
1776748963284,1,GET /restaurants?q=ramen,200,OK,Restaurant Search Load Test 2-59,text,true,,587,137,1,109,http://localhost:8002/restaurants/?q=ramen,1,0,0
1776748963285,0,GET /restaurants?q=ramen,200,OK,Restaurant Search Load Test 2-59,text,true,,587,137,1,109,http://localhost:8002/restaurants/?q=ramen,0,0,0
1776748953366,10002,POST /auth/login,Non HTTP response code: java.net.SocketTimeoutException,Non HTTP response message: Read timed out,Login Load Test 1-26,text,false,"Test failed: code expected to equal /

****** received  : [[[Non HTTP response code: java.net.SocketTimeoutException]]]

****** comparison: [[[200                                                    ]]]

/",2679,0,59,109,http://localhost:8001/auth/login,0,0,1
1776748953387,10001,Login for Token,Non HTTP response code: java.net.SocketTimeoutException,Non HTTP response message: Read timed out,Review Submission Load Test 3-26,text,false,,2679,0,50,109,http://localhost:8001/auth/login,0,0,0
1776748963388,2,POST /reviews/,401,Unauthorized,Review Submission Load Test 3-26,text,false,,204,299,50,109,http://localhost:8004/reviews/,2,0,1
1776748963579,2,GET /restaurants?q=ramen,200,OK,Restaurant Search Load Test 2-60,text,true,,587,137,1,111,http://localhost:8002/restaurants/?q=ramen,2,0,0
1776748963581,1,GET /restaurants?q=ramen,200,OK,Restaurant Search Load Test 2-60,text,true,,587,137,1,111,http://localhost:8002/restaurants/?q=ramen,1,0,0
1776748963582,1,GET /restaurants?q=ramen,200,OK,Restaurant Search Load Test 2-60,text,true,,587,137,1,112,http://localhost:8002/restaurants/?q=ramen,1,0,0
1776748963583,1,GET /restaurants?q=ramen,200,OK,Restaurant Search Load Test 2-60,text,true,,587,137,1,112,http://localhost:8002/restaurants/?q=ramen,1,0,0
1776748963584,1,GET /restaurants?q=ramen,200,OK,Restaurant Search Load Test 2-60,text,true,,587,137,1,112,http://localhost:8002/restaurants/?q=ramen,1,0,0
1776748963585,1,GET /restaurants?q=ramen,200,OK,Restaurant Search Load Test 2-60,text,true,,587,137,1,112,http://localhost:8002/restaurants/?q=ramen,1,0,0
1776748963586,1,GET /restaurants?q=ramen,200,OK,Restaurant Search Load Test 2-60,text,true,,587,137,1,112,http://localhost:8002/restaurants/?q=ramen,1,0,0
1776748963587,0,GET /restaurants?q=ramen,200,OK,Restaurant Search Load Test 2-60,text,true,,587,137,1,112,http://localhost:8002/restaurants/?q=ramen,0,0,0
1776748963588,0,GET /restaurants?q=ramen,200,OK,Restaurant Search Load Test 2-60,text,true,,587,137,1,112,http://localhost:8002/restaurants/?q=ramen,0,0,0
1776748963588,1,GET /restaurants?q=ramen,200,OK,Restaurant Search Load Test 2-60,text,true,,587,137,1,112,http://localhost:8002/restaurants/?q=ramen,1,0,0
1776748953669,10002,POST /auth/login,Non HTTP response code: java.net.SocketTimeoutException,Non HTTP response message: Read timed out,Login Load Test 1-27,text,false,"Test failed: code expected to equal /

****** received  : [[[Non HTTP response code: java.net.SocketTimeoutException]]]

****** comparison: [[[200                                                    ]]]

/",2679,0,60,111,http://localhost:8001/auth/login,0,0,1
1776748953687,10002,Login for Token,Non HTTP response code: java.net.SocketTimeoutException,Non HTTP response message: Read timed out,Review Submission Load Test 3-27,text,false,,2679,0,51,111,http://localhost:8001/auth/login,0,0,0
1776748963689,1,POST /reviews/,401,Unauthorized,Review Submission Load Test 3-27,text,false,,204,299,51,111,http://localhost:8004/reviews/,1,0,1
1776748963873,2,GET /restaurants?q=ramen,200,OK,Restaurant Search Load Test 2-61,text,true,,587,137,1,113,http://localhost:8002/restaurants/?q=ramen,2,0,1
1776748963875,1,GET /restaurants?q=ramen,200,OK,Restaurant Search Load Test 2-61,text,true,,587,137,1,113,http://localhost:8002/restaurants/?q=ramen,1,0,0
1776748963876,1,GET /restaurants?q=ramen,200,OK,Restaurant Search Load Test 2-61,text,true,,587,137,1,113,http://localhost:8002/restaurants/?q=ramen,1,0,0
1776748963877,1,GET /restaurants?q=ramen,200,OK,Restaurant Search Load Test 2-61,text,true,,587,137,1,113,http://localhost:8002/restaurants/?q=ramen,1,0,0
1776748963878,1,GET /restaurants?q=ramen,200,OK,Restaurant Search Load Test 2-61,text,true,,587,137,1,113,http://localhost:8002/restaurants/?q=ramen,1,0,0
1776748963879,0,GET /restaurants?q=ramen,200,OK,Restaurant Search Load Test 2-61,text,true,,587,137,1,113,http://localhost:8002/restaurants/?q=ramen,0,0,0
1776748963879,1,GET /restaurants?q=ramen,200,OK,Restaurant Search Load Test 2-61,text,true,,587,137,1,113,http://localhost:8002/restaurants/?q=ramen,1,0,0
1776748963880,1,GET /restaurants?q=ramen,200,OK,Restaurant Search Load Test 2-61,text,true,,587,137,1,113,http://localhost:8002/restaurants/?q=ramen,1,0,0
1776748963881,1,GET /restaurants?q=ramen,200,OK,Restaurant Search Load Test 2-61,text,true,,587,137,1,113,http://localhost:8002/restaurants/?q=ramen,1,0,0
1776748963882,1,GET /restaurants?q=ramen,200,OK,Restaurant Search Load Test 2-61,text,true,,587,137,1,113,http://localhost:8002/restaurants/?q=ramen,1,0,0
1776748953967,10002,POST /auth/login,Non HTTP response code: java.net.SocketTimeoutException,Non HTTP response message: Read timed out,Login Load Test 1-28,text,false,"Test failed: code expected to equal /

****** received  : [[[Non HTTP response code: java.net.SocketTimeoutException]]]

****** comparison: [[[200                                                    ]]]

/",2679,0,61,113,http://localhost:8001/auth/login,0,0,1
1776748953987,10002,Login for Token,Non HTTP response code: java.net.SocketTimeoutException,Non HTTP response message: Read timed out,Review Submission Load Test 3-28,text,false,,2679,0,52,113,http://localhost:8001/auth/login,0,0,1
1776748963989,1,POST /reviews/,401,Unauthorized,Review Submission Load Test 3-28,text,false,,204,299,52,113,http://localhost:8004/reviews/,1,0,0
1776748964179,1,GET /restaurants?q=ramen,200,OK,Restaurant Search Load Test 2-62,text,true,,587,137,1,115,http://localhost:8002/restaurants/?q=ramen,1,0,0
1776748964181,0,GET /restaurants?q=ramen,200,OK,Restaurant Search Load Test 2-62,text,true,,587,137,1,115,http://localhost:8002/restaurants/?q=ramen,0,0,0
1776748964181,1,GET /restaurants?q=ramen,200,OK,Restaurant Search Load Test 2-62,text,true,,587,137,1,115,http://localhost:8002/restaurants/?q=ramen,1,0,0
1776748964182,2,GET /restaurants?q=ramen,200,OK,Restaurant Search Load Test 2-62,text,true,,587,137,1,116,http://localhost:8002/restaurants/?q=ramen,2,0,0
1776748964184,1,GET /restaurants?q=ramen,200,OK,Restaurant Search Load Test 2-62,text,true,,587,137,1,116,http://localhost:8002/restaurants/?q=ramen,1,0,0
1776748964185,1,GET /restaurants?q=ramen,200,OK,Restaurant Search Load Test 2-62,text,true,,587,137,1,116,http://localhost:8002/restaurants/?q=ramen,1,0,0
1776748964186,1,GET /restaurants?q=ramen,200,OK,Restaurant Search Load Test 2-62,text,true,,587,137,1,116,http://localhost:8002/restaurants/?q=ramen,1,0,0
1776748964187,1,GET /restaurants?q=ramen,200,OK,Restaurant Search Load Test 2-62,text,true,,587,137,1,116,http://localhost:8002/restaurants/?q=ramen,1,0,0
1776748964188,0,GET /restaurants?q=ramen,200,OK,Restaurant Search Load Test 2-62,text,true,,587,137,1,116,http://localhost:8002/restaurants/?q=ramen,0,0,0
1776748964189,0,GET /restaurants?q=ramen,200,OK,Restaurant Search Load Test 2-62,text,true,,587,137,1,116,http://localhost:8002/restaurants/?q=ramen,0,0,0
1776748954267,10002,POST /auth/login,Non HTTP response code: java.net.SocketTimeoutException,Non HTTP response message: Read timed out,Login Load Test 1-29,text,false,"Test failed: code expected to equal /

****** received  : [[[Non HTTP response code: java.net.SocketTimeoutException]]]

****** comparison: [[[200                                                    ]]]

/",2679,0,62,115,http://localhost:8001/auth/login,0,0,1
1776748954287,10001,Login for Token,Non HTTP response code: java.net.SocketTimeoutException,Non HTTP response message: Read timed out,Review Submission Load Test 3-29,text,false,,2679,0,53,115,http://localhost:8001/auth/login,0,0,1
1776748964288,2,POST /reviews/,401,Unauthorized,Review Submission Load Test 3-29,text,false,,204,299,53,115,http://localhost:8004/reviews/,2,0,1
1776748964478,1,GET /restaurants?q=ramen,200,OK,Restaurant Search Load Test 2-63,text,true,,587,137,1,117,http://localhost:8002/restaurants/?q=ramen,1,0,0
1776748964480,0,GET /restaurants?q=ramen,200,OK,Restaurant Search Load Test 2-63,text,true,,587,137,1,117,http://localhost:8002/restaurants/?q=ramen,0,0,0
1776748964481,0,GET /restaurants?q=ramen,200,OK,Restaurant Search Load Test 2-63,text,true,,587,137,1,118,http://localhost:8002/restaurants/?q=ramen,0,0,0
1776748964481,1,GET /restaurants?q=ramen,200,OK,Restaurant Search Load Test 2-63,text,true,,587,137,1,118,http://localhost:8002/restaurants/?q=ramen,1,0,0
1776748964482,1,GET /restaurants?q=ramen,200,OK,Restaurant Search Load Test 2-63,text,true,,587,137,1,118,http://localhost:8002/restaurants/?q=ramen,1,0,0
1776748964483,1,GET /restaurants?q=ramen,200,OK,Restaurant Search Load Test 2-63,text,true,,587,137,1,118,http://localhost:8002/restaurants/?q=ramen,1,0,0
1776748964484,1,GET /restaurants?q=ramen,200,OK,Restaurant Search Load Test 2-63,text,true,,587,137,1,118,http://localhost:8002/restaurants/?q=ramen,1,0,0
1776748964485,1,GET /restaurants?q=ramen,200,OK,Restaurant Search Load Test 2-63,text,true,,587,137,1,118,http://localhost:8002/restaurants/?q=ramen,1,0,0
1776748964486,0,GET /restaurants?q=ramen,200,OK,Restaurant Search Load Test 2-63,text,true,,587,137,1,118,http://localhost:8002/restaurants/?q=ramen,0,0,0
1776748964486,1,GET /restaurants?q=ramen,200,OK,Restaurant Search Load Test 2-63,text,true,,587,137,1,118,http://localhost:8002/restaurants/?q=ramen,1,0,0
1776748954567,10002,POST /auth/login,Non HTTP response code: java.net.SocketTimeoutException,Non HTTP response message: Read timed out,Login Load Test 1-30,text,false,"Test failed: code expected to equal /

****** received  : [[[Non HTTP response code: java.net.SocketTimeoutException]]]

****** comparison: [[[200                                                    ]]]

/",2679,0,63,117,http://localhost:8001/auth/login,0,0,1
1776748954587,10001,Login for Token,Non HTTP response code: java.net.SocketTimeoutException,Non HTTP response message: Read timed out,Review Submission Load Test 3-30,text,false,,2679,0,54,117,http://localhost:8001/auth/login,0,0,0
1776748964588,1,POST /reviews/,401,Unauthorized,Review Submission Load Test 3-30,text,false,,204,299,54,117,http://localhost:8004/reviews/,1,0,0
1776748964776,2,GET /restaurants?q=ramen,200,OK,Restaurant Search Load Test 2-64,text,true,,587,137,1,119,http://localhost:8002/restaurants/?q=ramen,2,0,1
1776748964778,1,GET /restaurants?q=ramen,200,OK,Restaurant Search Load Test 2-64,text,true,,587,137,1,119,http://localhost:8002/restaurants/?q=ramen,1,0,0
1776748964779,1,GET /restaurants?q=ramen,200,OK,Restaurant Search Load Test 2-64,text,true,,587,137,1,119,http://localhost:8002/restaurants/?q=ramen,1,0,0
1776748964780,1,GET /restaurants?q=ramen,200,OK,Restaurant Search Load Test 2-64,text,true,,587,137,1,119,http://localhost:8002/restaurants/?q=ramen,1,0,0
1776748964781,0,GET /restaurants?q=ramen,200,OK,Restaurant Search Load Test 2-64,text,true,,587,137,1,119,http://localhost:8002/restaurants/?q=ramen,0,0,0
1776748964781,1,GET /restaurants?q=ramen,200,OK,Restaurant Search Load Test 2-64,text,true,,587,137,1,120,http://localhost:8002/restaurants/?q=ramen,1,0,0
1776748964782,1,GET /restaurants?q=ramen,200,OK,Restaurant Search Load Test 2-64,text,true,,587,137,1,120,http://localhost:8002/restaurants/?q=ramen,1,0,0
1776748964783,1,GET /restaurants?q=ramen,200,OK,Restaurant Search Load Test 2-64,text,true,,587,137,1,120,http://localhost:8002/restaurants/?q=ramen,1,0,0
1776748964784,1,GET /restaurants?q=ramen,200,OK,Restaurant Search Load Test 2-64,text,true,,587,137,1,120,http://localhost:8002/restaurants/?q=ramen,1,0,0
1776748964785,1,GET /restaurants?q=ramen,200,OK,Restaurant Search Load Test 2-64,text,true,,587,137,1,120,http://localhost:8002/restaurants/?q=ramen,1,0,0
1776748954867,10003,POST /auth/login,Non HTTP response code: java.net.SocketTimeoutException,Non HTTP response message: Read timed out,Login Load Test 1-31,text,false,"Test failed: code expected to equal /

****** received  : [[[Non HTTP response code: java.net.SocketTimeoutException]]]

****** comparison: [[[200                                                    ]]]

/",2679,0,64,119,http://localhost:8001/auth/login,0,0,1
1776748954884,10002,Login for Token,Non HTTP response code: java.net.SocketTimeoutException,Non HTTP response message: Read timed out,Review Submission Load Test 3-31,text,false,,2679,0,55,119,http://localhost:8001/auth/login,0,0,0
1776748964886,1,POST /reviews/,401,Unauthorized,Review Submission Load Test 3-31,text,false,,204,299,55,119,http://localhost:8004/reviews/,1,0,0
1776748957805,7116,POST /auth/login,200,OK,Login Load Test 1-16,text,true,,316,243,64,119,http://localhost:8001/auth/login,7116,0,0
1776748957805,7116,POST /auth/login,200,OK,Login Load Test 1-10,text,true,,316,243,64,119,http://localhost:8001/auth/login,7116,0,0
1776748957305,7616,Login for Token,200,OK,Review Submission Load Test 3-15,text,true,,316,243,55,119,http://localhost:8001/auth/login,7616,0,0
1776748964920,2,POST /reviews/,400,Bad Request,Review Submission Load Test 3-15,text,false,,188,440,55,119,http://localhost:8004/reviews/,2,0,1
1776748965074,2,GET /restaurants?q=ramen,200,OK,Restaurant Search Load Test 2-65,text,true,,587,137,1,121,http://localhost:8002/restaurants/?q=ramen,2,0,0
1776748965076,1,GET /restaurants?q=ramen,200,OK,Restaurant Search Load Test 2-65,text,true,,587,137,1,121,http://localhost:8002/restaurants/?q=ramen,1,0,0
1776748965077,0,GET /restaurants?q=ramen,200,OK,Restaurant Search Load Test 2-65,text,true,,587,137,1,121,http://localhost:8002/restaurants/?q=ramen,0,0,0
1776748965078,0,GET /restaurants?q=ramen,200,OK,Restaurant Search Load Test 2-65,text,true,,587,137,1,121,http://localhost:8002/restaurants/?q=ramen,0,0,0
1776748965078,1,GET /restaurants?q=ramen,200,OK,Restaurant Search Load Test 2-65,text,true,,587,137,1,121,http://localhost:8002/restaurants/?q=ramen,1,0,0
1776748965079,1,GET /restaurants?q=ramen,200,OK,Restaurant Search Load Test 2-65,text,true,,587,137,1,121,http://localhost:8002/restaurants/?q=ramen,1,0,0
1776748965080,1,GET /restaurants?q=ramen,200,OK,Restaurant Search Load Test 2-65,text,true,,587,137,1,121,http://localhost:8002/restaurants/?q=ramen,1,0,0
1776748965081,0,GET /restaurants?q=ramen,200,OK,Restaurant Search Load Test 2-65,text,true,,587,137,1,121,http://localhost:8002/restaurants/?q=ramen,0,0,0
1776748965081,1,GET /restaurants?q=ramen,200,OK,Restaurant Search Load Test 2-65,text,true,,587,137,1,121,http://localhost:8002/restaurants/?q=ramen,1,0,0
1776748965082,1,GET /restaurants?q=ramen,200,OK,Restaurant Search Load Test 2-65,text,true,,587,137,1,121,http://localhost:8002/restaurants/?q=ramen,1,0,0
1776748955168,10002,POST /auth/login,Non HTTP response code: java.net.SocketTimeoutException,Non HTTP response message: Read timed out,Login Load Test 1-32,text,false,"Test failed: code expected to equal /

****** received  : [[[Non HTTP response code: java.net.SocketTimeoutException]]]

****** comparison: [[[200                                                    ]]]

/",2679,0,65,121,http://localhost:8001/auth/login,0,0,1
1776748955187,10001,Login for Token,Non HTTP response code: java.net.SocketTimeoutException,Non HTTP response message: Read timed out,Review Submission Load Test 3-32,text,false,,2679,0,56,121,http://localhost:8001/auth/login,0,0,0
1776748965188,2,POST /reviews/,401,Unauthorized,Review Submission Load Test 3-32,text,false,,204,299,56,121,http://localhost:8004/reviews/,2,0,1
1776748958671,6588,POST /auth/login,200,OK,Login Load Test 1-17,text,true,,316,243,65,121,http://localhost:8001/auth/login,6588,0,0
1776748958675,6584,Login for Token,200,OK,Review Submission Load Test 3-10,text,true,,316,243,56,121,http://localhost:8001/auth/login,6584,0,0
1776748958671,6588,POST /auth/login,200,OK,Login Load Test 1-3,text,true,,316,243,65,121,http://localhost:8001/auth/login,6588,0,0
1776748958675,6584,Login for Token,200,OK,Review Submission Load Test 3-11,text,true,,316,243,56,121,http://localhost:8001/auth/login,6584,0,0
1776748958676,6584,Login for Token,200,OK,Review Submission Load Test 3-16,text,true,,316,243,56,121,http://localhost:8001/auth/login,6584,0,0
1776748959677,5585,POST /auth/login,200,OK,Login Load Test 1-11,text,true,,316,243,65,121,http://localhost:8001/auth/login,5585,0,0
1776748958675,6587,Login for Token,200,OK,Review Submission Load Test 3-17,text,true,,316,243,56,121,http://localhost:8001/auth/login,6587,0,0
1776748959678,5584,POST /auth/login,200,OK,Login Load Test 1-18,text,true,,316,243,65,121,http://localhost:8001/auth/login,5584,0,0
1776748958670,6592,POST /auth/login,200,OK,Login Load Test 1-1,text,true,,316,243,65,121,http://localhost:8001/auth/login,6592,0,0
1776748959677,5585,POST /auth/login,200,OK,Login Load Test 1-7,text,true,,316,243,65,121,http://localhost:8001/auth/login,5585,0,0
1776748965259,3,POST /reviews/,400,Bad Request,Review Submission Load Test 3-11,text,false,,188,440,56,121,http://localhost:8004/reviews/,3,0,0
1776748965258,4,POST /reviews/,400,Bad Request,Review Submission Load Test 3-10,text,false,,188,440,56,121,http://localhost:8004/reviews/,4,0,1
1776748965259,3,POST /reviews/,400,Bad Request,Review Submission Load Test 3-16,text,false,,188,440,56,121,http://localhost:8004/reviews/,3,0,0
1776748965261,2,POST /reviews/,400,Bad Request,Review Submission Load Test 3-17,text,false,,188,440,54,119,http://localhost:8004/reviews/,2,0,0
1776748965375,2,GET /restaurants?q=ramen,200,OK,Restaurant Search Load Test 2-66,text,true,,587,137,1,121,http://localhost:8002/restaurants/?q=ramen,2,0,1
1776748965377,1,GET /restaurants?q=ramen,200,OK,Restaurant Search Load Test 2-66,text,true,,587,137,1,121,http://localhost:8002/restaurants/?q=ramen,1,0,0
1776748965385,2,GET /restaurants?q=ramen,200,OK,Restaurant Search Load Test 2-66,text,true,,587,137,1,122,http://localhost:8002/restaurants/?q=ramen,2,0,0
1776748965387,1,GET /restaurants?q=ramen,200,OK,Restaurant Search Load Test 2-66,text,true,,587,137,1,122,http://localhost:8002/restaurants/?q=ramen,1,0,0
1776748965388,1,GET /restaurants?q=ramen,200,OK,Restaurant Search Load Test 2-66,text,true,,587,137,1,122,http://localhost:8002/restaurants/?q=ramen,1,0,0
1776748965389,0,GET /restaurants?q=ramen,200,OK,Restaurant Search Load Test 2-66,text,true,,587,137,1,122,http://localhost:8002/restaurants/?q=ramen,0,0,0
1776748965389,1,GET /restaurants?q=ramen,200,OK,Restaurant Search Load Test 2-66,text,true,,587,137,1,122,http://localhost:8002/restaurants/?q=ramen,1,0,0
1776748965390,1,GET /restaurants?q=ramen,200,OK,Restaurant Search Load Test 2-66,text,true,,587,137,1,122,http://localhost:8002/restaurants/?q=ramen,1,0,0
1776748965391,1,GET /restaurants?q=ramen,200,OK,Restaurant Search Load Test 2-66,text,true,,587,137,1,122,http://localhost:8002/restaurants/?q=ramen,1,0,0
1776748965392,0,GET /restaurants?q=ramen,200,OK,Restaurant Search Load Test 2-66,text,true,,587,137,1,122,http://localhost:8002/restaurants/?q=ramen,0,0,0
1776748955469,10002,POST /auth/login,Non HTTP response code: java.net.SocketTimeoutException,Non HTTP response message: Read timed out,Login Load Test 1-33,text,false,"Test failed: code expected to equal /

****** received  : [[[Non HTTP response code: java.net.SocketTimeoutException]]]

****** comparison: [[[200                                                    ]]]

/",2679,0,66,121,http://localhost:8001/auth/login,0,0,1
1776748955485,10002,Login for Token,Non HTTP response code: java.net.SocketTimeoutException,Non HTTP response message: Read timed out,Review Submission Load Test 3-33,text,false,,2679,0,55,121,http://localhost:8001/auth/login,0,0,0
1776748965486,2,POST /reviews/,401,Unauthorized,Review Submission Load Test 3-33,text,false,,204,299,55,121,http://localhost:8004/reviews/,2,0,1
1776748965679,2,GET /restaurants?q=ramen,200,OK,Restaurant Search Load Test 2-67,text,true,,587,137,1,123,http://localhost:8002/restaurants/?q=ramen,2,0,0
1776748965681,1,GET /restaurants?q=ramen,200,OK,Restaurant Search Load Test 2-67,text,true,,587,137,1,124,http://localhost:8002/restaurants/?q=ramen,1,0,0
1776748965682,1,GET /restaurants?q=ramen,200,OK,Restaurant Search Load Test 2-67,text,true,,587,137,1,124,http://localhost:8002/restaurants/?q=ramen,1,0,0
1776748965683,1,GET /restaurants?q=ramen,200,OK,Restaurant Search Load Test 2-67,text,true,,587,137,1,124,http://localhost:8002/restaurants/?q=ramen,1,0,0
1776748965684,1,GET /restaurants?q=ramen,200,OK,Restaurant Search Load Test 2-67,text,true,,587,137,1,124,http://localhost:8002/restaurants/?q=ramen,1,0,0
1776748965685,1,GET /restaurants?q=ramen,200,OK,Restaurant Search Load Test 2-67,text,true,,587,137,1,124,http://localhost:8002/restaurants/?q=ramen,1,0,0
1776748965686,1,GET /restaurants?q=ramen,200,OK,Restaurant Search Load Test 2-67,text,true,,587,137,1,124,http://localhost:8002/restaurants/?q=ramen,1,0,0
1776748965687,1,GET /restaurants?q=ramen,200,OK,Restaurant Search Load Test 2-67,text,true,,587,137,1,124,http://localhost:8002/restaurants/?q=ramen,1,0,0
1776748965688,0,GET /restaurants?q=ramen,200,OK,Restaurant Search Load Test 2-67,text,true,,587,137,1,124,http://localhost:8002/restaurants/?q=ramen,0,0,0
1776748965688,1,GET /restaurants?q=ramen,200,OK,Restaurant Search Load Test 2-67,text,true,,587,137,1,124,http://localhost:8002/restaurants/?q=ramen,1,0,0
1776748955766,10002,POST /auth/login,Non HTTP response code: java.net.SocketTimeoutException,Non HTTP response message: Read timed out,Login Load Test 1-34,text,false,"Test failed: code expected to equal /

****** received  : [[[Non HTTP response code: java.net.SocketTimeoutException]]]

****** comparison: [[[200                                                    ]]]

/",2679,0,67,123,http://localhost:8001/auth/login,0,0,1
1776748955786,10002,Login for Token,Non HTTP response code: java.net.SocketTimeoutException,Non HTTP response message: Read timed out,Review Submission Load Test 3-34,text,false,,2679,0,56,123,http://localhost:8001/auth/login,0,0,1
1776748965788,2,POST /reviews/,401,Unauthorized,Review Submission Load Test 3-34,text,false,,204,299,56,123,http://localhost:8004/reviews/,2,0,1
1776748965976,2,GET /restaurants?q=ramen,200,OK,Restaurant Search Load Test 2-68,text,true,,587,137,1,125,http://localhost:8002/restaurants/?q=ramen,2,0,1
1776748965978,1,GET /restaurants?q=ramen,200,OK,Restaurant Search Load Test 2-68,text,true,,587,137,1,125,http://localhost:8002/restaurants/?q=ramen,1,0,0
1776748965979,1,GET /restaurants?q=ramen,200,OK,Restaurant Search Load Test 2-68,text,true,,587,137,1,125,http://localhost:8002/restaurants/?q=ramen,1,0,0
1776748965980,1,GET /restaurants?q=ramen,200,OK,Restaurant Search Load Test 2-68,text,true,,587,137,1,125,http://localhost:8002/restaurants/?q=ramen,1,0,0
1776748965981,1,GET /restaurants?q=ramen,200,OK,Restaurant Search Load Test 2-68,text,true,,587,137,1,125,http://localhost:8002/restaurants/?q=ramen,1,0,0
1776748965982,2,GET /restaurants?q=ramen,200,OK,Restaurant Search Load Test 2-68,text,true,,587,137,1,126,http://localhost:8002/restaurants/?q=ramen,2,0,0
1776748965984,1,GET /restaurants?q=ramen,200,OK,Restaurant Search Load Test 2-68,text,true,,587,137,1,126,http://localhost:8002/restaurants/?q=ramen,1,0,0
1776748965985,1,GET /restaurants?q=ramen,200,OK,Restaurant Search Load Test 2-68,text,true,,587,137,1,126,http://localhost:8002/restaurants/?q=ramen,1,0,0
1776748965986,1,GET /restaurants?q=ramen,200,OK,Restaurant Search Load Test 2-68,text,true,,587,137,1,126,http://localhost:8002/restaurants/?q=ramen,1,0,0
1776748965987,0,GET /restaurants?q=ramen,200,OK,Restaurant Search Load Test 2-68,text,true,,587,137,1,126,http://localhost:8002/restaurants/?q=ramen,0,0,0
1776748956065,10001,POST /auth/login,Non HTTP response code: java.net.SocketTimeoutException,Non HTTP response message: Read timed out,Login Load Test 1-35,text,false,"Test failed: code expected to equal /

****** received  : [[[Non HTTP response code: java.net.SocketTimeoutException]]]

****** comparison: [[[200                                                    ]]]

/",2679,0,68,125,http://localhost:8001/auth/login,0,0,0
1776748956086,10002,Login for Token,Non HTTP response code: java.net.SocketTimeoutException,Non HTTP response message: Read timed out,Review Submission Load Test 3-35,text,false,,2679,0,57,125,http://localhost:8001/auth/login,0,0,0
1776748966088,1,POST /reviews/,401,Unauthorized,Review Submission Load Test 3-35,text,false,,204,299,57,125,http://localhost:8004/reviews/,1,0,0
1776748966276,2,GET /restaurants?q=ramen,200,OK,Restaurant Search Load Test 2-69,text,true,,587,137,1,127,http://localhost:8002/restaurants/?q=ramen,2,0,0
1776748966278,1,GET /restaurants?q=ramen,200,OK,Restaurant Search Load Test 2-69,text,true,,587,137,1,127,http://localhost:8002/restaurants/?q=ramen,1,0,0
1776748966279,0,GET /restaurants?q=ramen,200,OK,Restaurant Search Load Test 2-69,text,true,,587,137,1,127,http://localhost:8002/restaurants/?q=ramen,0,0,0
1776748966279,1,GET /restaurants?q=ramen,200,OK,Restaurant Search Load Test 2-69,text,true,,587,137,1,127,http://localhost:8002/restaurants/?q=ramen,1,0,0
1776748966280,1,GET /restaurants?q=ramen,200,OK,Restaurant Search Load Test 2-69,text,true,,587,137,1,127,http://localhost:8002/restaurants/?q=ramen,1,0,0
1776748966281,1,GET /restaurants?q=ramen,200,OK,Restaurant Search Load Test 2-69,text,true,,587,137,1,127,http://localhost:8002/restaurants/?q=ramen,1,0,0
1776748966282,0,GET /restaurants?q=ramen,200,OK,Restaurant Search Load Test 2-69,text,true,,587,137,1,128,http://localhost:8002/restaurants/?q=ramen,0,0,0
1776748966282,1,GET /restaurants?q=ramen,200,OK,Restaurant Search Load Test 2-69,text,true,,587,137,1,128,http://localhost:8002/restaurants/?q=ramen,1,0,0
1776748966283,1,GET /restaurants?q=ramen,200,OK,Restaurant Search Load Test 2-69,text,true,,587,137,1,128,http://localhost:8002/restaurants/?q=ramen,1,0,0
1776748966284,1,GET /restaurants?q=ramen,200,OK,Restaurant Search Load Test 2-69,text,true,,587,137,1,128,http://localhost:8002/restaurants/?q=ramen,1,0,0
1776748956367,10003,POST /auth/login,Non HTTP response code: java.net.SocketTimeoutException,Non HTTP response message: Read timed out,Login Load Test 1-36,text,false,"Test failed: code expected to equal /

****** received  : [[[Non HTTP response code: java.net.SocketTimeoutException]]]

****** comparison: [[[200                                                    ]]]

/",2679,0,69,127,http://localhost:8001/auth/login,0,0,1
1776748956385,10001,Login for Token,Non HTTP response code: java.net.SocketTimeoutException,Non HTTP response message: Read timed out,Review Submission Load Test 3-36,text,false,,2679,0,58,127,http://localhost:8001/auth/login,0,0,0
1776748966386,2,POST /reviews/,401,Unauthorized,Review Submission Load Test 3-36,text,false,,204,299,58,127,http://localhost:8004/reviews/,2,0,1
1776748959680,6757,Login for Token,200,OK,Review Submission Load Test 3-12,text,true,,316,243,58,127,http://localhost:8001/auth/login,6757,0,0
1776748966437,2,POST /reviews/,400,Bad Request,Review Submission Load Test 3-12,text,false,,188,440,58,127,http://localhost:8004/reviews/,2,0,1
1776748966579,2,GET /restaurants?q=ramen,200,OK,Restaurant Search Load Test 2-70,text,true,,587,137,1,128,http://localhost:8002/restaurants/?q=ramen,2,0,0
1776748966581,1,GET /restaurants?q=ramen,200,OK,Restaurant Search Load Test 2-70,text,true,,587,137,1,128,http://localhost:8002/restaurants/?q=ramen,1,0,0
1776748966582,0,GET /restaurants?q=ramen,200,OK,Restaurant Search Load Test 2-70,text,true,,587,137,1,128,http://localhost:8002/restaurants/?q=ramen,0,0,0
1776748966583,0,GET /restaurants?q=ramen,200,OK,Restaurant Search Load Test 2-70,text,true,,587,137,1,128,http://localhost:8002/restaurants/?q=ramen,0,0,0
1776748966583,1,GET /restaurants?q=ramen,200,OK,Restaurant Search Load Test 2-70,text,true,,587,137,1,128,http://localhost:8002/restaurants/?q=ramen,1,0,0
1776748966584,1,GET /restaurants?q=ramen,200,OK,Restaurant Search Load Test 2-70,text,true,,587,137,1,128,http://localhost:8002/restaurants/?q=ramen,1,0,0
1776748966585,0,GET /restaurants?q=ramen,200,OK,Restaurant Search Load Test 2-70,text,true,,587,137,1,128,http://localhost:8002/restaurants/?q=ramen,0,0,0
1776748966585,1,GET /restaurants?q=ramen,200,OK,Restaurant Search Load Test 2-70,text,true,,587,137,1,129,http://localhost:8002/restaurants/?q=ramen,1,0,0
1776748966586,1,GET /restaurants?q=ramen,200,OK,Restaurant Search Load Test 2-70,text,true,,587,137,1,129,http://localhost:8002/restaurants/?q=ramen,1,0,0
1776748966587,1,GET /restaurants?q=ramen,200,OK,Restaurant Search Load Test 2-70,text,true,,587,137,1,129,http://localhost:8002/restaurants/?q=ramen,1,0,0
1776748956668,10002,POST /auth/login,Non HTTP response code: java.net.SocketTimeoutException,Non HTTP response message: Read timed out,Login Load Test 1-37,text,false,"Test failed: code expected to equal /

****** received  : [[[Non HTTP response code: java.net.SocketTimeoutException]]]

****** comparison: [[[200                                                    ]]]

/",2679,0,70,128,http://localhost:8001/auth/login,0,0,1
1776748956684,10002,Login for Token,Non HTTP response code: java.net.SocketTimeoutException,Non HTTP response message: Read timed out,Review Submission Load Test 3-37,text,false,,2679,0,58,128,http://localhost:8001/auth/login,0,0,1
1776748966685,2,POST /reviews/,401,Unauthorized,Review Submission Load Test 3-37,text,false,,204,299,58,128,http://localhost:8004/reviews/,2,0,0
1776748966879,1,GET /restaurants?q=ramen,200,OK,Restaurant Search Load Test 2-71,text,true,,587,137,1,130,http://localhost:8002/restaurants/?q=ramen,1,0,0
1776748966881,0,GET /restaurants?q=ramen,200,OK,Restaurant Search Load Test 2-71,text,true,,587,137,1,130,http://localhost:8002/restaurants/?q=ramen,0,0,0
1776748966882,0,GET /restaurants?q=ramen,200,OK,Restaurant Search Load Test 2-71,text,true,,587,137,1,130,http://localhost:8002/restaurants/?q=ramen,0,0,0
1776748966882,1,GET /restaurants?q=ramen,200,OK,Restaurant Search Load Test 2-71,text,true,,587,137,1,130,http://localhost:8002/restaurants/?q=ramen,1,0,0
1776748966883,1,GET /restaurants?q=ramen,200,OK,Restaurant Search Load Test 2-71,text,true,,587,137,1,130,http://localhost:8002/restaurants/?q=ramen,1,0,0
1776748966884,0,GET /restaurants?q=ramen,200,OK,Restaurant Search Load Test 2-71,text,true,,587,137,1,130,http://localhost:8002/restaurants/?q=ramen,0,0,0
1776748966884,1,GET /restaurants?q=ramen,200,OK,Restaurant Search Load Test 2-71,text,true,,587,137,1,130,http://localhost:8002/restaurants/?q=ramen,1,0,0
1776748966885,1,GET /restaurants?q=ramen,200,OK,Restaurant Search Load Test 2-71,text,true,,587,137,1,131,http://localhost:8002/restaurants/?q=ramen,1,0,0
1776748966886,1,GET /restaurants?q=ramen,200,OK,Restaurant Search Load Test 2-71,text,true,,587,137,1,131,http://localhost:8002/restaurants/?q=ramen,1,0,0
1776748966887,1,GET /restaurants?q=ramen,200,OK,Restaurant Search Load Test 2-71,text,true,,587,137,1,131,http://localhost:8002/restaurants/?q=ramen,1,0,0
1776748956968,10003,POST /auth/login,Non HTTP response code: java.net.SocketTimeoutException,Non HTTP response message: Read timed out,Login Load Test 1-38,text,false,"Test failed: code expected to equal /

****** received  : [[[Non HTTP response code: java.net.SocketTimeoutException]]]

****** comparison: [[[200                                                    ]]]

/",2679,0,71,130,http://localhost:8001/auth/login,0,0,1
1776748956988,10002,Login for Token,Non HTTP response code: java.net.SocketTimeoutException,Non HTTP response message: Read timed out,Review Submission Load Test 3-38,text,false,,2679,0,59,130,http://localhost:8001/auth/login,0,0,1
1776748966990,2,POST /reviews/,401,Unauthorized,Review Submission Load Test 3-38,text,false,,204,299,59,130,http://localhost:8004/reviews/,2,0,1
1776748967178,2,GET /restaurants?q=ramen,200,OK,Restaurant Search Load Test 2-72,text,true,,587,137,1,132,http://localhost:8002/restaurants/?q=ramen,2,0,1
1776748967180,1,GET /restaurants?q=ramen,200,OK,Restaurant Search Load Test 2-72,text,true,,587,137,1,132,http://localhost:8002/restaurants/?q=ramen,1,0,0
1776748967181,1,GET /restaurants?q=ramen,200,OK,Restaurant Search Load Test 2-72,text,true,,587,137,1,132,http://localhost:8002/restaurants/?q=ramen,1,0,0
1776748967182,1,GET /restaurants?q=ramen,200,OK,Restaurant Search Load Test 2-72,text,true,,587,137,1,132,http://localhost:8002/restaurants/?q=ramen,1,0,0
1776748967183,1,GET /restaurants?q=ramen,200,OK,Restaurant Search Load Test 2-72,text,true,,587,137,1,132,http://localhost:8002/restaurants/?q=ramen,1,0,0
1776748967184,1,GET /restaurants?q=ramen,200,OK,Restaurant Search Load Test 2-72,text,true,,587,137,1,132,http://localhost:8002/restaurants/?q=ramen,1,0,0
1776748967185,1,GET /restaurants?q=ramen,200,OK,Restaurant Search Load Test 2-72,text,true,,587,137,1,133,http://localhost:8002/restaurants/?q=ramen,1,0,0
1776748967186,1,GET /restaurants?q=ramen,200,OK,Restaurant Search Load Test 2-72,text,true,,587,137,1,133,http://localhost:8002/restaurants/?q=ramen,1,0,0
1776748967187,1,GET /restaurants?q=ramen,200,OK,Restaurant Search Load Test 2-72,text,true,,587,137,1,133,http://localhost:8002/restaurants/?q=ramen,1,0,0
1776748967188,0,GET /restaurants?q=ramen,200,OK,Restaurant Search Load Test 2-72,text,true,,587,137,1,133,http://localhost:8002/restaurants/?q=ramen,0,0,0
1776748957269,10002,POST /auth/login,Non HTTP response code: java.net.SocketTimeoutException,Non HTTP response message: Read timed out,Login Load Test 1-39,text,false,"Test failed: code expected to equal /

****** received  : [[[Non HTTP response code: java.net.SocketTimeoutException]]]

****** comparison: [[[200                                                    ]]]

/",2679,0,72,132,http://localhost:8001/auth/login,0,0,1
1776748957287,10002,Login for Token,Non HTTP response code: java.net.SocketTimeoutException,Non HTTP response message: Read timed out,Review Submission Load Test 3-39,text,false,,2679,0,60,132,http://localhost:8001/auth/login,0,0,1
1776748967289,2,POST /reviews/,401,Unauthorized,Review Submission Load Test 3-39,text,false,,204,299,60,132,http://localhost:8004/reviews/,2,0,1
1776748967475,2,GET /restaurants?q=ramen,200,OK,Restaurant Search Load Test 2-73,text,true,,587,137,1,134,http://localhost:8002/restaurants/?q=ramen,2,0,1
1776748967477,1,GET /restaurants?q=ramen,200,OK,Restaurant Search Load Test 2-73,text,true,,587,137,1,134,http://localhost:8002/restaurants/?q=ramen,1,0,0
1776748967478,1,GET /restaurants?q=ramen,200,OK,Restaurant Search Load Test 2-73,text,true,,587,137,1,134,http://localhost:8002/restaurants/?q=ramen,1,0,0
1776748967479,1,GET /restaurants?q=ramen,200,OK,Restaurant Search Load Test 2-73,text,true,,587,137,1,134,http://localhost:8002/restaurants/?q=ramen,1,0,0
1776748967480,1,GET /restaurants?q=ramen,200,OK,Restaurant Search Load Test 2-73,text,true,,587,137,1,134,http://localhost:8002/restaurants/?q=ramen,1,0,0
1776748967481,1,GET /restaurants?q=ramen,200,OK,Restaurant Search Load Test 2-73,text,true,,587,137,1,134,http://localhost:8002/restaurants/?q=ramen,1,0,0
1776748967482,1,GET /restaurants?q=ramen,200,OK,Restaurant Search Load Test 2-73,text,true,,587,137,1,134,http://localhost:8002/restaurants/?q=ramen,1,0,0
1776748967483,0,GET /restaurants?q=ramen,200,OK,Restaurant Search Load Test 2-73,text,true,,587,137,1,134,http://localhost:8002/restaurants/?q=ramen,0,0,0
1776748967484,0,GET /restaurants?q=ramen,200,OK,Restaurant Search Load Test 2-73,text,true,,587,137,1,134,http://localhost:8002/restaurants/?q=ramen,0,0,0
1776748967484,1,GET /restaurants?q=ramen,200,OK,Restaurant Search Load Test 2-73,text,true,,587,137,1,134,http://localhost:8002/restaurants/?q=ramen,1,0,0
1776748957570,10003,POST /auth/login,Non HTTP response code: java.net.SocketTimeoutException,Non HTTP response message: Read timed out,Login Load Test 1-40,text,false,"Test failed: code expected to equal /

****** received  : [[[Non HTTP response code: java.net.SocketTimeoutException]]]

****** comparison: [[[200                                                    ]]]

/",2679,0,73,134,http://localhost:8001/auth/login,0,0,1
1776748957587,10001,Login for Token,Non HTTP response code: java.net.SocketTimeoutException,Non HTTP response message: Read timed out,Review Submission Load Test 3-40,text,false,,2679,0,61,134,http://localhost:8001/auth/login,0,0,0
1776748967588,2,POST /reviews/,401,Unauthorized,Review Submission Load Test 3-40,text,false,,204,299,61,134,http://localhost:8004/reviews/,2,0,1
1776748960691,6925,POST /auth/login,200,OK,Login Load Test 1-12,text,true,,316,243,73,134,http://localhost:8001/auth/login,6925,0,0
1776748960691,6925,POST /auth/login,200,OK,Login Load Test 1-19,text,true,,316,243,73,134,http://localhost:8001/auth/login,6925,0,0
1776748960693,6923,POST /auth/login,200,OK,Login Load Test 1-13,text,true,,316,243,73,134,http://localhost:8001/auth/login,6923,0,0
1776748960695,6921,Login for Token,200,OK,Review Submission Load Test 3-18,text,true,,316,243,61,134,http://localhost:8001/auth/login,6921,0,0
1776748960692,6925,POST /auth/login,200,OK,Login Load Test 1-8,text,true,,316,243,73,134,http://localhost:8001/auth/login,6925,0,0
1776748960693,6924,POST /auth/login,200,OK,Login Load Test 1-6,text,true,,316,243,73,134,http://localhost:8001/auth/login,6924,0,0
1776748967615,2,POST /reviews/,400,Bad Request,Review Submission Load Test 3-18,text,false,,188,440,61,134,http://localhost:8004/reviews/,2,0,0
1776748967777,2,GET /restaurants?q=ramen,200,OK,Restaurant Search Load Test 2-74,text,true,,587,137,1,136,http://localhost:8002/restaurants/?q=ramen,2,0,1
1776748967779,1,GET /restaurants?q=ramen,200,OK,Restaurant Search Load Test 2-74,text,true,,587,137,1,136,http://localhost:8002/restaurants/?q=ramen,1,0,0
1776748967780,1,GET /restaurants?q=ramen,200,OK,Restaurant Search Load Test 2-74,text,true,,587,137,1,136,http://localhost:8002/restaurants/?q=ramen,1,0,0
1776748967781,1,GET /restaurants?q=ramen,200,OK,Restaurant Search Load Test 2-74,text,true,,587,137,1,136,http://localhost:8002/restaurants/?q=ramen,1,0,0
1776748967782,1,GET /restaurants?q=ramen,200,OK,Restaurant Search Load Test 2-74,text,true,,587,137,1,137,http://localhost:8002/restaurants/?q=ramen,1,0,0
1776748967783,0,GET /restaurants?q=ramen,200,OK,Restaurant Search Load Test 2-74,text,true,,587,137,1,137,http://localhost:8002/restaurants/?q=ramen,0,0,0
1776748967783,1,GET /restaurants?q=ramen,200,OK,Restaurant Search Load Test 2-74,text,true,,587,137,1,137,http://localhost:8002/restaurants/?q=ramen,1,0,0
1776748967784,1,GET /restaurants?q=ramen,200,OK,Restaurant Search Load Test 2-74,text,true,,587,137,1,137,http://localhost:8002/restaurants/?q=ramen,1,0,0
1776748967785,1,GET /restaurants?q=ramen,200,OK,Restaurant Search Load Test 2-74,text,true,,587,137,1,137,http://localhost:8002/restaurants/?q=ramen,1,0,0
1776748967786,0,GET /restaurants?q=ramen,200,OK,Restaurant Search Load Test 2-74,text,true,,587,137,1,137,http://localhost:8002/restaurants/?q=ramen,0,0,0
1776748957867,10002,POST /auth/login,Non HTTP response code: java.net.SocketTimeoutException,Non HTTP response message: Read timed out,Login Load Test 1-41,text,false,"Test failed: code expected to equal /

****** received  : [[[Non HTTP response code: java.net.SocketTimeoutException]]]

****** comparison: [[[200                                                    ]]]

/",2679,0,74,136,http://localhost:8001/auth/login,0,0,1
1776748957887,10002,Login for Token,Non HTTP response code: java.net.SocketTimeoutException,Non HTTP response message: Read timed out,Review Submission Load Test 3-41,text,false,,2679,0,62,136,http://localhost:8001/auth/login,0,0,1
1776748967889,2,POST /reviews/,401,Unauthorized,Review Submission Load Test 3-41,text,false,,204,299,62,136,http://localhost:8004/reviews/,2,0,1
1776748968078,2,GET /restaurants?q=ramen,200,OK,Restaurant Search Load Test 2-75,text,true,,587,137,1,138,http://localhost:8002/restaurants/?q=ramen,2,0,1
1776748968080,1,GET /restaurants?q=ramen,200,OK,Restaurant Search Load Test 2-75,text,true,,587,137,1,138,http://localhost:8002/restaurants/?q=ramen,1,0,0
1776748968081,1,GET /restaurants?q=ramen,200,OK,Restaurant Search Load Test 2-75,text,true,,587,137,1,138,http://localhost:8002/restaurants/?q=ramen,1,0,0
1776748968082,1,GET /restaurants?q=ramen,200,OK,Restaurant Search Load Test 2-75,text,true,,587,137,1,138,http://localhost:8002/restaurants/?q=ramen,1,0,0
1776748968083,1,GET /restaurants?q=ramen,200,OK,Restaurant Search Load Test 2-75,text,true,,587,137,1,138,http://localhost:8002/restaurants/?q=ramen,1,0,0
1776748968084,1,GET /restaurants?q=ramen,200,OK,Restaurant Search Load Test 2-75,text,true,,587,137,1,138,http://localhost:8002/restaurants/?q=ramen,1,0,0
1776748968085,1,GET /restaurants?q=ramen,200,OK,Restaurant Search Load Test 2-75,text,true,,587,137,1,139,http://localhost:8002/restaurants/?q=ramen,1,0,0
1776748968086,1,GET /restaurants?q=ramen,200,OK,Restaurant Search Load Test 2-75,text,true,,587,137,1,139,http://localhost:8002/restaurants/?q=ramen,1,0,0
1776748968087,0,GET /restaurants?q=ramen,200,OK,Restaurant Search Load Test 2-75,text,true,,587,137,1,139,http://localhost:8002/restaurants/?q=ramen,0,0,0
1776748968087,1,GET /restaurants?q=ramen,200,OK,Restaurant Search Load Test 2-75,text,true,,587,137,1,139,http://localhost:8002/restaurants/?q=ramen,1,0,0
1776748958171,10003,POST /auth/login,Non HTTP response code: java.net.SocketTimeoutException,Non HTTP response message: Read timed out,Login Load Test 1-42,text,false,"Test failed: code expected to equal /

****** received  : [[[Non HTTP response code: java.net.SocketTimeoutException]]]

****** comparison: [[[200                                                    ]]]

/",2679,0,75,138,http://localhost:8001/auth/login,0,0,1
1776748958187,10001,Login for Token,Non HTTP response code: java.net.SocketTimeoutException,Non HTTP response message: Read timed out,Review Submission Load Test 3-42,text,false,,2679,0,63,138,http://localhost:8001/auth/login,0,0,0
1776748968188,2,POST /reviews/,401,Unauthorized,Review Submission Load Test 3-42,text,false,,204,299,63,138,http://localhost:8004/reviews/,2,0,1
1776748968374,2,GET /restaurants?q=ramen,200,OK,Restaurant Search Load Test 2-76,text,true,,587,137,1,140,http://localhost:8002/restaurants/?q=ramen,2,0,1
1776748968376,1,GET /restaurants?q=ramen,200,OK,Restaurant Search Load Test 2-76,text,true,,587,137,1,140,http://localhost:8002/restaurants/?q=ramen,1,0,0
1776748968377,1,GET /restaurants?q=ramen,200,OK,Restaurant Search Load Test 2-76,text,true,,587,137,1,140,http://localhost:8002/restaurants/?q=ramen,1,0,0
1776748968378,1,GET /restaurants?q=ramen,200,OK,Restaurant Search Load Test 2-76,text,true,,587,137,1,140,http://localhost:8002/restaurants/?q=ramen,1,0,0
1776748968379,1,GET /restaurants?q=ramen,200,OK,Restaurant Search Load Test 2-76,text,true,,587,137,1,140,http://localhost:8002/restaurants/?q=ramen,1,0,0
1776748968380,0,GET /restaurants?q=ramen,200,OK,Restaurant Search Load Test 2-76,text,true,,587,137,1,140,http://localhost:8002/restaurants/?q=ramen,0,0,0
1776748968381,0,GET /restaurants?q=ramen,200,OK,Restaurant Search Load Test 2-76,text,true,,587,137,1,140,http://localhost:8002/restaurants/?q=ramen,0,0,0
1776748968381,1,GET /restaurants?q=ramen,200,OK,Restaurant Search Load Test 2-76,text,true,,587,137,1,140,http://localhost:8002/restaurants/?q=ramen,1,0,0
1776748968382,1,GET /restaurants?q=ramen,200,OK,Restaurant Search Load Test 2-76,text,true,,587,137,1,140,http://localhost:8002/restaurants/?q=ramen,1,0,0
1776748968383,1,GET /restaurants?q=ramen,200,OK,Restaurant Search Load Test 2-76,text,true,,587,137,1,141,http://localhost:8002/restaurants/?q=ramen,1,0,0
1776748958472,10002,POST /auth/login,Non HTTP response code: java.net.SocketTimeoutException,Non HTTP response message: Read timed out,Login Load Test 1-43,text,false,"Test failed: code expected to equal /

****** received  : [[[Non HTTP response code: java.net.SocketTimeoutException]]]

****** comparison: [[[200                                                    ]]]

/",2679,0,76,140,http://localhost:8001/auth/login,0,0,0
1776748958485,10002,Login for Token,Non HTTP response code: java.net.SocketTimeoutException,Non HTTP response message: Read timed out,Review Submission Load Test 3-43,text,false,,2679,0,64,140,http://localhost:8001/auth/login,0,0,0
1776748968487,1,POST /reviews/,401,Unauthorized,Review Submission Load Test 3-43,text,false,,204,299,64,140,http://localhost:8004/reviews/,1,0,0
1776748962042,6579,POST /auth/login,200,OK,Login Load Test 1-2,text,true,,316,243,76,140,http://localhost:8001/auth/login,6579,0,0
1776748962042,6579,POST /auth/login,200,OK,Login Load Test 1-14,text,true,,316,243,76,140,http://localhost:8001/auth/login,6579,0,0
1776748962044,6577,Login for Token,200,OK,Review Submission Load Test 3-13,text,true,,316,243,64,140,http://localhost:8001/auth/login,6577,0,0
1776748962042,6580,POST /auth/login,200,OK,Login Load Test 1-4,text,true,,316,243,76,140,http://localhost:8001/auth/login,6580,0,0
1776748968621,3,POST /reviews/,400,Bad Request,Review Submission Load Test 3-13,text,false,,188,440,64,140,http://localhost:8004/reviews/,3,0,1
1776748968678,2,GET /restaurants?q=ramen,200,OK,Restaurant Search Load Test 2-77,text,true,,587,137,1,141,http://localhost:8002/restaurants/?q=ramen,2,0,0
1776748968680,1,GET /restaurants?q=ramen,200,OK,Restaurant Search Load Test 2-77,text,true,,587,137,1,141,http://localhost:8002/restaurants/?q=ramen,1,0,0
1776748968681,1,GET /restaurants?q=ramen,200,OK,Restaurant Search Load Test 2-77,text,true,,587,137,1,141,http://localhost:8002/restaurants/?q=ramen,1,0,0
1776748968682,1,GET /restaurants?q=ramen,200,OK,Restaurant Search Load Test 2-77,text,true,,587,137,1,141,http://localhost:8002/restaurants/?q=ramen,1,0,0
1776748968683,1,GET /restaurants?q=ramen,200,OK,Restaurant Search Load Test 2-77,text,true,,587,137,1,141,http://localhost:8002/restaurants/?q=ramen,1,0,0
1776748968684,0,GET /restaurants?q=ramen,200,OK,Restaurant Search Load Test 2-77,text,true,,587,137,1,141,http://localhost:8002/restaurants/?q=ramen,0,0,0
1776748968685,0,GET /restaurants?q=ramen,200,OK,Restaurant Search Load Test 2-77,text,true,,587,137,1,141,http://localhost:8002/restaurants/?q=ramen,0,0,0
1776748968685,1,GET /restaurants?q=ramen,200,OK,Restaurant Search Load Test 2-77,text,true,,587,137,1,142,http://localhost:8002/restaurants/?q=ramen,1,0,0
1776748968686,1,GET /restaurants?q=ramen,200,OK,Restaurant Search Load Test 2-77,text,true,,587,137,1,142,http://localhost:8002/restaurants/?q=ramen,1,0,0
1776748968687,1,GET /restaurants?q=ramen,200,OK,Restaurant Search Load Test 2-77,text,true,,587,137,1,142,http://localhost:8002/restaurants/?q=ramen,1,0,0
1776748958771,10002,POST /auth/login,Non HTTP response code: java.net.SocketTimeoutException,Non HTTP response message: Read timed out,Login Load Test 1-44,text,false,"Test failed: code expected to equal /

****** received  : [[[Non HTTP response code: java.net.SocketTimeoutException]]]

****** comparison: [[[200                                                    ]]]

/",2679,0,77,141,http://localhost:8001/auth/login,0,0,1
1776748958787,10001,Login for Token,Non HTTP response code: java.net.SocketTimeoutException,Non HTTP response message: Read timed out,Review Submission Load Test 3-44,text,false,,2679,0,64,141,http://localhost:8001/auth/login,0,0,0
1776748968788,2,POST /reviews/,401,Unauthorized,Review Submission Load Test 3-44,text,false,,204,299,64,141,http://localhost:8004/reviews/,2,0,1
1776748968976,2,GET /restaurants?q=ramen,200,OK,Restaurant Search Load Test 2-78,text,true,,587,137,1,143,http://localhost:8002/restaurants/?q=ramen,2,0,1
1776748968979,0,GET /restaurants?q=ramen,200,OK,Restaurant Search Load Test 2-78,text,true,,587,137,1,143,http://localhost:8002/restaurants/?q=ramen,0,0,0
1776748968979,1,GET /restaurants?q=ramen,200,OK,Restaurant Search Load Test 2-78,text,true,,587,137,1,143,http://localhost:8002/restaurants/?q=ramen,1,0,0
1776748968981,0,GET /restaurants?q=ramen,200,OK,Restaurant Search Load Test 2-78,text,true,,587,137,1,143,http://localhost:8002/restaurants/?q=ramen,0,0,0
1776748968981,1,GET /restaurants?q=ramen,200,OK,Restaurant Search Load Test 2-78,text,true,,587,137,1,143,http://localhost:8002/restaurants/?q=ramen,1,0,0
1776748968982,1,GET /restaurants?q=ramen,200,OK,Restaurant Search Load Test 2-78,text,true,,587,137,1,143,http://localhost:8002/restaurants/?q=ramen,1,0,0
1776748968983,1,GET /restaurants?q=ramen,200,OK,Restaurant Search Load Test 2-78,text,true,,587,137,1,143,http://localhost:8002/restaurants/?q=ramen,1,0,0
1776748968985,0,GET /restaurants?q=ramen,200,OK,Restaurant Search Load Test 2-78,text,true,,587,137,1,143,http://localhost:8002/restaurants/?q=ramen,0,0,0
1776748968985,1,GET /restaurants?q=ramen,200,OK,Restaurant Search Load Test 2-78,text,true,,587,137,1,144,http://localhost:8002/restaurants/?q=ramen,1,0,0
1776748968986,1,GET /restaurants?q=ramen,200,OK,Restaurant Search Load Test 2-78,text,true,,587,137,1,144,http://localhost:8002/restaurants/?q=ramen,1,0,0
1776748959067,10002,POST /auth/login,Non HTTP response code: java.net.SocketTimeoutException,Non HTTP response message: Read timed out,Login Load Test 1-45,text,false,"Test failed: code expected to equal /

****** received  : [[[Non HTTP response code: java.net.SocketTimeoutException]]]

****** comparison: [[[200                                                    ]]]

/",2679,0,78,143,http://localhost:8001/auth/login,0,0,1
1776748959087,10002,Login for Token,Non HTTP response code: java.net.SocketTimeoutException,Non HTTP response message: Read timed out,Review Submission Load Test 3-45,text,false,,2679,0,65,143,http://localhost:8001/auth/login,0,0,0
1776748969089,1,POST /reviews/,401,Unauthorized,Review Submission Load Test 3-45,text,false,,204,299,65,143,http://localhost:8004/reviews/,1,0,0
1776748969279,2,GET /restaurants?q=ramen,200,OK,Restaurant Search Load Test 2-79,text,true,,587,137,1,145,http://localhost:8002/restaurants/?q=ramen,2,0,1
1776748969281,1,GET /restaurants?q=ramen,200,OK,Restaurant Search Load Test 2-79,text,true,,587,137,1,145,http://localhost:8002/restaurants/?q=ramen,1,0,0
1776748969282,1,GET /restaurants?q=ramen,200,OK,Restaurant Search Load Test 2-79,text,true,,587,137,1,145,http://localhost:8002/restaurants/?q=ramen,1,0,0
1776748969283,1,GET /restaurants?q=ramen,200,OK,Restaurant Search Load Test 2-79,text,true,,587,137,1,145,http://localhost:8002/restaurants/?q=ramen,1,0,0
1776748969284,1,GET /restaurants?q=ramen,200,OK,Restaurant Search Load Test 2-79,text,true,,587,137,1,145,http://localhost:8002/restaurants/?q=ramen,1,0,0
1776748969285,1,GET /restaurants?q=ramen,200,OK,Restaurant Search Load Test 2-79,text,true,,587,137,1,146,http://localhost:8002/restaurants/?q=ramen,1,0,0
1776748969286,1,GET /restaurants?q=ramen,200,OK,Restaurant Search Load Test 2-79,text,true,,587,137,1,146,http://localhost:8002/restaurants/?q=ramen,1,0,0
1776748969287,1,GET /restaurants?q=ramen,200,OK,Restaurant Search Load Test 2-79,text,true,,587,137,1,146,http://localhost:8002/restaurants/?q=ramen,1,0,0
1776748969288,1,GET /restaurants?q=ramen,200,OK,Restaurant Search Load Test 2-79,text,true,,587,137,1,146,http://localhost:8002/restaurants/?q=ramen,1,0,0
1776748969289,0,GET /restaurants?q=ramen,200,OK,Restaurant Search Load Test 2-79,text,true,,587,137,1,146,http://localhost:8002/restaurants/?q=ramen,0,0,0
1776748962888,6433,POST /auth/login,200,OK,Login Load Test 1-15,text,true,,316,243,79,145,http://localhost:8001/auth/login,6433,0,0
1776748962888,6433,POST /auth/login,200,OK,Login Load Test 1-5,text,true,,316,243,79,145,http://localhost:8001/auth/login,6433,0,0
1776748962888,6433,POST /auth/login,200,OK,Login Load Test 1-9,text,true,,316,243,79,145,http://localhost:8001/auth/login,6433,0,0
1776748962891,6430,Login for Token,200,OK,Review Submission Load Test 3-14,text,true,,316,243,66,145,http://localhost:8001/auth/login,6430,0,0
1776748969321,2,POST /reviews/,400,Bad Request,Review Submission Load Test 3-14,text,false,,188,440,66,145,http://localhost:8004/reviews/,2,0,1
1776748959369,10003,POST /auth/login,Non HTTP response code: java.net.SocketTimeoutException,Non HTTP response message: Read timed out,Login Load Test 1-46,text,false,"Test failed: code expected to equal /

****** received  : [[[Non HTTP response code: java.net.SocketTimeoutException]]]

****** comparison: [[[200                                                    ]]]

/",2679,0,79,144,http://localhost:8001/auth/login,0,0,1
1776748959385,10001,Login for Token,Non HTTP response code: java.net.SocketTimeoutException,Non HTTP response message: Read timed out,Review Submission Load Test 3-46,text,false,,2679,0,65,144,http://localhost:8001/auth/login,0,0,0
1776748969386,2,POST /reviews/,401,Unauthorized,Review Submission Load Test 3-46,text,false,,204,299,65,144,http://localhost:8004/reviews/,2,0,1
1776748969575,2,GET /restaurants?q=ramen,200,OK,Restaurant Search Load Test 2-80,text,true,,587,137,1,146,http://localhost:8002/restaurants/?q=ramen,2,0,0
1776748969577,1,GET /restaurants?q=ramen,200,OK,Restaurant Search Load Test 2-80,text,true,,587,137,1,146,http://localhost:8002/restaurants/?q=ramen,1,0,0
1776748969578,1,GET /restaurants?q=ramen,200,OK,Restaurant Search Load Test 2-80,text,true,,587,137,1,146,http://localhost:8002/restaurants/?q=ramen,1,0,0
1776748969579,1,GET /restaurants?q=ramen,200,OK,Restaurant Search Load Test 2-80,text,true,,587,137,1,146,http://localhost:8002/restaurants/?q=ramen,1,0,0
1776748969580,0,GET /restaurants?q=ramen,200,OK,Restaurant Search Load Test 2-80,text,true,,587,137,1,146,http://localhost:8002/restaurants/?q=ramen,0,0,0
1776748969581,0,GET /restaurants?q=ramen,200,OK,Restaurant Search Load Test 2-80,text,true,,587,137,1,146,http://localhost:8002/restaurants/?q=ramen,0,0,0
1776748969581,1,GET /restaurants?q=ramen,200,OK,Restaurant Search Load Test 2-80,text,true,,587,137,1,146,http://localhost:8002/restaurants/?q=ramen,1,0,0
1776748969582,1,GET /restaurants?q=ramen,200,OK,Restaurant Search Load Test 2-80,text,true,,587,137,1,146,http://localhost:8002/restaurants/?q=ramen,1,0,0
1776748969583,1,GET /restaurants?q=ramen,200,OK,Restaurant Search Load Test 2-80,text,true,,587,137,1,146,http://localhost:8002/restaurants/?q=ramen,1,0,0
1776748969584,0,GET /restaurants?q=ramen,200,OK,Restaurant Search Load Test 2-80,text,true,,587,137,1,146,http://localhost:8002/restaurants/?q=ramen,0,0,0
1776748959667,10005,POST /auth/login,Non HTTP response code: java.net.SocketTimeoutException,Non HTTP response message: Read timed out,Login Load Test 1-47,text,false,"Test failed: code expected to equal /

****** received  : [[[Non HTTP response code: java.net.SocketTimeoutException]]]

****** comparison: [[[200                                                    ]]]

/",2679,0,80,146,http://localhost:8001/auth/login,0,0,3
1776748959687,10001,Login for Token,Non HTTP response code: java.net.SocketTimeoutException,Non HTTP response message: Read timed out,Review Submission Load Test 3-47,text,false,,2679,0,66,146,http://localhost:8001/auth/login,0,0,0
1776748969688,2,POST /reviews/,401,Unauthorized,Review Submission Load Test 3-47,text,false,,204,299,66,146,http://localhost:8004/reviews/,2,0,1
1776748969879,2,GET /restaurants?q=ramen,200,OK,Restaurant Search Load Test 2-81,text,true,,587,137,1,148,http://localhost:8002/restaurants/?q=ramen,2,0,0
1776748969881,1,GET /restaurants?q=ramen,200,OK,Restaurant Search Load Test 2-81,text,true,,587,137,1,149,http://localhost:8002/restaurants/?q=ramen,1,0,0
1776748969882,1,GET /restaurants?q=ramen,200,OK,Restaurant Search Load Test 2-81,text,true,,587,137,1,149,http://localhost:8002/restaurants/?q=ramen,1,0,0
1776748969884,0,GET /restaurants?q=ramen,200,OK,Restaurant Search Load Test 2-81,text,true,,587,137,1,149,http://localhost:8002/restaurants/?q=ramen,0,0,0
1776748969885,0,GET /restaurants?q=ramen,200,OK,Restaurant Search Load Test 2-81,text,true,,587,137,1,149,http://localhost:8002/restaurants/?q=ramen,0,0,0
1776748969886,0,GET /restaurants?q=ramen,200,OK,Restaurant Search Load Test 2-81,text,true,,587,137,1,149,http://localhost:8002/restaurants/?q=ramen,0,0,0
1776748969887,0,GET /restaurants?q=ramen,200,OK,Restaurant Search Load Test 2-81,text,true,,587,137,1,149,http://localhost:8002/restaurants/?q=ramen,0,0,0
1776748969887,1,GET /restaurants?q=ramen,200,OK,Restaurant Search Load Test 2-81,text,true,,587,137,1,149,http://localhost:8002/restaurants/?q=ramen,1,0,0
1776748969888,1,GET /restaurants?q=ramen,200,OK,Restaurant Search Load Test 2-81,text,true,,587,137,1,149,http://localhost:8002/restaurants/?q=ramen,1,0,0
1776748969889,1,GET /restaurants?q=ramen,200,OK,Restaurant Search Load Test 2-81,text,true,,587,137,1,149,http://localhost:8002/restaurants/?q=ramen,1,0,0
1776748959967,10003,POST /auth/login,Non HTTP response code: java.net.SocketTimeoutException,Non HTTP response message: Read timed out,Login Load Test 1-48,text,false,"Test failed: code expected to equal /

****** received  : [[[Non HTTP response code: java.net.SocketTimeoutException]]]

****** comparison: [[[200                                                    ]]]

/",2679,0,81,148,http://localhost:8001/auth/login,0,0,1
1776748959984,10002,Login for Token,Non HTTP response code: java.net.SocketTimeoutException,Non HTTP response message: Read timed out,Review Submission Load Test 3-48,text,false,,2679,0,67,148,http://localhost:8001/auth/login,0,0,0
1776748969986,1,POST /reviews/,401,Unauthorized,Review Submission Load Test 3-48,text,false,,204,299,67,148,http://localhost:8004/reviews/,1,0,0
1776748970179,2,GET /restaurants?q=ramen,200,OK,Restaurant Search Load Test 2-82,text,true,,587,137,1,150,http://localhost:8002/restaurants/?q=ramen,1,0,0
1776748970181,0,GET /restaurants?q=ramen,200,OK,Restaurant Search Load Test 2-82,text,true,,587,137,1,150,http://localhost:8002/restaurants/?q=ramen,0,0,0
1776748970182,0,GET /restaurants?q=ramen,200,OK,Restaurant Search Load Test 2-82,text,true,,587,137,1,150,http://localhost:8002/restaurants/?q=ramen,0,0,0
1776748970182,1,GET /restaurants?q=ramen,200,OK,Restaurant Search Load Test 2-82,text,true,,587,137,1,150,http://localhost:8002/restaurants/?q=ramen,1,0,0
1776748970183,1,GET /restaurants?q=ramen,200,OK,Restaurant Search Load Test 2-82,text,true,,587,137,1,150,http://localhost:8002/restaurants/?q=ramen,1,0,0
1776748970184,1,GET /restaurants?q=ramen,200,OK,Restaurant Search Load Test 2-82,text,true,,587,137,1,150,http://localhost:8002/restaurants/?q=ramen,1,0,0
1776748970185,1,GET /restaurants?q=ramen,200,OK,Restaurant Search Load Test 2-82,text,true,,587,137,1,151,http://localhost:8002/restaurants/?q=ramen,1,0,0
1776748970186,1,GET /restaurants?q=ramen,200,OK,Restaurant Search Load Test 2-82,text,true,,587,137,1,151,http://localhost:8002/restaurants/?q=ramen,1,0,0
1776748970187,1,GET /restaurants?q=ramen,200,OK,Restaurant Search Load Test 2-82,text,true,,587,137,1,151,http://localhost:8002/restaurants/?q=ramen,1,0,0
1776748970188,1,GET /restaurants?q=ramen,200,OK,Restaurant Search Load Test 2-82,text,true,,587,137,1,151,http://localhost:8002/restaurants/?q=ramen,1,0,0
1776748960265,10001,POST /auth/login,Non HTTP response code: java.net.SocketTimeoutException,Non HTTP response message: Read timed out,Login Load Test 1-49,text,false,"Test failed: code expected to equal /

****** received  : [[[Non HTTP response code: java.net.SocketTimeoutException]]]

****** comparison: [[[200                                                    ]]]

/",2679,0,82,150,http://localhost:8001/auth/login,0,0,1
1776748960287,10002,Login for Token,Non HTTP response code: java.net.SocketTimeoutException,Non HTTP response message: Read timed out,Review Submission Load Test 3-49,text,false,,2679,0,68,150,http://localhost:8001/auth/login,0,0,0
1776748970288,2,POST /reviews/,401,Unauthorized,Review Submission Load Test 3-49,text,false,,204,299,68,150,http://localhost:8004/reviews/,2,0,1
1776748970479,2,GET /restaurants?q=ramen,200,OK,Restaurant Search Load Test 2-83,text,true,,587,137,1,152,http://localhost:8002/restaurants/?q=ramen,2,0,0
1776748970481,1,GET /restaurants?q=ramen,200,OK,Restaurant Search Load Test 2-83,text,true,,587,137,1,152,http://localhost:8002/restaurants/?q=ramen,1,0,0
1776748970482,1,GET /restaurants?q=ramen,200,OK,Restaurant Search Load Test 2-83,text,true,,587,137,1,152,http://localhost:8002/restaurants/?q=ramen,1,0,0
1776748970483,1,GET /restaurants?q=ramen,200,OK,Restaurant Search Load Test 2-83,text,true,,587,137,1,152,http://localhost:8002/restaurants/?q=ramen,1,0,0
1776748970484,1,GET /restaurants?q=ramen,200,OK,Restaurant Search Load Test 2-83,text,true,,587,137,1,152,http://localhost:8002/restaurants/?q=ramen,1,0,0
1776748970485,1,GET /restaurants?q=ramen,200,OK,Restaurant Search Load Test 2-83,text,true,,587,137,1,153,http://localhost:8002/restaurants/?q=ramen,1,0,0
1776748970486,1,GET /restaurants?q=ramen,200,OK,Restaurant Search Load Test 2-83,text,true,,587,137,1,153,http://localhost:8002/restaurants/?q=ramen,1,0,0
1776748970487,1,GET /restaurants?q=ramen,200,OK,Restaurant Search Load Test 2-83,text,true,,587,137,1,153,http://localhost:8002/restaurants/?q=ramen,1,0,0
1776748970488,1,GET /restaurants?q=ramen,200,OK,Restaurant Search Load Test 2-83,text,true,,587,137,1,153,http://localhost:8002/restaurants/?q=ramen,1,0,0
1776748970489,1,GET /restaurants?q=ramen,200,OK,Restaurant Search Load Test 2-83,text,true,,587,137,1,153,http://localhost:8002/restaurants/?q=ramen,1,0,0
1776748960569,10002,POST /auth/login,Non HTTP response code: java.net.SocketTimeoutException,Non HTTP response message: Read timed out,Login Load Test 1-50,text,false,"Test failed: code expected to equal /

****** received  : [[[Non HTTP response code: java.net.SocketTimeoutException]]]

****** comparison: [[[200                                                    ]]]

/",2679,0,83,152,http://localhost:8001/auth/login,0,0,0
1776748960584,10002,Login for Token,Non HTTP response code: java.net.SocketTimeoutException,Non HTTP response message: Read timed out,Review Submission Load Test 3-50,text,false,,2679,0,69,152,http://localhost:8001/auth/login,0,0,1
1776748970586,2,POST /reviews/,401,Unauthorized,Review Submission Load Test 3-50,text,false,,204,299,69,152,http://localhost:8004/reviews/,2,0,0
1776748970780,2,GET /restaurants?q=ramen,200,OK,Restaurant Search Load Test 2-84,text,true,,587,137,1,154,http://localhost:8002/restaurants/?q=ramen,2,0,0
1776748970782,1,GET /restaurants?q=ramen,200,OK,Restaurant Search Load Test 2-84,text,true,,587,137,1,154,http://localhost:8002/restaurants/?q=ramen,1,0,0
1776748970783,1,GET /restaurants?q=ramen,200,OK,Restaurant Search Load Test 2-84,text,true,,587,137,1,154,http://localhost:8002/restaurants/?q=ramen,1,0,0
1776748970784,0,GET /restaurants?q=ramen,200,OK,Restaurant Search Load Test 2-84,text,true,,587,137,1,154,http://localhost:8002/restaurants/?q=ramen,0,0,0
1776748970785,0,GET /restaurants?q=ramen,200,OK,Restaurant Search Load Test 2-84,text,true,,587,137,1,154,http://localhost:8002/restaurants/?q=ramen,0,0,0
1776748970785,1,GET /restaurants?q=ramen,200,OK,Restaurant Search Load Test 2-84,text,true,,587,137,1,155,http://localhost:8002/restaurants/?q=ramen,1,0,0
1776748970786,1,GET /restaurants?q=ramen,200,OK,Restaurant Search Load Test 2-84,text,true,,587,137,1,155,http://localhost:8002/restaurants/?q=ramen,1,0,0
1776748970787,1,GET /restaurants?q=ramen,200,OK,Restaurant Search Load Test 2-84,text,true,,587,137,1,155,http://localhost:8002/restaurants/?q=ramen,1,0,0
1776748970788,0,GET /restaurants?q=ramen,200,OK,Restaurant Search Load Test 2-84,text,true,,587,137,1,155,http://localhost:8002/restaurants/?q=ramen,0,0,0
1776748970788,1,GET /restaurants?q=ramen,200,OK,Restaurant Search Load Test 2-84,text,true,,587,137,1,155,http://localhost:8002/restaurants/?q=ramen,1,0,0
1776748960870,10002,POST /auth/login,Non HTTP response code: java.net.SocketTimeoutException,Non HTTP response message: Read timed out,Login Load Test 1-51,text,false,"Test failed: code expected to equal /

****** received  : [[[Non HTTP response code: java.net.SocketTimeoutException]]]

****** comparison: [[[200                                                    ]]]

/",2679,0,84,154,http://localhost:8001/auth/login,0,0,1
1776748960885,10002,Login for Token,Non HTTP response code: java.net.SocketTimeoutException,Non HTTP response message: Read timed out,Review Submission Load Test 3-51,text,false,,2679,0,70,154,http://localhost:8001/auth/login,0,0,0
1776748970887,1,POST /reviews/,401,Unauthorized,Review Submission Load Test 3-51,text,false,,204,299,70,154,http://localhost:8004/reviews/,1,0,0
1776748964920,6149,POST /auth/login,200,OK,Login Load Test 1-10,text,true,,316,243,85,155,http://localhost:8001/auth/login,6149,0,0
1776748964920,6149,POST /auth/login,200,OK,Login Load Test 1-16,text,true,,316,243,85,155,http://localhost:8001/auth/login,6149,0,0
1776748971081,1,GET /restaurants?q=ramen,200,OK,Restaurant Search Load Test 2-85,text,true,,587,137,1,156,http://localhost:8002/restaurants/?q=ramen,1,0,0
1776748971082,1,GET /restaurants?q=ramen,200,OK,Restaurant Search Load Test 2-85,text,true,,587,137,1,156,http://localhost:8002/restaurants/?q=ramen,1,0,0
1776748971083,1,GET /restaurants?q=ramen,200,OK,Restaurant Search Load Test 2-85,text,true,,587,137,1,156,http://localhost:8002/restaurants/?q=ramen,1,0,0
1776748971084,1,GET /restaurants?q=ramen,200,OK,Restaurant Search Load Test 2-85,text,true,,587,137,1,156,http://localhost:8002/restaurants/?q=ramen,1,0,0
1776748971085,1,GET /restaurants?q=ramen,200,OK,Restaurant Search Load Test 2-85,text,true,,587,137,1,156,http://localhost:8002/restaurants/?q=ramen,1,0,0
1776748971086,1,GET /restaurants?q=ramen,200,OK,Restaurant Search Load Test 2-85,text,true,,587,137,1,157,http://localhost:8002/restaurants/?q=ramen,1,0,0
1776748971087,0,GET /restaurants?q=ramen,200,OK,Restaurant Search Load Test 2-85,text,true,,587,137,1,157,http://localhost:8002/restaurants/?q=ramen,0,0,0
1776748971087,1,GET /restaurants?q=ramen,200,OK,Restaurant Search Load Test 2-85,text,true,,587,137,1,157,http://localhost:8002/restaurants/?q=ramen,1,0,0
1776748971088,1,GET /restaurants?q=ramen,200,OK,Restaurant Search Load Test 2-85,text,true,,587,137,1,157,http://localhost:8002/restaurants/?q=ramen,1,0,0
1776748971089,1,GET /restaurants?q=ramen,200,OK,Restaurant Search Load Test 2-85,text,true,,587,137,1,157,http://localhost:8002/restaurants/?q=ramen,1,0,0
1776748961169,10002,POST /auth/login,Non HTTP response code: java.net.SocketTimeoutException,Non HTTP response message: Read timed out,Login Load Test 1-52,text,false,"Test failed: code expected to equal /

****** received  : [[[Non HTTP response code: java.net.SocketTimeoutException]]]

****** comparison: [[[200                                                    ]]]

/",2679,0,85,156,http://localhost:8001/auth/login,0,0,1
1776748961186,10002,Login for Token,Non HTTP response code: java.net.SocketTimeoutException,Non HTTP response message: Read timed out,Review Submission Load Test 3-52,text,false,,2679,0,71,156,http://localhost:8001/auth/login,0,0,0
1776748971189,2,POST /reviews/,401,Unauthorized,Review Submission Load Test 3-52,text,false,,204,299,71,156,http://localhost:8004/reviews/,2,0,1
1776748961287,10001,Login for Token,Non HTTP response code: java.net.SocketTimeoutException,Non HTTP response message: Read timed out,Review Submission Load Test 3-19,text,false,,2679,0,71,156,http://localhost:8001/auth/login,0,0,0
1776748971290,2,POST /reviews/,401,Unauthorized,Review Submission Load Test 3-19,text,false,,204,299,71,156,http://localhost:8004/reviews/,2,0,1
1776748971375,2,GET /restaurants?q=ramen,200,OK,Restaurant Search Load Test 2-86,text,true,,587,137,1,158,http://localhost:8002/restaurants/?q=ramen,2,0,1
1776748971377,1,GET /restaurants?q=ramen,200,OK,Restaurant Search Load Test 2-86,text,true,,587,137,1,158,http://localhost:8002/restaurants/?q=ramen,1,0,0
1776748971378,1,GET /restaurants?q=ramen,200,OK,Restaurant Search Load Test 2-86,text,true,,587,137,1,158,http://localhost:8002/restaurants/?q=ramen,1,0,0
1776748971380,0,GET /restaurants?q=ramen,200,OK,Restaurant Search Load Test 2-86,text,true,,587,137,1,158,http://localhost:8002/restaurants/?q=ramen,0,0,0
1776748971380,1,GET /restaurants?q=ramen,200,OK,Restaurant Search Load Test 2-86,text,true,,587,137,1,158,http://localhost:8002/restaurants/?q=ramen,1,0,0
1776748971381,1,GET /restaurants?q=ramen,200,OK,Restaurant Search Load Test 2-86,text,true,,587,137,1,158,http://localhost:8002/restaurants/?q=ramen,1,0,0
1776748971382,1,GET /restaurants?q=ramen,200,OK,Restaurant Search Load Test 2-86,text,true,,587,137,1,158,http://localhost:8002/restaurants/?q=ramen,1,0,0
1776748971383,1,GET /restaurants?q=ramen,200,OK,Restaurant Search Load Test 2-86,text,true,,587,137,1,159,http://localhost:8002/restaurants/?q=ramen,1,0,0
1776748971384,1,GET /restaurants?q=ramen,200,OK,Restaurant Search Load Test 2-86,text,true,,587,137,1,159,http://localhost:8002/restaurants/?q=ramen,0,0,0
1776748971385,0,GET /restaurants?q=ramen,200,OK,Restaurant Search Load Test 2-86,text,true,,587,137,1,159,http://localhost:8002/restaurants/?q=ramen,0,0,0
1776748964923,6487,Login for Token,200,OK,Review Submission Load Test 3-15,text,true,,316,243,72,158,http://localhost:8001/auth/login,6487,0,0
1776748965263,6147,Login for Token,200,OK,Review Submission Load Test 3-17,text,true,,316,243,72,158,http://localhost:8001/auth/login,6147,0,0
1776748965258,6152,POST /auth/login,200,OK,Login Load Test 1-3,text,true,,316,243,86,158,http://localhost:8001/auth/login,6152,0,0
1776748971411,3,POST /reviews/,400,Bad Request,Review Submission Load Test 3-17,text,false,,188,440,72,158,http://localhost:8004/reviews/,3,0,1
1776748971411,3,POST /reviews/,400,Bad Request,Review Submission Load Test 3-15,text,false,,188,440,72,158,http://localhost:8004/reviews/,3,0,1
1776748961466,10002,POST /auth/login,Non HTTP response code: java.net.SocketTimeoutException,Non HTTP response message: Read timed out,Login Load Test 1-53,text,false,"Test failed: code expected to equal /

****** received  : [[[Non HTTP response code: java.net.SocketTimeoutException]]]

****** comparison: [[[200                                                    ]]]

/",2679,0,86,156,http://localhost:8001/auth/login,0,0,1
1776748961487,10002,Login for Token,Non HTTP response code: java.net.SocketTimeoutException,Non HTTP response message: Read timed out,Review Submission Load Test 3-53,text,false,,2679,0,70,156,http://localhost:8001/auth/login,0,0,0
1776748971491,1,POST /reviews/,401,Unauthorized,Review Submission Load Test 3-53,text,false,,204,299,70,156,http://localhost:8004/reviews/,1,0,0
1776748961571,10002,POST /auth/login,Non HTTP response code: java.net.SocketTimeoutException,Non HTTP response message: Read timed out,Login Load Test 1-20,text,false,"Test failed: code expected to equal /

****** received  : [[[Non HTTP response code: java.net.SocketTimeoutException]]]

****** comparison: [[[200                                                    ]]]

/",2679,0,86,156,http://localhost:8001/auth/login,0,0,1
1776748965261,6318,POST /auth/login,200,OK,Login Load Test 1-18,text,true,,316,243,86,156,http://localhost:8001/auth/login,6318,0,0
1776748965262,6317,POST /auth/login,200,OK,Login Load Test 1-1,text,true,,316,243,86,156,http://localhost:8001/auth/login,6317,0,0
1776748965258,6321,POST /auth/login,200,OK,Login Load Test 1-17,text,true,,316,243,86,156,http://localhost:8001/auth/login,6321,0,0
1776748965262,6317,Login for Token,200,OK,Review Submission Load Test 3-16,text,true,,316,243,70,156,http://localhost:8001/auth/login,6317,0,0
1776748965262,6317,POST /auth/login,200,OK,Login Load Test 1-7,text,true,,316,243,86,156,http://localhost:8001/auth/login,6317,0,0
1776748971580,1,POST /reviews/,400,Bad Request,Review Submission Load Test 3-16,text,false,,188,440,70,156,http://localhost:8004/reviews/,1,0,0
1776748961589,10001,Login for Token,Non HTTP response code: java.net.SocketTimeoutException,Non HTTP response message: Read timed out,Review Submission Load Test 3-20,text,false,,2679,0,69,155,http://localhost:8001/auth/login,0,0,0
1776748971591,1,POST /reviews/,401,Unauthorized,Review Submission Load Test 3-20,text,false,,204,299,69,155,http://localhost:8004/reviews/,1,0,1
1776748971676,2,GET /restaurants?q=ramen,200,OK,Restaurant Search Load Test 2-87,text,true,,587,137,1,157,http://localhost:8002/restaurants/?q=ramen,2,0,0
1776748971678,1,GET /restaurants?q=ramen,200,OK,Restaurant Search Load Test 2-87,text,true,,587,137,1,157,http://localhost:8002/restaurants/?q=ramen,1,0,0
1776748971679,1,GET /restaurants?q=ramen,200,OK,Restaurant Search Load Test 2-87,text,true,,587,137,1,157,http://localhost:8002/restaurants/?q=ramen,1,0,0
1776748971680,0,GET /restaurants?q=ramen,200,OK,Restaurant Search Load Test 2-87,text,true,,587,137,1,157,http://localhost:8002/restaurants/?q=ramen,0,0,0
1776748971680,1,GET /restaurants?q=ramen,200,OK,Restaurant Search Load Test 2-87,text,true,,587,137,1,157,http://localhost:8002/restaurants/?q=ramen,1,0,0
1776748971681,1,GET /restaurants?q=ramen,200,OK,Restaurant Search Load Test 2-87,text,true,,587,137,1,157,http://localhost:8002/restaurants/?q=ramen,1,0,0
1776748971682,0,GET /restaurants?q=ramen,200,OK,Restaurant Search Load Test 2-87,text,true,,587,137,1,157,http://localhost:8002/restaurants/?q=ramen,0,0,0
1776748971682,1,GET /restaurants?q=ramen,200,OK,Restaurant Search Load Test 2-87,text,true,,587,137,1,157,http://localhost:8002/restaurants/?q=ramen,1,0,0
1776748971683,1,GET /restaurants?q=ramen,200,OK,Restaurant Search Load Test 2-87,text,true,,587,137,1,157,http://localhost:8002/restaurants/?q=ramen,1,0,0
1776748971684,0,GET /restaurants?q=ramen,200,OK,Restaurant Search Load Test 2-87,text,true,,587,137,1,157,http://localhost:8002/restaurants/?q=ramen,0,0,0
1776748961770,10001,POST /auth/login,Non HTTP response code: java.net.SocketTimeoutException,Non HTTP response message: Read timed out,Login Load Test 1-54,text,false,"Test failed: code expected to equal /

****** received  : [[[Non HTTP response code: java.net.SocketTimeoutException]]]

****** comparison: [[[200                                                    ]]]

/",2679,0,87,157,http://localhost:8001/auth/login,0,0,0
1776748961786,10001,Login for Token,Non HTTP response code: java.net.SocketTimeoutException,Non HTTP response message: Read timed out,Review Submission Load Test 3-54,text,false,,2679,0,70,157,http://localhost:8001/auth/login,0,0,1
1776748971789,1,POST /reviews/,401,Unauthorized,Review Submission Load Test 3-54,text,false,,204,299,70,157,http://localhost:8004/reviews/,1,0,0
1776748961868,10001,POST /auth/login,Non HTTP response code: java.net.SocketTimeoutException,Non HTTP response message: Read timed out,Login Load Test 1-21,text,false,"Test failed: code expected to equal /

****** received  : [[[Non HTTP response code: java.net.SocketTimeoutException]]]

****** comparison: [[[200                                                    ]]]

/",2679,0,87,157,http://localhost:8001/auth/login,0,0,0
1776748961888,10002,Login for Token,Non HTTP response code: java.net.SocketTimeoutException,Non HTTP response message: Read timed out,Review Submission Load Test 3-21,text,false,,2679,0,70,157,http://localhost:8001/auth/login,0,0,1
1776748971891,1,POST /reviews/,401,Unauthorized,Review Submission Load Test 3-21,text,false,,204,299,70,157,http://localhost:8004/reviews/,1,0,1
1776748971976,2,GET /restaurants?q=ramen,200,OK,Restaurant Search Load Test 2-88,text,true,,587,137,1,159,http://localhost:8002/restaurants/?q=ramen,2,0,1
1776748971978,1,GET /restaurants?q=ramen,200,OK,Restaurant Search Load Test 2-88,text,true,,587,137,1,159,http://localhost:8002/restaurants/?q=ramen,1,0,0
1776748971979,1,GET /restaurants?q=ramen,200,OK,Restaurant Search Load Test 2-88,text,true,,587,137,1,159,http://localhost:8002/restaurants/?q=ramen,1,0,0
1776748971980,0,GET /restaurants?q=ramen,200,OK,Restaurant Search Load Test 2-88,text,true,,587,137,1,159,http://localhost:8002/restaurants/?q=ramen,0,0,0
1776748971980,1,GET /restaurants?q=ramen,200,OK,Restaurant Search Load Test 2-88,text,true,,587,137,1,159,http://localhost:8002/restaurants/?q=ramen,1,0,0
1776748971981,1,GET /restaurants?q=ramen,200,OK,Restaurant Search Load Test 2-88,text,true,,587,137,1,159,http://localhost:8002/restaurants/?q=ramen,1,0,0
1776748971982,1,GET /restaurants?q=ramen,200,OK,Restaurant Search Load Test 2-88,text,true,,587,137,1,159,http://localhost:8002/restaurants/?q=ramen,1,0,0
1776748971983,1,GET /restaurants?q=ramen,200,OK,Restaurant Search Load Test 2-88,text,true,,587,137,1,159,http://localhost:8002/restaurants/?q=ramen,1,0,0
1776748971984,0,GET /restaurants?q=ramen,200,OK,Restaurant Search Load Test 2-88,text,true,,587,137,1,160,http://localhost:8002/restaurants/?q=ramen,0,0,0
1776748971984,1,GET /restaurants?q=ramen,200,OK,Restaurant Search Load Test 2-88,text,true,,587,137,1,160,http://localhost:8002/restaurants/?q=ramen,1,0,0
1776748962066,10002,POST /auth/login,Non HTTP response code: java.net.SocketTimeoutException,Non HTTP response message: Read timed out,Login Load Test 1-55,text,false,"Test failed: code expected to equal /

****** received  : [[[Non HTTP response code: java.net.SocketTimeoutException]]]

****** comparison: [[[200                                                    ]]]

/",2679,0,88,159,http://localhost:8001/auth/login,0,0,0
1776748965261,6821,POST /auth/login,200,OK,Login Load Test 1-11,text,true,,316,243,88,159,http://localhost:8001/auth/login,6821,0,0
1776748962082,10001,Login for Token,Non HTTP response code: java.net.SocketTimeoutException,Non HTTP response message: Read timed out,Review Submission Load Test 3-55,text,false,,2679,0,71,159,http://localhost:8001/auth/login,0,0,0
1776748972085,1,POST /reviews/,401,Unauthorized,Review Submission Load Test 3-55,text,false,,204,299,71,159,http://localhost:8004/reviews/,1,0,0
1776748962170,10002,POST /auth/login,Non HTTP response code: java.net.SocketTimeoutException,Non HTTP response message: Read timed out,Login Load Test 1-22,text,false,"Test failed: code expected to equal /

****** received  : [[[Non HTTP response code: java.net.SocketTimeoutException]]]

****** comparison: [[[200                                                    ]]]

/",2679,0,88,159,http://localhost:8001/auth/login,0,0,1
1776748962189,10001,Login for Token,Non HTTP response code: java.net.SocketTimeoutException,Non HTTP response message: Read timed out,Review Submission Load Test 3-22,text,false,,2679,0,71,159,http://localhost:8001/auth/login,0,0,0
1776748972192,1,POST /reviews/,401,Unauthorized,Review Submission Load Test 3-22,text,false,,204,299,71,159,http://localhost:8004/reviews/,1,0,1
1776748972275,2,GET /restaurants?q=ramen,200,OK,Restaurant Search Load Test 2-89,text,true,,587,137,1,161,http://localhost:8002/restaurants/?q=ramen,2,0,1
1776748972277,1,GET /restaurants?q=ramen,200,OK,Restaurant Search Load Test 2-89,text,true,,587,137,1,161,http://localhost:8002/restaurants/?q=ramen,1,0,0
1776748972278,1,GET /restaurants?q=ramen,200,OK,Restaurant Search Load Test 2-89,text,true,,587,137,1,161,http://localhost:8002/restaurants/?q=ramen,1,0,0
1776748972279,1,GET /restaurants?q=ramen,200,OK,Restaurant Search Load Test 2-89,text,true,,587,137,1,161,http://localhost:8002/restaurants/?q=ramen,1,0,0
1776748972280,1,GET /restaurants?q=ramen,200,OK,Restaurant Search Load Test 2-89,text,true,,587,137,1,161,http://localhost:8002/restaurants/?q=ramen,1,0,0
1776748972281,0,GET /restaurants?q=ramen,200,OK,Restaurant Search Load Test 2-89,text,true,,587,137,1,161,http://localhost:8002/restaurants/?q=ramen,0,0,0
1776748972282,0,GET /restaurants?q=ramen,200,OK,Restaurant Search Load Test 2-89,text,true,,587,137,1,161,http://localhost:8002/restaurants/?q=ramen,0,0,0
1776748972282,1,GET /restaurants?q=ramen,200,OK,Restaurant Search Load Test 2-89,text,true,,587,137,1,161,http://localhost:8002/restaurants/?q=ramen,1,0,0
1776748972283,1,GET /restaurants?q=ramen,200,OK,Restaurant Search Load Test 2-89,text,true,,587,137,1,161,http://localhost:8002/restaurants/?q=ramen,1,0,0
1776748972284,0,GET /restaurants?q=ramen,200,OK,Restaurant Search Load Test 2-89,text,true,,587,137,1,161,http://localhost:8002/restaurants/?q=ramen,0,0,0
1776748962368,10002,POST /auth/login,Non HTTP response code: java.net.SocketTimeoutException,Non HTTP response message: Read timed out,Login Load Test 1-56,text,false,"Test failed: code expected to equal /

****** received  : [[[Non HTTP response code: java.net.SocketTimeoutException]]]

****** comparison: [[[200                                                    ]]]

/",2679,0,89,161,http://localhost:8001/auth/login,0,0,0
1776748962385,10001,Login for Token,Non HTTP response code: java.net.SocketTimeoutException,Non HTTP response message: Read timed out,Review Submission Load Test 3-56,text,false,,2679,0,72,161,http://localhost:8001/auth/login,0,0,0
1776748972388,2,POST /reviews/,401,Unauthorized,Review Submission Load Test 3-56,text,false,,204,299,72,161,http://localhost:8004/reviews/,2,0,1
1776748962468,10004,POST /auth/login,Non HTTP response code: java.net.SocketTimeoutException,Non HTTP response message: Read timed out,Login Load Test 1-23,text,false,"Test failed: code expected to equal /

****** received  : [[[Non HTTP response code: java.net.SocketTimeoutException]]]

****** comparison: [[[200                                                    ]]]

/",2679,0,89,161,http://localhost:8001/auth/login,0,0,2
1776748962487,10001,Login for Token,Non HTTP response code: java.net.SocketTimeoutException,Non HTTP response message: Read timed out,Review Submission Load Test 3-23,text,false,,2679,0,72,161,http://localhost:8001/auth/login,0,0,0
1776748972490,1,POST /reviews/,401,Unauthorized,Review Submission Load Test 3-23,text,false,,204,299,72,161,http://localhost:8004/reviews/,1,0,0
1776748972578,2,GET /restaurants?q=ramen,200,OK,Restaurant Search Load Test 2-90,text,true,,587,137,1,163,http://localhost:8002/restaurants/?q=ramen,2,0,0
1776748972580,1,GET /restaurants?q=ramen,200,OK,Restaurant Search Load Test 2-90,text,true,,587,137,1,163,http://localhost:8002/restaurants/?q=ramen,1,0,0
1776748972581,1,GET /restaurants?q=ramen,200,OK,Restaurant Search Load Test 2-90,text,true,,587,137,1,163,http://localhost:8002/restaurants/?q=ramen,1,0,0
1776748972582,1,GET /restaurants?q=ramen,200,OK,Restaurant Search Load Test 2-90,text,true,,587,137,1,163,http://localhost:8002/restaurants/?q=ramen,1,0,0
1776748972583,0,GET /restaurants?q=ramen,200,OK,Restaurant Search Load Test 2-90,text,true,,587,137,1,163,http://localhost:8002/restaurants/?q=ramen,0,0,0
1776748972584,0,GET /restaurants?q=ramen,200,OK,Restaurant Search Load Test 2-90,text,true,,587,137,1,163,http://localhost:8002/restaurants/?q=ramen,0,0,0
1776748972584,1,GET /restaurants?q=ramen,200,OK,Restaurant Search Load Test 2-90,text,true,,587,137,1,163,http://localhost:8002/restaurants/?q=ramen,1,0,0
1776748972585,1,GET /restaurants?q=ramen,200,OK,Restaurant Search Load Test 2-90,text,true,,587,137,1,163,http://localhost:8002/restaurants/?q=ramen,1,0,0
1776748972586,0,GET /restaurants?q=ramen,200,OK,Restaurant Search Load Test 2-90,text,true,,587,137,1,164,http://localhost:8002/restaurants/?q=ramen,0,0,0
1776748972586,1,GET /restaurants?q=ramen,200,OK,Restaurant Search Load Test 2-90,text,true,,587,137,1,164,http://localhost:8002/restaurants/?q=ramen,1,0,0
1776748962666,10002,POST /auth/login,Non HTTP response code: java.net.SocketTimeoutException,Non HTTP response message: Read timed out,Login Load Test 1-57,text,false,"Test failed: code expected to equal /

****** received  : [[[Non HTTP response code: java.net.SocketTimeoutException]]]

****** comparison: [[[200                                                    ]]]

/",2679,0,90,163,http://localhost:8001/auth/login,0,0,0
1776748962685,10002,Login for Token,Non HTTP response code: java.net.SocketTimeoutException,Non HTTP response message: Read timed out,Review Submission Load Test 3-57,text,false,,2679,0,73,163,http://localhost:8001/auth/login,0,0,0
1776748972689,1,POST /reviews/,401,Unauthorized,Review Submission Load Test 3-57,text,false,,204,299,73,163,http://localhost:8004/reviews/,1,0,0
1776748962772,10002,POST /auth/login,Non HTTP response code: java.net.SocketTimeoutException,Non HTTP response message: Read timed out,Login Load Test 1-24,text,false,"Test failed: code expected to equal /

****** received  : [[[Non HTTP response code: java.net.SocketTimeoutException]]]

****** comparison: [[[200                                                    ]]]

/",2679,0,90,163,http://localhost:8001/auth/login,0,0,1
1776748962787,10001,Login for Token,Non HTTP response code: java.net.SocketTimeoutException,Non HTTP response message: Read timed out,Review Submission Load Test 3-24,text,false,,2679,0,73,163,http://localhost:8001/auth/login,0,0,0
1776748972790,1,POST /reviews/,401,Unauthorized,Review Submission Load Test 3-24,text,false,,204,299,73,163,http://localhost:8004/reviews/,1,0,0
1776748972875,2,GET /restaurants?q=ramen,200,OK,Restaurant Search Load Test 2-91,text,true,,587,137,1,165,http://localhost:8002/restaurants/?q=ramen,2,0,1
1776748972877,1,GET /restaurants?q=ramen,200,OK,Restaurant Search Load Test 2-91,text,true,,587,137,1,165,http://localhost:8002/restaurants/?q=ramen,1,0,0
1776748972878,1,GET /restaurants?q=ramen,200,OK,Restaurant Search Load Test 2-91,text,true,,587,137,1,165,http://localhost:8002/restaurants/?q=ramen,1,0,0
1776748972879,1,GET /restaurants?q=ramen,200,OK,Restaurant Search Load Test 2-91,text,true,,587,137,1,165,http://localhost:8002/restaurants/?q=ramen,1,0,0
1776748972880,0,GET /restaurants?q=ramen,200,OK,Restaurant Search Load Test 2-91,text,true,,587,137,1,165,http://localhost:8002/restaurants/?q=ramen,0,0,0
1776748972880,1,GET /restaurants?q=ramen,200,OK,Restaurant Search Load Test 2-91,text,true,,587,137,1,165,http://localhost:8002/restaurants/?q=ramen,1,0,0
1776748972881,1,GET /restaurants?q=ramen,200,OK,Restaurant Search Load Test 2-91,text,true,,587,137,1,165,http://localhost:8002/restaurants/?q=ramen,1,0,0
1776748972882,0,GET /restaurants?q=ramen,200,OK,Restaurant Search Load Test 2-91,text,true,,587,137,1,165,http://localhost:8002/restaurants/?q=ramen,0,0,0
1776748972882,1,GET /restaurants?q=ramen,200,OK,Restaurant Search Load Test 2-91,text,true,,587,137,1,165,http://localhost:8002/restaurants/?q=ramen,1,0,0
1776748972883,1,GET /restaurants?q=ramen,200,OK,Restaurant Search Load Test 2-91,text,true,,587,137,1,165,http://localhost:8002/restaurants/?q=ramen,1,0,0
1776748962968,10002,POST /auth/login,Non HTTP response code: java.net.SocketTimeoutException,Non HTTP response message: Read timed out,Login Load Test 1-58,text,false,"Test failed: code expected to equal /

****** received  : [[[Non HTTP response code: java.net.SocketTimeoutException]]]

****** comparison: [[[200                                                    ]]]

/",2679,0,91,165,http://localhost:8001/auth/login,0,0,0
1776748962988,10001,Login for Token,Non HTTP response code: java.net.SocketTimeoutException,Non HTTP response message: Read timed out,Review Submission Load Test 3-58,text,false,,2679,0,74,165,http://localhost:8001/auth/login,0,0,0
1776748972991,1,POST /reviews/,401,Unauthorized,Review Submission Load Test 3-58,text,false,,204,299,74,165,http://localhost:8004/reviews/,1,0,0
1776748963070,10002,POST /auth/login,Non HTTP response code: java.net.SocketTimeoutException,Non HTTP response message: Read timed out,Login Load Test 1-25,text,false,"Test failed: code expected to equal /

****** received  : [[[Non HTTP response code: java.net.SocketTimeoutException]]]

****** comparison: [[[200                                                    ]]]

/",2679,0,91,165,http://localhost:8001/auth/login,0,0,1
1776748963087,10002,Login for Token,Non HTTP response code: java.net.SocketTimeoutException,Non HTTP response message: Read timed out,Review Submission Load Test 3-25,text,false,,2679,0,74,165,http://localhost:8001/auth/login,0,0,1
1776748973090,2,POST /reviews/,401,Unauthorized,Review Submission Load Test 3-25,text,false,,204,299,74,165,http://localhost:8004/reviews/,2,0,1
1776748973175,2,GET /restaurants?q=ramen,200,OK,Restaurant Search Load Test 2-92,text,true,,587,137,1,167,http://localhost:8002/restaurants/?q=ramen,2,0,1
1776748973177,1,GET /restaurants?q=ramen,200,OK,Restaurant Search Load Test 2-92,text,true,,587,137,1,167,http://localhost:8002/restaurants/?q=ramen,1,0,0
1776748973178,1,GET /restaurants?q=ramen,200,OK,Restaurant Search Load Test 2-92,text,true,,587,137,1,167,http://localhost:8002/restaurants/?q=ramen,1,0,0
1776748973179,0,GET /restaurants?q=ramen,200,OK,Restaurant Search Load Test 2-92,text,true,,587,137,1,167,http://localhost:8002/restaurants/?q=ramen,0,0,0
1776748973180,0,GET /restaurants?q=ramen,200,OK,Restaurant Search Load Test 2-92,text,true,,587,137,1,167,http://localhost:8002/restaurants/?q=ramen,0,0,0
1776748973180,1,GET /restaurants?q=ramen,200,OK,Restaurant Search Load Test 2-92,text,true,,587,137,1,167,http://localhost:8002/restaurants/?q=ramen,1,0,0
1776748973181,1,GET /restaurants?q=ramen,200,OK,Restaurant Search Load Test 2-92,text,true,,587,137,1,167,http://localhost:8002/restaurants/?q=ramen,1,0,0
1776748973182,1,GET /restaurants?q=ramen,200,OK,Restaurant Search Load Test 2-92,text,true,,587,137,1,167,http://localhost:8002/restaurants/?q=ramen,1,0,0
1776748973183,1,GET /restaurants?q=ramen,200,OK,Restaurant Search Load Test 2-92,text,true,,587,137,1,167,http://localhost:8002/restaurants/?q=ramen,1,0,0
1776748973184,0,GET /restaurants?q=ramen,200,OK,Restaurant Search Load Test 2-92,text,true,,587,137,1,167,http://localhost:8002/restaurants/?q=ramen,0,0,0
1776748963265,10002,POST /auth/login,Non HTTP response code: java.net.SocketTimeoutException,Non HTTP response message: Read timed out,Login Load Test 1-59,text,false,"Test failed: code expected to equal /

****** received  : [[[Non HTTP response code: java.net.SocketTimeoutException]]]

****** comparison: [[[200                                                    ]]]

/",2679,0,92,167,http://localhost:8001/auth/login,0,0,1
1776748963286,10002,Login for Token,Non HTTP response code: java.net.SocketTimeoutException,Non HTTP response message: Read timed out,Review Submission Load Test 3-59,text,false,,2679,0,75,167,http://localhost:8001/auth/login,0,0,1
1776748973290,1,POST /reviews/,401,Unauthorized,Review Submission Load Test 3-59,text,false,,204,299,75,167,http://localhost:8004/reviews/,1,0,0
1776748963368,10002,POST /auth/login,Non HTTP response code: java.net.SocketTimeoutException,Non HTTP response message: Read timed out,Login Load Test 1-26,text,false,"Test failed: code expected to equal /

****** received  : [[[Non HTTP response code: java.net.SocketTimeoutException]]]

****** comparison: [[[200                                                    ]]]

/",2679,0,92,167,http://localhost:8001/auth/login,0,0,0
1776748963390,10002,Login for Token,Non HTTP response code: java.net.SocketTimeoutException,Non HTTP response message: Read timed out,Review Submission Load Test 3-26,text,false,,2679,0,75,167,http://localhost:8001/auth/login,0,0,1
1776748973393,2,POST /reviews/,401,Unauthorized,Review Submission Load Test 3-26,text,false,,204,299,75,167,http://localhost:8004/reviews/,2,0,1
1776748967615,5810,POST /auth/login,200,OK,Login Load Test 1-12,text,true,,316,243,92,167,http://localhost:8001/auth/login,5810,0,0
1776748967615,5810,POST /auth/login,200,OK,Login Load Test 1-13,text,true,,316,243,92,167,http://localhost:8001/auth/login,5810,0,0
1776748973474,2,GET /restaurants?q=ramen,200,OK,Restaurant Search Load Test 2-93,text,true,,587,137,1,169,http://localhost:8002/restaurants/?q=ramen,2,0,0
1776748973476,1,GET /restaurants?q=ramen,200,OK,Restaurant Search Load Test 2-93,text,true,,587,137,1,169,http://localhost:8002/restaurants/?q=ramen,1,0,0
1776748973477,1,GET /restaurants?q=ramen,200,OK,Restaurant Search Load Test 2-93,text,true,,587,137,1,169,http://localhost:8002/restaurants/?q=ramen,1,0,0
1776748973478,0,GET /restaurants?q=ramen,200,OK,Restaurant Search Load Test 2-93,text,true,,587,137,1,169,http://localhost:8002/restaurants/?q=ramen,0,0,0
1776748973478,1,GET /restaurants?q=ramen,200,OK,Restaurant Search Load Test 2-93,text,true,,587,137,1,169,http://localhost:8002/restaurants/?q=ramen,1,0,0
1776748973479,1,GET /restaurants?q=ramen,200,OK,Restaurant Search Load Test 2-93,text,true,,587,137,1,169,http://localhost:8002/restaurants/?q=ramen,1,0,0
1776748973480,1,GET /restaurants?q=ramen,200,OK,Restaurant Search Load Test 2-93,text,true,,587,137,1,169,http://localhost:8002/restaurants/?q=ramen,1,0,0
1776748973481,0,GET /restaurants?q=ramen,200,OK,Restaurant Search Load Test 2-93,text,true,,587,137,1,169,http://localhost:8002/restaurants/?q=ramen,0,0,0
1776748973481,1,GET /restaurants?q=ramen,200,OK,Restaurant Search Load Test 2-93,text,true,,587,137,1,169,http://localhost:8002/restaurants/?q=ramen,1,0,0
1776748973482,1,GET /restaurants?q=ramen,200,OK,Restaurant Search Load Test 2-93,text,true,,587,137,1,169,http://localhost:8002/restaurants/?q=ramen,1,0,0
1776748963566,10002,POST /auth/login,Non HTTP response code: java.net.SocketTimeoutException,Non HTTP response message: Read timed out,Login Load Test 1-60,text,false,"Test failed: code expected to equal /

****** received  : [[[Non HTTP response code: java.net.SocketTimeoutException]]]

****** comparison: [[[200                                                    ]]]

/",2679,0,93,169,http://localhost:8001/auth/login,0,0,1
1776748963582,10002,Login for Token,Non HTTP response code: java.net.SocketTimeoutException,Non HTTP response message: Read timed out,Review Submission Load Test 3-60,text,false,,2679,0,76,169,http://localhost:8001/auth/login,0,0,1
1776748973586,2,POST /reviews/,401,Unauthorized,Review Submission Load Test 3-60,text,false,,204,299,76,169,http://localhost:8004/reviews/,2,0,1
1776748963671,10002,POST /auth/login,Non HTTP response code: java.net.SocketTimeoutException,Non HTTP response message: Read timed out,Login Load Test 1-27,text,false,"Test failed: code expected to equal /

****** received  : [[[Non HTTP response code: java.net.SocketTimeoutException]]]

****** comparison: [[[200                                                    ]]]

/",2679,0,93,169,http://localhost:8001/auth/login,0,0,0
1776748963691,10001,Login for Token,Non HTTP response code: java.net.SocketTimeoutException,Non HTTP response message: Read timed out,Review Submission Load Test 3-27,text,false,,2679,0,76,169,http://localhost:8001/auth/login,0,0,0
1776748973694,1,POST /reviews/,401,Unauthorized,Review Submission Load Test 3-27,text,false,,204,299,76,169,http://localhost:8004/reviews/,1,0,0
1776748973776,2,GET /restaurants?q=ramen,200,OK,Restaurant Search Load Test 2-94,text,true,,587,137,1,171,http://localhost:8002/restaurants/?q=ramen,2,0,0
1776748973778,1,GET /restaurants?q=ramen,200,OK,Restaurant Search Load Test 2-94,text,true,,587,137,1,171,http://localhost:8002/restaurants/?q=ramen,1,0,0
1776748973779,1,GET /restaurants?q=ramen,200,OK,Restaurant Search Load Test 2-94,text,true,,587,137,1,171,http://localhost:8002/restaurants/?q=ramen,1,0,0
1776748973780,1,GET /restaurants?q=ramen,200,OK,Restaurant Search Load Test 2-94,text,true,,587,137,1,171,http://localhost:8002/restaurants/?q=ramen,1,0,0
1776748973781,0,GET /restaurants?q=ramen,200,OK,Restaurant Search Load Test 2-94,text,true,,587,137,1,171,http://localhost:8002/restaurants/?q=ramen,0,0,0
1776748973782,0,GET /restaurants?q=ramen,200,OK,Restaurant Search Load Test 2-94,text,true,,587,137,1,171,http://localhost:8002/restaurants/?q=ramen,0,0,0
1776748973782,1,GET /restaurants?q=ramen,200,OK,Restaurant Search Load Test 2-94,text,true,,587,137,1,172,http://localhost:8002/restaurants/?q=ramen,1,0,0
1776748973783,1,GET /restaurants?q=ramen,200,OK,Restaurant Search Load Test 2-94,text,true,,587,137,1,172,http://localhost:8002/restaurants/?q=ramen,1,0,0
1776748973784,1,GET /restaurants?q=ramen,200,OK,Restaurant Search Load Test 2-94,text,true,,587,137,1,172,http://localhost:8002/restaurants/?q=ramen,1,0,0
1776748973785,1,GET /restaurants?q=ramen,200,OK,Restaurant Search Load Test 2-94,text,true,,587,137,1,172,http://localhost:8002/restaurants/?q=ramen,1,0,0
1776748963866,10002,POST /auth/login,Non HTTP response code: java.net.SocketTimeoutException,Non HTTP response message: Read timed out,Login Load Test 1-61,text,false,"Test failed: code expected to equal /

****** received  : [[[Non HTTP response code: java.net.SocketTimeoutException]]]

****** comparison: [[[200                                                    ]]]

/",2679,0,94,171,http://localhost:8001/auth/login,0,0,1
1776748963883,10002,Login for Token,Non HTTP response code: java.net.SocketTimeoutException,Non HTTP response message: Read timed out,Review Submission Load Test 3-61,text,false,,2679,0,77,171,http://localhost:8001/auth/login,0,0,1
1776748973887,1,POST /reviews/,401,Unauthorized,Review Submission Load Test 3-61,text,false,,204,299,77,171,http://localhost:8004/reviews/,1,0,1
1776748963969,10002,POST /auth/login,Non HTTP response code: java.net.SocketTimeoutException,Non HTTP response message: Read timed out,Login Load Test 1-28,text,false,"Test failed: code expected to equal /

****** received  : [[[Non HTTP response code: java.net.SocketTimeoutException]]]

****** comparison: [[[200                                                    ]]]

/",2679,0,94,171,http://localhost:8001/auth/login,0,0,0
1776748963990,10002,Login for Token,Non HTTP response code: java.net.SocketTimeoutException,Non HTTP response message: Read timed out,Review Submission Load Test 3-28,text,false,,2679,0,77,171,http://localhost:8001/auth/login,0,0,1
1776748973994,1,POST /reviews/,401,Unauthorized,Review Submission Load Test 3-28,text,false,,204,299,77,171,http://localhost:8004/reviews/,1,0,0
1776748974075,2,GET /restaurants?q=ramen,200,OK,Restaurant Search Load Test 2-95,text,true,,587,137,1,173,http://localhost:8002/restaurants/?q=ramen,2,0,0
1776748974077,0,GET /restaurants?q=ramen,200,OK,Restaurant Search Load Test 2-95,text,true,,587,137,1,173,http://localhost:8002/restaurants/?q=ramen,0,0,0
1776748974078,0,GET /restaurants?q=ramen,200,OK,Restaurant Search Load Test 2-95,text,true,,587,137,1,173,http://localhost:8002/restaurants/?q=ramen,0,0,0
1776748974078,1,GET /restaurants?q=ramen,200,OK,Restaurant Search Load Test 2-95,text,true,,587,137,1,173,http://localhost:8002/restaurants/?q=ramen,1,0,0
1776748974079,1,GET /restaurants?q=ramen,200,OK,Restaurant Search Load Test 2-95,text,true,,587,137,1,173,http://localhost:8002/restaurants/?q=ramen,1,0,0
1776748974080,1,GET /restaurants?q=ramen,200,OK,Restaurant Search Load Test 2-95,text,true,,587,137,1,173,http://localhost:8002/restaurants/?q=ramen,1,0,0
1776748974081,0,GET /restaurants?q=ramen,200,OK,Restaurant Search Load Test 2-95,text,true,,587,137,1,173,http://localhost:8002/restaurants/?q=ramen,0,0,0
1776748974082,0,GET /restaurants?q=ramen,200,OK,Restaurant Search Load Test 2-95,text,true,,587,137,1,173,http://localhost:8002/restaurants/?q=ramen,0,0,0
1776748974082,1,GET /restaurants?q=ramen,200,OK,Restaurant Search Load Test 2-95,text,true,,587,137,1,173,http://localhost:8002/restaurants/?q=ramen,1,0,0
1776748974083,1,GET /restaurants?q=ramen,200,OK,Restaurant Search Load Test 2-95,text,true,,587,137,1,174,http://localhost:8002/restaurants/?q=ramen,1,0,0
1776748964169,10003,POST /auth/login,Non HTTP response code: java.net.SocketTimeoutException,Non HTTP response message: Read timed out,Login Load Test 1-62,text,false,"Test failed: code expected to equal /

****** received  : [[[Non HTTP response code: java.net.SocketTimeoutException]]]

****** comparison: [[[200                                                    ]]]

/",2679,0,95,173,http://localhost:8001/auth/login,0,0,1
1776748964184,10001,Login for Token,Non HTTP response code: java.net.SocketTimeoutException,Non HTTP response message: Read timed out,Review Submission Load Test 3-62,text,false,,2679,0,78,173,http://localhost:8001/auth/login,0,0,0
1776748974187,1,POST /reviews/,401,Unauthorized,Review Submission Load Test 3-62,text,false,,204,299,78,173,http://localhost:8004/reviews/,1,0,1
1776748967615,6651,POST /auth/login,200,OK,Login Load Test 1-19,text,true,,316,243,95,173,http://localhost:8001/auth/login,6651,0,0
1776748968622,5644,POST /auth/login,200,OK,Login Load Test 1-4,text,true,,316,243,95,173,http://localhost:8001/auth/login,5644,0,0
1776748967616,6650,POST /auth/login,200,OK,Login Load Test 1-6,text,true,,316,243,95,173,http://localhost:8001/auth/login,6650,0,0
1776748968621,5645,POST /auth/login,200,OK,Login Load Test 1-2,text,true,,316,243,95,173,http://localhost:8001/auth/login,5645,0,0
1776748967617,6649,Login for Token,200,OK,Review Submission Load Test 3-18,text,true,,316,243,78,173,http://localhost:8001/auth/login,6649,0,0
1776748967616,6651,POST /auth/login,200,OK,Login Load Test 1-8,text,true,,316,243,95,173,http://localhost:8001/auth/login,6651,0,0
1776748974267,2,POST /reviews/,400,Bad Request,Review Submission Load Test 3-18,text,false,,188,440,78,173,http://localhost:8004/reviews/,2,0,1
1776748964269,10002,POST /auth/login,Non HTTP response code: java.net.SocketTimeoutException,Non HTTP response message: Read timed out,Login Load Test 1-29,text,false,"Test failed: code expected to equal /

****** received  : [[[Non HTTP response code: java.net.SocketTimeoutException]]]

****** comparison: [[[200                                                    ]]]

/",2679,0,95,172,http://localhost:8001/auth/login,0,0,1
1776748964290,10001,Login for Token,Non HTTP response code: java.net.SocketTimeoutException,Non HTTP response message: Read timed out,Review Submission Load Test 3-29,text,false,,2679,0,77,172,http://localhost:8001/auth/login,0,0,0
1776748974293,1,POST /reviews/,401,Unauthorized,Review Submission Load Test 3-29,text,false,,204,299,77,172,http://localhost:8004/reviews/,1,0,0
1776748974376,2,GET /restaurants?q=ramen,200,OK,Restaurant Search Load Test 2-96,text,true,,587,137,1,174,http://localhost:8002/restaurants/?q=ramen,2,0,0
1776748974378,0,GET /restaurants?q=ramen,200,OK,Restaurant Search Load Test 2-96,text,true,,587,137,1,174,http://localhost:8002/restaurants/?q=ramen,0,0,0
1776748974378,1,GET /restaurants?q=ramen,200,OK,Restaurant Search Load Test 2-96,text,true,,587,137,1,174,http://localhost:8002/restaurants/?q=ramen,1,0,0
1776748974380,0,GET /restaurants?q=ramen,200,OK,Restaurant Search Load Test 2-96,text,true,,587,137,1,174,http://localhost:8002/restaurants/?q=ramen,0,0,0
1776748974380,1,GET /restaurants?q=ramen,200,OK,Restaurant Search Load Test 2-96,text,true,,587,137,1,174,http://localhost:8002/restaurants/?q=ramen,1,0,0
1776748974381,1,GET /restaurants?q=ramen,200,OK,Restaurant Search Load Test 2-96,text,true,,587,137,1,174,http://localhost:8002/restaurants/?q=ramen,1,0,0
1776748974382,1,GET /restaurants?q=ramen,200,OK,Restaurant Search Load Test 2-96,text,true,,587,137,1,174,http://localhost:8002/restaurants/?q=ramen,1,0,0
1776748974383,1,GET /restaurants?q=ramen,200,OK,Restaurant Search Load Test 2-96,text,true,,587,137,1,175,http://localhost:8002/restaurants/?q=ramen,1,0,0
1776748974384,0,GET /restaurants?q=ramen,200,OK,Restaurant Search Load Test 2-96,text,true,,587,137,1,175,http://localhost:8002/restaurants/?q=ramen,0,0,0
1776748974385,0,GET /restaurants?q=ramen,200,OK,Restaurant Search Load Test 2-96,text,true,,587,137,1,175,http://localhost:8002/restaurants/?q=ramen,0,0,0
1776748969321,5116,POST /auth/login,200,OK,Login Load Test 1-5,text,true,,316,243,96,174,http://localhost:8001/auth/login,5116,0,0
1776748968621,5816,POST /auth/login,200,OK,Login Load Test 1-14,text,true,,316,243,96,174,http://localhost:8001/auth/login,5816,0,0
1776748969321,5116,POST /auth/login,200,OK,Login Load Test 1-15,text,true,,316,243,96,174,http://localhost:8001/auth/login,5116,0,0
1776748964469,10003,POST /auth/login,Non HTTP response code: java.net.SocketTimeoutException,Non HTTP response message: Read timed out,Login Load Test 1-63,text,false,"Test failed: code expected to equal /

****** received  : [[[Non HTTP response code: java.net.SocketTimeoutException]]]

****** comparison: [[[200                                                    ]]]

/",2679,0,96,174,http://localhost:8001/auth/login,0,0,1
1776748964481,10002,Login for Token,Non HTTP response code: java.net.SocketTimeoutException,Non HTTP response message: Read timed out,Review Submission Load Test 3-63,text,false,,2679,0,78,174,http://localhost:8001/auth/login,0,0,1
1776748974485,1,POST /reviews/,401,Unauthorized,Review Submission Load Test 3-63,text,false,,204,299,78,174,http://localhost:8004/reviews/,1,0,1
1776748964569,10002,POST /auth/login,Non HTTP response code: java.net.SocketTimeoutException,Non HTTP response message: Read timed out,Login Load Test 1-30,text,false,"Test failed: code expected to equal /

****** received  : [[[Non HTTP response code: java.net.SocketTimeoutException]]]

****** comparison: [[[200                                                    ]]]

/",2679,0,96,174,http://localhost:8001/auth/login,0,0,0
1776748964589,10003,Login for Token,Non HTTP response code: java.net.SocketTimeoutException,Non HTTP response message: Read timed out,Review Submission Load Test 3-30,text,false,,2679,0,78,174,http://localhost:8001/auth/login,0,0,1
1776748974593,1,POST /reviews/,401,Unauthorized,Review Submission Load Test 3-30,text,false,,204,299,78,174,http://localhost:8004/reviews/,1,0,0
1776748969321,5284,POST /auth/login,200,OK,Login Load Test 1-9,text,true,,316,243,96,174,http://localhost:8001/auth/login,5284,0,0
1776748974678,2,GET /restaurants?q=ramen,200,OK,Restaurant Search Load Test 2-97,text,true,,587,137,1,176,http://localhost:8002/restaurants/?q=ramen,2,0,1
1776748974680,1,GET /restaurants?q=ramen,200,OK,Restaurant Search Load Test 2-97,text,true,,587,137,1,176,http://localhost:8002/restaurants/?q=ramen,1,0,0
1776748974681,1,GET /restaurants?q=ramen,200,OK,Restaurant Search Load Test 2-97,text,true,,587,137,1,176,http://localhost:8002/restaurants/?q=ramen,1,0,0
1776748974682,1,GET /restaurants?q=ramen,200,OK,Restaurant Search Load Test 2-97,text,true,,587,137,1,176,http://localhost:8002/restaurants/?q=ramen,1,0,0
1776748974683,1,GET /restaurants?q=ramen,200,OK,Restaurant Search Load Test 2-97,text,true,,587,137,1,176,http://localhost:8002/restaurants/?q=ramen,1,0,0
1776748974684,1,GET /restaurants?q=ramen,200,OK,Restaurant Search Load Test 2-97,text,true,,587,137,1,176,http://localhost:8002/restaurants/?q=ramen,1,0,0
1776748974685,1,GET /restaurants?q=ramen,200,OK,Restaurant Search Load Test 2-97,text,true,,587,137,1,176,http://localhost:8002/restaurants/?q=ramen,1,0,0
1776748974686,1,GET /restaurants?q=ramen,200,OK,Restaurant Search Load Test 2-97,text,true,,587,137,1,177,http://localhost:8002/restaurants/?q=ramen,1,0,0
1776748974687,0,GET /restaurants?q=ramen,200,OK,Restaurant Search Load Test 2-97,text,true,,587,137,1,177,http://localhost:8002/restaurants/?q=ramen,0,0,0
1776748974688,0,GET /restaurants?q=ramen,200,OK,Restaurant Search Load Test 2-97,text,true,,587,137,1,177,http://localhost:8002/restaurants/?q=ramen,0,0,0
1776748964768,10003,POST /auth/login,Non HTTP response code: java.net.SocketTimeoutException,Non HTTP response message: Read timed out,Login Load Test 1-64,text,false,"Test failed: code expected to equal /

****** received  : [[[Non HTTP response code: java.net.SocketTimeoutException]]]

****** comparison: [[[200                                                    ]]]

/",2679,0,97,176,http://localhost:8001/auth/login,0,0,1
1776748964782,10001,Login for Token,Non HTTP response code: java.net.SocketTimeoutException,Non HTTP response message: Read timed out,Review Submission Load Test 3-64,text,false,,2679,0,79,176,http://localhost:8001/auth/login,0,0,0
1776748974785,2,POST /reviews/,401,Unauthorized,Review Submission Load Test 3-64,text,false,,204,299,79,176,http://localhost:8004/reviews/,2,0,1
1776748964869,10002,POST /auth/login,Non HTTP response code: java.net.SocketTimeoutException,Non HTTP response message: Read timed out,Login Load Test 1-31,text,false,"Test failed: code expected to equal /

****** received  : [[[Non HTTP response code: java.net.SocketTimeoutException]]]

****** comparison: [[[200                                                    ]]]

/",2679,0,97,176,http://localhost:8001/auth/login,0,0,1
1776748964887,10002,Login for Token,Non HTTP response code: java.net.SocketTimeoutException,Non HTTP response message: Read timed out,Review Submission Load Test 3-31,text,false,,2679,0,79,176,http://localhost:8001/auth/login,0,0,1
1776748974891,1,POST /reviews/,401,Unauthorized,Review Submission Load Test 3-31,text,false,,204,299,79,176,http://localhost:8004/reviews/,1,0,0
1776748974976,1,GET /restaurants?q=ramen,200,OK,Restaurant Search Load Test 2-98,text,true,,587,137,1,178,http://localhost:8002/restaurants/?q=ramen,1,0,0
1776748974978,0,GET /restaurants?q=ramen,200,OK,Restaurant Search Load Test 2-98,text,true,,587,137,1,178,http://localhost:8002/restaurants/?q=ramen,0,0,0
1776748974978,1,GET /restaurants?q=ramen,200,OK,Restaurant Search Load Test 2-98,text,true,,587,137,1,178,http://localhost:8002/restaurants/?q=ramen,1,0,0
1776748974979,1,GET /restaurants?q=ramen,200,OK,Restaurant Search Load Test 2-98,text,true,,587,137,1,178,http://localhost:8002/restaurants/?q=ramen,1,0,0
1776748974980,1,GET /restaurants?q=ramen,200,OK,Restaurant Search Load Test 2-98,text,true,,587,137,1,178,http://localhost:8002/restaurants/?q=ramen,1,0,0
1776748974981,1,GET /restaurants?q=ramen,200,OK,Restaurant Search Load Test 2-98,text,true,,587,137,1,178,http://localhost:8002/restaurants/?q=ramen,1,0,0
1776748974982,1,GET /restaurants?q=ramen,200,OK,Restaurant Search Load Test 2-98,text,true,,587,137,1,178,http://localhost:8002/restaurants/?q=ramen,1,0,0
1776748974983,0,GET /restaurants?q=ramen,200,OK,Restaurant Search Load Test 2-98,text,true,,587,137,1,178,http://localhost:8002/restaurants/?q=ramen,0,0,0
1776748974984,0,GET /restaurants?q=ramen,200,OK,Restaurant Search Load Test 2-98,text,true,,587,137,1,179,http://localhost:8002/restaurants/?q=ramen,0,0,0
1776748974984,1,GET /restaurants?q=ramen,200,OK,Restaurant Search Load Test 2-98,text,true,,587,137,1,179,http://localhost:8002/restaurants/?q=ramen,1,0,0
1776748965067,10002,POST /auth/login,Non HTTP response code: java.net.SocketTimeoutException,Non HTTP response message: Read timed out,Login Load Test 1-65,text,false,"Test failed: code expected to equal /

****** received  : [[[Non HTTP response code: java.net.SocketTimeoutException]]]

****** comparison: [[[200                                                    ]]]

/",2679,0,98,178,http://localhost:8001/auth/login,0,0,1
1776748965086,10001,Login for Token,Non HTTP response code: java.net.SocketTimeoutException,Non HTTP response message: Read timed out,Review Submission Load Test 3-65,text,false,,2679,0,80,178,http://localhost:8001/auth/login,0,0,0
1776748975089,2,POST /reviews/,401,Unauthorized,Review Submission Load Test 3-65,text,false,,204,299,80,178,http://localhost:8004/reviews/,2,0,1
1776748965170,10002,POST /auth/login,Non HTTP response code: java.net.SocketTimeoutException,Non HTTP response message: Read timed out,Login Load Test 1-32,text,false,"Test failed: code expected to equal /

****** received  : [[[Non HTTP response code: java.net.SocketTimeoutException]]]

****** comparison: [[[200                                                    ]]]

/",2679,0,98,178,http://localhost:8001/auth/login,0,0,1
1776748965190,10001,Login for Token,Non HTTP response code: java.net.SocketTimeoutException,Non HTTP response message: Read timed out,Review Submission Load Test 3-32,text,false,,2679,0,80,178,http://localhost:8001/auth/login,0,0,0
1776748975193,1,POST /reviews/,401,Unauthorized,Review Submission Load Test 3-32,text,false,,204,299,80,178,http://localhost:8004/reviews/,1,0,0
1776748975276,1,GET /restaurants?q=ramen,200,OK,Restaurant Search Load Test 2-99,text,true,,587,137,1,180,http://localhost:8002/restaurants/?q=ramen,1,0,0
1776748975278,0,GET /restaurants?q=ramen,200,OK,Restaurant Search Load Test 2-99,text,true,,587,137,1,180,http://localhost:8002/restaurants/?q=ramen,0,0,0
1776748975278,1,GET /restaurants?q=ramen,200,OK,Restaurant Search Load Test 2-99,text,true,,587,137,1,180,http://localhost:8002/restaurants/?q=ramen,1,0,0
1776748975279,1,GET /restaurants?q=ramen,200,OK,Restaurant Search Load Test 2-99,text,true,,587,137,1,180,http://localhost:8002/restaurants/?q=ramen,1,0,0
1776748975280,1,GET /restaurants?q=ramen,200,OK,Restaurant Search Load Test 2-99,text,true,,587,137,1,180,http://localhost:8002/restaurants/?q=ramen,1,0,0
1776748975281,1,GET /restaurants?q=ramen,200,OK,Restaurant Search Load Test 2-99,text,true,,587,137,1,180,http://localhost:8002/restaurants/?q=ramen,1,0,0
1776748975282,0,GET /restaurants?q=ramen,200,OK,Restaurant Search Load Test 2-99,text,true,,587,137,1,180,http://localhost:8002/restaurants/?q=ramen,0,0,0
1776748975282,1,GET /restaurants?q=ramen,200,OK,Restaurant Search Load Test 2-99,text,true,,587,137,1,180,http://localhost:8002/restaurants/?q=ramen,1,0,0
1776748975283,1,GET /restaurants?q=ramen,200,OK,Restaurant Search Load Test 2-99,text,true,,587,137,1,180,http://localhost:8002/restaurants/?q=ramen,1,0,0
1776748975284,0,GET /restaurants?q=ramen,200,OK,Restaurant Search Load Test 2-99,text,true,,587,137,1,180,http://localhost:8002/restaurants/?q=ramen,0,0,0
1776748965369,10002,POST /auth/login,Non HTTP response code: java.net.SocketTimeoutException,Non HTTP response message: Read timed out,Login Load Test 1-66,text,false,"Test failed: code expected to equal /

****** received  : [[[Non HTTP response code: java.net.SocketTimeoutException]]]

****** comparison: [[[200                                                    ]]]

/",2679,0,99,180,http://localhost:8001/auth/login,0,0,1
1776748965386,10001,Login for Token,Non HTTP response code: java.net.SocketTimeoutException,Non HTTP response message: Read timed out,Review Submission Load Test 3-66,text,false,,2679,0,81,180,http://localhost:8001/auth/login,0,0,0
1776748975389,1,POST /reviews/,401,Unauthorized,Review Submission Load Test 3-66,text,false,,204,299,81,180,http://localhost:8004/reviews/,1,0,0
1776748965471,10002,POST /auth/login,Non HTTP response code: java.net.SocketTimeoutException,Non HTTP response message: Read timed out,Login Load Test 1-33,text,false,"Test failed: code expected to equal /

****** received  : [[[Non HTTP response code: java.net.SocketTimeoutException]]]

****** comparison: [[[200                                                    ]]]

/",2679,0,99,180,http://localhost:8001/auth/login,0,0,0
1776748965488,10001,Login for Token,Non HTTP response code: java.net.SocketTimeoutException,Non HTTP response message: Read timed out,Review Submission Load Test 3-33,text,false,,2679,0,81,180,http://localhost:8001/auth/login,0,0,0
1776748975491,1,POST /reviews/,401,Unauthorized,Review Submission Load Test 3-33,text,false,,204,299,81,180,http://localhost:8004/reviews/,1,0,0
1776748975576,2,GET /restaurants?q=ramen,200,OK,Restaurant Search Load Test 2-100,text,true,,587,137,1,182,http://localhost:8002/restaurants/?q=ramen,2,0,1
1776748975578,1,GET /restaurants?q=ramen,200,OK,Restaurant Search Load Test 2-100,text,true,,587,137,1,182,http://localhost:8002/restaurants/?q=ramen,1,0,0
1776748975579,0,GET /restaurants?q=ramen,200,OK,Restaurant Search Load Test 2-100,text,true,,587,137,1,182,http://localhost:8002/restaurants/?q=ramen,0,0,0
1776748975580,0,GET /restaurants?q=ramen,200,OK,Restaurant Search Load Test 2-100,text,true,,587,137,1,182,http://localhost:8002/restaurants/?q=ramen,0,0,0
1776748975580,1,GET /restaurants?q=ramen,200,OK,Restaurant Search Load Test 2-100,text,true,,587,137,1,182,http://localhost:8002/restaurants/?q=ramen,1,0,0
1776748975581,1,GET /restaurants?q=ramen,200,OK,Restaurant Search Load Test 2-100,text,true,,587,137,1,182,http://localhost:8002/restaurants/?q=ramen,1,0,0
1776748975582,0,GET /restaurants?q=ramen,200,OK,Restaurant Search Load Test 2-100,text,true,,587,137,1,182,http://localhost:8002/restaurants/?q=ramen,0,0,0
1776748975582,1,GET /restaurants?q=ramen,200,OK,Restaurant Search Load Test 2-100,text,true,,587,137,1,182,http://localhost:8002/restaurants/?q=ramen,1,0,0
1776748975583,1,GET /restaurants?q=ramen,200,OK,Restaurant Search Load Test 2-100,text,true,,587,137,1,183,http://localhost:8002/restaurants/?q=ramen,1,0,0
1776748975584,1,GET /restaurants?q=ramen,200,OK,Restaurant Search Load Test 2-100,text,true,,587,137,1,183,http://localhost:8002/restaurants/?q=ramen,1,0,0
1776748965665,10002,POST /auth/login,Non HTTP response code: java.net.SocketTimeoutException,Non HTTP response message: Read timed out,Login Load Test 1-67,text,false,"Test failed: code expected to equal /

****** received  : [[[Non HTTP response code: java.net.SocketTimeoutException]]]

****** comparison: [[[200                                                    ]]]

/",2679,0,100,182,http://localhost:8001/auth/login,0,0,0
1776748965683,10001,Login for Token,Non HTTP response code: java.net.SocketTimeoutException,Non HTTP response message: Read timed out,Review Submission Load Test 3-67,text,false,,2679,0,82,182,http://localhost:8001/auth/login,0,0,0
1776748975686,3,POST /reviews/,401,Unauthorized,Review Submission Load Test 3-67,text,false,,204,299,82,182,http://localhost:8004/reviews/,3,0,2
1776748965767,10002,POST /auth/login,Non HTTP response code: java.net.SocketTimeoutException,Non HTTP response message: Read timed out,Login Load Test 1-34,text,false,"Test failed: code expected to equal /

****** received  : [[[Non HTTP response code: java.net.SocketTimeoutException]]]

****** comparison: [[[200                                                    ]]]

/",2679,0,100,182,http://localhost:8001/auth/login,0,0,1
1776748965790,10002,Login for Token,Non HTTP response code: java.net.SocketTimeoutException,Non HTTP response message: Read timed out,Review Submission Load Test 3-34,text,false,,2679,0,82,182,http://localhost:8001/auth/login,0,0,0
1776748975793,1,POST /reviews/,401,Unauthorized,Review Submission Load Test 3-34,text,false,,204,299,82,182,http://localhost:8004/reviews/,1,0,0
1776748965968,10001,POST /auth/login,Non HTTP response code: java.net.SocketTimeoutException,Non HTTP response message: Read timed out,Login Load Test 1-68,text,false,"Test failed: code expected to equal /

****** received  : [[[Non HTTP response code: java.net.SocketTimeoutException]]]

****** comparison: [[[200                                                    ]]]

/",2679,0,100,182,http://localhost:8001/auth/login,0,0,0
1776748965983,10001,Login for Token,Non HTTP response code: java.net.SocketTimeoutException,Non HTTP response message: Read timed out,Review Submission Load Test 3-68,text,false,,2679,0,82,182,http://localhost:8001/auth/login,0,0,0
1776748975987,1,POST /reviews/,401,Unauthorized,Review Submission Load Test 3-68,text,false,,204,299,82,182,http://localhost:8004/reviews/,1,0,0
1776748966066,10001,POST /auth/login,Non HTTP response code: java.net.SocketTimeoutException,Non HTTP response message: Read timed out,Login Load Test 1-35,text,false,"Test failed: code expected to equal /

****** received  : [[[Non HTTP response code: java.net.SocketTimeoutException]]]

****** comparison: [[[200                                                    ]]]

/",2679,0,100,182,http://localhost:8001/auth/login,0,0,1
1776748966089,10002,Login for Token,Non HTTP response code: java.net.SocketTimeoutException,Non HTTP response message: Read timed out,Review Submission Load Test 3-35,text,false,,2679,0,82,182,http://localhost:8001/auth/login,0,0,1
1776748976093,1,POST /reviews/,401,Unauthorized,Review Submission Load Test 3-35,text,false,,204,299,82,182,http://localhost:8004/reviews/,1,0,0
1776748966266,10003,POST /auth/login,Non HTTP response code: java.net.SocketTimeoutException,Non HTTP response message: Read timed out,Login Load Test 1-69,text,false,"Test failed: code expected to equal /

****** received  : [[[Non HTTP response code: java.net.SocketTimeoutException]]]

****** comparison: [[[200                                                    ]]]

/",2679,0,100,182,http://localhost:8001/auth/login,0,0,1
1776748966283,10001,Login for Token,Non HTTP response code: java.net.SocketTimeoutException,Non HTTP response message: Read timed out,Review Submission Load Test 3-69,text,false,,2679,0,82,182,http://localhost:8001/auth/login,0,0,0
1776748976286,2,POST /reviews/,401,Unauthorized,Review Submission Load Test 3-69,text,false,,204,299,82,182,http://localhost:8004/reviews/,2,0,1
1776748966369,10002,POST /auth/login,Non HTTP response code: java.net.SocketTimeoutException,Non HTTP response message: Read timed out,Login Load Test 1-36,text,false,"Test failed: code expected to equal /

****** received  : [[[Non HTTP response code: java.net.SocketTimeoutException]]]

****** comparison: [[[200                                                    ]]]

/",2679,0,100,182,http://localhost:8001/auth/login,0,0,1
1776748966388,10001,Login for Token,Non HTTP response code: java.net.SocketTimeoutException,Non HTTP response message: Read timed out,Review Submission Load Test 3-36,text,false,,2679,0,82,182,http://localhost:8001/auth/login,0,0,0
1776748976391,1,POST /reviews/,401,Unauthorized,Review Submission Load Test 3-36,text,false,,204,299,82,182,http://localhost:8004/reviews/,1,0,0
1776748971070,5389,POST /auth/login,200,OK,Login Load Test 1-10,text,true,,316,243,100,182,http://localhost:8001/auth/login,5389,0,0
1776748971070,5389,POST /auth/login,200,OK,Login Load Test 1-16,text,true,,316,243,100,182,http://localhost:8001/auth/login,5389,0,0
1776748966566,10002,POST /auth/login,Non HTTP response code: java.net.SocketTimeoutException,Non HTTP response message: Read timed out,Login Load Test 1-70,text,false,"Test failed: code expected to equal /

****** received  : [[[Non HTTP response code: java.net.SocketTimeoutException]]]

****** comparison: [[[200                                                    ]]]

/",2679,0,100,182,http://localhost:8001/auth/login,0,0,1
1776748966586,10002,Login for Token,Non HTTP response code: java.net.SocketTimeoutException,Non HTTP response message: Read timed out,Review Submission Load Test 3-70,text,false,,2679,0,82,182,http://localhost:8001/auth/login,0,0,0
1776748976590,1,POST /reviews/,401,Unauthorized,Review Submission Load Test 3-70,text,false,,204,299,82,182,http://localhost:8004/reviews/,1,0,0
1776748966669,10002,POST /auth/login,Non HTTP response code: java.net.SocketTimeoutException,Non HTTP response message: Read timed out,Login Load Test 1-37,text,false,"Test failed: code expected to equal /

****** received  : [[[Non HTTP response code: java.net.SocketTimeoutException]]]

****** comparison: [[[200                                                    ]]]

/",2679,0,100,182,http://localhost:8001/auth/login,0,0,1
1776748966687,10001,Login for Token,Non HTTP response code: java.net.SocketTimeoutException,Non HTTP response message: Read timed out,Review Submission Load Test 3-37,text,false,,2679,0,82,182,http://localhost:8001/auth/login,0,0,0
1776748976690,1,POST /reviews/,401,Unauthorized,Review Submission Load Test 3-37,text,false,,204,299,82,182,http://localhost:8004/reviews/,1,0,0
1776748966864,10002,POST /auth/login,Non HTTP response code: java.net.SocketTimeoutException,Non HTTP response message: Read timed out,Login Load Test 1-71,text,false,"Test failed: code expected to equal /

****** received  : [[[Non HTTP response code: java.net.SocketTimeoutException]]]

****** comparison: [[[200                                                    ]]]

/",2679,0,100,182,http://localhost:8001/auth/login,0,0,0
1776748966886,10001,Login for Token,Non HTTP response code: java.net.SocketTimeoutException,Non HTTP response message: Read timed out,Review Submission Load Test 3-71,text,false,,2679,0,82,182,http://localhost:8001/auth/login,0,0,0
1776748976889,2,POST /reviews/,401,Unauthorized,Review Submission Load Test 3-71,text,false,,204,299,82,182,http://localhost:8004/reviews/,2,0,1
1776748966971,10002,POST /auth/login,Non HTTP response code: java.net.SocketTimeoutException,Non HTTP response message: Read timed out,Login Load Test 1-38,text,false,"Test failed: code expected to equal /

****** received  : [[[Non HTTP response code: java.net.SocketTimeoutException]]]

****** comparison: [[[200                                                    ]]]

/",2679,0,100,182,http://localhost:8001/auth/login,0,0,1
1776748966992,10001,Login for Token,Non HTTP response code: java.net.SocketTimeoutException,Non HTTP response message: Read timed out,Review Submission Load Test 3-38,text,false,,2679,0,82,182,http://localhost:8001/auth/login,0,0,0
1776748976995,1,POST /reviews/,401,Unauthorized,Review Submission Load Test 3-38,text,false,,204,299,82,182,http://localhost:8004/reviews/,1,0,0
1776748971580,5548,POST /auth/login,200,OK,Login Load Test 1-18,text,true,,316,243,100,182,http://localhost:8001/auth/login,5548,0,0
1776748971580,5548,POST /auth/login,200,OK,Login Load Test 1-7,text,true,,316,243,100,182,http://localhost:8001/auth/login,5548,0,0
1776748971580,5548,POST /auth/login,200,OK,Login Load Test 1-1,text,true,,316,243,100,182,http://localhost:8001/auth/login,5548,0,0
1776748971411,5717,POST /auth/login,200,OK,Login Load Test 1-3,text,true,,316,243,100,182,http://localhost:8001/auth/login,5717,0,0
1776748971580,5548,POST /auth/login,200,OK,Login Load Test 1-17,text,true,,316,243,100,182,http://localhost:8001/auth/login,5548,0,0
1776748972083,5046,POST /auth/login,200,OK,Login Load Test 1-11,text,true,,316,243,100,182,http://localhost:8001/auth/login,5046,0,0
1776748967164,10002,POST /auth/login,Non HTTP response code: java.net.SocketTimeoutException,Non HTTP response message: Read timed out,Login Load Test 1-72,text,false,"Test failed: code expected to equal /

****** received  : [[[Non HTTP response code: java.net.SocketTimeoutException]]]

****** comparison: [[[200                                                    ]]]

/",2679,0,100,182,http://localhost:8001/auth/login,0,0,1
1776748967186,10001,Login for Token,Non HTTP response code: java.net.SocketTimeoutException,Non HTTP response message: Read timed out,Review Submission Load Test 3-72,text,false,,2679,0,82,182,http://localhost:8001/auth/login,0,0,0
1776748977189,2,POST /reviews/,401,Unauthorized,Review Submission Load Test 3-72,text,false,,204,299,82,182,http://localhost:8004/reviews/,2,0,1
1776748967271,10002,POST /auth/login,Non HTTP response code: java.net.SocketTimeoutException,Non HTTP response message: Read timed out,Login Load Test 1-39,text,false,"Test failed: code expected to equal /

****** received  : [[[Non HTTP response code: java.net.SocketTimeoutException]]]

****** comparison: [[[200                                                    ]]]

/",2679,0,100,182,http://localhost:8001/auth/login,0,0,0
1776748967291,10001,Login for Token,Non HTTP response code: java.net.SocketTimeoutException,Non HTTP response message: Read timed out,Review Submission Load Test 3-39,text,false,,2679,0,82,182,http://localhost:8001/auth/login,0,0,0
1776748977294,1,POST /reviews/,401,Unauthorized,Review Submission Load Test 3-39,text,false,,204,299,82,182,http://localhost:8004/reviews/,1,0,0
1776748967466,10002,POST /auth/login,Non HTTP response code: java.net.SocketTimeoutException,Non HTTP response message: Read timed out,Login Load Test 1-73,text,false,"Test failed: code expected to equal /

****** received  : [[[Non HTTP response code: java.net.SocketTimeoutException]]]

****** comparison: [[[200                                                    ]]]

/",2679,0,100,182,http://localhost:8001/auth/login,0,0,1
1776748967486,10001,Login for Token,Non HTTP response code: java.net.SocketTimeoutException,Non HTTP response message: Read timed out,Review Submission Load Test 3-73,text,false,,2679,0,82,182,http://localhost:8001/auth/login,0,0,0
1776748977489,2,POST /reviews/,401,Unauthorized,Review Submission Load Test 3-73,text,false,,204,299,82,182,http://localhost:8004/reviews/,2,0,1
1776748967572,10002,POST /auth/login,Non HTTP response code: java.net.SocketTimeoutException,Non HTTP response message: Read timed out,Login Load Test 1-40,text,false,"Test failed: code expected to equal /

****** received  : [[[Non HTTP response code: java.net.SocketTimeoutException]]]

****** comparison: [[[200                                                    ]]]

/",2679,0,100,182,http://localhost:8001/auth/login,0,0,1
1776748967590,10001,Login for Token,Non HTTP response code: java.net.SocketTimeoutException,Non HTTP response message: Read timed out,Review Submission Load Test 3-40,text,false,,2679,0,82,182,http://localhost:8001/auth/login,0,0,0
1776748977593,1,POST /reviews/,401,Unauthorized,Review Submission Load Test 3-40,text,false,,204,299,82,182,http://localhost:8004/reviews/,1,0,0
1776748967769,10002,POST /auth/login,Non HTTP response code: java.net.SocketTimeoutException,Non HTTP response message: Read timed out,Login Load Test 1-74,text,false,"Test failed: code expected to equal /

****** received  : [[[Non HTTP response code: java.net.SocketTimeoutException]]]

****** comparison: [[[200                                                    ]]]

/",2679,0,100,182,http://localhost:8001/auth/login,0,0,1
1776748967783,10001,Login for Token,Non HTTP response code: java.net.SocketTimeoutException,Non HTTP response message: Read timed out,Review Submission Load Test 3-74,text,false,,2679,0,82,182,http://localhost:8001/auth/login,0,0,0
1776748977786,1,POST /reviews/,401,Unauthorized,Review Submission Load Test 3-74,text,false,,204,299,82,182,http://localhost:8004/reviews/,1,0,1
1776748967869,10002,POST /auth/login,Non HTTP response code: java.net.SocketTimeoutException,Non HTTP response message: Read timed out,Login Load Test 1-41,text,false,"Test failed: code expected to equal /

****** received  : [[[Non HTTP response code: java.net.SocketTimeoutException]]]

****** comparison: [[[200                                                    ]]]

/",2679,0,100,182,http://localhost:8001/auth/login,0,0,1
1776748967891,10001,Login for Token,Non HTTP response code: java.net.SocketTimeoutException,Non HTTP response message: Read timed out,Review Submission Load Test 3-41,text,false,,2679,0,82,182,http://localhost:8001/auth/login,0,0,0
1776748977894,0,POST /reviews/,401,Unauthorized,Review Submission Load Test 3-41,text,false,,204,299,82,182,http://localhost:8004/reviews/,0,0,0
1776748973427,4536,POST /auth/login,200,OK,Login Load Test 1-13,text,true,,316,243,100,182,http://localhost:8001/auth/login,4536,0,0
1776748968068,10002,POST /auth/login,Non HTTP response code: java.net.SocketTimeoutException,Non HTTP response message: Read timed out,Login Load Test 1-75,text,false,"Test failed: code expected to equal /

****** received  : [[[Non HTTP response code: java.net.SocketTimeoutException]]]

****** comparison: [[[200                                                    ]]]

/",2679,0,100,182,http://localhost:8001/auth/login,0,0,0
1776748968086,10001,Login for Token,Non HTTP response code: java.net.SocketTimeoutException,Non HTTP response message: Read timed out,Review Submission Load Test 3-75,text,false,,2679,0,82,182,http://localhost:8001/auth/login,0,0,0
1776748978089,2,POST /reviews/,401,Unauthorized,Review Submission Load Test 3-75,text,false,,204,299,82,182,http://localhost:8004/reviews/,2,0,1
1776748968173,10002,POST /auth/login,Non HTTP response code: java.net.SocketTimeoutException,Non HTTP response message: Read timed out,Login Load Test 1-42,text,false,"Test failed: code expected to equal /

****** received  : [[[Non HTTP response code: java.net.SocketTimeoutException]]]

****** comparison: [[[200                                                    ]]]

/",2679,0,100,182,http://localhost:8001/auth/login,0,0,1
1776748968190,10000,Login for Token,Non HTTP response code: java.net.SocketTimeoutException,Non HTTP response message: Read timed out,Review Submission Load Test 3-42,text,false,,2679,0,82,182,http://localhost:8001/auth/login,0,0,0
1776748978192,1,POST /reviews/,401,Unauthorized,Review Submission Load Test 3-42,text,false,,204,299,82,182,http://localhost:8004/reviews/,1,0,0
1776748968366,10002,POST /auth/login,Non HTTP response code: java.net.SocketTimeoutException,Non HTTP response message: Read timed out,Login Load Test 1-76,text,false,"Test failed: code expected to equal /

****** received  : [[[Non HTTP response code: java.net.SocketTimeoutException]]]

****** comparison: [[[200                                                    ]]]

/",2679,0,100,182,http://localhost:8001/auth/login,0,0,1
1776748968384,10002,Login for Token,Non HTTP response code: java.net.SocketTimeoutException,Non HTTP response message: Read timed out,Review Submission Load Test 3-76,text,false,,2679,0,82,182,http://localhost:8001/auth/login,0,0,1
1776748978388,1,POST /reviews/,401,Unauthorized,Review Submission Load Test 3-76,text,false,,204,299,82,182,http://localhost:8004/reviews/,1,0,0
1776748968474,10001,POST /auth/login,Non HTTP response code: java.net.SocketTimeoutException,Non HTTP response message: Read timed out,Login Load Test 1-43,text,false,"Test failed: code expected to equal /

****** received  : [[[Non HTTP response code: java.net.SocketTimeoutException]]]

****** comparison: [[[200                                                    ]]]

/",2679,0,100,182,http://localhost:8001/auth/login,0,0,0
1776748968488,10001,Login for Token,Non HTTP response code: java.net.SocketTimeoutException,Non HTTP response message: Read timed out,Review Submission Load Test 3-43,text,false,,2679,0,82,182,http://localhost:8001/auth/login,0,0,0
1776748978491,1,POST /reviews/,401,Unauthorized,Review Submission Load Test 3-43,text,false,,204,299,82,182,http://localhost:8004/reviews/,1,0,0
1776748968670,10002,POST /auth/login,Non HTTP response code: java.net.SocketTimeoutException,Non HTTP response message: Read timed out,Login Load Test 1-77,text,false,"Test failed: code expected to equal /

****** received  : [[[Non HTTP response code: java.net.SocketTimeoutException]]]

****** comparison: [[[200                                                    ]]]

/",2679,0,100,182,http://localhost:8001/auth/login,0,0,1
1776748968686,10001,Login for Token,Non HTTP response code: java.net.SocketTimeoutException,Non HTTP response message: Read timed out,Review Submission Load Test 3-77,text,false,,2679,0,82,182,http://localhost:8001/auth/login,0,0,0
1776748978689,1,POST /reviews/,401,Unauthorized,Review Submission Load Test 3-77,text,false,,204,299,82,182,http://localhost:8004/reviews/,1,0,1
1776748968773,10002,POST /auth/login,Non HTTP response code: java.net.SocketTimeoutException,Non HTTP response message: Read timed out,Login Load Test 1-44,text,false,"Test failed: code expected to equal /

****** received  : [[[Non HTTP response code: java.net.SocketTimeoutException]]]

****** comparison: [[[200                                                    ]]]

/",2679,0,100,182,http://localhost:8001/auth/login,0,0,0
1776748968790,10002,Login for Token,Non HTTP response code: java.net.SocketTimeoutException,Non HTTP response message: Read timed out,Review Submission Load Test 3-44,text,false,,2679,0,82,182,http://localhost:8001/auth/login,0,0,1
1776748978793,2,POST /reviews/,401,Unauthorized,Review Submission Load Test 3-44,text,false,,204,299,82,182,http://localhost:8004/reviews/,2,0,1
1776748968970,10002,POST /auth/login,Non HTTP response code: java.net.SocketTimeoutException,Non HTTP response message: Read timed out,Login Load Test 1-78,text,false,"Test failed: code expected to equal /

****** received  : [[[Non HTTP response code: java.net.SocketTimeoutException]]]

****** comparison: [[[200                                                    ]]]

/",2679,0,100,182,http://localhost:8001/auth/login,0,0,1
1776748974267,4710,POST /auth/login,200,OK,Login Load Test 1-6,text,true,,316,243,100,182,http://localhost:8001/auth/login,4710,0,0
1776748973427,5550,POST /auth/login,200,OK,Login Load Test 1-12,text,true,,316,243,100,182,http://localhost:8001/auth/login,5550,0,0
1776748974267,4710,POST /auth/login,200,OK,Login Load Test 1-2,text,true,,316,243,100,182,http://localhost:8001/auth/login,4710,0,0
1776748974267,4710,POST /auth/login,200,OK,Login Load Test 1-19,text,true,,316,243,100,182,http://localhost:8001/auth/login,4710,0,0
1776748968986,10001,Login for Token,Non HTTP response code: java.net.SocketTimeoutException,Non HTTP response message: Read timed out,Review Submission Load Test 3-78,text,false,,2679,0,82,182,http://localhost:8001/auth/login,0,0,0
1776748978989,2,POST /reviews/,401,Unauthorized,Review Submission Load Test 3-78,text,false,,204,299,82,182,http://localhost:8004/reviews/,2,0,1
1776748969069,10002,POST /auth/login,Non HTTP response code: java.net.SocketTimeoutException,Non HTTP response message: Read timed out,Login Load Test 1-45,text,false,"Test failed: code expected to equal /

****** received  : [[[Non HTTP response code: java.net.SocketTimeoutException]]]

****** comparison: [[[200                                                    ]]]

/",2679,0,100,182,http://localhost:8001/auth/login,0,0,1
1776748969090,10002,Login for Token,Non HTTP response code: java.net.SocketTimeoutException,Non HTTP response message: Read timed out,Review Submission Load Test 3-45,text,false,,2679,0,82,182,http://localhost:8001/auth/login,0,0,1
1776748979093,2,POST /reviews/,401,Unauthorized,Review Submission Load Test 3-45,text,false,,204,299,82,182,http://localhost:8004/reviews/,2,0,1
1776748969268,10001,POST /auth/login,Non HTTP response code: java.net.SocketTimeoutException,Non HTTP response message: Read timed out,Login Load Test 1-79,text,false,"Test failed: code expected to equal /

****** received  : [[[Non HTTP response code: java.net.SocketTimeoutException]]]

****** comparison: [[[200                                                    ]]]

/",2679,0,100,182,http://localhost:8001/auth/login,0,0,1
1776748969286,10001,Login for Token,Non HTTP response code: java.net.SocketTimeoutException,Non HTTP response message: Read timed out,Review Submission Load Test 3-79,text,false,,2679,0,82,182,http://localhost:8001/auth/login,0,0,0
1776748979289,1,POST /reviews/,401,Unauthorized,Review Submission Load Test 3-79,text,false,,204,299,82,182,http://localhost:8004/reviews/,1,0,1
1776748969371,10002,POST /auth/login,Non HTTP response code: java.net.SocketTimeoutException,Non HTTP response message: Read timed out,Login Load Test 1-46,text,false,"Test failed: code expected to equal /

****** received  : [[[Non HTTP response code: java.net.SocketTimeoutException]]]

****** comparison: [[[200                                                    ]]]

/",2679,0,100,182,http://localhost:8001/auth/login,0,0,1
1776748969388,10001,Login for Token,Non HTTP response code: java.net.SocketTimeoutException,Non HTTP response message: Read timed out,Review Submission Load Test 3-46,text,false,,2679,0,82,182,http://localhost:8001/auth/login,0,0,0
1776748979390,2,POST /reviews/,401,Unauthorized,Review Submission Load Test 3-46,text,false,,204,299,82,182,http://localhost:8004/reviews/,2,0,0
1776748974438,5061,POST /auth/login,200,OK,Login Load Test 1-5,text,true,,316,243,100,182,http://localhost:8001/auth/login,5061,0,0
1776748974438,5061,POST /auth/login,200,OK,Login Load Test 1-15,text,true,,316,243,100,182,http://localhost:8001/auth/login,5061,0,0
1776748974268,5231,POST /auth/login,200,OK,Login Load Test 1-8,text,true,,316,243,100,182,http://localhost:8001/auth/login,5231,0,0
1776748974267,5232,POST /auth/login,200,OK,Login Load Test 1-4,text,true,,316,243,100,182,http://localhost:8001/auth/login,5232,0,0
1776748969567,10003,POST /auth/login,Non HTTP response code: java.net.SocketTimeoutException,Non HTTP response message: Read timed out,Login Load Test 1-80,text,false,"Test failed: code expected to equal /

****** received  : [[[Non HTTP response code: java.net.SocketTimeoutException]]]

****** comparison: [[[200                                                    ]]]

/",2679,0,100,182,http://localhost:8001/auth/login,0,0,1
1776748969586,10001,Login for Token,Non HTTP response code: java.net.SocketTimeoutException,Non HTTP response message: Read timed out,Review Submission Load Test 3-80,text,false,,2679,0,82,182,http://localhost:8001/auth/login,0,0,0
1776748979589,1,POST /reviews/,401,Unauthorized,Review Submission Load Test 3-80,text,false,,204,299,82,182,http://localhost:8004/reviews/,1,0,0
1776748969671,10002,POST /auth/login,Non HTTP response code: java.net.SocketTimeoutException,Non HTTP response message: Read timed out,Login Load Test 1-47,text,false,"Test failed: code expected to equal /

****** received  : [[[Non HTTP response code: java.net.SocketTimeoutException]]]

****** comparison: [[[200                                                    ]]]

/",2679,0,100,182,http://localhost:8001/auth/login,0,0,1
1776748969690,10002,Login for Token,Non HTTP response code: java.net.SocketTimeoutException,Non HTTP response message: Read timed out,Review Submission Load Test 3-47,text,false,,2679,0,82,182,http://localhost:8001/auth/login,0,0,0
1776748979693,1,POST /reviews/,401,Unauthorized,Review Submission Load Test 3-47,text,false,,204,299,82,182,http://localhost:8004/reviews/,1,0,0
1776748974438,5397,POST /auth/login,200,OK,Login Load Test 1-14,text,true,,316,243,100,182,http://localhost:8001/auth/login,5397,0,0
1776748969865,10002,POST /auth/login,Non HTTP response code: java.net.SocketTimeoutException,Non HTTP response message: Read timed out,Login Load Test 1-81,text,false,"Test failed: code expected to equal /

****** received  : [[[Non HTTP response code: java.net.SocketTimeoutException]]]

****** comparison: [[[200                                                    ]]]

/",2679,0,100,182,http://localhost:8001/auth/login,0,0,0
1776748969882,10002,Login for Token,Non HTTP response code: java.net.SocketTimeoutException,Non HTTP response message: Read timed out,Review Submission Load Test 3-81,text,false,,2679,0,82,182,http://localhost:8001/auth/login,0,0,1
1776748979886,1,POST /reviews/,401,Unauthorized,Review Submission Load Test 3-81,text,false,,204,299,82,182,http://localhost:8004/reviews/,1,0,0
1776748969969,10002,POST /auth/login,Non HTTP response code: java.net.SocketTimeoutException,Non HTTP response message: Read timed out,Login Load Test 1-48,text,false,"Test failed: code expected to equal /

****** received  : [[[Non HTTP response code: java.net.SocketTimeoutException]]]

****** comparison: [[[200                                                    ]]]

/",2679,0,100,182,http://localhost:8001/auth/login,0,0,1
1776748969987,10002,Login for Token,Non HTTP response code: java.net.SocketTimeoutException,Non HTTP response message: Read timed out,Review Submission Load Test 3-48,text,false,,2679,0,82,182,http://localhost:8001/auth/login,0,0,1
1776748979990,2,POST /reviews/,401,Unauthorized,Review Submission Load Test 3-48,text,false,,204,299,82,182,http://localhost:8004/reviews/,2,0,1
1776748970165,10002,POST /auth/login,Non HTTP response code: java.net.SocketTimeoutException,Non HTTP response message: Read timed out,Login Load Test 1-82,text,false,"Test failed: code expected to equal /

****** received  : [[[Non HTTP response code: java.net.SocketTimeoutException]]]

****** comparison: [[[200                                                    ]]]

/",2679,0,100,182,http://localhost:8001/auth/login,0,0,1
1776748974606,5563,POST /auth/login,200,OK,Login Load Test 1-9,text,true,,316,243,100,182,http://localhost:8001/auth/login,5563,0,0
1776748970186,10001,Login for Token,Non HTTP response code: java.net.SocketTimeoutException,Non HTTP response message: Read timed out,Review Submission Load Test 3-82,text,false,,2679,0,82,182,http://localhost:8001/auth/login,0,0,0
1776748980189,2,POST /reviews/,401,Unauthorized,Review Submission Load Test 3-82,text,false,,204,299,82,182,http://localhost:8004/reviews/,2,0,1
1776748970266,10000,POST /auth/login,Non HTTP response code: java.net.SocketTimeoutException,Non HTTP response message: Read timed out,Login Load Test 1-49,text,false,"Test failed: code expected to equal /

****** received  : [[[Non HTTP response code: java.net.SocketTimeoutException]]]

****** comparison: [[[200                                                    ]]]

/",2679,0,100,182,http://localhost:8001/auth/login,0,0,0
1776748970290,10002,Login for Token,Non HTTP response code: java.net.SocketTimeoutException,Non HTTP response message: Read timed out,Review Submission Load Test 3-49,text,false,,2679,0,82,182,http://localhost:8001/auth/login,0,0,0
1776748980293,2,POST /reviews/,401,Unauthorized,Review Submission Load Test 3-49,text,false,,204,299,82,182,http://localhost:8004/reviews/,2,0,1
1776748970468,10002,POST /auth/login,Non HTTP response code: java.net.SocketTimeoutException,Non HTTP response message: Read timed out,Login Load Test 1-83,text,false,"Test failed: code expected to equal /

****** received  : [[[Non HTTP response code: java.net.SocketTimeoutException]]]

****** comparison: [[[200                                                    ]]]

/",2679,0,100,182,http://localhost:8001/auth/login,0,0,0
1776748970486,10002,Login for Token,Non HTTP response code: java.net.SocketTimeoutException,Non HTTP response message: Read timed out,Review Submission Load Test 3-83,text,false,,2679,0,82,182,http://localhost:8001/auth/login,0,0,1
1776748980490,1,POST /reviews/,401,Unauthorized,Review Submission Load Test 3-83,text,false,,204,299,82,182,http://localhost:8004/reviews/,1,0,0
1776748970570,10002,POST /auth/login,Non HTTP response code: java.net.SocketTimeoutException,Non HTTP response message: Read timed out,Login Load Test 1-50,text,false,"Test failed: code expected to equal /

****** received  : [[[Non HTTP response code: java.net.SocketTimeoutException]]]

****** comparison: [[[200                                                    ]]]

/",2679,0,100,182,http://localhost:8001/auth/login,0,0,1
1776748970588,10001,Login for Token,Non HTTP response code: java.net.SocketTimeoutException,Non HTTP response message: Read timed out,Review Submission Load Test 3-50,text,false,,2679,0,82,182,http://localhost:8001/auth/login,0,0,0
1776748980591,1,POST /reviews/,401,Unauthorized,Review Submission Load Test 3-50,text,false,,204,299,82,182,http://localhost:8004/reviews/,1,0,0
1776748970769,10002,POST /auth/login,Non HTTP response code: java.net.SocketTimeoutException,Non HTTP response message: Read timed out,Login Load Test 1-84,text,false,"Test failed: code expected to equal /

****** received  : [[[Non HTTP response code: java.net.SocketTimeoutException]]]

****** comparison: [[[200                                                    ]]]

/",2679,0,100,182,http://localhost:8001/auth/login,0,0,0
1776748970786,10002,Login for Token,Non HTTP response code: java.net.SocketTimeoutException,Non HTTP response message: Read timed out,Review Submission Load Test 3-84,text,false,,2679,0,82,182,http://localhost:8001/auth/login,0,0,0
1776748980790,1,POST /reviews/,401,Unauthorized,Review Submission Load Test 3-84,text,false,,204,299,82,182,http://localhost:8004/reviews/,1,0,0
1776748970872,10001,POST /auth/login,Non HTTP response code: java.net.SocketTimeoutException,Non HTTP response message: Read timed out,Login Load Test 1-51,text,false,"Test failed: code expected to equal /

****** received  : [[[Non HTTP response code: java.net.SocketTimeoutException]]]

****** comparison: [[[200                                                    ]]]

/",2679,0,100,182,http://localhost:8001/auth/login,0,0,0
1776748970888,10001,Login for Token,Non HTTP response code: java.net.SocketTimeoutException,Non HTTP response message: Read timed out,Review Submission Load Test 3-51,text,false,,2679,0,82,182,http://localhost:8001/auth/login,0,0,0
1776748980890,2,POST /reviews/,401,Unauthorized,Review Submission Load Test 3-51,text,false,,204,299,82,182,http://localhost:8004/reviews/,2,0,1
1776748971070,10001,POST /auth/login,Non HTTP response code: java.net.SocketTimeoutException,Non HTTP response message: Read timed out,Login Load Test 1-85,text,false,"Test failed: code expected to equal /

****** received  : [[[Non HTTP response code: java.net.SocketTimeoutException]]]

****** comparison: [[[200                                                    ]]]

/",2679,0,100,182,http://localhost:8001/auth/login,0,0,0
1776748971087,10001,Login for Token,Non HTTP response code: java.net.SocketTimeoutException,Non HTTP response message: Read timed out,Review Submission Load Test 3-85,text,false,,2679,0,82,182,http://localhost:8001/auth/login,0,0,0
1776748981089,1,POST /reviews/,401,Unauthorized,Review Submission Load Test 3-85,text,false,,204,299,82,182,http://localhost:8004/reviews/,1,0,1
1776748971172,10001,POST /auth/login,Non HTTP response code: java.net.SocketTimeoutException,Non HTTP response message: Read timed out,Login Load Test 1-52,text,false,"Test failed: code expected to equal /

****** received  : [[[Non HTTP response code: java.net.SocketTimeoutException]]]

****** comparison: [[[200                                                    ]]]

/",2679,0,100,182,http://localhost:8001/auth/login,0,0,1
1776748971191,10000,Login for Token,Non HTTP response code: java.net.SocketTimeoutException,Non HTTP response message: Read timed out,Review Submission Load Test 3-52,text,false,,2679,0,82,182,http://localhost:8001/auth/login,0,0,0
1776748981191,1,POST /reviews/,401,Unauthorized,Review Submission Load Test 3-52,text,false,,204,299,82,182,http://localhost:8004/reviews/,1,0,0
1776748971292,10001,Login for Token,Non HTTP response code: java.net.SocketTimeoutException,Non HTTP response message: Read timed out,Review Submission Load Test 3-19,text,false,,2679,0,82,182,http://localhost:8001/auth/login,0,0,0
1776748981293,1,POST /reviews/,401,Unauthorized,Review Submission Load Test 3-19,text,false,,204,299,82,182,http://localhost:8004/reviews/,1,0,1
1776748971370,10001,POST /auth/login,Non HTTP response code: java.net.SocketTimeoutException,Non HTTP response message: Read timed out,Login Load Test 1-86,text,false,"Test failed: code expected to equal /

****** received  : [[[Non HTTP response code: java.net.SocketTimeoutException]]]

****** comparison: [[[200                                                    ]]]

/",2679,0,100,181,http://localhost:8001/auth/login,0,0,0
1776748971383,10002,Login for Token,Non HTTP response code: java.net.SocketTimeoutException,Non HTTP response message: Read timed out,Review Submission Load Test 3-86,text,false,,2679,0,81,181,http://localhost:8001/auth/login,0,0,1
1776748981385,1,POST /reviews/,401,Unauthorized,Review Submission Load Test 3-86,text,false,,204,299,81,181,http://localhost:8004/reviews/,1,0,1
1776748971469,10002,POST /auth/login,Non HTTP response code: java.net.SocketTimeoutException,Non HTTP response message: Read timed out,Login Load Test 1-53,text,false,"Test failed: code expected to equal /

****** received  : [[[Non HTTP response code: java.net.SocketTimeoutException]]]

****** comparison: [[[200                                                    ]]]

/",2679,0,100,181,http://localhost:8001/auth/login,0,0,1
1776748971492,10002,Login for Token,Non HTTP response code: java.net.SocketTimeoutException,Non HTTP response message: Read timed out,Review Submission Load Test 3-53,text,false,,2679,0,81,181,http://localhost:8001/auth/login,0,0,1
1776748981493,2,POST /reviews/,401,Unauthorized,Review Submission Load Test 3-53,text,false,,204,299,81,181,http://localhost:8004/reviews/,2,0,1
1776748976459,5047,POST /auth/login,200,OK,Login Load Test 1-10,text,true,,316,243,100,181,http://localhost:8001/auth/login,5047,0,0
1776748971574,10002,POST /auth/login,Non HTTP response code: java.net.SocketTimeoutException,Non HTTP response message: Read timed out,Login Load Test 1-20,text,false,"Test failed: code expected to equal /

****** received  : [[[Non HTTP response code: java.net.SocketTimeoutException]]]

****** comparison: [[[200                                                    ]]]

/",2679,0,100,181,http://localhost:8001/auth/login,0,0,1
1776748971592,10002,Login for Token,Non HTTP response code: java.net.SocketTimeoutException,Non HTTP response message: Read timed out,Review Submission Load Test 3-20,text,false,,2679,0,81,181,http://localhost:8001/auth/login,0,0,1
1776748981593,2,POST /reviews/,401,Unauthorized,Review Submission Load Test 3-20,text,false,,204,299,81,181,http://localhost:8004/reviews/,2,0,1
1776748971670,10002,POST /auth/login,Non HTTP response code: java.net.SocketTimeoutException,Non HTTP response message: Read timed out,Login Load Test 1-87,text,false,"Test failed: code expected to equal /

****** received  : [[[Non HTTP response code: java.net.SocketTimeoutException]]]

****** comparison: [[[200                                                    ]]]

/",2679,0,100,180,http://localhost:8001/auth/login,0,0,0
1776748971687,10002,Login for Token,Non HTTP response code: java.net.SocketTimeoutException,Non HTTP response message: Read timed out,Review Submission Load Test 3-87,text,false,,2679,0,80,180,http://localhost:8001/auth/login,0,0,1
1776748981689,1,POST /reviews/,401,Unauthorized,Review Submission Load Test 3-87,text,false,,204,299,80,180,http://localhost:8004/reviews/,1,0,0
1776748971773,10001,POST /auth/login,Non HTTP response code: java.net.SocketTimeoutException,Non HTTP response message: Read timed out,Login Load Test 1-54,text,false,"Test failed: code expected to equal /

****** received  : [[[Non HTTP response code: java.net.SocketTimeoutException]]]

****** comparison: [[[200                                                    ]]]

/",2679,0,100,180,http://localhost:8001/auth/login,0,0,0
1776748971790,10002,Login for Token,Non HTTP response code: java.net.SocketTimeoutException,Non HTTP response message: Read timed out,Review Submission Load Test 3-54,text,false,,2679,0,80,180,http://localhost:8001/auth/login,0,0,1
1776748981791,2,POST /reviews/,401,Unauthorized,Review Submission Load Test 3-54,text,false,,204,299,80,180,http://localhost:8004/reviews/,2,0,1
1776748971870,10002,POST /auth/login,Non HTTP response code: java.net.SocketTimeoutException,Non HTTP response message: Read timed out,Login Load Test 1-21,text,false,"Test failed: code expected to equal /

****** received  : [[[Non HTTP response code: java.net.SocketTimeoutException]]]

****** comparison: [[[200                                                    ]]]

/",2679,0,100,180,http://localhost:8001/auth/login,0,0,1
1776748971892,10002,Login for Token,Non HTTP response code: java.net.SocketTimeoutException,Non HTTP response message: Read timed out,Review Submission Load Test 3-21,text,false,,2679,0,80,180,http://localhost:8001/auth/login,0,0,1
1776748981893,2,POST /reviews/,401,Unauthorized,Review Submission Load Test 3-21,text,false,,204,299,80,180,http://localhost:8004/reviews/,2,0,1
1776748971966,10001,POST /auth/login,Non HTTP response code: java.net.SocketTimeoutException,Non HTTP response message: Read timed out,Login Load Test 1-88,text,false,"Test failed: code expected to equal /

****** received  : [[[Non HTTP response code: java.net.SocketTimeoutException]]]

****** comparison: [[[200                                                    ]]]

/",2679,0,100,179,http://localhost:8001/auth/login,0,0,1
1776748971984,10002,Login for Token,Non HTTP response code: java.net.SocketTimeoutException,Non HTTP response message: Read timed out,Review Submission Load Test 3-88,text,false,,2679,0,79,179,http://localhost:8001/auth/login,0,0,0
1776748981986,1,POST /reviews/,401,Unauthorized,Review Submission Load Test 3-88,text,false,,204,299,79,179,http://localhost:8004/reviews/,1,0,0
1776748977129,4879,POST /auth/login,200,OK,Login Load Test 1-11,text,true,,316,243,100,179,http://localhost:8001/auth/login,4879,0,0
1776748976459,5549,POST /auth/login,200,OK,Login Load Test 1-16,text,true,,316,243,100,179,http://localhost:8001/auth/login,5549,0,0
1776748977128,4880,POST /auth/login,200,OK,Login Load Test 1-3,text,true,,316,243,100,179,http://localhost:8001/auth/login,4880,0,0
1776748977129,4879,POST /auth/login,200,OK,Login Load Test 1-17,text,true,,316,243,100,179,http://localhost:8001/auth/login,4879,0,0
1776748977128,4880,POST /auth/login,200,OK,Login Load Test 1-7,text,true,,316,243,100,179,http://localhost:8001/auth/login,4880,0,0
1776748977128,4880,POST /auth/login,200,OK,Login Load Test 1-1,text,true,,316,243,100,179,http://localhost:8001/auth/login,4880,0,0
1776748977128,4881,POST /auth/login,200,OK,Login Load Test 1-18,text,true,,316,243,100,179,http://localhost:8001/auth/login,4881,0,0
1776748972069,10002,POST /auth/login,Non HTTP response code: java.net.SocketTimeoutException,Non HTTP response message: Read timed out,Login Load Test 1-55,text,false,"Test failed: code expected to equal /

****** received  : [[[Non HTTP response code: java.net.SocketTimeoutException]]]

****** comparison: [[[200                                                    ]]]

/",2679,0,100,179,http://localhost:8001/auth/login,0,0,1
1776748972086,10002,Login for Token,Non HTTP response code: java.net.SocketTimeoutException,Non HTTP response message: Read timed out,Review Submission Load Test 3-55,text,false,,2679,0,79,179,http://localhost:8001/auth/login,0,0,1
1776748982088,1,POST /reviews/,401,Unauthorized,Review Submission Load Test 3-55,text,false,,204,299,79,179,http://localhost:8004/reviews/,1,0,1
1776748972174,10001,POST /auth/login,Non HTTP response code: java.net.SocketTimeoutException,Non HTTP response message: Read timed out,Login Load Test 1-22,text,false,"Test failed: code expected to equal /

****** received  : [[[Non HTTP response code: java.net.SocketTimeoutException]]]

****** comparison: [[[200                                                    ]]]

/",2679,0,100,179,http://localhost:8001/auth/login,0,0,0
1776748972193,10001,Login for Token,Non HTTP response code: java.net.SocketTimeoutException,Non HTTP response message: Read timed out,Review Submission Load Test 3-22,text,false,,2679,0,79,179,http://localhost:8001/auth/login,0,0,1
1776748982194,1,POST /reviews/,401,Unauthorized,Review Submission Load Test 3-22,text,false,,204,299,79,179,http://localhost:8004/reviews/,1,0,0
1776748972270,10002,POST /auth/login,Non HTTP response code: java.net.SocketTimeoutException,Non HTTP response message: Read timed out,Login Load Test 1-89,text,false,"Test failed: code expected to equal /

****** received  : [[[Non HTTP response code: java.net.SocketTimeoutException]]]

****** comparison: [[[200                                                    ]]]

/",2679,0,100,178,http://localhost:8001/auth/login,0,0,1
1776748972287,10002,Login for Token,Non HTTP response code: java.net.SocketTimeoutException,Non HTTP response message: Read timed out,Review Submission Load Test 3-89,text,false,,2679,0,78,178,http://localhost:8001/auth/login,0,0,1
1776748982289,1,POST /reviews/,401,Unauthorized,Review Submission Load Test 3-89,text,false,,204,299,78,178,http://localhost:8004/reviews/,1,0,0
1776748977963,4382,POST /auth/login,200,OK,Login Load Test 1-13,text,true,,316,243,100,178,http://localhost:8001/auth/login,4382,0,0
1776748972371,10002,POST /auth/login,Non HTTP response code: java.net.SocketTimeoutException,Non HTTP response message: Read timed out,Login Load Test 1-56,text,false,"Test failed: code expected to equal /

****** received  : [[[Non HTTP response code: java.net.SocketTimeoutException]]]

****** comparison: [[[200                                                    ]]]

/",2679,0,100,178,http://localhost:8001/auth/login,0,0,1
1776748972390,10001,Login for Token,Non HTTP response code: java.net.SocketTimeoutException,Non HTTP response message: Read timed out,Review Submission Load Test 3-56,text,false,,2679,0,78,178,http://localhost:8001/auth/login,0,0,0
1776748982391,1,POST /reviews/,401,Unauthorized,Review Submission Load Test 3-56,text,false,,204,299,78,178,http://localhost:8004/reviews/,1,0,0
1776748972473,10001,POST /auth/login,Non HTTP response code: java.net.SocketTimeoutException,Non HTTP response message: Read timed out,Login Load Test 1-23,text,false,"Test failed: code expected to equal /

****** received  : [[[Non HTTP response code: java.net.SocketTimeoutException]]]

****** comparison: [[[200                                                    ]]]

/",2679,0,100,178,http://localhost:8001/auth/login,0,0,0
1776748972491,10001,Login for Token,Non HTTP response code: java.net.SocketTimeoutException,Non HTTP response message: Read timed out,Review Submission Load Test 3-23,text,false,,2679,0,78,178,http://localhost:8001/auth/login,0,0,1
1776748982492,1,POST /reviews/,401,Unauthorized,Review Submission Load Test 3-23,text,false,,204,299,78,178,http://localhost:8004/reviews/,1,0,0
1776748972567,10002,POST /auth/login,Non HTTP response code: java.net.SocketTimeoutException,Non HTTP response message: Read timed out,Login Load Test 1-90,text,false,"Test failed: code expected to equal /

****** received  : [[[Non HTTP response code: java.net.SocketTimeoutException]]]

****** comparison: [[[200                                                    ]]]

/",2679,0,100,177,http://localhost:8001/auth/login,0,0,0
1776748972586,10002,Login for Token,Non HTTP response code: java.net.SocketTimeoutException,Non HTTP response message: Read timed out,Review Submission Load Test 3-90,text,false,,2679,0,77,177,http://localhost:8001/auth/login,0,0,1
1776748982589,1,POST /reviews/,401,Unauthorized,Review Submission Load Test 3-90,text,false,,204,299,77,177,http://localhost:8004/reviews/,1,0,0
1776748972669,10002,POST /auth/login,Non HTTP response code: java.net.SocketTimeoutException,Non HTTP response message: Read timed out,Login Load Test 1-57,text,false,"Test failed: code expected to equal /

****** received  : [[[Non HTTP response code: java.net.SocketTimeoutException]]]

****** comparison: [[[200                                                    ]]]

/",2679,0,100,177,http://localhost:8001/auth/login,0,0,1
1776748972690,10001,Login for Token,Non HTTP response code: java.net.SocketTimeoutException,Non HTTP response message: Read timed out,Review Submission Load Test 3-57,text,false,,2679,0,77,177,http://localhost:8001/auth/login,0,0,1
1776748982691,1,POST /reviews/,401,Unauthorized,Review Submission Load Test 3-57,text,false,,204,299,77,177,http://localhost:8004/reviews/,1,0,0
1776748972776,10002,POST /auth/login,Non HTTP response code: java.net.SocketTimeoutException,Non HTTP response message: Read timed out,Login Load Test 1-24,text,false,"Test failed: code expected to equal /

****** received  : [[[Non HTTP response code: java.net.SocketTimeoutException]]]

****** comparison: [[[200                                                    ]]]

/",2679,0,100,177,http://localhost:8001/auth/login,0,0,2
1776748972791,10000,Login for Token,Non HTTP response code: java.net.SocketTimeoutException,Non HTTP response message: Read timed out,Review Submission Load Test 3-24,text,false,,2679,0,77,177,http://localhost:8001/auth/login,0,0,0
1776748982791,1,POST /reviews/,401,Unauthorized,Review Submission Load Test 3-24,text,false,,204,299,77,177,http://localhost:8004/reviews/,1,0,0
1776748972870,10001,POST /auth/login,Non HTTP response code: java.net.SocketTimeoutException,Non HTTP response message: Read timed out,Login Load Test 1-91,text,false,"Test failed: code expected to equal /

****** received  : [[[Non HTTP response code: java.net.SocketTimeoutException]]]

****** comparison: [[[200                                                    ]]]

/",2679,0,100,176,http://localhost:8001/auth/login,0,0,0
1776748972887,10001,Login for Token,Non HTTP response code: java.net.SocketTimeoutException,Non HTTP response message: Read timed out,Review Submission Load Test 3-91,text,false,,2679,0,76,176,http://localhost:8001/auth/login,0,0,0
1776748982888,1,POST /reviews/,401,Unauthorized,Review Submission Load Test 3-91,text,false,,204,299,76,176,http://localhost:8004/reviews/,1,0,0
1776748972971,10002,POST /auth/login,Non HTTP response code: java.net.SocketTimeoutException,Non HTTP response message: Read timed out,Login Load Test 1-58,text,false,"Test failed: code expected to equal /

****** received  : [[[Non HTTP response code: java.net.SocketTimeoutException]]]

****** comparison: [[[200                                                    ]]]

/",2679,0,100,176,http://localhost:8001/auth/login,0,0,1
1776748972992,10001,Login for Token,Non HTTP response code: java.net.SocketTimeoutException,Non HTTP response message: Read timed out,Review Submission Load Test 3-58,text,false,,2679,0,76,176,http://localhost:8001/auth/login,0,0,0
1776748982993,1,POST /reviews/,401,Unauthorized,Review Submission Load Test 3-58,text,false,,204,299,76,176,http://localhost:8004/reviews/,1,0,0
1776748973073,10002,POST /auth/login,Non HTTP response code: java.net.SocketTimeoutException,Non HTTP response message: Read timed out,Login Load Test 1-25,text,false,"Test failed: code expected to equal /

****** received  : [[[Non HTTP response code: java.net.SocketTimeoutException]]]

****** comparison: [[[200                                                    ]]]

/",2679,0,100,176,http://localhost:8001/auth/login,0,0,1
1776748973092,10001,Login for Token,Non HTTP response code: java.net.SocketTimeoutException,Non HTTP response message: Read timed out,Review Submission Load Test 3-25,text,false,,2679,0,76,176,http://localhost:8001/auth/login,0,0,0
1776748983093,1,POST /reviews/,401,Unauthorized,Review Submission Load Test 3-25,text,false,,204,299,76,176,http://localhost:8004/reviews/,1,0,0
1776748973167,10002,POST /auth/login,Non HTTP response code: java.net.SocketTimeoutException,Non HTTP response message: Read timed out,Login Load Test 1-92,text,false,"Test failed: code expected to equal /

****** received  : [[[Non HTTP response code: java.net.SocketTimeoutException]]]

****** comparison: [[[200                                                    ]]]

/",2679,0,100,175,http://localhost:8001/auth/login,0,0,0
1776748973187,10001,Login for Token,Non HTTP response code: java.net.SocketTimeoutException,Non HTTP response message: Read timed out,Review Submission Load Test 3-92,text,false,,2679,0,75,175,http://localhost:8001/auth/login,0,0,0
1776748983188,1,POST /reviews/,401,Unauthorized,Review Submission Load Test 3-92,text,false,,204,299,75,175,http://localhost:8004/reviews/,1,0,0
1776748973268,10001,POST /auth/login,Non HTTP response code: java.net.SocketTimeoutException,Non HTTP response message: Read timed out,Login Load Test 1-59,text,false,"Test failed: code expected to equal /

****** received  : [[[Non HTTP response code: java.net.SocketTimeoutException]]]

****** comparison: [[[200                                                    ]]]

/",2679,0,100,175,http://localhost:8001/auth/login,0,0,0
1776748973291,10001,Login for Token,Non HTTP response code: java.net.SocketTimeoutException,Non HTTP response message: Read timed out,Review Submission Load Test 3-59,text,false,,2679,0,75,175,http://localhost:8001/auth/login,0,0,0
1776748983292,1,POST /reviews/,401,Unauthorized,Review Submission Load Test 3-59,text,false,,204,299,75,175,http://localhost:8004/reviews/,1,0,0
1776748973371,10002,POST /auth/login,Non HTTP response code: java.net.SocketTimeoutException,Non HTTP response message: Read timed out,Login Load Test 1-26,text,false,"Test failed: code expected to equal /

****** received  : [[[Non HTTP response code: java.net.SocketTimeoutException]]]

****** comparison: [[[200                                                    ]]]

/",2679,0,100,175,http://localhost:8001/auth/login,0,0,1
1776748973395,10001,Login for Token,Non HTTP response code: java.net.SocketTimeoutException,Non HTTP response message: Read timed out,Review Submission Load Test 3-26,text,false,,2679,0,75,175,http://localhost:8001/auth/login,0,0,0
1776748983395,2,POST /reviews/,401,Unauthorized,Review Submission Load Test 3-26,text,false,,204,299,75,175,http://localhost:8004/reviews/,1,0,1
1776748973469,10002,POST /auth/login,Non HTTP response code: java.net.SocketTimeoutException,Non HTTP response message: Read timed out,Login Load Test 1-93,text,false,"Test failed: code expected to equal /

****** received  : [[[Non HTTP response code: java.net.SocketTimeoutException]]]

****** comparison: [[[200                                                    ]]]

/",2679,0,100,174,http://localhost:8001/auth/login,0,0,1
1776748973487,10001,Login for Token,Non HTTP response code: java.net.SocketTimeoutException,Non HTTP response message: Read timed out,Review Submission Load Test 3-93,text,false,,2679,0,74,174,http://localhost:8001/auth/login,0,0,0
1776748983487,1,POST /reviews/,401,Unauthorized,Review Submission Load Test 3-93,text,false,,204,299,74,174,http://localhost:8004/reviews/,1,0,1
1776748973570,10002,POST /auth/login,Non HTTP response code: java.net.SocketTimeoutException,Non HTTP response message: Read timed out,Login Load Test 1-60,text,false,"Test failed: code expected to equal /

****** received  : [[[Non HTTP response code: java.net.SocketTimeoutException]]]

****** comparison: [[[200                                                    ]]]

/",2679,0,100,174,http://localhost:8001/auth/login,0,0,1
1776748973588,10001,Login for Token,Non HTTP response code: java.net.SocketTimeoutException,Non HTTP response message: Read timed out,Review Submission Load Test 3-60,text,false,,2679,0,74,174,http://localhost:8001/auth/login,0,0,0
1776748983589,1,POST /reviews/,401,Unauthorized,Review Submission Load Test 3-60,text,false,,204,299,74,174,http://localhost:8004/reviews/,1,0,0
1776748973674,10002,POST /auth/login,Non HTTP response code: java.net.SocketTimeoutException,Non HTTP response message: Read timed out,Login Load Test 1-27,text,false,"Test failed: code expected to equal /

****** received  : [[[Non HTTP response code: java.net.SocketTimeoutException]]]

****** comparison: [[[200                                                    ]]]

/",2679,0,100,174,http://localhost:8001/auth/login,0,0,0
1776748973695,10001,Login for Token,Non HTTP response code: java.net.SocketTimeoutException,Non HTTP response message: Read timed out,Review Submission Load Test 3-27,text,false,,2679,0,74,174,http://localhost:8001/auth/login,0,0,0
1776748983696,1,POST /reviews/,401,Unauthorized,Review Submission Load Test 3-27,text,false,,204,299,74,174,http://localhost:8004/reviews/,1,0,0
1776748973770,10002,POST /auth/login,Non HTTP response code: java.net.SocketTimeoutException,Non HTTP response message: Read timed out,Login Load Test 1-94,text,false,"Test failed: code expected to equal /

****** received  : [[[Non HTTP response code: java.net.SocketTimeoutException]]]

****** comparison: [[[200                                                    ]]]

/",2679,0,100,173,http://localhost:8001/auth/login,0,0,1
1776748973784,10001,Login for Token,Non HTTP response code: java.net.SocketTimeoutException,Non HTTP response message: Read timed out,Review Submission Load Test 3-94,text,false,,2679,0,73,173,http://localhost:8001/auth/login,0,0,0
1776748983784,1,POST /reviews/,401,Unauthorized,Review Submission Load Test 3-94,text,false,,204,299,73,173,http://localhost:8004/reviews/,1,0,1
1776748973870,10001,POST /auth/login,Non HTTP response code: java.net.SocketTimeoutException,Non HTTP response message: Read timed out,Login Load Test 1-61,text,false,"Test failed: code expected to equal /

****** received  : [[[Non HTTP response code: java.net.SocketTimeoutException]]]

****** comparison: [[[200                                                    ]]]

/",2679,0,100,173,http://localhost:8001/auth/login,0,0,0
1776748973889,10001,Login for Token,Non HTTP response code: java.net.SocketTimeoutException,Non HTTP response message: Read timed out,Review Submission Load Test 3-61,text,false,,2679,0,73,173,http://localhost:8001/auth/login,0,0,0
1776748983890,1,POST /reviews/,401,Unauthorized,Review Submission Load Test 3-61,text,false,,204,299,73,173,http://localhost:8004/reviews/,1,0,0
1776748973972,10002,POST /auth/login,Non HTTP response code: java.net.SocketTimeoutException,Non HTTP response message: Read timed out,Login Load Test 1-28,text,false,"Test failed: code expected to equal /

****** received  : [[[Non HTTP response code: java.net.SocketTimeoutException]]]

****** comparison: [[[200                                                    ]]]

/",2679,0,100,173,http://localhost:8001/auth/login,0,0,1
1776748973995,10000,Login for Token,Non HTTP response code: java.net.SocketTimeoutException,Non HTTP response message: Read timed out,Review Submission Load Test 3-28,text,false,,2679,0,73,173,http://localhost:8001/auth/login,0,0,0
1776748983995,1,POST /reviews/,401,Unauthorized,Review Submission Load Test 3-28,text,false,,204,299,73,173,http://localhost:8004/reviews/,1,0,0
1776748974066,10002,POST /auth/login,Non HTTP response code: java.net.SocketTimeoutException,Non HTTP response message: Read timed out,Login Load Test 1-95,text,false,"Test failed: code expected to equal /

****** received  : [[[Non HTTP response code: java.net.SocketTimeoutException]]]

****** comparison: [[[200                                                    ]]]

/",2679,0,100,172,http://localhost:8001/auth/login,0,0,1
1776748974084,10001,Login for Token,Non HTTP response code: java.net.SocketTimeoutException,Non HTTP response message: Read timed out,Review Submission Load Test 3-95,text,false,,2679,0,72,172,http://localhost:8001/auth/login,0,0,0
1776748984085,1,POST /reviews/,401,Unauthorized,Review Submission Load Test 3-95,text,false,,204,299,72,172,http://localhost:8004/reviews/,1,0,0
1776748974173,10002,POST /auth/login,Non HTTP response code: java.net.SocketTimeoutException,Non HTTP response message: Read timed out,Login Load Test 1-62,text,false,"Test failed: code expected to equal /

****** received  : [[[Non HTTP response code: java.net.SocketTimeoutException]]]

****** comparison: [[[200                                                    ]]]

/",2679,0,100,172,http://localhost:8001/auth/login,0,0,1
1776748974189,10001,Login for Token,Non HTTP response code: java.net.SocketTimeoutException,Non HTTP response message: Read timed out,Review Submission Load Test 3-62,text,false,,2679,0,72,172,http://localhost:8001/auth/login,0,0,0
1776748984189,2,POST /reviews/,401,Unauthorized,Review Submission Load Test 3-62,text,false,,204,299,72,172,http://localhost:8004/reviews/,2,0,1
1776748974272,10002,POST /auth/login,Non HTTP response code: java.net.SocketTimeoutException,Non HTTP response message: Read timed out,Login Load Test 1-29,text,false,"Test failed: code expected to equal /

****** received  : [[[Non HTTP response code: java.net.SocketTimeoutException]]]

****** comparison: [[[200                                                    ]]]

/",2679,0,100,172,http://localhost:8001/auth/login,0,0,1
1776748974294,10001,Login for Token,Non HTTP response code: java.net.SocketTimeoutException,Non HTTP response message: Read timed out,Review Submission Load Test 3-29,text,false,,2679,0,72,172,http://localhost:8001/auth/login,0,0,0
1776748984295,2,POST /reviews/,401,Unauthorized,Review Submission Load Test 3-29,text,false,,204,299,72,172,http://localhost:8004/reviews/,2,0,1
1776748974370,10002,POST /auth/login,Non HTTP response code: java.net.SocketTimeoutException,Non HTTP response message: Read timed out,Login Load Test 1-96,text,false,"Test failed: code expected to equal /

****** received  : [[[Non HTTP response code: java.net.SocketTimeoutException]]]

****** comparison: [[[200                                                    ]]]

/",2679,0,100,171,http://localhost:8001/auth/login,0,0,0
1776748974383,10002,Login for Token,Non HTTP response code: java.net.SocketTimeoutException,Non HTTP response message: Read timed out,Review Submission Load Test 3-96,text,false,,2679,0,71,171,http://localhost:8001/auth/login,0,0,1
1776748984385,1,POST /reviews/,401,Unauthorized,Review Submission Load Test 3-96,text,false,,204,299,71,171,http://localhost:8004/reviews/,1,0,0
1776748974473,10002,POST /auth/login,Non HTTP response code: java.net.SocketTimeoutException,Non HTTP response message: Read timed out,Login Load Test 1-63,text,false,"Test failed: code expected to equal /

****** received  : [[[Non HTTP response code: java.net.SocketTimeoutException]]]

****** comparison: [[[200                                                    ]]]

/",2679,0,100,171,http://localhost:8001/auth/login,0,0,0
1776748974486,10002,Login for Token,Non HTTP response code: java.net.SocketTimeoutException,Non HTTP response message: Read timed out,Review Submission Load Test 3-63,text,false,,2679,0,71,171,http://localhost:8001/auth/login,0,0,1
1776748984487,1,POST /reviews/,401,Unauthorized,Review Submission Load Test 3-63,text,false,,204,299,71,171,http://localhost:8004/reviews/,1,0,1
1776748978978,5541,POST /auth/login,200,OK,Login Load Test 1-6,text,true,,316,243,100,171,http://localhost:8001/auth/login,5541,0,0
1776748978978,5541,POST /auth/login,200,OK,Login Load Test 1-12,text,true,,316,243,100,171,http://localhost:8001/auth/login,5541,0,0
1776748978978,5541,POST /auth/login,200,OK,Login Load Test 1-2,text,true,,316,243,100,171,http://localhost:8001/auth/login,5541,0,0
1776748974572,10002,POST /auth/login,Non HTTP response code: java.net.SocketTimeoutException,Non HTTP response message: Read timed out,Login Load Test 1-30,text,false,"Test failed: code expected to equal /

****** received  : [[[Non HTTP response code: java.net.SocketTimeoutException]]]

****** comparison: [[[200                                                    ]]]

/",2679,0,100,171,http://localhost:8001/auth/login,0,0,1
1776748974594,10001,Login for Token,Non HTTP response code: java.net.SocketTimeoutException,Non HTTP response message: Read timed out,Review Submission Load Test 3-30,text,false,,2679,0,71,171,http://localhost:8001/auth/login,0,0,0
1776748984595,1,POST /reviews/,401,Unauthorized,Review Submission Load Test 3-30,text,false,,204,299,71,171,http://localhost:8004/reviews/,1,0,0
1776748974670,10001,POST /auth/login,Non HTTP response code: java.net.SocketTimeoutException,Non HTTP response message: Read timed out,Login Load Test 1-97,text,false,"Test failed: code expected to equal /

****** received  : [[[Non HTTP response code: java.net.SocketTimeoutException]]]

****** comparison: [[[200                                                    ]]]

/",2679,0,100,170,http://localhost:8001/auth/login,0,0,0
1776748974687,10001,Login for Token,Non HTTP response code: java.net.SocketTimeoutException,Non HTTP response message: Read timed out,Review Submission Load Test 3-97,text,false,,2679,0,70,170,http://localhost:8001/auth/login,0,0,0
1776748984688,2,POST /reviews/,401,Unauthorized,Review Submission Load Test 3-97,text,false,,204,299,70,170,http://localhost:8004/reviews/,2,0,1
1776748979499,5198,POST /auth/login,200,OK,Login Load Test 1-15,text,true,,316,243,100,170,http://localhost:8001/auth/login,5198,0,0
1776748979499,5198,POST /auth/login,200,OK,Login Load Test 1-5,text,true,,316,243,100,170,http://localhost:8001/auth/login,5198,0,0
1776748978978,5719,POST /auth/login,200,OK,Login Load Test 1-19,text,true,,316,243,100,170,http://localhost:8001/auth/login,5719,0,0
1776748979499,5198,POST /auth/login,200,OK,Login Load Test 1-8,text,true,,316,243,100,170,http://localhost:8001/auth/login,5198,0,0
1776748979499,5198,POST /auth/login,200,OK,Login Load Test 1-4,text,true,,316,243,100,170,http://localhost:8001/auth/login,5198,0,0
1776748974772,10002,POST /auth/login,Non HTTP response code: java.net.SocketTimeoutException,Non HTTP response message: Read timed out,Login Load Test 1-64,text,false,"Test failed: code expected to equal /

****** received  : [[[Non HTTP response code: java.net.SocketTimeoutException]]]

****** comparison: [[[200                                                    ]]]

/",2679,0,100,170,http://localhost:8001/auth/login,0,0,1
1776748974787,10002,Login for Token,Non HTTP response code: java.net.SocketTimeoutException,Non HTTP response message: Read timed out,Review Submission Load Test 3-64,text,false,,2679,0,70,170,http://localhost:8001/auth/login,0,0,0
1776748984788,2,POST /reviews/,401,Unauthorized,Review Submission Load Test 3-64,text,false,,204,299,70,170,http://localhost:8004/reviews/,2,0,0
1776748974873,10000,POST /auth/login,Non HTTP response code: java.net.SocketTimeoutException,Non HTTP response message: Read timed out,Login Load Test 1-31,text,false,"Test failed: code expected to equal /

****** received  : [[[Non HTTP response code: java.net.SocketTimeoutException]]]

****** comparison: [[[200                                                    ]]]

/",2679,0,100,170,http://localhost:8001/auth/login,0,0,0
1776748974892,10001,Login for Token,Non HTTP response code: java.net.SocketTimeoutException,Non HTTP response message: Read timed out,Review Submission Load Test 3-31,text,false,,2679,0,70,170,http://localhost:8001/auth/login,0,0,0
1776748984892,2,POST /reviews/,401,Unauthorized,Review Submission Load Test 3-31,text,false,,204,299,70,170,http://localhost:8004/reviews/,2,0,1
1776748974967,10002,POST /auth/login,Non HTTP response code: java.net.SocketTimeoutException,Non HTTP response message: Read timed out,Login Load Test 1-98,text,false,"Test failed: code expected to equal /

****** received  : [[[Non HTTP response code: java.net.SocketTimeoutException]]]

****** comparison: [[[200                                                    ]]]

/",2679,0,100,169,http://localhost:8001/auth/login,0,0,0
1776748974984,10002,Login for Token,Non HTTP response code: java.net.SocketTimeoutException,Non HTTP response message: Read timed out,Review Submission Load Test 3-98,text,false,,2679,0,69,169,http://localhost:8001/auth/login,0,0,1
1776748984986,1,POST /reviews/,401,Unauthorized,Review Submission Load Test 3-98,text,false,,204,299,69,169,http://localhost:8004/reviews/,1,0,0
1776748979835,5214,POST /auth/login,200,OK,Login Load Test 1-14,text,true,,316,243,100,169,http://localhost:8001/auth/login,5214,0,0
1776748975071,10002,POST /auth/login,Non HTTP response code: java.net.SocketTimeoutException,Non HTTP response message: Read timed out,Login Load Test 1-65,text,false,"Test failed: code expected to equal /

****** received  : [[[Non HTTP response code: java.net.SocketTimeoutException]]]

****** comparison: [[[200                                                    ]]]

/",2679,0,100,169,http://localhost:8001/auth/login,0,0,1
1776748975091,10001,Login for Token,Non HTTP response code: java.net.SocketTimeoutException,Non HTTP response message: Read timed out,Review Submission Load Test 3-65,text,false,,2679,0,69,169,http://localhost:8001/auth/login,0,0,0
1776748985092,1,POST /reviews/,401,Unauthorized,Review Submission Load Test 3-65,text,false,,204,299,69,169,http://localhost:8004/reviews/,1,0,0
1776748975173,10002,POST /auth/login,Non HTTP response code: java.net.SocketTimeoutException,Non HTTP response message: Read timed out,Login Load Test 1-32,text,false,"Test failed: code expected to equal /

****** received  : [[[Non HTTP response code: java.net.SocketTimeoutException]]]

****** comparison: [[[200                                                    ]]]

/",2679,0,100,169,http://localhost:8001/auth/login,0,0,1
1776748975194,10002,Login for Token,Non HTTP response code: java.net.SocketTimeoutException,Non HTTP response message: Read timed out,Review Submission Load Test 3-32,text,false,,2679,0,69,169,http://localhost:8001/auth/login,0,0,1
1776748985195,1,POST /reviews/,401,Unauthorized,Review Submission Load Test 3-32,text,false,,204,299,69,169,http://localhost:8004/reviews/,1,0,0
1776748975267,10002,POST /auth/login,Non HTTP response code: java.net.SocketTimeoutException,Non HTTP response message: Read timed out,Login Load Test 1-99,text,false,"Test failed: code expected to equal /

****** received  : [[[Non HTTP response code: java.net.SocketTimeoutException]]]

****** comparison: [[[200                                                    ]]]

/",2679,0,100,168,http://localhost:8001/auth/login,0,0,1
1776748975286,10002,Login for Token,Non HTTP response code: java.net.SocketTimeoutException,Non HTTP response message: Read timed out,Review Submission Load Test 3-99,text,false,,2679,0,68,168,http://localhost:8001/auth/login,0,0,1
1776748985288,1,POST /reviews/,401,Unauthorized,Review Submission Load Test 3-99,text,false,,204,299,68,168,http://localhost:8004/reviews/,1,0,0
1776748975373,10001,POST /auth/login,Non HTTP response code: java.net.SocketTimeoutException,Non HTTP response message: Read timed out,Login Load Test 1-66,text,false,"Test failed: code expected to equal /

****** received  : [[[Non HTTP response code: java.net.SocketTimeoutException]]]

****** comparison: [[[200                                                    ]]]

/",2679,0,100,168,http://localhost:8001/auth/login,0,0,0
1776748980169,5216,POST /auth/login,200,OK,Login Load Test 1-9,text,true,,316,243,100,168,http://localhost:8001/auth/login,5216,0,0
1776748975390,10002,Login for Token,Non HTTP response code: java.net.SocketTimeoutException,Non HTTP response message: Read timed out,Review Submission Load Test 3-66,text,false,,2679,0,68,168,http://localhost:8001/auth/login,0,0,1
1776748985391,2,POST /reviews/,401,Unauthorized,Review Submission Load Test 3-66,text,false,,204,299,68,168,http://localhost:8004/reviews/,2,0,1
1776748975474,10002,POST /auth/login,Non HTTP response code: java.net.SocketTimeoutException,Non HTTP response message: Read timed out,Login Load Test 1-33,text,false,"Test failed: code expected to equal /

****** received  : [[[Non HTTP response code: java.net.SocketTimeoutException]]]

****** comparison: [[[200                                                    ]]]

/",2679,0,100,168,http://localhost:8001/auth/login,0,0,1
1776748975492,10001,Login for Token,Non HTTP response code: java.net.SocketTimeoutException,Non HTTP response message: Read timed out,Review Submission Load Test 3-33,text,false,,2679,0,68,168,http://localhost:8001/auth/login,0,0,0
1776748985492,1,POST /reviews/,401,Unauthorized,Review Submission Load Test 3-33,text,false,,204,299,68,168,http://localhost:8004/reviews/,1,0,1
1776748975566,10002,POST /auth/login,Non HTTP response code: java.net.SocketTimeoutException,Non HTTP response message: Read timed out,Login Load Test 1-100,text,false,"Test failed: code expected to equal /

****** received  : [[[Non HTTP response code: java.net.SocketTimeoutException]]]

****** comparison: [[[200                                                    ]]]

/",2679,0,100,167,http://localhost:8001/auth/login,0,0,1
1776748975584,10001,Login for Token,Non HTTP response code: java.net.SocketTimeoutException,Non HTTP response message: Read timed out,Review Submission Load Test 3-100,text,false,,2679,0,67,167,http://localhost:8001/auth/login,0,0,0
1776748985585,2,POST /reviews/,401,Unauthorized,Review Submission Load Test 3-100,text,false,,204,299,67,167,http://localhost:8004/reviews/,2,0,1
1776748975668,10002,POST /auth/login,Non HTTP response code: java.net.SocketTimeoutException,Non HTTP response message: Read timed out,Login Load Test 1-67,text,false,"Test failed: code expected to equal /

****** received  : [[[Non HTTP response code: java.net.SocketTimeoutException]]]

****** comparison: [[[200                                                    ]]]

/",2679,0,100,167,http://localhost:8001/auth/login,0,0,1
1776748975689,10001,Login for Token,Non HTTP response code: java.net.SocketTimeoutException,Non HTTP response message: Read timed out,Review Submission Load Test 3-67,text,false,,2679,0,67,167,http://localhost:8001/auth/login,0,0,0
1776748985689,2,POST /reviews/,401,Unauthorized,Review Submission Load Test 3-67,text,false,,204,299,67,167,http://localhost:8004/reviews/,2,0,1
1776748975771,10001,POST /auth/login,Non HTTP response code: java.net.SocketTimeoutException,Non HTTP response message: Read timed out,Login Load Test 1-34,text,false,"Test failed: code expected to equal /

****** received  : [[[Non HTTP response code: java.net.SocketTimeoutException]]]

****** comparison: [[[200                                                    ]]]

/",2679,0,100,167,http://localhost:8001/auth/login,0,0,0
1776748975794,10001,Login for Token,Non HTTP response code: java.net.SocketTimeoutException,Non HTTP response message: Read timed out,Review Submission Load Test 3-34,text,false,,2679,0,67,167,http://localhost:8001/auth/login,0,0,1
1776748985794,2,POST /reviews/,401,Unauthorized,Review Submission Load Test 3-34,text,false,,204,299,67,167,http://localhost:8004/reviews/,2,0,1
1776748975970,10002,POST /auth/login,Non HTTP response code: java.net.SocketTimeoutException,Non HTTP response message: Read timed out,Login Load Test 1-68,text,false,"Test failed: code expected to equal /

****** received  : [[[Non HTTP response code: java.net.SocketTimeoutException]]]

****** comparison: [[[200                                                    ]]]

/",2679,0,100,166,http://localhost:8001/auth/login,0,0,1
1776748975988,10001,Login for Token,Non HTTP response code: java.net.SocketTimeoutException,Non HTTP response message: Read timed out,Review Submission Load Test 3-68,text,false,,2679,0,66,166,http://localhost:8001/auth/login,0,0,0
1776748985989,1,POST /reviews/,401,Unauthorized,Review Submission Load Test 3-68,text,false,,204,299,66,166,http://localhost:8004/reviews/,1,0,0
1776748976069,10001,POST /auth/login,Non HTTP response code: java.net.SocketTimeoutException,Non HTTP response message: Read timed out,Login Load Test 1-35,text,false,"Test failed: code expected to equal /

****** received  : [[[Non HTTP response code: java.net.SocketTimeoutException]]]

****** comparison: [[[200                                                    ]]]

/",2679,0,100,166,http://localhost:8001/auth/login,0,0,0
1776748976094,10001,Login for Token,Non HTTP response code: java.net.SocketTimeoutException,Non HTTP response message: Read timed out,Review Submission Load Test 3-35,text,false,,2679,0,66,166,http://localhost:8001/auth/login,0,0,0
1776748986095,1,POST /reviews/,401,Unauthorized,Review Submission Load Test 3-35,text,false,,204,299,66,166,http://localhost:8004/reviews/,1,0,0
1776748981505,4717,POST /auth/login,200,OK,Login Load Test 1-10,text,true,,316,243,100,165,http://localhost:8001/auth/login,4717,0,0
1776748976270,10002,POST /auth/login,Non HTTP response code: java.net.SocketTimeoutException,Non HTTP response message: Read timed out,Login Load Test 1-69,text,false,"Test failed: code expected to equal /

****** received  : [[[Non HTTP response code: java.net.SocketTimeoutException]]]

****** comparison: [[[200                                                    ]]]

/",2679,0,100,165,http://localhost:8001/auth/login,0,0,1
1776748976288,10001,Login for Token,Non HTTP response code: java.net.SocketTimeoutException,Non HTTP response message: Read timed out,Review Submission Load Test 3-69,text,false,,2679,0,65,165,http://localhost:8001/auth/login,0,0,0
1776748986289,1,POST /reviews/,401,Unauthorized,Review Submission Load Test 3-69,text,false,,204,299,65,165,http://localhost:8004/reviews/,1,0,0
1776748976373,10001,POST /auth/login,Non HTTP response code: java.net.SocketTimeoutException,Non HTTP response message: Read timed out,Login Load Test 1-36,text,false,"Test failed: code expected to equal /

****** received  : [[[Non HTTP response code: java.net.SocketTimeoutException]]]

****** comparison: [[[200                                                    ]]]

/",2679,0,100,165,http://localhost:8001/auth/login,0,0,0
1776748976392,10001,Login for Token,Non HTTP response code: java.net.SocketTimeoutException,Non HTTP response message: Read timed out,Review Submission Load Test 3-36,text,false,,2679,0,65,165,http://localhost:8001/auth/login,0,0,0
1776748986393,1,POST /reviews/,401,Unauthorized,Review Submission Load Test 3-36,text,false,,204,299,65,165,http://localhost:8004/reviews/,1,0,0
1776748976570,10002,POST /auth/login,Non HTTP response code: java.net.SocketTimeoutException,Non HTTP response message: Read timed out,Login Load Test 1-70,text,false,"Test failed: code expected to equal /

****** received  : [[[Non HTTP response code: java.net.SocketTimeoutException]]]

****** comparison: [[[200                                                    ]]]

/",2679,0,100,164,http://localhost:8001/auth/login,0,0,0
1776748976591,10001,Login for Token,Non HTTP response code: java.net.SocketTimeoutException,Non HTTP response message: Read timed out,Review Submission Load Test 3-70,text,false,,2679,0,64,164,http://localhost:8001/auth/login,0,0,0
1776748986591,2,POST /reviews/,401,Unauthorized,Review Submission Load Test 3-70,text,false,,204,299,64,164,http://localhost:8004/reviews/,2,0,1
1776748976672,10002,POST /auth/login,Non HTTP response code: java.net.SocketTimeoutException,Non HTTP response message: Read timed out,Login Load Test 1-37,text,false,"Test failed: code expected to equal /

****** received  : [[[Non HTTP response code: java.net.SocketTimeoutException]]]

****** comparison: [[[200                                                    ]]]

/",2679,0,100,164,http://localhost:8001/auth/login,0,0,1
1776748976691,10002,Login for Token,Non HTTP response code: java.net.SocketTimeoutException,Non HTTP response message: Read timed out,Review Submission Load Test 3-37,text,false,,2679,0,64,164,http://localhost:8001/auth/login,0,0,1
1776748986692,2,POST /reviews/,401,Unauthorized,Review Submission Load Test 3-37,text,false,,204,299,64,164,http://localhost:8004/reviews/,2,0,1
1776748976867,10002,POST /auth/login,Non HTTP response code: java.net.SocketTimeoutException,Non HTTP response message: Read timed out,Login Load Test 1-71,text,false,"Test failed: code expected to equal /

****** received  : [[[Non HTTP response code: java.net.SocketTimeoutException]]]

****** comparison: [[[200                                                    ]]]

/",2679,0,100,163,http://localhost:8001/auth/login,0,0,1
1776748976891,10001,Login for Token,Non HTTP response code: java.net.SocketTimeoutException,Non HTTP response message: Read timed out,Review Submission Load Test 3-71,text,false,,2679,0,63,163,http://localhost:8001/auth/login,0,0,0
1776748986891,2,POST /reviews/,401,Unauthorized,Review Submission Load Test 3-71,text,false,,204,299,63,163,http://localhost:8004/reviews/,2,0,1
1776748982007,4921,POST /auth/login,200,OK,Login Load Test 1-11,text,true,,316,243,100,163,http://localhost:8001/auth/login,4921,0,0
1776748982007,4922,POST /auth/login,200,OK,Login Load Test 1-3,text,true,,316,243,100,163,http://localhost:8001/auth/login,4922,0,0
1776748982007,4922,POST /auth/login,200,OK,Login Load Test 1-16,text,true,,316,243,100,163,http://localhost:8001/auth/login,4922,0,0
1776748982007,4922,POST /auth/login,200,OK,Login Load Test 1-7,text,true,,316,243,100,163,http://localhost:8001/auth/login,4922,0,0
1776748982007,4922,POST /auth/login,200,OK,Login Load Test 1-1,text,true,,316,243,100,163,http://localhost:8001/auth/login,4922,0,0
1776748976974,10001,POST /auth/login,Non HTTP response code: java.net.SocketTimeoutException,Non HTTP response message: Read timed out,Login Load Test 1-38,text,false,"Test failed: code expected to equal /

****** received  : [[[Non HTTP response code: java.net.SocketTimeoutException]]]

****** comparison: [[[200                                                    ]]]

/",2679,0,99,162,http://localhost:8001/auth/login,0,0,1
1776748976996,10001,Login for Token,Non HTTP response code: java.net.SocketTimeoutException,Non HTTP response message: Read timed out,Review Submission Load Test 3-38,text,false,,2679,0,63,162,http://localhost:8001/auth/login,0,0,0
1776748986996,1,POST /reviews/,401,Unauthorized,Review Submission Load Test 3-38,text,false,,204,299,63,162,http://localhost:8004/reviews/,1,0,0
1776748977167,10002,POST /auth/login,Non HTTP response code: java.net.SocketTimeoutException,Non HTTP response message: Read timed out,Login Load Test 1-72,text,false,"Test failed: code expected to equal /

****** received  : [[[Non HTTP response code: java.net.SocketTimeoutException]]]

****** comparison: [[[200                                                    ]]]

/",2679,0,99,161,http://localhost:8001/auth/login,0,0,1
1776748977191,10000,Login for Token,Non HTTP response code: java.net.SocketTimeoutException,Non HTTP response message: Read timed out,Review Submission Load Test 3-72,text,false,,2679,0,62,161,http://localhost:8001/auth/login,0,0,0
1776748987191,1,POST /reviews/,401,Unauthorized,Review Submission Load Test 3-72,text,false,,204,299,62,161,http://localhost:8004/reviews/,1,0,0
1776748982007,5264,POST /auth/login,200,OK,Login Load Test 1-17,text,true,,316,243,99,161,http://localhost:8001/auth/login,5264,0,0
1776748982344,4928,POST /auth/login,200,OK,Login Load Test 1-13,text,true,,316,243,99,161,http://localhost:8001/auth/login,4928,0,0
1776748982008,5263,POST /auth/login,200,OK,Login Load Test 1-18,text,true,,316,243,99,161,http://localhost:8001/auth/login,5263,0,0
1776748977274,10002,POST /auth/login,Non HTTP response code: java.net.SocketTimeoutException,Non HTTP response message: Read timed out,Login Load Test 1-39,text,false,"Test failed: code expected to equal /

****** received  : [[[Non HTTP response code: java.net.SocketTimeoutException]]]

****** comparison: [[[200                                                    ]]]

/",2679,0,99,161,http://localhost:8001/auth/login,0,0,0
1776748977295,10000,Login for Token,Non HTTP response code: java.net.SocketTimeoutException,Non HTTP response message: Read timed out,Review Submission Load Test 3-39,text,false,,2679,0,62,161,http://localhost:8001/auth/login,0,0,0
1776748987295,1,POST /reviews/,401,Unauthorized,Review Submission Load Test 3-39,text,false,,204,299,62,161,http://localhost:8004/reviews/,1,0,0
1776748977469,10002,POST /auth/login,Non HTTP response code: java.net.SocketTimeoutException,Non HTTP response message: Read timed out,Login Load Test 1-73,text,false,"Test failed: code expected to equal /

****** received  : [[[Non HTTP response code: java.net.SocketTimeoutException]]]

****** comparison: [[[200                                                    ]]]

/",2679,0,99,160,http://localhost:8001/auth/login,0,0,1
1776748977491,10001,Login for Token,Non HTTP response code: java.net.SocketTimeoutException,Non HTTP response message: Read timed out,Review Submission Load Test 3-73,text,false,,2679,0,61,160,http://localhost:8001/auth/login,0,0,0
1776748987491,1,POST /reviews/,401,Unauthorized,Review Submission Load Test 3-73,text,false,,204,299,61,160,http://localhost:8004/reviews/,1,0,0
1776748977575,10002,POST /auth/login,Non HTTP response code: java.net.SocketTimeoutException,Non HTTP response message: Read timed out,Login Load Test 1-40,text,false,"Test failed: code expected to equal /

****** received  : [[[Non HTTP response code: java.net.SocketTimeoutException]]]

****** comparison: [[[200                                                    ]]]

/",2679,0,99,160,http://localhost:8001/auth/login,0,0,1
1776748977594,10001,Login for Token,Non HTTP response code: java.net.SocketTimeoutException,Non HTTP response message: Read timed out,Review Submission Load Test 3-40,text,false,,2679,0,61,160,http://localhost:8001/auth/login,0,0,0
1776748987595,1,POST /reviews/,401,Unauthorized,Review Submission Load Test 3-40,text,false,,204,299,61,160,http://localhost:8004/reviews/,1,0,0
1776748977772,10002,POST /auth/login,Non HTTP response code: java.net.SocketTimeoutException,Non HTTP response message: Read timed out,Login Load Test 1-74,text,false,"Test failed: code expected to equal /

****** received  : [[[Non HTTP response code: java.net.SocketTimeoutException]]]

****** comparison: [[[200                                                    ]]]

/",2679,0,99,159,http://localhost:8001/auth/login,0,0,1
1776748977788,10001,Login for Token,Non HTTP response code: java.net.SocketTimeoutException,Non HTTP response message: Read timed out,Review Submission Load Test 3-74,text,false,,2679,0,60,159,http://localhost:8001/auth/login,0,0,0
1776748987788,2,POST /reviews/,401,Unauthorized,Review Submission Load Test 3-74,text,false,,204,299,60,159,http://localhost:8004/reviews/,2,0,1
1776748977872,10002,POST /auth/login,Non HTTP response code: java.net.SocketTimeoutException,Non HTTP response message: Read timed out,Login Load Test 1-41,text,false,"Test failed: code expected to equal /

****** received  : [[[Non HTTP response code: java.net.SocketTimeoutException]]]

****** comparison: [[[200                                                    ]]]

/",2679,0,99,159,http://localhost:8001/auth/login,0,0,1
1776748977895,10001,Login for Token,Non HTTP response code: java.net.SocketTimeoutException,Non HTTP response message: Read timed out,Review Submission Load Test 3-41,text,false,,2679,0,60,159,http://localhost:8001/auth/login,0,0,0
1776748987895,1,POST /reviews/,401,Unauthorized,Review Submission Load Test 3-41,text,false,,204,299,60,159,http://localhost:8004/reviews/,1,0,0
1776748978071,10002,POST /auth/login,Non HTTP response code: java.net.SocketTimeoutException,Non HTTP response message: Read timed out,Login Load Test 1-75,text,false,"Test failed: code expected to equal /

****** received  : [[[Non HTTP response code: java.net.SocketTimeoutException]]]

****** comparison: [[[200                                                    ]]]

/",2679,0,99,158,http://localhost:8001/auth/login,0,0,1
1776748978091,10001,Login for Token,Non HTTP response code: java.net.SocketTimeoutException,Non HTTP response message: Read timed out,Review Submission Load Test 3-75,text,false,,2679,0,59,158,http://localhost:8001/auth/login,0,0,0
1776748988091,2,POST /reviews/,401,Unauthorized,Review Submission Load Test 3-75,text,false,,204,299,59,158,http://localhost:8004/reviews/,2,0,1
1776748978177,10002,POST /auth/login,Non HTTP response code: java.net.SocketTimeoutException,Non HTTP response message: Read timed out,Login Load Test 1-42,text,false,"Test failed: code expected to equal /

****** received  : [[[Non HTTP response code: java.net.SocketTimeoutException]]]

****** comparison: [[[200                                                    ]]]

/",2679,0,99,158,http://localhost:8001/auth/login,0,0,0
1776748978193,10001,Login for Token,Non HTTP response code: java.net.SocketTimeoutException,Non HTTP response message: Read timed out,Review Submission Load Test 3-42,text,false,,2679,0,59,158,http://localhost:8001/auth/login,0,0,1
1776748988193,2,POST /reviews/,401,Unauthorized,Review Submission Load Test 3-42,text,false,,204,299,59,158,http://localhost:8004/reviews/,2,0,1
1776748978370,10002,POST /auth/login,Non HTTP response code: java.net.SocketTimeoutException,Non HTTP response message: Read timed out,Login Load Test 1-76,text,false,"Test failed: code expected to equal /

****** received  : [[[Non HTTP response code: java.net.SocketTimeoutException]]]

****** comparison: [[[200                                                    ]]]

/",2679,0,99,157,http://localhost:8001/auth/login,0,0,0
1776748978389,10002,Login for Token,Non HTTP response code: java.net.SocketTimeoutException,Non HTTP response message: Read timed out,Review Submission Load Test 3-76,text,false,,2679,0,58,157,http://localhost:8001/auth/login,0,0,0
1776748988390,1,POST /reviews/,401,Unauthorized,Review Submission Load Test 3-76,text,false,,204,299,58,157,http://localhost:8004/reviews/,1,0,0
1776748978477,10002,POST /auth/login,Non HTTP response code: java.net.SocketTimeoutException,Non HTTP response message: Read timed out,Login Load Test 1-43,text,false,"Test failed: code expected to equal /

****** received  : [[[Non HTTP response code: java.net.SocketTimeoutException]]]

****** comparison: [[[200                                                    ]]]

/",2679,0,99,157,http://localhost:8001/auth/login,0,0,1
1776748978492,10001,Login for Token,Non HTTP response code: java.net.SocketTimeoutException,Non HTTP response message: Read timed out,Review Submission Load Test 3-43,text,false,,2679,0,58,157,http://localhost:8001/auth/login,0,0,0
1776748988493,1,POST /reviews/,401,Unauthorized,Review Submission Load Test 3-43,text,false,,204,299,58,157,http://localhost:8004/reviews/,1,0,0
1776748978674,10001,POST /auth/login,Non HTTP response code: java.net.SocketTimeoutException,Non HTTP response message: Read timed out,Login Load Test 1-77,text,false,"Test failed: code expected to equal /

****** received  : [[[Non HTTP response code: java.net.SocketTimeoutException]]]

****** comparison: [[[200                                                    ]]]

/",2679,0,99,156,http://localhost:8001/auth/login,0,0,0
1776748978691,10000,Login for Token,Non HTTP response code: java.net.SocketTimeoutException,Non HTTP response message: Read timed out,Review Submission Load Test 3-77,text,false,,2679,0,57,156,http://localhost:8001/auth/login,0,0,0
1776748988690,2,POST /reviews/,401,Unauthorized,Review Submission Load Test 3-77,text,false,,204,299,57,156,http://localhost:8004/reviews/,2,0,1
1776748978776,10002,POST /auth/login,Non HTTP response code: java.net.SocketTimeoutException,Non HTTP response message: Read timed out,Login Load Test 1-44,text,false,"Test failed: code expected to equal /

****** received  : [[[Non HTTP response code: java.net.SocketTimeoutException]]]

****** comparison: [[[200                                                    ]]]

/",2679,0,99,156,http://localhost:8001/auth/login,0,0,1
1776748978795,10001,Login for Token,Non HTTP response code: java.net.SocketTimeoutException,Non HTTP response message: Read timed out,Review Submission Load Test 3-44,text,false,,2679,0,57,156,http://localhost:8001/auth/login,0,0,0
1776748988796,1,POST /reviews/,401,Unauthorized,Review Submission Load Test 3-44,text,false,,204,299,57,156,http://localhost:8004/reviews/,1,0,0
1776748978974,10002,POST /auth/login,Non HTTP response code: java.net.SocketTimeoutException,Non HTTP response message: Read timed out,Login Load Test 1-78,text,false,"Test failed: code expected to equal /

****** received  : [[[Non HTTP response code: java.net.SocketTimeoutException]]]

****** comparison: [[[200                                                    ]]]

/",2679,0,99,155,http://localhost:8001/auth/login,0,0,0
1776748978991,10000,Login for Token,Non HTTP response code: java.net.SocketTimeoutException,Non HTTP response message: Read timed out,Review Submission Load Test 3-78,text,false,,2679,0,56,155,http://localhost:8001/auth/login,0,0,0
1776748988991,1,POST /reviews/,401,Unauthorized,Review Submission Load Test 3-78,text,false,,204,299,56,155,http://localhost:8004/reviews/,1,0,0
1776748979073,10001,POST /auth/login,Non HTTP response code: java.net.SocketTimeoutException,Non HTTP response message: Read timed out,Login Load Test 1-45,text,false,"Test failed: code expected to equal /

****** received  : [[[Non HTTP response code: java.net.SocketTimeoutException]]]

****** comparison: [[[200                                                    ]]]

/",2679,0,99,155,http://localhost:8001/auth/login,0,0,0
1776748979095,10002,Login for Token,Non HTTP response code: java.net.SocketTimeoutException,Non HTTP response message: Read timed out,Review Submission Load Test 3-45,text,false,,2679,0,56,155,http://localhost:8001/auth/login,0,0,0
1776748989096,1,POST /reviews/,401,Unauthorized,Review Submission Load Test 3-45,text,false,,204,299,56,155,http://localhost:8004/reviews/,1,0,0
1776748979271,10001,POST /auth/login,Non HTTP response code: java.net.SocketTimeoutException,Non HTTP response message: Read timed out,Login Load Test 1-79,text,false,"Test failed: code expected to equal /

****** received  : [[[Non HTTP response code: java.net.SocketTimeoutException]]]

****** comparison: [[[200                                                    ]]]

/",2679,0,99,154,http://localhost:8001/auth/login,0,0,0
1776748979291,10001,Login for Token,Non HTTP response code: java.net.SocketTimeoutException,Non HTTP response message: Read timed out,Review Submission Load Test 3-79,text,false,,2679,0,55,154,http://localhost:8001/auth/login,0,0,0
1776748989291,2,POST /reviews/,401,Unauthorized,Review Submission Load Test 3-79,text,false,,204,299,55,154,http://localhost:8004/reviews/,2,0,1
1776748984518,4783,POST /auth/login,200,OK,Login Load Test 1-12,text,true,,316,243,99,154,http://localhost:8001/auth/login,4783,0,0
1776748984518,4783,POST /auth/login,200,OK,Login Load Test 1-6,text,true,,316,243,99,154,http://localhost:8001/auth/login,4783,0,0
1776748979375,10002,POST /auth/login,Non HTTP response code: java.net.SocketTimeoutException,Non HTTP response message: Read timed out,Login Load Test 1-46,text,false,"Test failed: code expected to equal /

****** received  : [[[Non HTTP response code: java.net.SocketTimeoutException]]]

****** comparison: [[[200                                                    ]]]

/",2679,0,99,154,http://localhost:8001/auth/login,0,0,0
1776748979392,10000,Login for Token,Non HTTP response code: java.net.SocketTimeoutException,Non HTTP response message: Read timed out,Review Submission Load Test 3-46,text,false,,2679,0,55,154,http://localhost:8001/auth/login,0,0,0
1776748989392,1,POST /reviews/,401,Unauthorized,Review Submission Load Test 3-46,text,false,,204,299,55,154,http://localhost:8004/reviews/,1,0,0
1776748979571,10001,POST /auth/login,Non HTTP response code: java.net.SocketTimeoutException,Non HTTP response message: Read timed out,Login Load Test 1-80,text,false,"Test failed: code expected to equal /

****** received  : [[[Non HTTP response code: java.net.SocketTimeoutException]]]

****** comparison: [[[200                                                    ]]]

/",2679,0,99,153,http://localhost:8001/auth/login,0,0,1
1776748979590,10001,Login for Token,Non HTTP response code: java.net.SocketTimeoutException,Non HTTP response message: Read timed out,Review Submission Load Test 3-80,text,false,,2679,0,54,153,http://localhost:8001/auth/login,0,0,0
1776748989591,1,POST /reviews/,401,Unauthorized,Review Submission Load Test 3-80,text,false,,204,299,54,153,http://localhost:8004/reviews/,1,0,0
1776748979675,10001,POST /auth/login,Non HTTP response code: java.net.SocketTimeoutException,Non HTTP response message: Read timed out,Login Load Test 1-47,text,false,"Test failed: code expected to equal /

****** received  : [[[Non HTTP response code: java.net.SocketTimeoutException]]]

****** comparison: [[[200                                                    ]]]

/",2679,0,99,153,http://localhost:8001/auth/login,0,0,0
1776748979694,10001,Login for Token,Non HTTP response code: java.net.SocketTimeoutException,Non HTTP response message: Read timed out,Review Submission Load Test 3-47,text,false,,2679,0,54,153,http://localhost:8001/auth/login,0,0,0
1776748989694,1,POST /reviews/,401,Unauthorized,Review Submission Load Test 3-47,text,false,,204,299,54,153,http://localhost:8004/reviews/,1,0,0
1776748979868,10002,POST /auth/login,Non HTTP response code: java.net.SocketTimeoutException,Non HTTP response message: Read timed out,Login Load Test 1-81,text,false,"Test failed: code expected to equal /

****** received  : [[[Non HTTP response code: java.net.SocketTimeoutException]]]

****** comparison: [[[200                                                    ]]]

/",2679,0,99,152,http://localhost:8001/auth/login,0,0,1
1776748979887,10001,Login for Token,Non HTTP response code: java.net.SocketTimeoutException,Non HTTP response message: Read timed out,Review Submission Load Test 3-81,text,false,,2679,0,53,152,http://localhost:8001/auth/login,0,0,0
1776748989888,1,POST /reviews/,401,Unauthorized,Review Submission Load Test 3-81,text,false,,204,299,53,152,http://localhost:8004/reviews/,1,0,0
1776748984518,5452,POST /auth/login,200,OK,Login Load Test 1-2,text,true,,316,243,99,152,http://localhost:8001/auth/login,5452,0,0
1776748984696,5274,POST /auth/login,200,OK,Login Load Test 1-4,text,true,,316,243,99,152,http://localhost:8001/auth/login,5274,0,0
1776748984696,5275,POST /auth/login,200,OK,Login Load Test 1-19,text,true,,316,243,98,151,http://localhost:8001/auth/login,5275,0,0
1776748984696,5275,POST /auth/login,200,OK,Login Load Test 1-5,text,true,,316,243,98,151,http://localhost:8001/auth/login,5275,0,0
1776748984696,5275,POST /auth/login,200,OK,Login Load Test 1-8,text,true,,316,243,98,151,http://localhost:8001/auth/login,5275,0,0
1776748984696,5275,POST /auth/login,200,OK,Login Load Test 1-15,text,true,,316,243,98,151,http://localhost:8001/auth/login,5275,0,0
1776748979973,10002,POST /auth/login,Non HTTP response code: java.net.SocketTimeoutException,Non HTTP response message: Read timed out,Login Load Test 1-48,text,false,"Test failed: code expected to equal /

****** received  : [[[Non HTTP response code: java.net.SocketTimeoutException]]]

****** comparison: [[[200                                                    ]]]

/",2679,0,98,151,http://localhost:8001/auth/login,0,0,0
1776748979992,10001,Login for Token,Non HTTP response code: java.net.SocketTimeoutException,Non HTTP response message: Read timed out,Review Submission Load Test 3-48,text,false,,2679,0,53,151,http://localhost:8001/auth/login,0,0,0
1776748989992,2,POST /reviews/,401,Unauthorized,Review Submission Load Test 3-48,text,false,,204,299,53,151,http://localhost:8004/reviews/,2,0,1
1776748980170,10001,POST /auth/login,Non HTTP response code: java.net.SocketTimeoutException,Non HTTP response message: Read timed out,Login Load Test 1-82,text,false,"Test failed: code expected to equal /

****** received  : [[[Non HTTP response code: java.net.SocketTimeoutException]]]

****** comparison: [[[200                                                    ]]]

/",2679,0,98,150,http://localhost:8001/auth/login,0,0,0
1776748980191,10001,Login for Token,Non HTTP response code: java.net.SocketTimeoutException,Non HTTP response message: Read timed out,Review Submission Load Test 3-82,text,false,,2679,0,52,150,http://localhost:8001/auth/login,0,0,0
1776748990191,2,POST /reviews/,401,Unauthorized,Review Submission Load Test 3-82,text,false,,204,299,52,150,http://localhost:8004/reviews/,2,0,1
1776748980268,10001,POST /auth/login,Non HTTP response code: java.net.SocketTimeoutException,Non HTTP response message: Read timed out,Login Load Test 1-49,text,false,"Test failed: code expected to equal /

****** received  : [[[Non HTTP response code: java.net.SocketTimeoutException]]]

****** comparison: [[[200                                                    ]]]

/",2679,0,98,150,http://localhost:8001/auth/login,0,0,0
1776748980295,10001,Login for Token,Non HTTP response code: java.net.SocketTimeoutException,Non HTTP response message: Read timed out,Review Submission Load Test 3-49,text,false,,2679,0,52,150,http://localhost:8001/auth/login,0,0,0
1776748990296,1,POST /reviews/,401,Unauthorized,Review Submission Load Test 3-49,text,false,,204,299,52,150,http://localhost:8004/reviews/,1,0,0
1776748980471,10002,POST /auth/login,Non HTTP response code: java.net.SocketTimeoutException,Non HTTP response message: Read timed out,Login Load Test 1-83,text,false,"Test failed: code expected to equal /

****** received  : [[[Non HTTP response code: java.net.SocketTimeoutException]]]

****** comparison: [[[200                                                    ]]]

/",2679,0,98,149,http://localhost:8001/auth/login,0,0,1
1776748980491,10001,Login for Token,Non HTTP response code: java.net.SocketTimeoutException,Non HTTP response message: Read timed out,Review Submission Load Test 3-83,text,false,,2679,0,51,149,http://localhost:8001/auth/login,0,0,0
1776748990491,2,POST /reviews/,401,Unauthorized,Review Submission Load Test 3-83,text,false,,204,299,51,149,http://localhost:8004/reviews/,2,0,1
1776748980573,10001,POST /auth/login,Non HTTP response code: java.net.SocketTimeoutException,Non HTTP response message: Read timed out,Login Load Test 1-50,text,false,"Test failed: code expected to equal /

****** received  : [[[Non HTTP response code: java.net.SocketTimeoutException]]]

****** comparison: [[[200                                                    ]]]

/",2679,0,98,149,http://localhost:8001/auth/login,0,0,1
1776748980592,10001,Login for Token,Non HTTP response code: java.net.SocketTimeoutException,Non HTTP response message: Read timed out,Review Submission Load Test 3-50,text,false,,2679,0,51,149,http://localhost:8001/auth/login,0,0,0
1776748990593,1,POST /reviews/,401,Unauthorized,Review Submission Load Test 3-50,text,false,,204,299,51,149,http://localhost:8004/reviews/,1,0,0
1776748980772,10002,POST /auth/login,Non HTTP response code: java.net.SocketTimeoutException,Non HTTP response message: Read timed out,Login Load Test 1-84,text,false,"Test failed: code expected to equal /

****** received  : [[[Non HTTP response code: java.net.SocketTimeoutException]]]

****** comparison: [[[200                                                    ]]]

/",2679,0,98,148,http://localhost:8001/auth/login,0,0,1
1776748980792,10001,Login for Token,Non HTTP response code: java.net.SocketTimeoutException,Non HTTP response message: Read timed out,Review Submission Load Test 3-84,text,false,,2679,0,50,148,http://localhost:8001/auth/login,0,0,0
1776748990793,1,POST /reviews/,401,Unauthorized,Review Submission Load Test 3-84,text,false,,204,299,50,148,http://localhost:8004/reviews/,1,0,0
1776748985385,5422,POST /auth/login,200,OK,Login Load Test 1-9,text,true,,316,243,98,148,http://localhost:8001/auth/login,5422,0,0
1776748986222,4585,POST /auth/login,200,OK,Login Load Test 1-10,text,true,,316,243,98,148,http://localhost:8001/auth/login,4585,0,0
1776748985048,5759,POST /auth/login,200,OK,Login Load Test 1-14,text,true,,316,243,98,148,http://localhost:8001/auth/login,5759,0,0
1776748980875,10002,POST /auth/login,Non HTTP response code: java.net.SocketTimeoutException,Non HTTP response message: Read timed out,Login Load Test 1-51,text,false,"Test failed: code expected to equal /

****** received  : [[[Non HTTP response code: java.net.SocketTimeoutException]]]

****** comparison: [[[200                                                    ]]]

/",2679,0,98,148,http://localhost:8001/auth/login,0,0,0
1776748980892,10001,Login for Token,Non HTTP response code: java.net.SocketTimeoutException,Non HTTP response message: Read timed out,Review Submission Load Test 3-51,text,false,,2679,0,50,148,http://localhost:8001/auth/login,0,0,0
1776748990892,1,POST /reviews/,401,Unauthorized,Review Submission Load Test 3-51,text,false,,204,299,50,148,http://localhost:8004/reviews/,1,0,0
1776748981071,10002,POST /auth/login,Non HTTP response code: java.net.SocketTimeoutException,Non HTTP response message: Read timed out,Login Load Test 1-85,text,false,"Test failed: code expected to equal /

****** received  : [[[Non HTTP response code: java.net.SocketTimeoutException]]]

****** comparison: [[[200                                                    ]]]

/",2679,0,98,147,http://localhost:8001/auth/login,0,0,1
1776748981090,10002,Login for Token,Non HTTP response code: java.net.SocketTimeoutException,Non HTTP response message: Read timed out,Review Submission Load Test 3-85,text,false,,2679,0,49,147,http://localhost:8001/auth/login,0,0,1
1776748991092,2,POST /reviews/,401,Unauthorized,Review Submission Load Test 3-85,text,false,,204,299,49,147,http://localhost:8004/reviews/,2,0,1
1776748981173,10003,POST /auth/login,Non HTTP response code: java.net.SocketTimeoutException,Non HTTP response message: Read timed out,Login Load Test 1-52,text,false,"Test failed: code expected to equal /

****** received  : [[[Non HTTP response code: java.net.SocketTimeoutException]]]

****** comparison: [[[200                                                    ]]]

/",2679,0,98,147,http://localhost:8001/auth/login,0,0,2
1776748981192,10002,Login for Token,Non HTTP response code: java.net.SocketTimeoutException,Non HTTP response message: Read timed out,Review Submission Load Test 3-52,text,false,,2679,0,49,147,http://localhost:8001/auth/login,0,0,0
1776748991194,1,POST /reviews/,401,Unauthorized,Review Submission Load Test 3-52,text,false,,204,299,49,147,http://localhost:8004/reviews/,1,0,0
1776748981371,10002,POST /auth/login,Non HTTP response code: java.net.SocketTimeoutException,Non HTTP response message: Read timed out,Login Load Test 1-86,text,false,"Test failed: code expected to equal /

****** received  : [[[Non HTTP response code: java.net.SocketTimeoutException]]]

****** comparison: [[[200                                                    ]]]

/",2679,0,98,146,http://localhost:8001/auth/login,0,0,0
1776748981386,10002,Login for Token,Non HTTP response code: java.net.SocketTimeoutException,Non HTTP response message: Read timed out,Review Submission Load Test 3-86,text,false,,2679,0,48,146,http://localhost:8001/auth/login,0,0,1
1776748991388,1,POST /reviews/,401,Unauthorized,Review Submission Load Test 3-86,text,false,,204,299,48,146,http://localhost:8004/reviews/,1,0,1
1776748981471,10001,POST /auth/login,Non HTTP response code: java.net.SocketTimeoutException,Non HTTP response message: Read timed out,Login Load Test 1-53,text,false,"Test failed: code expected to equal /

****** received  : [[[Non HTTP response code: java.net.SocketTimeoutException]]]

****** comparison: [[[200                                                    ]]]

/",2679,0,98,146,http://localhost:8001/auth/login,0,0,0
1776748981495,10001,Login for Token,Non HTTP response code: java.net.SocketTimeoutException,Non HTTP response message: Read timed out,Review Submission Load Test 3-53,text,false,,2679,0,48,146,http://localhost:8001/auth/login,0,0,0
1776748991497,1,POST /reviews/,401,Unauthorized,Review Submission Load Test 3-53,text,false,,204,299,48,146,http://localhost:8004/reviews/,1,0,0
1776748981576,10001,POST /auth/login,Non HTTP response code: java.net.SocketTimeoutException,Non HTTP response message: Read timed out,Login Load Test 1-20,text,false,"Test failed: code expected to equal /

****** received  : [[[Non HTTP response code: java.net.SocketTimeoutException]]]

****** comparison: [[[200                                                    ]]]

/",2679,0,98,145,http://localhost:8001/auth/login,0,0,0
1776748986929,4715,POST /auth/login,200,OK,Login Load Test 1-3,text,true,,316,243,98,145,http://localhost:8001/auth/login,4715,0,0
1776748986929,4715,POST /auth/login,200,OK,Login Load Test 1-16,text,true,,316,243,98,145,http://localhost:8001/auth/login,4715,0,0
1776748986928,4716,POST /auth/login,200,OK,Login Load Test 1-11,text,true,,316,243,98,145,http://localhost:8001/auth/login,4716,0,0
1776748981671,10002,POST /auth/login,Non HTTP response code: java.net.SocketTimeoutException,Non HTTP response message: Read timed out,Login Load Test 1-87,text,false,"Test failed: code expected to equal /

****** received  : [[[Non HTTP response code: java.net.SocketTimeoutException]]]

****** comparison: [[[200                                                    ]]]

/",2679,0,97,144,http://localhost:8001/auth/login,0,0,1
1776748981690,10001,Login for Token,Non HTTP response code: java.net.SocketTimeoutException,Non HTTP response message: Read timed out,Review Submission Load Test 3-87,text,false,,2679,0,47,144,http://localhost:8001/auth/login,0,0,1
1776748991692,1,POST /reviews/,401,Unauthorized,Review Submission Load Test 3-87,text,false,,204,299,47,144,http://localhost:8004/reviews/,1,0,0
1776748981774,10002,POST /auth/login,Non HTTP response code: java.net.SocketTimeoutException,Non HTTP response message: Read timed out,Login Load Test 1-54,text,false,"Test failed: code expected to equal /

****** received  : [[[Non HTTP response code: java.net.SocketTimeoutException]]]

****** comparison: [[[200                                                    ]]]

/",2679,0,97,144,http://localhost:8001/auth/login,0,0,0
1776748981793,10002,Login for Token,Non HTTP response code: java.net.SocketTimeoutException,Non HTTP response message: Read timed out,Review Submission Load Test 3-54,text,false,,2679,0,47,144,http://localhost:8001/auth/login,0,0,1
1776748991795,2,POST /reviews/,401,Unauthorized,Review Submission Load Test 3-54,text,false,,204,299,47,144,http://localhost:8004/reviews/,2,0,1
1776748981872,10002,POST /auth/login,Non HTTP response code: java.net.SocketTimeoutException,Non HTTP response message: Read timed out,Login Load Test 1-21,text,false,"Test failed: code expected to equal /

****** received  : [[[Non HTTP response code: java.net.SocketTimeoutException]]]

****** comparison: [[[200                                                    ]]]

/",2679,0,97,143,http://localhost:8001/auth/login,0,0,0
1776748981967,10002,POST /auth/login,Non HTTP response code: java.net.SocketTimeoutException,Non HTTP response message: Read timed out,Login Load Test 1-88,text,false,"Test failed: code expected to equal /

****** received  : [[[Non HTTP response code: java.net.SocketTimeoutException]]]

****** comparison: [[[200                                                    ]]]

/",2679,0,97,143,http://localhost:8001/auth/login,0,0,0
1776748987272,4706,POST /auth/login,200,OK,Login Load Test 1-13,text,true,,316,243,97,143,http://localhost:8001/auth/login,4706,0,0
1776748987272,4706,POST /auth/login,200,OK,Login Load Test 1-18,text,true,,316,243,97,143,http://localhost:8001/auth/login,4706,0,0
1776748986929,5049,POST /auth/login,200,OK,Login Load Test 1-7,text,true,,316,243,97,143,http://localhost:8001/auth/login,5049,0,0
1776748987272,4706,POST /auth/login,200,OK,Login Load Test 1-17,text,true,,316,243,97,143,http://localhost:8001/auth/login,4706,0,0
1776748981987,10001,Login for Token,Non HTTP response code: java.net.SocketTimeoutException,Non HTTP response message: Read timed out,Review Submission Load Test 3-88,text,false,,2679,0,46,143,http://localhost:8001/auth/login,0,0,0
1776748991989,1,POST /reviews/,401,Unauthorized,Review Submission Load Test 3-88,text,false,,204,299,46,143,http://localhost:8004/reviews/,1,0,0
1776748982070,10002,POST /auth/login,Non HTTP response code: java.net.SocketTimeoutException,Non HTTP response message: Read timed out,Login Load Test 1-55,text,false,"Test failed: code expected to equal /

****** received  : [[[Non HTTP response code: java.net.SocketTimeoutException]]]

****** comparison: [[[200                                                    ]]]

/",2679,0,97,143,http://localhost:8001/auth/login,0,0,1
1776748982090,10001,Login for Token,Non HTTP response code: java.net.SocketTimeoutException,Non HTTP response message: Read timed out,Review Submission Load Test 3-55,text,false,,2679,0,46,143,http://localhost:8001/auth/login,0,0,0
1776748992092,1,POST /reviews/,401,Unauthorized,Review Submission Load Test 3-55,text,false,,204,299,46,143,http://localhost:8004/reviews/,1,0,0
1776748982175,10002,POST /auth/login,Non HTTP response code: java.net.SocketTimeoutException,Non HTTP response message: Read timed out,Login Load Test 1-22,text,false,"Test failed: code expected to equal /

****** received  : [[[Non HTTP response code: java.net.SocketTimeoutException]]]

****** comparison: [[[200                                                    ]]]

/",2679,0,97,142,http://localhost:8001/auth/login,0,0,1
1776748982271,10002,POST /auth/login,Non HTTP response code: java.net.SocketTimeoutException,Non HTTP response message: Read timed out,Login Load Test 1-89,text,false,"Test failed: code expected to equal /

****** received  : [[[Non HTTP response code: java.net.SocketTimeoutException]]]

****** comparison: [[[200                                                    ]]]

/",2679,0,97,142,http://localhost:8001/auth/login,0,0,1
1776748982290,10001,Login for Token,Non HTTP response code: java.net.SocketTimeoutException,Non HTTP response message: Read timed out,Review Submission Load Test 3-89,text,false,,2679,0,45,142,http://localhost:8001/auth/login,0,0,0
1776748992291,1,POST /reviews/,401,Unauthorized,Review Submission Load Test 3-89,text,false,,204,299,45,142,http://localhost:8004/reviews/,1,0,1
1776748982373,10001,POST /auth/login,Non HTTP response code: java.net.SocketTimeoutException,Non HTTP response message: Read timed out,Login Load Test 1-56,text,false,"Test failed: code expected to equal /

****** received  : [[[Non HTTP response code: java.net.SocketTimeoutException]]]

****** comparison: [[[200                                                    ]]]

/",2679,0,97,142,http://localhost:8001/auth/login,0,0,0
1776748982392,10001,Login for Token,Non HTTP response code: java.net.SocketTimeoutException,Non HTTP response message: Read timed out,Review Submission Load Test 3-56,text,false,,2679,0,45,142,http://localhost:8001/auth/login,0,0,0
1776748992394,1,POST /reviews/,401,Unauthorized,Review Submission Load Test 3-56,text,false,,204,299,45,142,http://localhost:8004/reviews/,1,0,0
1776748982473,10002,POST /auth/login,Non HTTP response code: java.net.SocketTimeoutException,Non HTTP response message: Read timed out,Login Load Test 1-23,text,false,"Test failed: code expected to equal /

****** received  : [[[Non HTTP response code: java.net.SocketTimeoutException]]]

****** comparison: [[[200                                                    ]]]

/",2679,0,97,141,http://localhost:8001/auth/login,0,0,1
1776748982568,10002,POST /auth/login,Non HTTP response code: java.net.SocketTimeoutException,Non HTTP response message: Read timed out,Login Load Test 1-90,text,false,"Test failed: code expected to equal /

****** received  : [[[Non HTTP response code: java.net.SocketTimeoutException]]]

****** comparison: [[[200                                                    ]]]

/",2679,0,97,141,http://localhost:8001/auth/login,0,0,1
1776748982590,10002,Login for Token,Non HTTP response code: java.net.SocketTimeoutException,Non HTTP response message: Read timed out,Review Submission Load Test 3-90,text,false,,2679,0,44,141,http://localhost:8001/auth/login,0,0,0
1776748992593,1,POST /reviews/,401,Unauthorized,Review Submission Load Test 3-90,text,false,,204,299,44,141,http://localhost:8004/reviews/,1,0,0
1776748982671,10002,POST /auth/login,Non HTTP response code: java.net.SocketTimeoutException,Non HTTP response message: Read timed out,Login Load Test 1-57,text,false,"Test failed: code expected to equal /

****** received  : [[[Non HTTP response code: java.net.SocketTimeoutException]]]

****** comparison: [[[200                                                    ]]]

/",2679,0,97,141,http://localhost:8001/auth/login,0,0,0
1776748982692,10001,Login for Token,Non HTTP response code: java.net.SocketTimeoutException,Non HTTP response message: Read timed out,Review Submission Load Test 3-57,text,false,,2679,0,44,141,http://localhost:8001/auth/login,0,0,0
1776748992693,1,POST /reviews/,401,Unauthorized,Review Submission Load Test 3-57,text,false,,204,299,44,141,http://localhost:8004/reviews/,1,0,1
1776748982778,10001,POST /auth/login,Non HTTP response code: java.net.SocketTimeoutException,Non HTTP response message: Read timed out,Login Load Test 1-24,text,false,"Test failed: code expected to equal /

****** received  : [[[Non HTTP response code: java.net.SocketTimeoutException]]]

****** comparison: [[[200                                                    ]]]

/",2679,0,97,140,http://localhost:8001/auth/login,0,0,0
1776748982871,10001,POST /auth/login,Non HTTP response code: java.net.SocketTimeoutException,Non HTTP response message: Read timed out,Login Load Test 1-91,text,false,"Test failed: code expected to equal /

****** received  : [[[Non HTTP response code: java.net.SocketTimeoutException]]]

****** comparison: [[[200                                                    ]]]

/",2679,0,97,140,http://localhost:8001/auth/login,0,0,0
1776748982889,10001,Login for Token,Non HTTP response code: java.net.SocketTimeoutException,Non HTTP response message: Read timed out,Review Submission Load Test 3-91,text,false,,2679,0,43,140,http://localhost:8001/auth/login,0,0,0
1776748992891,1,POST /reviews/,401,Unauthorized,Review Submission Load Test 3-91,text,false,,204,299,43,140,http://localhost:8004/reviews/,1,0,0
1776748982973,10001,POST /auth/login,Non HTTP response code: java.net.SocketTimeoutException,Non HTTP response message: Read timed out,Login Load Test 1-58,text,false,"Test failed: code expected to equal /

****** received  : [[[Non HTTP response code: java.net.SocketTimeoutException]]]

****** comparison: [[[200                                                    ]]]

/",2679,0,97,140,http://localhost:8001/auth/login,0,0,0
1776748982994,10001,Login for Token,Non HTTP response code: java.net.SocketTimeoutException,Non HTTP response message: Read timed out,Review Submission Load Test 3-58,text,false,,2679,0,43,140,http://localhost:8001/auth/login,0,0,0
1776748992996,1,POST /reviews/,401,Unauthorized,Review Submission Load Test 3-58,text,false,,204,299,43,140,http://localhost:8004/reviews/,1,0,0
1776748983075,10001,POST /auth/login,Non HTTP response code: java.net.SocketTimeoutException,Non HTTP response message: Read timed out,Login Load Test 1-25,text,false,"Test failed: code expected to equal /

****** received  : [[[Non HTTP response code: java.net.SocketTimeoutException]]]

****** comparison: [[[200                                                    ]]]

/",2679,0,97,139,http://localhost:8001/auth/login,0,0,0
1776748983168,10002,POST /auth/login,Non HTTP response code: java.net.SocketTimeoutException,Non HTTP response message: Read timed out,Login Load Test 1-92,text,false,"Test failed: code expected to equal /

****** received  : [[[Non HTTP response code: java.net.SocketTimeoutException]]]

****** comparison: [[[200                                                    ]]]

/",2679,0,97,139,http://localhost:8001/auth/login,0,0,1
1776748983189,10001,Login for Token,Non HTTP response code: java.net.SocketTimeoutException,Non HTTP response message: Read timed out,Review Submission Load Test 3-92,text,false,,2679,0,42,139,http://localhost:8001/auth/login,0,0,0
1776748993191,1,POST /reviews/,401,Unauthorized,Review Submission Load Test 3-92,text,false,,204,299,42,139,http://localhost:8004/reviews/,1,0,0
1776748983269,10001,POST /auth/login,Non HTTP response code: java.net.SocketTimeoutException,Non HTTP response message: Read timed out,Login Load Test 1-59,text,false,"Test failed: code expected to equal /

****** received  : [[[Non HTTP response code: java.net.SocketTimeoutException]]]

****** comparison: [[[200                                                    ]]]

/",2679,0,97,139,http://localhost:8001/auth/login,0,0,0
1776748983293,10001,Login for Token,Non HTTP response code: java.net.SocketTimeoutException,Non HTTP response message: Read timed out,Review Submission Load Test 3-59,text,false,,2679,0,42,139,http://localhost:8001/auth/login,0,0,0
1776748993295,2,POST /reviews/,401,Unauthorized,Review Submission Load Test 3-59,text,false,,204,299,42,139,http://localhost:8004/reviews/,2,0,0
1776748983373,10002,POST /auth/login,Non HTTP response code: java.net.SocketTimeoutException,Non HTTP response message: Read timed out,Login Load Test 1-26,text,false,"Test failed: code expected to equal /

****** received  : [[[Non HTTP response code: java.net.SocketTimeoutException]]]

****** comparison: [[[200                                                    ]]]

/",2679,0,97,138,http://localhost:8001/auth/login,0,0,1
1776748983471,10001,POST /auth/login,Non HTTP response code: java.net.SocketTimeoutException,Non HTTP response message: Read timed out,Login Load Test 1-93,text,false,"Test failed: code expected to equal /

****** received  : [[[Non HTTP response code: java.net.SocketTimeoutException]]]

****** comparison: [[[200                                                    ]]]

/",2679,0,97,138,http://localhost:8001/auth/login,0,0,0
1776748989301,4188,POST /auth/login,200,OK,Login Load Test 1-6,text,true,,316,243,97,138,http://localhost:8001/auth/login,4188,0,0
1776748989301,4188,POST /auth/login,200,OK,Login Load Test 1-12,text,true,,316,243,97,138,http://localhost:8001/auth/login,4188,0,0
1776748983488,10002,Login for Token,Non HTTP response code: java.net.SocketTimeoutException,Non HTTP response message: Read timed out,Review Submission Load Test 3-93,text,false,,2679,0,41,138,http://localhost:8001/auth/login,0,0,1
1776748993490,1,POST /reviews/,401,Unauthorized,Review Submission Load Test 3-93,text,false,,204,299,41,138,http://localhost:8004/reviews/,1,0,0
1776748983571,10002,POST /auth/login,Non HTTP response code: java.net.SocketTimeoutException,Non HTTP response message: Read timed out,Login Load Test 1-60,text,false,"Test failed: code expected to equal /

****** received  : [[[Non HTTP response code: java.net.SocketTimeoutException]]]

****** comparison: [[[200                                                    ]]]

/",2679,0,97,138,http://localhost:8001/auth/login,0,0,1
1776748983590,10002,Login for Token,Non HTTP response code: java.net.SocketTimeoutException,Non HTTP response message: Read timed out,Review Submission Load Test 3-60,text,false,,2679,0,41,138,http://localhost:8001/auth/login,0,0,1
1776748993592,2,POST /reviews/,401,Unauthorized,Review Submission Load Test 3-60,text,false,,204,299,41,138,http://localhost:8004/reviews/,2,0,1
1776748983675,10002,POST /auth/login,Non HTTP response code: java.net.SocketTimeoutException,Non HTTP response message: Read timed out,Login Load Test 1-27,text,false,"Test failed: code expected to equal /

****** received  : [[[Non HTTP response code: java.net.SocketTimeoutException]]]

****** comparison: [[[200                                                    ]]]

/",2679,0,97,137,http://localhost:8001/auth/login,0,0,1
1776748983771,10002,POST /auth/login,Non HTTP response code: java.net.SocketTimeoutException,Non HTTP response message: Read timed out,Login Load Test 1-94,text,false,"Test failed: code expected to equal /

****** received  : [[[Non HTTP response code: java.net.SocketTimeoutException]]]

****** comparison: [[[200                                                    ]]]

/",2679,0,97,137,http://localhost:8001/auth/login,0,0,1
1776748983785,10001,Login for Token,Non HTTP response code: java.net.SocketTimeoutException,Non HTTP response message: Read timed out,Review Submission Load Test 3-94,text,false,,2679,0,40,137,http://localhost:8001/auth/login,0,0,0
1776748993787,1,POST /reviews/,401,Unauthorized,Review Submission Load Test 3-94,text,false,,204,299,40,137,http://localhost:8004/reviews/,1,0,0
1776748983871,10001,POST /auth/login,Non HTTP response code: java.net.SocketTimeoutException,Non HTTP response message: Read timed out,Login Load Test 1-61,text,false,"Test failed: code expected to equal /

****** received  : [[[Non HTTP response code: java.net.SocketTimeoutException]]]

****** comparison: [[[200                                                    ]]]

/",2679,0,97,137,http://localhost:8001/auth/login,0,0,0
1776748983891,10001,Login for Token,Non HTTP response code: java.net.SocketTimeoutException,Non HTTP response message: Read timed out,Review Submission Load Test 3-61,text,false,,2679,0,40,137,http://localhost:8001/auth/login,0,0,0
1776748993893,1,POST /reviews/,401,Unauthorized,Review Submission Load Test 3-61,text,false,,204,299,40,137,http://localhost:8004/reviews/,1,0,0
1776748983974,10002,POST /auth/login,Non HTTP response code: java.net.SocketTimeoutException,Non HTTP response message: Read timed out,Login Load Test 1-28,text,false,"Test failed: code expected to equal /

****** received  : [[[Non HTTP response code: java.net.SocketTimeoutException]]]

****** comparison: [[[200                                                    ]]]

/",2679,0,97,136,http://localhost:8001/auth/login,0,0,0
1776748984068,10001,POST /auth/login,Non HTTP response code: java.net.SocketTimeoutException,Non HTTP response message: Read timed out,Login Load Test 1-95,text,false,"Test failed: code expected to equal /

****** received  : [[[Non HTTP response code: java.net.SocketTimeoutException]]]

****** comparison: [[[200                                                    ]]]

/",2679,0,97,136,http://localhost:8001/auth/login,0,0,0
1776748984086,10002,Login for Token,Non HTTP response code: java.net.SocketTimeoutException,Non HTTP response message: Read timed out,Review Submission Load Test 3-95,text,false,,2679,0,39,136,http://localhost:8001/auth/login,0,0,0
1776748994088,2,POST /reviews/,401,Unauthorized,Review Submission Load Test 3-95,text,false,,204,299,39,136,http://localhost:8004/reviews/,2,0,1
1776748984175,10001,POST /auth/login,Non HTTP response code: java.net.SocketTimeoutException,Non HTTP response message: Read timed out,Login Load Test 1-62,text,false,"Test failed: code expected to equal /

****** received  : [[[Non HTTP response code: java.net.SocketTimeoutException]]]

****** comparison: [[[200                                                    ]]]

/",2679,0,97,136,http://localhost:8001/auth/login,0,0,0
1776748984191,10001,Login for Token,Non HTTP response code: java.net.SocketTimeoutException,Non HTTP response message: Read timed out,Review Submission Load Test 3-62,text,false,,2679,0,39,136,http://localhost:8001/auth/login,0,0,0
1776748994193,1,POST /reviews/,401,Unauthorized,Review Submission Load Test 3-62,text,false,,204,299,39,136,http://localhost:8004/reviews/,1,0,0
1776748984274,10001,POST /auth/login,Non HTTP response code: java.net.SocketTimeoutException,Non HTTP response message: Read timed out,Login Load Test 1-29,text,false,"Test failed: code expected to equal /

****** received  : [[[Non HTTP response code: java.net.SocketTimeoutException]]]

****** comparison: [[[200                                                    ]]]

/",2679,0,97,135,http://localhost:8001/auth/login,0,0,0
1776748984371,10001,POST /auth/login,Non HTTP response code: java.net.SocketTimeoutException,Non HTTP response message: Read timed out,Login Load Test 1-96,text,false,"Test failed: code expected to equal /

****** received  : [[[Non HTTP response code: java.net.SocketTimeoutException]]]

****** comparison: [[[200                                                    ]]]

/",2679,0,97,135,http://localhost:8001/auth/login,0,0,1
1776748984386,10001,Login for Token,Non HTTP response code: java.net.SocketTimeoutException,Non HTTP response message: Read timed out,Review Submission Load Test 3-96,text,false,,2679,0,38,135,http://localhost:8001/auth/login,0,0,0
1776748994388,1,POST /reviews/,401,Unauthorized,Review Submission Load Test 3-96,text,false,,204,299,38,135,http://localhost:8004/reviews/,1,0,0
1776748984474,10001,POST /auth/login,Non HTTP response code: java.net.SocketTimeoutException,Non HTTP response message: Read timed out,Login Load Test 1-63,text,false,"Test failed: code expected to equal /

****** received  : [[[Non HTTP response code: java.net.SocketTimeoutException]]]

****** comparison: [[[200                                                    ]]]

/",2679,0,97,135,http://localhost:8001/auth/login,0,0,0
1776748984488,10001,Login for Token,Non HTTP response code: java.net.SocketTimeoutException,Non HTTP response message: Read timed out,Review Submission Load Test 3-63,text,false,,2679,0,38,135,http://localhost:8001/auth/login,0,0,1
1776748994490,1,POST /reviews/,401,Unauthorized,Review Submission Load Test 3-63,text,false,,204,299,38,135,http://localhost:8004/reviews/,1,0,0
1776748984574,10000,POST /auth/login,Non HTTP response code: java.net.SocketTimeoutException,Non HTTP response message: Read timed out,Login Load Test 1-30,text,false,"Test failed: code expected to equal /

****** received  : [[[Non HTTP response code: java.net.SocketTimeoutException]]]

****** comparison: [[[200                                                    ]]]

/",2679,0,97,134,http://localhost:8001/auth/login,0,0,0
1776748984670,10001,POST /auth/login,Non HTTP response code: java.net.SocketTimeoutException,Non HTTP response message: Read timed out,Login Load Test 1-97,text,false,"Test failed: code expected to equal /

****** received  : [[[Non HTTP response code: java.net.SocketTimeoutException]]]

****** comparison: [[[200                                                    ]]]

/",2679,0,97,134,http://localhost:8001/auth/login,0,0,0
1776748989971,4706,POST /auth/login,200,OK,Login Load Test 1-15,text,true,,316,243,97,134,http://localhost:8001/auth/login,4706,0,0
1776748989970,4707,POST /auth/login,200,OK,Login Load Test 1-4,text,true,,316,243,97,134,http://localhost:8001/auth/login,4707,0,0
1776748984690,10002,Login for Token,Non HTTP response code: java.net.SocketTimeoutException,Non HTTP response message: Read timed out,Review Submission Load Test 3-97,text,false,,2679,0,37,133,http://localhost:8001/auth/login,0,0,1
1776748994693,1,POST /reviews/,401,Unauthorized,Review Submission Load Test 3-97,text,false,,204,299,37,133,http://localhost:8004/reviews/,1,0,0
1776748984773,10001,POST /auth/login,Non HTTP response code: java.net.SocketTimeoutException,Non HTTP response message: Read timed out,Login Load Test 1-64,text,false,"Test failed: code expected to equal /

****** received  : [[[Non HTTP response code: java.net.SocketTimeoutException]]]

****** comparison: [[[200                                                    ]]]

/",2679,0,96,133,http://localhost:8001/auth/login,0,0,1
1776748984790,10001,Login for Token,Non HTTP response code: java.net.SocketTimeoutException,Non HTTP response message: Read timed out,Review Submission Load Test 3-64,text,false,,2679,0,37,133,http://localhost:8001/auth/login,0,0,0
1776748994792,1,POST /reviews/,401,Unauthorized,Review Submission Load Test 3-64,text,false,,204,299,37,133,http://localhost:8004/reviews/,1,0,0
1776748984873,10001,POST /auth/login,Non HTTP response code: java.net.SocketTimeoutException,Non HTTP response message: Read timed out,Login Load Test 1-31,text,false,"Test failed: code expected to equal /

****** received  : [[[Non HTTP response code: java.net.SocketTimeoutException]]]

****** comparison: [[[200                                                    ]]]

/",2679,0,96,132,http://localhost:8001/auth/login,0,0,0
1776748984968,10002,POST /auth/login,Non HTTP response code: java.net.SocketTimeoutException,Non HTTP response message: Read timed out,Login Load Test 1-98,text,false,"Test failed: code expected to equal /

****** received  : [[[Non HTTP response code: java.net.SocketTimeoutException]]]

****** comparison: [[[200                                                    ]]]

/",2679,0,96,132,http://localhost:8001/auth/login,0,0,1
1776748984987,10002,Login for Token,Non HTTP response code: java.net.SocketTimeoutException,Non HTTP response message: Read timed out,Review Submission Load Test 3-98,text,false,,2679,0,36,132,http://localhost:8001/auth/login,0,0,1
1776748994989,2,POST /reviews/,401,Unauthorized,Review Submission Load Test 3-98,text,false,,204,299,36,132,http://localhost:8004/reviews/,2,0,1
1776748985072,10002,POST /auth/login,Non HTTP response code: java.net.SocketTimeoutException,Non HTTP response message: Read timed out,Login Load Test 1-65,text,false,"Test failed: code expected to equal /

****** received  : [[[Non HTTP response code: java.net.SocketTimeoutException]]]

****** comparison: [[[200                                                    ]]]

/",2679,0,96,132,http://localhost:8001/auth/login,0,0,1
1776748985093,10001,Login for Token,Non HTTP response code: java.net.SocketTimeoutException,Non HTTP response message: Read timed out,Review Submission Load Test 3-65,text,false,,2679,0,36,132,http://localhost:8001/auth/login,0,0,0
1776748995094,3,POST /reviews/,401,Unauthorized,Review Submission Load Test 3-65,text,false,,204,299,36,132,http://localhost:8004/reviews/,3,0,0
1776748985174,10002,POST /auth/login,Non HTTP response code: java.net.SocketTimeoutException,Non HTTP response message: Read timed out,Login Load Test 1-32,text,false,"Test failed: code expected to equal /

****** received  : [[[Non HTTP response code: java.net.SocketTimeoutException]]]

****** comparison: [[[200                                                    ]]]

/",2679,0,96,131,http://localhost:8001/auth/login,0,0,1
1776748990807,4374,POST /auth/login,200,OK,Login Load Test 1-9,text,true,,316,243,96,131,http://localhost:8001/auth/login,4374,0,0
1776748989971,5210,POST /auth/login,200,OK,Login Load Test 1-19,text,true,,316,243,96,131,http://localhost:8001/auth/login,5210,0,0
1776748989971,5210,POST /auth/login,200,OK,Login Load Test 1-5,text,true,,316,243,96,131,http://localhost:8001/auth/login,5210,0,0
1776748985269,10001,POST /auth/login,Non HTTP response code: java.net.SocketTimeoutException,Non HTTP response message: Read timed out,Login Load Test 1-99,text,false,"Test failed: code expected to equal /

****** received  : [[[Non HTTP response code: java.net.SocketTimeoutException]]]

****** comparison: [[[200                                                    ]]]

/",2679,0,95,130,http://localhost:8001/auth/login,0,0,0
1776748985289,10002,Login for Token,Non HTTP response code: java.net.SocketTimeoutException,Non HTTP response message: Read timed out,Review Submission Load Test 3-99,text,false,,2679,0,35,130,http://localhost:8001/auth/login,0,0,0
1776748995291,2,POST /reviews/,401,Unauthorized,Review Submission Load Test 3-99,text,false,,204,299,35,130,http://localhost:8004/reviews/,2,0,1
1776748989971,5377,POST /auth/login,200,OK,Login Load Test 1-8,text,true,,316,243,95,130,http://localhost:8001/auth/login,5377,0,0
1776748990807,4541,POST /auth/login,200,OK,Login Load Test 1-14,text,true,,316,243,95,130,http://localhost:8001/auth/login,4541,0,0
1776748990807,4541,POST /auth/login,200,OK,Login Load Test 1-10,text,true,,316,243,95,130,http://localhost:8001/auth/login,4541,0,0
1776748985373,10002,POST /auth/login,Non HTTP response code: java.net.SocketTimeoutException,Non HTTP response message: Read timed out,Login Load Test 1-66,text,false,"Test failed: code expected to equal /

****** received  : [[[Non HTTP response code: java.net.SocketTimeoutException]]]

****** comparison: [[[200                                                    ]]]

/",2679,0,95,130,http://localhost:8001/auth/login,0,0,1
1776748985393,10001,Login for Token,Non HTTP response code: java.net.SocketTimeoutException,Non HTTP response message: Read timed out,Review Submission Load Test 3-66,text,false,,2679,0,35,130,http://localhost:8001/auth/login,0,0,0
1776748995394,2,POST /reviews/,401,Unauthorized,Review Submission Load Test 3-66,text,false,,204,299,35,130,http://localhost:8004/reviews/,2,0,1
1776748985475,10002,POST /auth/login,Non HTTP response code: java.net.SocketTimeoutException,Non HTTP response message: Read timed out,Login Load Test 1-33,text,false,"Test failed: code expected to equal /

****** received  : [[[Non HTTP response code: java.net.SocketTimeoutException]]]

****** comparison: [[[200                                                    ]]]

/",2679,0,95,129,http://localhost:8001/auth/login,0,0,1
1776748985568,10001,POST /auth/login,Non HTTP response code: java.net.SocketTimeoutException,Non HTTP response message: Read timed out,Login Load Test 1-100,text,false,"Test failed: code expected to equal /

****** received  : [[[Non HTTP response code: java.net.SocketTimeoutException]]]

****** comparison: [[[200                                                    ]]]

/",2679,0,95,129,http://localhost:8001/auth/login,0,0,0
1776748985587,10001,Login for Token,Non HTTP response code: java.net.SocketTimeoutException,Non HTTP response message: Read timed out,Review Submission Load Test 3-100,text,false,,2679,0,34,129,http://localhost:8001/auth/login,0,0,0
1776748995589,1,POST /reviews/,401,Unauthorized,Review Submission Load Test 3-100,text,false,,204,299,34,129,http://localhost:8004/reviews/,1,0,0
1776748985669,10002,POST /auth/login,Non HTTP response code: java.net.SocketTimeoutException,Non HTTP response message: Read timed out,Login Load Test 1-67,text,false,"Test failed: code expected to equal /

****** received  : [[[Non HTTP response code: java.net.SocketTimeoutException]]]

****** comparison: [[[200                                                    ]]]

/",2679,0,95,129,http://localhost:8001/auth/login,0,0,1
1776748985691,10001,Login for Token,Non HTTP response code: java.net.SocketTimeoutException,Non HTTP response message: Read timed out,Review Submission Load Test 3-67,text,false,,2679,0,34,129,http://localhost:8001/auth/login,0,0,0
1776748995692,2,POST /reviews/,401,Unauthorized,Review Submission Load Test 3-67,text,false,,204,299,34,129,http://localhost:8004/reviews/,2,0,1
1776748985771,10002,POST /auth/login,Non HTTP response code: java.net.SocketTimeoutException,Non HTTP response message: Read timed out,Login Load Test 1-34,text,false,"Test failed: code expected to equal /

****** received  : [[[Non HTTP response code: java.net.SocketTimeoutException]]]

****** comparison: [[[200                                                    ]]]

/",2679,0,95,128,http://localhost:8001/auth/login,0,0,1
1776748985972,10001,POST /auth/login,Non HTTP response code: java.net.SocketTimeoutException,Non HTTP response message: Read timed out,Login Load Test 1-68,text,false,"Test failed: code expected to equal /

****** received  : [[[Non HTTP response code: java.net.SocketTimeoutException]]]

****** comparison: [[[200                                                    ]]]

/",2679,0,95,128,http://localhost:8001/auth/login,0,0,0
1776748985990,10001,Login for Token,Non HTTP response code: java.net.SocketTimeoutException,Non HTTP response message: Read timed out,Review Submission Load Test 3-68,text,false,,2679,0,33,128,http://localhost:8001/auth/login,0,0,0
1776748995991,1,POST /reviews/,401,Unauthorized,Review Submission Load Test 3-68,text,false,,204,299,33,128,http://localhost:8004/reviews/,1,0,0
1776748991644,4376,POST /auth/login,200,OK,Login Load Test 1-11,text,true,,316,243,95,127,http://localhost:8001/auth/login,4376,0,0
1776748986069,10002,POST /auth/login,Non HTTP response code: java.net.SocketTimeoutException,Non HTTP response message: Read timed out,Login Load Test 1-35,text,false,"Test failed: code expected to equal /

****** received  : [[[Non HTTP response code: java.net.SocketTimeoutException]]]

****** comparison: [[[200                                                    ]]]

/",2679,0,95,127,http://localhost:8001/auth/login,0,0,1
1776748991644,4545,POST /auth/login,200,OK,Login Load Test 1-16,text,true,,316,243,95,127,http://localhost:8001/auth/login,4545,0,0
1776748986271,10002,POST /auth/login,Non HTTP response code: java.net.SocketTimeoutException,Non HTTP response message: Read timed out,Login Load Test 1-69,text,false,"Test failed: code expected to equal /

****** received  : [[[Non HTTP response code: java.net.SocketTimeoutException]]]

****** comparison: [[[200                                                    ]]]

/",2679,0,95,127,http://localhost:8001/auth/login,0,0,1
1776748986291,10001,Login for Token,Non HTTP response code: java.net.SocketTimeoutException,Non HTTP response message: Read timed out,Review Submission Load Test 3-69,text,false,,2679,0,32,127,http://localhost:8001/auth/login,0,0,0
1776748996293,1,POST /reviews/,401,Unauthorized,Review Submission Load Test 3-69,text,false,,204,299,32,127,http://localhost:8004/reviews/,1,0,0
1776748991978,4378,POST /auth/login,200,OK,Login Load Test 1-17,text,true,,316,243,95,126,http://localhost:8001/auth/login,4378,0,0
1776748991978,4378,POST /auth/login,200,OK,Login Load Test 1-7,text,true,,316,243,95,126,http://localhost:8001/auth/login,4378,0,0
1776748986374,10001,POST /auth/login,Non HTTP response code: java.net.SocketTimeoutException,Non HTTP response message: Read timed out,Login Load Test 1-36,text,false,"Test failed: code expected to equal /

****** received  : [[[Non HTTP response code: java.net.SocketTimeoutException]]]

****** comparison: [[[200                                                    ]]]

/",2679,0,94,125,http://localhost:8001/auth/login,0,0,1
1776748991978,4545,POST /auth/login,200,OK,Login Load Test 1-18,text,true,,316,243,94,125,http://localhost:8001/auth/login,4545,0,0
1776748986578,10001,POST /auth/login,Non HTTP response code: java.net.SocketTimeoutException,Non HTTP response message: Read timed out,Login Load Test 1-70,text,false,"Test failed: code expected to equal /

****** received  : [[[Non HTTP response code: java.net.SocketTimeoutException]]]

****** comparison: [[[200                                                    ]]]

/",2679,0,94,125,http://localhost:8001/auth/login,0,0,1
1776748986593,10000,Login for Token,Non HTTP response code: java.net.SocketTimeoutException,Non HTTP response message: Read timed out,Review Submission Load Test 3-70,text,false,,2679,0,31,125,http://localhost:8001/auth/login,0,0,0
1776748996594,1,POST /reviews/,401,Unauthorized,Review Submission Load Test 3-70,text,false,,204,299,31,125,http://localhost:8004/reviews/,1,0,0
1776748986673,10002,POST /auth/login,Non HTTP response code: java.net.SocketTimeoutException,Non HTTP response message: Read timed out,Login Load Test 1-37,text,false,"Test failed: code expected to equal /

****** received  : [[[Non HTTP response code: java.net.SocketTimeoutException]]]

****** comparison: [[[200                                                    ]]]

/",2679,0,94,124,http://localhost:8001/auth/login,0,0,1
1776748986868,10002,POST /auth/login,Non HTTP response code: java.net.SocketTimeoutException,Non HTTP response message: Read timed out,Login Load Test 1-71,text,false,"Test failed: code expected to equal /

****** received  : [[[Non HTTP response code: java.net.SocketTimeoutException]]]

****** comparison: [[[200                                                    ]]]

/",2679,0,94,124,http://localhost:8001/auth/login,0,0,0
1776748986893,10001,Login for Token,Non HTTP response code: java.net.SocketTimeoutException,Non HTTP response message: Read timed out,Review Submission Load Test 3-71,text,false,,2679,0,30,124,http://localhost:8001/auth/login,0,0,0
1776748996894,2,POST /reviews/,401,Unauthorized,Review Submission Load Test 3-71,text,false,,204,299,30,124,http://localhost:8004/reviews/,2,0,1
1776748986974,10002,POST /auth/login,Non HTTP response code: java.net.SocketTimeoutException,Non HTTP response message: Read timed out,Login Load Test 1-38,text,false,"Test failed: code expected to equal /

****** received  : [[[Non HTTP response code: java.net.SocketTimeoutException]]]

****** comparison: [[[200                                                    ]]]

/",2679,0,94,123,http://localhost:8001/auth/login,0,0,1
1776748991978,5048,POST /auth/login,200,OK,Login Load Test 1-13,text,true,,316,243,94,123,http://localhost:8001/auth/login,5048,0,0
1776748987168,10001,POST /auth/login,Non HTTP response code: java.net.SocketTimeoutException,Non HTTP response message: Read timed out,Login Load Test 1-72,text,false,"Test failed: code expected to equal /

****** received  : [[[Non HTTP response code: java.net.SocketTimeoutException]]]

****** comparison: [[[200                                                    ]]]

/",2679,0,94,123,http://localhost:8001/auth/login,0,0,1
1776748987193,10000,Login for Token,Non HTTP response code: java.net.SocketTimeoutException,Non HTTP response message: Read timed out,Review Submission Load Test 3-72,text,false,,2679,0,29,123,http://localhost:8001/auth/login,0,0,0
1776748997193,2,POST /reviews/,401,Unauthorized,Review Submission Load Test 3-72,text,false,,204,299,29,123,http://localhost:8004/reviews/,2,0,1
1776748987275,10001,POST /auth/login,Non HTTP response code: java.net.SocketTimeoutException,Non HTTP response message: Read timed out,Login Load Test 1-39,text,false,"Test failed: code expected to equal /

****** received  : [[[Non HTTP response code: java.net.SocketTimeoutException]]]

****** comparison: [[[200                                                    ]]]

/",2679,0,94,122,http://localhost:8001/auth/login,0,0,0
1776748987470,10002,POST /auth/login,Non HTTP response code: java.net.SocketTimeoutException,Non HTTP response message: Read timed out,Login Load Test 1-73,text,false,"Test failed: code expected to equal /

****** received  : [[[Non HTTP response code: java.net.SocketTimeoutException]]]

****** comparison: [[[200                                                    ]]]

/",2679,0,94,122,http://localhost:8001/auth/login,0,0,1
1776748987492,10001,Login for Token,Non HTTP response code: java.net.SocketTimeoutException,Non HTTP response message: Read timed out,Review Submission Load Test 3-73,text,false,,2679,0,28,122,http://localhost:8001/auth/login,0,0,0
1776748997493,2,POST /reviews/,401,Unauthorized,Review Submission Load Test 3-73,text,false,,204,299,28,122,http://localhost:8004/reviews/,2,0,1
1776748993489,4040,POST /auth/login,200,OK,Login Load Test 1-12,text,true,,316,243,94,121,http://localhost:8001/auth/login,4040,0,0
1776748993489,4040,POST /auth/login,200,OK,Login Load Test 1-6,text,true,,316,243,94,121,http://localhost:8001/auth/login,4040,0,0
1776748987576,10001,POST /auth/login,Non HTTP response code: java.net.SocketTimeoutException,Non HTTP response message: Read timed out,Login Load Test 1-40,text,false,"Test failed: code expected to equal /

****** received  : [[[Non HTTP response code: java.net.SocketTimeoutException]]]

****** comparison: [[[200                                                    ]]]

/",2679,0,93,120,http://localhost:8001/auth/login,0,0,1
1776748987774,10001,POST /auth/login,Non HTTP response code: java.net.SocketTimeoutException,Non HTTP response message: Read timed out,Login Load Test 1-74,text,false,"Test failed: code expected to equal /

****** received  : [[[Non HTTP response code: java.net.SocketTimeoutException]]]

****** comparison: [[[200                                                    ]]]

/",2679,0,93,120,http://localhost:8001/auth/login,0,0,0
1776748987790,10001,Login for Token,Non HTTP response code: java.net.SocketTimeoutException,Non HTTP response message: Read timed out,Review Submission Load Test 3-74,text,false,,2679,0,27,120,http://localhost:8001/auth/login,0,0,0
1776748997791,1,POST /reviews/,401,Unauthorized,Review Submission Load Test 3-74,text,false,,204,299,27,120,http://localhost:8004/reviews/,1,0,1
1776748987873,10002,POST /auth/login,Non HTTP response code: java.net.SocketTimeoutException,Non HTTP response message: Read timed out,Login Load Test 1-41,text,false,"Test failed: code expected to equal /

****** received  : [[[Non HTTP response code: java.net.SocketTimeoutException]]]

****** comparison: [[[200                                                    ]]]

/",2679,0,93,119,http://localhost:8001/auth/login,0,0,1
1776748988072,10002,POST /auth/login,Non HTTP response code: java.net.SocketTimeoutException,Non HTTP response message: Read timed out,Login Load Test 1-75,text,false,"Test failed: code expected to equal /

****** received  : [[[Non HTTP response code: java.net.SocketTimeoutException]]]

****** comparison: [[[200                                                    ]]]

/",2679,0,93,119,http://localhost:8001/auth/login,0,0,1
1776748988093,10001,Login for Token,Non HTTP response code: java.net.SocketTimeoutException,Non HTTP response message: Read timed out,Review Submission Load Test 3-75,text,false,,2679,0,26,119,http://localhost:8001/auth/login,0,0,0
1776748998095,1,POST /reviews/,401,Unauthorized,Review Submission Load Test 3-75,text,false,,204,299,26,119,http://localhost:8004/reviews/,1,0,0
1776748988178,10002,POST /auth/login,Non HTTP response code: java.net.SocketTimeoutException,Non HTTP response message: Read timed out,Login Load Test 1-42,text,false,"Test failed: code expected to equal /

****** received  : [[[Non HTTP response code: java.net.SocketTimeoutException]]]

****** comparison: [[[200                                                    ]]]

/",2679,0,93,118,http://localhost:8001/auth/login,0,0,0
1776748988371,10002,POST /auth/login,Non HTTP response code: java.net.SocketTimeoutException,Non HTTP response message: Read timed out,Login Load Test 1-76,text,false,"Test failed: code expected to equal /

****** received  : [[[Non HTTP response code: java.net.SocketTimeoutException]]]

****** comparison: [[[200                                                    ]]]

/",2679,0,93,118,http://localhost:8001/auth/login,0,0,1
1776748988391,10001,Login for Token,Non HTTP response code: java.net.SocketTimeoutException,Non HTTP response message: Read timed out,Review Submission Load Test 3-76,text,false,,2679,0,25,118,http://localhost:8001/auth/login,0,0,1
1776748998392,2,POST /reviews/,401,Unauthorized,Review Submission Load Test 3-76,text,false,,204,299,25,118,http://localhost:8004/reviews/,2,0,1
1776748988478,10002,POST /auth/login,Non HTTP response code: java.net.SocketTimeoutException,Non HTTP response message: Read timed out,Login Load Test 1-43,text,false,"Test failed: code expected to equal /

****** received  : [[[Non HTTP response code: java.net.SocketTimeoutException]]]

****** comparison: [[[200                                                    ]]]

/",2679,0,93,117,http://localhost:8001/auth/login,0,0,1
1776748988675,10001,POST /auth/login,Non HTTP response code: java.net.SocketTimeoutException,Non HTTP response message: Read timed out,Login Load Test 1-77,text,false,"Test failed: code expected to equal /

****** received  : [[[Non HTTP response code: java.net.SocketTimeoutException]]]

****** comparison: [[[200                                                    ]]]

/",2679,0,93,117,http://localhost:8001/auth/login,0,0,0
1776748988692,10001,Login for Token,Non HTTP response code: java.net.SocketTimeoutException,Non HTTP response message: Read timed out,Review Submission Load Test 3-77,text,false,,2679,0,24,117,http://localhost:8001/auth/login,0,0,0
1776748998693,2,POST /reviews/,401,Unauthorized,Review Submission Load Test 3-77,text,false,,204,299,24,117,http://localhost:8004/reviews/,2,0,1
1776748994677,4029,POST /auth/login,200,OK,Login Load Test 1-15,text,true,,316,243,93,116,http://localhost:8001/auth/login,4029,0,0
1776748988777,10002,POST /auth/login,Non HTTP response code: java.net.SocketTimeoutException,Non HTTP response message: Read timed out,Login Load Test 1-44,text,false,"Test failed: code expected to equal /

****** received  : [[[Non HTTP response code: java.net.SocketTimeoutException]]]

****** comparison: [[[200                                                    ]]]

/",2679,0,93,116,http://localhost:8001/auth/login,0,0,0
1776748988975,10001,POST /auth/login,Non HTTP response code: java.net.SocketTimeoutException,Non HTTP response message: Read timed out,Login Load Test 1-78,text,false,"Test failed: code expected to equal /

****** received  : [[[Non HTTP response code: java.net.SocketTimeoutException]]]

****** comparison: [[[200                                                    ]]]

/",2679,0,93,116,http://localhost:8001/auth/login,0,0,0
1776748988992,10001,Login for Token,Non HTTP response code: java.net.SocketTimeoutException,Non HTTP response message: Read timed out,Review Submission Load Test 3-78,text,false,,2679,0,23,116,http://localhost:8001/auth/login,0,0,0
1776748998994,1,POST /reviews/,401,Unauthorized,Review Submission Load Test 3-78,text,false,,204,299,23,116,http://localhost:8004/reviews/,1,0,0
1776748989074,10001,POST /auth/login,Non HTTP response code: java.net.SocketTimeoutException,Non HTTP response message: Read timed out,Login Load Test 1-45,text,false,"Test failed: code expected to equal /

****** received  : [[[Non HTTP response code: java.net.SocketTimeoutException]]]

****** comparison: [[[200                                                    ]]]

/",2679,0,93,115,http://localhost:8001/auth/login,0,0,0
1776748989271,10001,POST /auth/login,Non HTTP response code: java.net.SocketTimeoutException,Non HTTP response message: Read timed out,Login Load Test 1-79,text,false,"Test failed: code expected to equal /

****** received  : [[[Non HTTP response code: java.net.SocketTimeoutException]]]

****** comparison: [[[200                                                    ]]]

/",2679,0,93,115,http://localhost:8001/auth/login,0,0,0
1776748989293,10001,Login for Token,Non HTTP response code: java.net.SocketTimeoutException,Non HTTP response message: Read timed out,Review Submission Load Test 3-79,text,false,,2679,0,22,115,http://localhost:8001/auth/login,0,0,0
1776748999294,2,POST /reviews/,401,Unauthorized,Review Submission Load Test 3-79,text,false,,204,299,22,115,http://localhost:8004/reviews/,2,0,1
1776748989376,10002,POST /auth/login,Non HTTP response code: java.net.SocketTimeoutException,Non HTTP response message: Read timed out,Login Load Test 1-46,text,false,"Test failed: code expected to equal /

****** received  : [[[Non HTTP response code: java.net.SocketTimeoutException]]]

****** comparison: [[[200                                                    ]]]

/",2679,0,93,114,http://localhost:8001/auth/login,0,0,0
1776748995182,4199,POST /auth/login,200,OK,Login Load Test 1-9,text,true,,316,243,93,114,http://localhost:8001/auth/login,4199,0,0
1776748995182,4199,POST /auth/login,200,OK,Login Load Test 1-19,text,true,,316,243,93,114,http://localhost:8001/auth/login,4199,0,0
1776748995349,4033,POST /auth/login,200,OK,Login Load Test 1-8,text,true,,316,243,92,113,http://localhost:8001/auth/login,4033,0,0
1776748995349,4033,POST /auth/login,200,OK,Login Load Test 1-10,text,true,,316,243,92,113,http://localhost:8001/auth/login,4033,0,0
1776748989572,10002,POST /auth/login,Non HTTP response code: java.net.SocketTimeoutException,Non HTTP response message: Read timed out,Login Load Test 1-80,text,false,"Test failed: code expected to equal /

****** received  : [[[Non HTTP response code: java.net.SocketTimeoutException]]]

****** comparison: [[[200                                                    ]]]

/",2679,0,90,111,http://localhost:8001/auth/login,0,0,0
1776748989592,10002,Login for Token,Non HTTP response code: java.net.SocketTimeoutException,Non HTTP response message: Read timed out,Review Submission Load Test 3-80,text,false,,2679,0,21,111,http://localhost:8001/auth/login,0,0,0
1776748999594,1,POST /reviews/,401,Unauthorized,Review Submission Load Test 3-80,text,false,,204,299,21,111,http://localhost:8004/reviews/,1,0,0
1776748989676,10001,POST /auth/login,Non HTTP response code: java.net.SocketTimeoutException,Non HTTP response message: Read timed out,Login Load Test 1-47,text,false,"Test failed: code expected to equal /

****** received  : [[[Non HTTP response code: java.net.SocketTimeoutException]]]

****** comparison: [[[200                                                    ]]]

/",2679,0,90,110,http://localhost:8001/auth/login,0,0,0
1776748989869,10001,POST /auth/login,Non HTTP response code: java.net.SocketTimeoutException,Non HTTP response message: Read timed out,Login Load Test 1-81,text,false,"Test failed: code expected to equal /

****** received  : [[[Non HTTP response code: java.net.SocketTimeoutException]]]

****** comparison: [[[200                                                    ]]]

/",2679,0,90,110,http://localhost:8001/auth/login,0,0,1
1776748989889,10001,Login for Token,Non HTTP response code: java.net.SocketTimeoutException,Non HTTP response message: Read timed out,Review Submission Load Test 3-81,text,false,,2679,0,20,110,http://localhost:8001/auth/login,0,0,0
1776748999890,2,POST /reviews/,401,Unauthorized,Review Submission Load Test 3-81,text,false,,204,299,20,110,http://localhost:8004/reviews/,2,0,1
1776748989974,10001,POST /auth/login,Non HTTP response code: java.net.SocketTimeoutException,Non HTTP response message: Read timed out,Login Load Test 1-48,text,false,"Test failed: code expected to equal /

****** received  : [[[Non HTTP response code: java.net.SocketTimeoutException]]]

****** comparison: [[[200                                                    ]]]

/",2679,0,90,109,http://localhost:8001/auth/login,0,0,0
1776748996021,4052,POST /auth/login,200,OK,Login Load Test 1-11,text,true,,316,243,90,109,http://localhost:8001/auth/login,4052,0,0
1776748996189,3884,POST /auth/login,200,OK,Login Load Test 1-16,text,true,,316,243,90,109,http://localhost:8001/auth/login,3884,0,0
1776748995349,4724,POST /auth/login,200,OK,Login Load Test 1-14,text,true,,316,243,90,109,http://localhost:8001/auth/login,4724,0,0
1776748990171,10002,POST /auth/login,Non HTTP response code: java.net.SocketTimeoutException,Non HTTP response message: Read timed out,Login Load Test 1-82,text,false,"Test failed: code expected to equal /

****** received  : [[[Non HTTP response code: java.net.SocketTimeoutException]]]

****** comparison: [[[200                                                    ]]]

/",2679,0,89,108,http://localhost:8001/auth/login,0,0,0
1776748990193,10001,Login for Token,Non HTTP response code: java.net.SocketTimeoutException,Non HTTP response message: Read timed out,Review Submission Load Test 3-82,text,false,,2679,0,19,108,http://localhost:8001/auth/login,0,0,0
1776749000194,2,POST /reviews/,401,Unauthorized,Review Submission Load Test 3-82,text,false,,204,299,19,108,http://localhost:8004/reviews/,2,0,1
1776748990269,10002,POST /auth/login,Non HTTP response code: java.net.SocketTimeoutException,Non HTTP response message: Read timed out,Login Load Test 1-49,text,false,"Test failed: code expected to equal /

****** received  : [[[Non HTTP response code: java.net.SocketTimeoutException]]]

****** comparison: [[[200                                                    ]]]

/",2679,0,89,107,http://localhost:8001/auth/login,0,0,0
1776748996356,4055,POST /auth/login,200,OK,Login Load Test 1-17,text,true,,316,243,89,107,http://localhost:8001/auth/login,4055,0,0
1776748990472,10001,POST /auth/login,Non HTTP response code: java.net.SocketTimeoutException,Non HTTP response message: Read timed out,Login Load Test 1-83,text,false,"Test failed: code expected to equal /

****** received  : [[[Non HTTP response code: java.net.SocketTimeoutException]]]

****** comparison: [[[200                                                    ]]]

/",2679,0,89,107,http://localhost:8001/auth/login,0,0,0
1776748990493,10001,Login for Token,Non HTTP response code: java.net.SocketTimeoutException,Non HTTP response message: Read timed out,Review Submission Load Test 3-83,text,false,,2679,0,18,107,http://localhost:8001/auth/login,0,0,0
1776749000494,2,POST /reviews/,401,Unauthorized,Review Submission Load Test 3-83,text,false,,204,299,18,107,http://localhost:8004/reviews/,2,0,1
1776748990573,10002,POST /auth/login,Non HTTP response code: java.net.SocketTimeoutException,Non HTTP response message: Read timed out,Login Load Test 1-50,text,false,"Test failed: code expected to equal /

****** received  : [[[Non HTTP response code: java.net.SocketTimeoutException]]]

****** comparison: [[[200                                                    ]]]

/",2679,0,89,106,http://localhost:8001/auth/login,0,0,1
1776748996523,4221,POST /auth/login,200,OK,Login Load Test 1-18,text,true,,316,243,89,106,http://localhost:8001/auth/login,4221,0,0
1776748990773,10002,POST /auth/login,Non HTTP response code: java.net.SocketTimeoutException,Non HTTP response message: Read timed out,Login Load Test 1-84,text,false,"Test failed: code expected to equal /

****** received  : [[[Non HTTP response code: java.net.SocketTimeoutException]]]

****** comparison: [[[200                                                    ]]]

/",2679,0,89,106,http://localhost:8001/auth/login,0,0,1
1776748990794,10001,Login for Token,Non HTTP response code: java.net.SocketTimeoutException,Non HTTP response message: Read timed out,Review Submission Load Test 3-84,text,false,,2679,0,17,106,http://localhost:8001/auth/login,0,0,0
1776749000796,1,POST /reviews/,401,Unauthorized,Review Submission Load Test 3-84,text,false,,204,299,17,106,http://localhost:8004/reviews/,1,0,0
1776748990876,10001,POST /auth/login,Non HTTP response code: java.net.SocketTimeoutException,Non HTTP response message: Read timed out,Login Load Test 1-51,text,false,"Test failed: code expected to equal /

****** received  : [[[Non HTTP response code: java.net.SocketTimeoutException]]]

****** comparison: [[[200                                                    ]]]

/",2679,0,89,105,http://localhost:8001/auth/login,0,0,1
1776748991073,10001,POST /auth/login,Non HTTP response code: java.net.SocketTimeoutException,Non HTTP response message: Read timed out,Login Load Test 1-85,text,false,"Test failed: code expected to equal /

****** received  : [[[Non HTTP response code: java.net.SocketTimeoutException]]]

****** comparison: [[[200                                                    ]]]

/",2679,0,89,105,http://localhost:8001/auth/login,0,0,1
1776748991094,10001,Login for Token,Non HTTP response code: java.net.SocketTimeoutException,Non HTTP response message: Read timed out,Review Submission Load Test 3-85,text,false,,2679,0,16,105,http://localhost:8001/auth/login,0,0,0
1776749001097,1,POST /reviews/,401,Unauthorized,Review Submission Load Test 3-85,text,false,,204,299,16,105,http://localhost:8004/reviews/,1,0,0
1776748991176,10002,POST /auth/login,Non HTTP response code: java.net.SocketTimeoutException,Non HTTP response message: Read timed out,Login Load Test 1-52,text,false,"Test failed: code expected to equal /

****** received  : [[[Non HTTP response code: java.net.SocketTimeoutException]]]

****** comparison: [[[200                                                    ]]]

/",2679,0,89,104,http://localhost:8001/auth/login,0,0,1
1776748991373,10002,POST /auth/login,Non HTTP response code: java.net.SocketTimeoutException,Non HTTP response message: Read timed out,Login Load Test 1-86,text,false,"Test failed: code expected to equal /

****** received  : [[[Non HTTP response code: java.net.SocketTimeoutException]]]

****** comparison: [[[200                                                    ]]]

/",2679,0,89,104,http://localhost:8001/auth/login,0,0,1
1776748991389,10002,Login for Token,Non HTTP response code: java.net.SocketTimeoutException,Non HTTP response message: Read timed out,Review Submission Load Test 3-86,text,false,,2679,0,15,104,http://localhost:8001/auth/login,0,0,1
1776749001392,1,POST /reviews/,401,Unauthorized,Review Submission Load Test 3-86,text,false,,204,299,15,104,http://localhost:8004/reviews/,1,0,1
1776748997026,4387,POST /auth/login,200,OK,Login Load Test 1-13,text,true,,316,243,89,103,http://localhost:8001/auth/login,4387,0,0
1776748991473,10001,POST /auth/login,Non HTTP response code: java.net.SocketTimeoutException,Non HTTP response message: Read timed out,Login Load Test 1-53,text,false,"Test failed: code expected to equal /

****** received  : [[[Non HTTP response code: java.net.SocketTimeoutException]]]

****** comparison: [[[200                                                    ]]]

/",2679,0,88,102,http://localhost:8001/auth/login,0,0,0
1776748991577,10002,POST /auth/login,Non HTTP response code: java.net.SocketTimeoutException,Non HTTP response message: Read timed out,Login Load Test 1-20,text,false,"Test failed: code expected to equal /

****** received  : [[[Non HTTP response code: java.net.SocketTimeoutException]]]

****** comparison: [[[200                                                    ]]]

/",2679,0,88,102,http://localhost:8001/auth/login,0,0,1
1776748991673,10002,POST /auth/login,Non HTTP response code: java.net.SocketTimeoutException,Non HTTP response message: Read timed out,Login Load Test 1-87,text,false,"Test failed: code expected to equal /

****** received  : [[[Non HTTP response code: java.net.SocketTimeoutException]]]

****** comparison: [[[200                                                    ]]]

/",2679,0,88,102,http://localhost:8001/auth/login,0,0,1
1776748991693,10001,Login for Token,Non HTTP response code: java.net.SocketTimeoutException,Non HTTP response message: Read timed out,Review Submission Load Test 3-87,text,false,,2679,0,14,102,http://localhost:8001/auth/login,0,0,0
1776749001696,1,POST /reviews/,401,Unauthorized,Review Submission Load Test 3-87,text,false,,204,299,14,102,http://localhost:8004/reviews/,1,0,0
1776748991776,10001,POST /auth/login,Non HTTP response code: java.net.SocketTimeoutException,Non HTTP response message: Read timed out,Login Load Test 1-54,text,false,"Test failed: code expected to equal /

****** received  : [[[Non HTTP response code: java.net.SocketTimeoutException]]]

****** comparison: [[[200                                                    ]]]

/",2679,0,88,101,http://localhost:8001/auth/login,0,0,0
1776748991874,10002,POST /auth/login,Non HTTP response code: java.net.SocketTimeoutException,Non HTTP response message: Read timed out,Login Load Test 1-21,text,false,"Test failed: code expected to equal /

****** received  : [[[Non HTTP response code: java.net.SocketTimeoutException]]]

****** comparison: [[[200                                                    ]]]

/",2679,0,88,101,http://localhost:8001/auth/login,0,0,0
1776748997530,4385,POST /auth/login,200,OK,Login Load Test 1-12,text,true,,316,243,88,101,http://localhost:8001/auth/login,4385,0,0
1776748998706,3209,POST /auth/login,200,OK,Login Load Test 1-15,text,true,,316,243,88,101,http://localhost:8001/auth/login,3209,0,0
1776748991969,10002,POST /auth/login,Non HTTP response code: java.net.SocketTimeoutException,Non HTTP response message: Read timed out,Login Load Test 1-88,text,false,"Test failed: code expected to equal /

****** received  : [[[Non HTTP response code: java.net.SocketTimeoutException]]]

****** comparison: [[[200                                                    ]]]

/",2679,0,86,99,http://localhost:8001/auth/login,0,0,1
1776748991990,10001,Login for Token,Non HTTP response code: java.net.SocketTimeoutException,Non HTTP response message: Read timed out,Review Submission Load Test 3-88,text,false,,2679,0,13,99,http://localhost:8001/auth/login,0,0,0
1776749001992,2,POST /reviews/,401,Unauthorized,Review Submission Load Test 3-88,text,false,,204,299,13,99,http://localhost:8004/reviews/,1,0,1
1776748992073,10001,POST /auth/login,Non HTTP response code: java.net.SocketTimeoutException,Non HTTP response message: Read timed out,Login Load Test 1-55,text,false,"Test failed: code expected to equal /

****** received  : [[[Non HTTP response code: java.net.SocketTimeoutException]]]

****** comparison: [[[200                                                    ]]]

/",2679,0,86,98,http://localhost:8001/auth/login,0,0,0
1776748992177,10001,POST /auth/login,Non HTTP response code: java.net.SocketTimeoutException,Non HTTP response message: Read timed out,Login Load Test 1-22,text,false,"Test failed: code expected to equal /

****** received  : [[[Non HTTP response code: java.net.SocketTimeoutException]]]

****** comparison: [[[200                                                    ]]]

/",2679,0,86,98,http://localhost:8001/auth/login,0,0,0
1776748992273,10001,POST /auth/login,Non HTTP response code: java.net.SocketTimeoutException,Non HTTP response message: Read timed out,Login Load Test 1-89,text,false,"Test failed: code expected to equal /

****** received  : [[[Non HTTP response code: java.net.SocketTimeoutException]]]

****** comparison: [[[200                                                    ]]]

/",2679,0,86,98,http://localhost:8001/auth/login,0,0,1
1776748992292,10001,Login for Token,Non HTTP response code: java.net.SocketTimeoutException,Non HTTP response message: Read timed out,Review Submission Load Test 3-89,text,false,,2679,0,12,98,http://localhost:8001/auth/login,0,0,1
1776749002295,1,POST /reviews/,401,Unauthorized,Review Submission Load Test 3-89,text,false,,204,299,12,98,http://localhost:8004/reviews/,1,0,0
1776748992374,10002,POST /auth/login,Non HTTP response code: java.net.SocketTimeoutException,Non HTTP response message: Read timed out,Login Load Test 1-56,text,false,"Test failed: code expected to equal /

****** received  : [[[Non HTTP response code: java.net.SocketTimeoutException]]]

****** comparison: [[[200                                                    ]]]

/",2679,0,86,97,http://localhost:8001/auth/login,0,0,1
1776748999381,3069,POST /auth/login,200,OK,Login Load Test 1-19,text,true,,316,243,86,97,http://localhost:8001/auth/login,3069,0,0
1776748992476,10001,POST /auth/login,Non HTTP response code: java.net.SocketTimeoutException,Non HTTP response message: Read timed out,Login Load Test 1-23,text,false,"Test failed: code expected to equal /

****** received  : [[[Non HTTP response code: java.net.SocketTimeoutException]]]

****** comparison: [[[200                                                    ]]]

/",2679,0,86,97,http://localhost:8001/auth/login,0,0,0
1776748992571,10002,POST /auth/login,Non HTTP response code: java.net.SocketTimeoutException,Non HTTP response message: Read timed out,Login Load Test 1-90,text,false,"Test failed: code expected to equal /

****** received  : [[[Non HTTP response code: java.net.SocketTimeoutException]]]

****** comparison: [[[200                                                    ]]]

/",2679,0,86,97,http://localhost:8001/auth/login,0,0,0
1776748992594,10001,Login for Token,Non HTTP response code: java.net.SocketTimeoutException,Non HTTP response message: Read timed out,Review Submission Load Test 3-90,text,false,,2679,0,11,97,http://localhost:8001/auth/login,0,0,0
1776749002597,1,POST /reviews/,401,Unauthorized,Review Submission Load Test 3-90,text,false,,204,299,11,97,http://localhost:8004/reviews/,1,0,0
1776748992673,10001,POST /auth/login,Non HTTP response code: java.net.SocketTimeoutException,Non HTTP response message: Read timed out,Login Load Test 1-57,text,false,"Test failed: code expected to equal /

****** received  : [[[Non HTTP response code: java.net.SocketTimeoutException]]]

****** comparison: [[[200                                                    ]]]

/",2679,0,86,96,http://localhost:8001/auth/login,0,0,1
1776748992780,10001,POST /auth/login,Non HTTP response code: java.net.SocketTimeoutException,Non HTTP response message: Read timed out,Login Load Test 1-24,text,false,"Test failed: code expected to equal /

****** received  : [[[Non HTTP response code: java.net.SocketTimeoutException]]]

****** comparison: [[[200                                                    ]]]

/",2679,0,86,96,http://localhost:8001/auth/login,0,0,0
1776748992873,10002,POST /auth/login,Non HTTP response code: java.net.SocketTimeoutException,Non HTTP response message: Read timed out,Login Load Test 1-91,text,false,"Test failed: code expected to equal /

****** received  : [[[Non HTTP response code: java.net.SocketTimeoutException]]]

****** comparison: [[[200                                                    ]]]

/",2679,0,86,96,http://localhost:8001/auth/login,0,0,0
1776748992892,10001,Login for Token,Non HTTP response code: java.net.SocketTimeoutException,Non HTTP response message: Read timed out,Review Submission Load Test 3-91,text,false,,2679,0,10,96,http://localhost:8001/auth/login,0,0,0
1776749002894,2,POST /reviews/,401,Unauthorized,Review Submission Load Test 3-91,text,false,,204,299,10,96,http://localhost:8004/reviews/,2,0,1
1776749000073,2883,POST /auth/login,200,OK,Login Load Test 1-16,text,true,,316,243,86,95,http://localhost:8001/auth/login,2883,0,0
1776749000073,2883,POST /auth/login,200,OK,Login Load Test 1-14,text,true,,316,243,86,95,http://localhost:8001/auth/login,2883,0,0
1776748992975,10001,POST /auth/login,Non HTTP response code: java.net.SocketTimeoutException,Non HTTP response message: Read timed out,Login Load Test 1-58,text,false,"Test failed: code expected to equal /

****** received  : [[[Non HTTP response code: java.net.SocketTimeoutException]]]

****** comparison: [[[200                                                    ]]]

/",2679,0,84,93,http://localhost:8001/auth/login,0,0,0
1776748993076,10002,POST /auth/login,Non HTTP response code: java.net.SocketTimeoutException,Non HTTP response message: Read timed out,Login Load Test 1-25,text,false,"Test failed: code expected to equal /

****** received  : [[[Non HTTP response code: java.net.SocketTimeoutException]]]

****** comparison: [[[200                                                    ]]]

/",2679,0,84,93,http://localhost:8001/auth/login,0,0,1
1776748993171,10001,POST /auth/login,Non HTTP response code: java.net.SocketTimeoutException,Non HTTP response message: Read timed out,Login Load Test 1-92,text,false,"Test failed: code expected to equal /

****** received  : [[[Non HTTP response code: java.net.SocketTimeoutException]]]

****** comparison: [[[200                                                    ]]]

/",2679,0,84,93,http://localhost:8001/auth/login,0,0,0
1776748993192,10002,Login for Token,Non HTTP response code: java.net.SocketTimeoutException,Non HTTP response message: Read timed out,Review Submission Load Test 3-92,text,false,,2679,0,9,93,http://localhost:8001/auth/login,0,0,1
1776749003195,1,POST /reviews/,401,Unauthorized,Review Submission Load Test 3-92,text,false,,204,299,9,93,http://localhost:8004/reviews/,1,0,0
1776748993271,10002,POST /auth/login,Non HTTP response code: java.net.SocketTimeoutException,Non HTTP response message: Read timed out,Login Load Test 1-59,text,false,"Test failed: code expected to equal /

****** received  : [[[Non HTTP response code: java.net.SocketTimeoutException]]]

****** comparison: [[[200                                                    ]]]

/",2679,0,84,92,http://localhost:8001/auth/login,0,0,0
1776748993376,10001,POST /auth/login,Non HTTP response code: java.net.SocketTimeoutException,Non HTTP response message: Read timed out,Login Load Test 1-26,text,false,"Test failed: code expected to equal /

****** received  : [[[Non HTTP response code: java.net.SocketTimeoutException]]]

****** comparison: [[[200                                                    ]]]

/",2679,0,84,92,http://localhost:8001/auth/login,0,0,0
1776749000411,3046,POST /auth/login,200,OK,Login Load Test 1-17,text,true,,316,243,84,92,http://localhost:8001/auth/login,3046,0,0
1776748993473,10001,POST /auth/login,Non HTTP response code: java.net.SocketTimeoutException,Non HTTP response message: Read timed out,Login Load Test 1-93,text,false,"Test failed: code expected to equal /

****** received  : [[[Non HTTP response code: java.net.SocketTimeoutException]]]

****** comparison: [[[200                                                    ]]]

/",2679,0,83,91,http://localhost:8001/auth/login,0,0,0
1776748993491,10002,Login for Token,Non HTTP response code: java.net.SocketTimeoutException,Non HTTP response message: Read timed out,Review Submission Load Test 3-93,text,false,,2679,0,8,91,http://localhost:8001/auth/login,0,0,0
1776749003494,1,POST /reviews/,401,Unauthorized,Review Submission Load Test 3-93,text,false,,204,299,8,91,http://localhost:8004/reviews/,1,0,0
1776748993573,10002,POST /auth/login,Non HTTP response code: java.net.SocketTimeoutException,Non HTTP response message: Read timed out,Login Load Test 1-60,text,false,"Test failed: code expected to equal /

****** received  : [[[Non HTTP response code: java.net.SocketTimeoutException]]]

****** comparison: [[[200                                                    ]]]

/",2679,0,83,90,http://localhost:8001/auth/login,0,0,1
1776748993677,10001,POST /auth/login,Non HTTP response code: java.net.SocketTimeoutException,Non HTTP response message: Read timed out,Login Load Test 1-27,text,false,"Test failed: code expected to equal /

****** received  : [[[Non HTTP response code: java.net.SocketTimeoutException]]]

****** comparison: [[[200                                                    ]]]

/",2679,0,83,90,http://localhost:8001/auth/login,0,0,1
1776748993773,10001,POST /auth/login,Non HTTP response code: java.net.SocketTimeoutException,Non HTTP response message: Read timed out,Login Load Test 1-94,text,false,"Test failed: code expected to equal /

****** received  : [[[Non HTTP response code: java.net.SocketTimeoutException]]]

****** comparison: [[[200                                                    ]]]

/",2679,0,83,90,http://localhost:8001/auth/login,0,0,1
1776748993788,10001,Login for Token,Non HTTP response code: java.net.SocketTimeoutException,Non HTTP response message: Read timed out,Review Submission Load Test 3-94,text,false,,2679,0,7,90,http://localhost:8001/auth/login,0,0,0
1776749003790,2,POST /reviews/,401,Unauthorized,Review Submission Load Test 3-94,text,false,,204,299,7,90,http://localhost:8004/reviews/,2,0,1
1776749000744,3050,POST /auth/login,200,OK,Login Load Test 1-18,text,true,,316,243,83,89,http://localhost:8001/auth/login,3050,0,0
1776748993873,10001,POST /auth/login,Non HTTP response code: java.net.SocketTimeoutException,Non HTTP response message: Read timed out,Login Load Test 1-61,text,false,"Test failed: code expected to equal /

****** received  : [[[Non HTTP response code: java.net.SocketTimeoutException]]]

****** comparison: [[[200                                                    ]]]

/",2679,0,82,88,http://localhost:8001/auth/login,0,0,0
1776748993976,10002,POST /auth/login,Non HTTP response code: java.net.SocketTimeoutException,Non HTTP response message: Read timed out,Login Load Test 1-28,text,false,"Test failed: code expected to equal /

****** received  : [[[Non HTTP response code: java.net.SocketTimeoutException]]]

****** comparison: [[[200                                                    ]]]

/",2679,0,82,88,http://localhost:8001/auth/login,0,0,0
1776748994069,10001,POST /auth/login,Non HTTP response code: java.net.SocketTimeoutException,Non HTTP response message: Read timed out,Login Load Test 1-95,text,false,"Test failed: code expected to equal /

****** received  : [[[Non HTTP response code: java.net.SocketTimeoutException]]]

****** comparison: [[[200                                                    ]]]

/",2679,0,82,88,http://localhost:8001/auth/login,0,0,0
1776748994090,10001,Login for Token,Non HTTP response code: java.net.SocketTimeoutException,Non HTTP response message: Read timed out,Review Submission Load Test 3-95,text,false,,2679,0,6,88,http://localhost:8001/auth/login,0,0,0
1776749004092,2,POST /reviews/,401,Unauthorized,Review Submission Load Test 3-95,text,false,,204,299,6,88,http://localhost:8004/reviews/,2,0,1
1776748994176,10002,POST /auth/login,Non HTTP response code: java.net.SocketTimeoutException,Non HTTP response message: Read timed out,Login Load Test 1-62,text,false,"Test failed: code expected to equal /

****** received  : [[[Non HTTP response code: java.net.SocketTimeoutException]]]

****** comparison: [[[200                                                    ]]]

/",2679,0,82,87,http://localhost:8001/auth/login,0,0,1
1776748994275,10002,POST /auth/login,Non HTTP response code: java.net.SocketTimeoutException,Non HTTP response message: Read timed out,Login Load Test 1-29,text,false,"Test failed: code expected to equal /

****** received  : [[[Non HTTP response code: java.net.SocketTimeoutException]]]

****** comparison: [[[200                                                    ]]]

/",2679,0,82,87,http://localhost:8001/auth/login,0,0,1
1776748994373,10001,POST /auth/login,Non HTTP response code: java.net.SocketTimeoutException,Non HTTP response message: Read timed out,Login Load Test 1-96,text,false,"Test failed: code expected to equal /

****** received  : [[[Non HTTP response code: java.net.SocketTimeoutException]]]

****** comparison: [[[200                                                    ]]]

/",2679,0,82,87,http://localhost:8001/auth/login,0,0,0
1776748994389,10001,Login for Token,Non HTTP response code: java.net.SocketTimeoutException,Non HTTP response message: Read timed out,Review Submission Load Test 3-96,text,false,,2679,0,5,87,http://localhost:8001/auth/login,0,0,0
1776749004392,1,POST /reviews/,401,Unauthorized,Review Submission Load Test 3-96,text,false,,204,299,5,87,http://localhost:8004/reviews/,1,0,0
1776748994475,10001,POST /auth/login,Non HTTP response code: java.net.SocketTimeoutException,Non HTTP response message: Read timed out,Login Load Test 1-63,text,false,"Test failed: code expected to equal /

****** received  : [[[Non HTTP response code: java.net.SocketTimeoutException]]]

****** comparison: [[[200                                                    ]]]

/",2679,0,82,86,http://localhost:8001/auth/login,0,0,1
1776748994575,10002,POST /auth/login,Non HTTP response code: java.net.SocketTimeoutException,Non HTTP response message: Read timed out,Login Load Test 1-30,text,false,"Test failed: code expected to equal /

****** received  : [[[Non HTTP response code: java.net.SocketTimeoutException]]]

****** comparison: [[[200                                                    ]]]

/",2679,0,82,86,http://localhost:8001/auth/login,0,0,0
1776748994671,10002,POST /auth/login,Non HTTP response code: java.net.SocketTimeoutException,Non HTTP response message: Read timed out,Login Load Test 1-97,text,false,"Test failed: code expected to equal /

****** received  : [[[Non HTTP response code: java.net.SocketTimeoutException]]]

****** comparison: [[[200                                                    ]]]

/",2679,0,82,86,http://localhost:8001/auth/login,0,0,1
1776748994694,10001,Login for Token,Non HTTP response code: java.net.SocketTimeoutException,Non HTTP response message: Read timed out,Review Submission Load Test 3-97,text,false,,2679,0,4,86,http://localhost:8001/auth/login,0,0,0
1776749004697,1,POST /reviews/,401,Unauthorized,Review Submission Load Test 3-97,text,false,,204,299,4,86,http://localhost:8004/reviews/,1,0,0
1776748994775,10001,POST /auth/login,Non HTTP response code: java.net.SocketTimeoutException,Non HTTP response message: Read timed out,Login Load Test 1-64,text,false,"Test failed: code expected to equal /

****** received  : [[[Non HTTP response code: java.net.SocketTimeoutException]]]

****** comparison: [[[200                                                    ]]]

/",2679,0,82,85,http://localhost:8001/auth/login,0,0,0
1776748994874,10002,POST /auth/login,Non HTTP response code: java.net.SocketTimeoutException,Non HTTP response message: Read timed out,Login Load Test 1-31,text,false,"Test failed: code expected to equal /

****** received  : [[[Non HTTP response code: java.net.SocketTimeoutException]]]

****** comparison: [[[200                                                    ]]]

/",2679,0,82,85,http://localhost:8001/auth/login,0,0,1
1776748994970,10002,POST /auth/login,Non HTTP response code: java.net.SocketTimeoutException,Non HTTP response message: Read timed out,Login Load Test 1-98,text,false,"Test failed: code expected to equal /

****** received  : [[[Non HTTP response code: java.net.SocketTimeoutException]]]

****** comparison: [[[200                                                    ]]]

/",2679,0,82,85,http://localhost:8001/auth/login,0,0,1
1776748994991,10001,Login for Token,Non HTTP response code: java.net.SocketTimeoutException,Non HTTP response message: Read timed out,Review Submission Load Test 3-98,text,false,,2679,0,3,85,http://localhost:8001/auth/login,0,0,0
1776749004993,1,POST /reviews/,401,Unauthorized,Review Submission Load Test 3-98,text,false,,204,299,3,85,http://localhost:8004/reviews/,1,0,1
1776748995074,10002,POST /auth/login,Non HTTP response code: java.net.SocketTimeoutException,Non HTTP response message: Read timed out,Login Load Test 1-65,text,false,"Test failed: code expected to equal /

****** received  : [[[Non HTTP response code: java.net.SocketTimeoutException]]]

****** comparison: [[[200                                                    ]]]

/",2679,0,82,84,http://localhost:8001/auth/login,0,0,1
1776748995177,10001,POST /auth/login,Non HTTP response code: java.net.SocketTimeoutException,Non HTTP response message: Read timed out,Login Load Test 1-32,text,false,"Test failed: code expected to equal /

****** received  : [[[Non HTTP response code: java.net.SocketTimeoutException]]]

****** comparison: [[[200                                                    ]]]

/",2679,0,82,84,http://localhost:8001/auth/login,0,0,0
1776748995270,10002,POST /auth/login,Non HTTP response code: java.net.SocketTimeoutException,Non HTTP response message: Read timed out,Login Load Test 1-99,text,false,"Test failed: code expected to equal /

****** received  : [[[Non HTTP response code: java.net.SocketTimeoutException]]]

****** comparison: [[[200                                                    ]]]

/",2679,0,82,84,http://localhost:8001/auth/login,0,0,1
1776748995293,10001,Login for Token,Non HTTP response code: java.net.SocketTimeoutException,Non HTTP response message: Read timed out,Review Submission Load Test 3-99,text,false,,2679,0,2,84,http://localhost:8001/auth/login,0,0,0
1776749005295,2,POST /reviews/,401,Unauthorized,Review Submission Load Test 3-99,text,false,,204,299,2,84,http://localhost:8004/reviews/,2,0,1
1776749002452,2852,POST /auth/login,200,OK,Login Load Test 1-19,text,true,,316,243,82,83,http://localhost:8001/auth/login,2852,0,0
1776748995375,10002,POST /auth/login,Non HTTP response code: java.net.SocketTimeoutException,Non HTTP response message: Read timed out,Login Load Test 1-66,text,false,"Test failed: code expected to equal /

****** received  : [[[Non HTTP response code: java.net.SocketTimeoutException]]]

****** comparison: [[[200                                                    ]]]

/",2679,0,81,82,http://localhost:8001/auth/login,0,0,1
1776748995477,10002,POST /auth/login,Non HTTP response code: java.net.SocketTimeoutException,Non HTTP response message: Read timed out,Login Load Test 1-33,text,false,"Test failed: code expected to equal /

****** received  : [[[Non HTTP response code: java.net.SocketTimeoutException]]]

****** comparison: [[[200                                                    ]]]

/",2679,0,81,82,http://localhost:8001/auth/login,0,0,1
1776748995570,10001,POST /auth/login,Non HTTP response code: java.net.SocketTimeoutException,Non HTTP response message: Read timed out,Login Load Test 1-100,text,false,"Test failed: code expected to equal /

****** received  : [[[Non HTTP response code: java.net.SocketTimeoutException]]]

****** comparison: [[[200                                                    ]]]

/",2679,0,81,82,http://localhost:8001/auth/login,0,0,0
1776748995590,10002,Login for Token,Non HTTP response code: java.net.SocketTimeoutException,Non HTTP response message: Read timed out,Review Submission Load Test 3-100,text,false,,2679,0,1,82,http://localhost:8001/auth/login,0,0,1
1776749005593,2,POST /reviews/,401,Unauthorized,Review Submission Load Test 3-100,text,false,,204,299,1,82,http://localhost:8004/reviews/,2,0,1
1776748995672,10001,POST /auth/login,Non HTTP response code: java.net.SocketTimeoutException,Non HTTP response message: Read timed out,Login Load Test 1-67,text,false,"Test failed: code expected to equal /

****** received  : [[[Non HTTP response code: java.net.SocketTimeoutException]]]

****** comparison: [[[200                                                    ]]]

/",2679,0,81,81,http://localhost:8001/auth/login,0,0,0
1776748995773,10001,POST /auth/login,Non HTTP response code: java.net.SocketTimeoutException,Non HTTP response message: Read timed out,Login Load Test 1-34,text,false,"Test failed: code expected to equal /

****** received  : [[[Non HTTP response code: java.net.SocketTimeoutException]]]

****** comparison: [[[200                                                    ]]]

/",2679,0,81,81,http://localhost:8001/auth/login,0,0,1
1776748995973,10002,POST /auth/login,Non HTTP response code: java.net.SocketTimeoutException,Non HTTP response message: Read timed out,Login Load Test 1-68,text,false,"Test failed: code expected to equal /

****** received  : [[[Non HTTP response code: java.net.SocketTimeoutException]]]

****** comparison: [[[200                                                    ]]]

/",2679,0,81,81,http://localhost:8001/auth/login,0,0,1
1776748996072,10001,POST /auth/login,Non HTTP response code: java.net.SocketTimeoutException,Non HTTP response message: Read timed out,Login Load Test 1-35,text,false,"Test failed: code expected to equal /

****** received  : [[[Non HTTP response code: java.net.SocketTimeoutException]]]

****** comparison: [[[200                                                    ]]]

/",2679,0,81,81,http://localhost:8001/auth/login,0,0,0
1776748996274,10001,POST /auth/login,Non HTTP response code: java.net.SocketTimeoutException,Non HTTP response message: Read timed out,Login Load Test 1-69,text,false,"Test failed: code expected to equal /

****** received  : [[[Non HTTP response code: java.net.SocketTimeoutException]]]

****** comparison: [[[200                                                    ]]]

/",2679,0,81,81,http://localhost:8001/auth/login,0,0,0
1776748996375,10002,POST /auth/login,Non HTTP response code: java.net.SocketTimeoutException,Non HTTP response message: Read timed out,Login Load Test 1-36,text,false,"Test failed: code expected to equal /

****** received  : [[[Non HTTP response code: java.net.SocketTimeoutException]]]

****** comparison: [[[200                                                    ]]]

/",2679,0,81,81,http://localhost:8001/auth/login,0,0,1
1776748996580,10001,POST /auth/login,Non HTTP response code: java.net.SocketTimeoutException,Non HTTP response message: Read timed out,Login Load Test 1-70,text,false,"Test failed: code expected to equal /

****** received  : [[[Non HTTP response code: java.net.SocketTimeoutException]]]

****** comparison: [[[200                                                    ]]]

/",2679,0,81,81,http://localhost:8001/auth/login,0,0,0
1776748996676,10002,POST /auth/login,Non HTTP response code: java.net.SocketTimeoutException,Non HTTP response message: Read timed out,Login Load Test 1-37,text,false,"Test failed: code expected to equal /

****** received  : [[[Non HTTP response code: java.net.SocketTimeoutException]]]

****** comparison: [[[200                                                    ]]]

/",2679,0,81,81,http://localhost:8001/auth/login,0,0,0
1776748996870,10002,POST /auth/login,Non HTTP response code: java.net.SocketTimeoutException,Non HTTP response message: Read timed out,Login Load Test 1-71,text,false,"Test failed: code expected to equal /

****** received  : [[[Non HTTP response code: java.net.SocketTimeoutException]]]

****** comparison: [[[200                                                    ]]]

/",2679,0,81,81,http://localhost:8001/auth/login,0,0,1
1776748996976,10002,POST /auth/login,Non HTTP response code: java.net.SocketTimeoutException,Non HTTP response message: Read timed out,Login Load Test 1-38,text,false,"Test failed: code expected to equal /

****** received  : [[[Non HTTP response code: java.net.SocketTimeoutException]]]

****** comparison: [[[200                                                    ]]]

/",2679,0,81,81,http://localhost:8001/auth/login,0,0,0
1776748997170,10001,POST /auth/login,Non HTTP response code: java.net.SocketTimeoutException,Non HTTP response message: Read timed out,Login Load Test 1-72,text,false,"Test failed: code expected to equal /

****** received  : [[[Non HTTP response code: java.net.SocketTimeoutException]]]

****** comparison: [[[200                                                    ]]]

/",2679,0,81,81,http://localhost:8001/auth/login,0,0,0
1776748997276,10002,POST /auth/login,Non HTTP response code: java.net.SocketTimeoutException,Non HTTP response message: Read timed out,Login Load Test 1-39,text,false,"Test failed: code expected to equal /

****** received  : [[[Non HTTP response code: java.net.SocketTimeoutException]]]

****** comparison: [[[200                                                    ]]]

/",2679,0,81,81,http://localhost:8001/auth/login,0,0,1
1776748997472,10002,POST /auth/login,Non HTTP response code: java.net.SocketTimeoutException,Non HTTP response message: Read timed out,Login Load Test 1-73,text,false,"Test failed: code expected to equal /

****** received  : [[[Non HTTP response code: java.net.SocketTimeoutException]]]

****** comparison: [[[200                                                    ]]]

/",2679,0,81,81,http://localhost:8001/auth/login,0,0,1
1776748997578,10001,POST /auth/login,Non HTTP response code: java.net.SocketTimeoutException,Non HTTP response message: Read timed out,Login Load Test 1-40,text,false,"Test failed: code expected to equal /

****** received  : [[[Non HTTP response code: java.net.SocketTimeoutException]]]

****** comparison: [[[200                                                    ]]]

/",2679,0,81,81,http://localhost:8001/auth/login,0,0,0
1776748997776,10002,POST /auth/login,Non HTTP response code: java.net.SocketTimeoutException,Non HTTP response message: Read timed out,Login Load Test 1-74,text,false,"Test failed: code expected to equal /

****** received  : [[[Non HTTP response code: java.net.SocketTimeoutException]]]

****** comparison: [[[200                                                    ]]]

/",2679,0,81,81,http://localhost:8001/auth/login,0,0,0
1776748997876,10001,POST /auth/login,Non HTTP response code: java.net.SocketTimeoutException,Non HTTP response message: Read timed out,Login Load Test 1-41,text,false,"Test failed: code expected to equal /

****** received  : [[[Non HTTP response code: java.net.SocketTimeoutException]]]

****** comparison: [[[200                                                    ]]]

/",2679,0,81,81,http://localhost:8001/auth/login,0,0,0
1776748998074,10002,POST /auth/login,Non HTTP response code: java.net.SocketTimeoutException,Non HTTP response message: Read timed out,Login Load Test 1-75,text,false,"Test failed: code expected to equal /

****** received  : [[[Non HTTP response code: java.net.SocketTimeoutException]]]

****** comparison: [[[200                                                    ]]]

/",2679,0,81,81,http://localhost:8001/auth/login,0,0,0
1776748998180,10002,POST /auth/login,Non HTTP response code: java.net.SocketTimeoutException,Non HTTP response message: Read timed out,Login Load Test 1-42,text,false,"Test failed: code expected to equal /

****** received  : [[[Non HTTP response code: java.net.SocketTimeoutException]]]

****** comparison: [[[200                                                    ]]]

/",2679,0,81,81,http://localhost:8001/auth/login,0,0,1
1776748998373,10002,POST /auth/login,Non HTTP response code: java.net.SocketTimeoutException,Non HTTP response message: Read timed out,Login Load Test 1-76,text,false,"Test failed: code expected to equal /

****** received  : [[[Non HTTP response code: java.net.SocketTimeoutException]]]

****** comparison: [[[200                                                    ]]]

/",2679,0,81,81,http://localhost:8001/auth/login,0,0,1
1776748998480,10002,POST /auth/login,Non HTTP response code: java.net.SocketTimeoutException,Non HTTP response message: Read timed out,Login Load Test 1-43,text,false,"Test failed: code expected to equal /

****** received  : [[[Non HTTP response code: java.net.SocketTimeoutException]]]

****** comparison: [[[200                                                    ]]]

/",2679,0,81,81,http://localhost:8001/auth/login,0,0,0
1776748998676,10002,POST /auth/login,Non HTTP response code: java.net.SocketTimeoutException,Non HTTP response message: Read timed out,Login Load Test 1-77,text,false,"Test failed: code expected to equal /

****** received  : [[[Non HTTP response code: java.net.SocketTimeoutException]]]

****** comparison: [[[200                                                    ]]]

/",2679,0,81,81,http://localhost:8001/auth/login,0,0,1
1776748998779,10002,POST /auth/login,Non HTTP response code: java.net.SocketTimeoutException,Non HTTP response message: Read timed out,Login Load Test 1-44,text,false,"Test failed: code expected to equal /

****** received  : [[[Non HTTP response code: java.net.SocketTimeoutException]]]

****** comparison: [[[200                                                    ]]]

/",2679,0,81,81,http://localhost:8001/auth/login,0,0,0
1776748998976,10002,POST /auth/login,Non HTTP response code: java.net.SocketTimeoutException,Non HTTP response message: Read timed out,Login Load Test 1-78,text,false,"Test failed: code expected to equal /

****** received  : [[[Non HTTP response code: java.net.SocketTimeoutException]]]

****** comparison: [[[200                                                    ]]]

/",2679,0,81,81,http://localhost:8001/auth/login,0,0,1
1776748999076,10002,POST /auth/login,Non HTTP response code: java.net.SocketTimeoutException,Non HTTP response message: Read timed out,Login Load Test 1-45,text,false,"Test failed: code expected to equal /

****** received  : [[[Non HTTP response code: java.net.SocketTimeoutException]]]

****** comparison: [[[200                                                    ]]]

/",2679,0,81,81,http://localhost:8001/auth/login,0,0,0
1776748999273,10001,POST /auth/login,Non HTTP response code: java.net.SocketTimeoutException,Non HTTP response message: Read timed out,Login Load Test 1-79,text,false,"Test failed: code expected to equal /

****** received  : [[[Non HTTP response code: java.net.SocketTimeoutException]]]

****** comparison: [[[200                                                    ]]]

/",2679,0,81,81,http://localhost:8001/auth/login,0,0,0
1776748999378,10002,POST /auth/login,Non HTTP response code: java.net.SocketTimeoutException,Non HTTP response message: Read timed out,Login Load Test 1-46,text,false,"Test failed: code expected to equal /

****** received  : [[[Non HTTP response code: java.net.SocketTimeoutException]]]

****** comparison: [[[200                                                    ]]]

/",2679,0,81,81,http://localhost:8001/auth/login,0,0,1
1776748999574,10002,POST /auth/login,Non HTTP response code: java.net.SocketTimeoutException,Non HTTP response message: Read timed out,Login Load Test 1-80,text,false,"Test failed: code expected to equal /

****** received  : [[[Non HTTP response code: java.net.SocketTimeoutException]]]

****** comparison: [[[200                                                    ]]]

/",2679,0,81,81,http://localhost:8001/auth/login,0,0,1
1776748999678,10001,POST /auth/login,Non HTTP response code: java.net.SocketTimeoutException,Non HTTP response message: Read timed out,Login Load Test 1-47,text,false,"Test failed: code expected to equal /

****** received  : [[[Non HTTP response code: java.net.SocketTimeoutException]]]

****** comparison: [[[200                                                    ]]]

/",2679,0,81,81,http://localhost:8001/auth/login,0,0,0
1776748999871,10001,POST /auth/login,Non HTTP response code: java.net.SocketTimeoutException,Non HTTP response message: Read timed out,Login Load Test 1-81,text,false,"Test failed: code expected to equal /

****** received  : [[[Non HTTP response code: java.net.SocketTimeoutException]]]

****** comparison: [[[200                                                    ]]]

/",2679,0,81,81,http://localhost:8001/auth/login,0,0,0
1776748999976,10001,POST /auth/login,Non HTTP response code: java.net.SocketTimeoutException,Non HTTP response message: Read timed out,Login Load Test 1-48,text,false,"Test failed: code expected to equal /

****** received  : [[[Non HTTP response code: java.net.SocketTimeoutException]]]

****** comparison: [[[200                                                    ]]]

/",2679,0,81,81,http://localhost:8001/auth/login,0,0,0
1776749000173,10002,POST /auth/login,Non HTTP response code: java.net.SocketTimeoutException,Non HTTP response message: Read timed out,Login Load Test 1-82,text,false,"Test failed: code expected to equal /

****** received  : [[[Non HTTP response code: java.net.SocketTimeoutException]]]

****** comparison: [[[200                                                    ]]]

/",2679,0,81,81,http://localhost:8001/auth/login,0,0,1
1776749000271,10002,POST /auth/login,Non HTTP response code: java.net.SocketTimeoutException,Non HTTP response message: Read timed out,Login Load Test 1-49,text,false,"Test failed: code expected to equal /

****** received  : [[[Non HTTP response code: java.net.SocketTimeoutException]]]

****** comparison: [[[200                                                    ]]]

/",2679,0,81,81,http://localhost:8001/auth/login,0,0,0
1776749000474,10002,POST /auth/login,Non HTTP response code: java.net.SocketTimeoutException,Non HTTP response message: Read timed out,Login Load Test 1-83,text,false,"Test failed: code expected to equal /

****** received  : [[[Non HTTP response code: java.net.SocketTimeoutException]]]

****** comparison: [[[200                                                    ]]]

/",2679,0,81,81,http://localhost:8001/auth/login,0,0,0
1776749000575,10002,POST /auth/login,Non HTTP response code: java.net.SocketTimeoutException,Non HTTP response message: Read timed out,Login Load Test 1-50,text,false,"Test failed: code expected to equal /

****** received  : [[[Non HTTP response code: java.net.SocketTimeoutException]]]

****** comparison: [[[200                                                    ]]]

/",2679,0,81,81,http://localhost:8001/auth/login,0,0,1
1776749000776,10001,POST /auth/login,Non HTTP response code: java.net.SocketTimeoutException,Non HTTP response message: Read timed out,Login Load Test 1-84,text,false,"Test failed: code expected to equal /

****** received  : [[[Non HTTP response code: java.net.SocketTimeoutException]]]

****** comparison: [[[200                                                    ]]]

/",2679,0,81,81,http://localhost:8001/auth/login,0,0,0
1776749000878,10002,POST /auth/login,Non HTTP response code: java.net.SocketTimeoutException,Non HTTP response message: Read timed out,Login Load Test 1-51,text,false,"Test failed: code expected to equal /

****** received  : [[[Non HTTP response code: java.net.SocketTimeoutException]]]

****** comparison: [[[200                                                    ]]]

/",2679,0,81,81,http://localhost:8001/auth/login,0,0,0
1776749001075,10002,POST /auth/login,Non HTTP response code: java.net.SocketTimeoutException,Non HTTP response message: Read timed out,Login Load Test 1-85,text,false,"Test failed: code expected to equal /

****** received  : [[[Non HTTP response code: java.net.SocketTimeoutException]]]

****** comparison: [[[200                                                    ]]]

/",2679,0,81,81,http://localhost:8001/auth/login,0,0,1
1776749001179,10002,POST /auth/login,Non HTTP response code: java.net.SocketTimeoutException,Non HTTP response message: Read timed out,Login Load Test 1-52,text,false,"Test failed: code expected to equal /

****** received  : [[[Non HTTP response code: java.net.SocketTimeoutException]]]

****** comparison: [[[200                                                    ]]]

/",2679,0,81,81,http://localhost:8001/auth/login,0,0,0
1776749001377,10001,POST /auth/login,Non HTTP response code: java.net.SocketTimeoutException,Non HTTP response message: Read timed out,Login Load Test 1-86,text,false,"Test failed: code expected to equal /

****** received  : [[[Non HTTP response code: java.net.SocketTimeoutException]]]

****** comparison: [[[200                                                    ]]]

/",2679,0,81,81,http://localhost:8001/auth/login,0,0,0
1776749001475,10002,POST /auth/login,Non HTTP response code: java.net.SocketTimeoutException,Non HTTP response message: Read timed out,Login Load Test 1-53,text,false,"Test failed: code expected to equal /

****** received  : [[[Non HTTP response code: java.net.SocketTimeoutException]]]

****** comparison: [[[200                                                    ]]]

/",2679,0,81,81,http://localhost:8001/auth/login,0,0,1
1776749001581,10001,POST /auth/login,Non HTTP response code: java.net.SocketTimeoutException,Non HTTP response message: Read timed out,Login Load Test 1-20,text,false,"Test failed: code expected to equal /

****** received  : [[[Non HTTP response code: java.net.SocketTimeoutException]]]

****** comparison: [[[200                                                    ]]]

/",2679,0,81,81,http://localhost:8001/auth/login,0,0,0
1776749001676,10002,POST /auth/login,Non HTTP response code: java.net.SocketTimeoutException,Non HTTP response message: Read timed out,Login Load Test 1-87,text,false,"Test failed: code expected to equal /

****** received  : [[[Non HTTP response code: java.net.SocketTimeoutException]]]

****** comparison: [[[200                                                    ]]]

/",2679,0,81,81,http://localhost:8001/auth/login,0,0,1
1776749001779,10002,POST /auth/login,Non HTTP response code: java.net.SocketTimeoutException,Non HTTP response message: Read timed out,Login Load Test 1-54,text,false,"Test failed: code expected to equal /

****** received  : [[[Non HTTP response code: java.net.SocketTimeoutException]]]

****** comparison: [[[200                                                    ]]]

/",2679,0,81,81,http://localhost:8001/auth/login,0,0,0
1776749001877,10002,POST /auth/login,Non HTTP response code: java.net.SocketTimeoutException,Non HTTP response message: Read timed out,Login Load Test 1-21,text,false,"Test failed: code expected to equal /

****** received  : [[[Non HTTP response code: java.net.SocketTimeoutException]]]

****** comparison: [[[200                                                    ]]]

/",2679,0,81,81,http://localhost:8001/auth/login,0,0,0
1776749001972,10002,POST /auth/login,Non HTTP response code: java.net.SocketTimeoutException,Non HTTP response message: Read timed out,Login Load Test 1-88,text,false,"Test failed: code expected to equal /

****** received  : [[[Non HTTP response code: java.net.SocketTimeoutException]]]

****** comparison: [[[200                                                    ]]]

/",2679,0,81,81,http://localhost:8001/auth/login,0,0,1
1776749002075,10002,POST /auth/login,Non HTTP response code: java.net.SocketTimeoutException,Non HTTP response message: Read timed out,Login Load Test 1-55,text,false,"Test failed: code expected to equal /

****** received  : [[[Non HTTP response code: java.net.SocketTimeoutException]]]

****** comparison: [[[200                                                    ]]]

/",2679,0,81,81,http://localhost:8001/auth/login,0,0,1
1776749002180,10001,POST /auth/login,Non HTTP response code: java.net.SocketTimeoutException,Non HTTP response message: Read timed out,Login Load Test 1-22,text,false,"Test failed: code expected to equal /

****** received  : [[[Non HTTP response code: java.net.SocketTimeoutException]]]

****** comparison: [[[200                                                    ]]]

/",2679,0,81,81,http://localhost:8001/auth/login,0,0,0
1776749002276,10001,POST /auth/login,Non HTTP response code: java.net.SocketTimeoutException,Non HTTP response message: Read timed out,Login Load Test 1-89,text,false,"Test failed: code expected to equal /

****** received  : [[[Non HTTP response code: java.net.SocketTimeoutException]]]

****** comparison: [[[200                                                    ]]]

/",2679,0,81,81,http://localhost:8001/auth/login,0,0,0
1776749002378,10001,POST /auth/login,Non HTTP response code: java.net.SocketTimeoutException,Non HTTP response message: Read timed out,Login Load Test 1-56,text,false,"Test failed: code expected to equal /

****** received  : [[[Non HTTP response code: java.net.SocketTimeoutException]]]

****** comparison: [[[200                                                    ]]]

/",2679,0,81,81,http://localhost:8001/auth/login,0,0,0
1776749002479,10001,POST /auth/login,Non HTTP response code: java.net.SocketTimeoutException,Non HTTP response message: Read timed out,Login Load Test 1-23,text,false,"Test failed: code expected to equal /

****** received  : [[[Non HTTP response code: java.net.SocketTimeoutException]]]

****** comparison: [[[200                                                    ]]]

/",2679,0,81,81,http://localhost:8001/auth/login,0,0,0
1776749002574,10001,POST /auth/login,Non HTTP response code: java.net.SocketTimeoutException,Non HTTP response message: Read timed out,Login Load Test 1-90,text,false,"Test failed: code expected to equal /

****** received  : [[[Non HTTP response code: java.net.SocketTimeoutException]]]

****** comparison: [[[200                                                    ]]]

/",2679,0,81,81,http://localhost:8001/auth/login,0,0,0
1776749002675,10002,POST /auth/login,Non HTTP response code: java.net.SocketTimeoutException,Non HTTP response message: Read timed out,Login Load Test 1-57,text,false,"Test failed: code expected to equal /

****** received  : [[[Non HTTP response code: java.net.SocketTimeoutException]]]

****** comparison: [[[200                                                    ]]]

/",2679,0,81,81,http://localhost:8001/auth/login,0,0,1
1776749002783,10002,POST /auth/login,Non HTTP response code: java.net.SocketTimeoutException,Non HTTP response message: Read timed out,Login Load Test 1-24,text,false,"Test failed: code expected to equal /

****** received  : [[[Non HTTP response code: java.net.SocketTimeoutException]]]

****** comparison: [[[200                                                    ]]]

/",2679,0,81,81,http://localhost:8001/auth/login,0,0,1
1776749002876,10002,POST /auth/login,Non HTTP response code: java.net.SocketTimeoutException,Non HTTP response message: Read timed out,Login Load Test 1-91,text,false,"Test failed: code expected to equal /

****** received  : [[[Non HTTP response code: java.net.SocketTimeoutException]]]

****** comparison: [[[200                                                    ]]]

/",2679,0,81,81,http://localhost:8001/auth/login,0,0,1
1776749002977,10002,POST /auth/login,Non HTTP response code: java.net.SocketTimeoutException,Non HTTP response message: Read timed out,Login Load Test 1-58,text,false,"Test failed: code expected to equal /

****** received  : [[[Non HTTP response code: java.net.SocketTimeoutException]]]

****** comparison: [[[200                                                    ]]]

/",2679,0,81,81,http://localhost:8001/auth/login,0,0,0
1776749003079,10002,POST /auth/login,Non HTTP response code: java.net.SocketTimeoutException,Non HTTP response message: Read timed out,Login Load Test 1-25,text,false,"Test failed: code expected to equal /

****** received  : [[[Non HTTP response code: java.net.SocketTimeoutException]]]

****** comparison: [[[200                                                    ]]]

/",2679,0,81,81,http://localhost:8001/auth/login,0,0,1
1776749003174,10001,POST /auth/login,Non HTTP response code: java.net.SocketTimeoutException,Non HTTP response message: Read timed out,Login Load Test 1-92,text,false,"Test failed: code expected to equal /

****** received  : [[[Non HTTP response code: java.net.SocketTimeoutException]]]

****** comparison: [[[200                                                    ]]]

/",2679,0,81,81,http://localhost:8001/auth/login,0,0,0
1776749003274,10001,POST /auth/login,Non HTTP response code: java.net.SocketTimeoutException,Non HTTP response message: Read timed out,Login Load Test 1-59,text,false,"Test failed: code expected to equal /

****** received  : [[[Non HTTP response code: java.net.SocketTimeoutException]]]

****** comparison: [[[200                                                    ]]]

/",2679,0,81,81,http://localhost:8001/auth/login,0,0,0
1776749003379,10001,POST /auth/login,Non HTTP response code: java.net.SocketTimeoutException,Non HTTP response message: Read timed out,Login Load Test 1-26,text,false,"Test failed: code expected to equal /

****** received  : [[[Non HTTP response code: java.net.SocketTimeoutException]]]

****** comparison: [[[200                                                    ]]]

/",2679,0,81,81,http://localhost:8001/auth/login,0,0,0
1776749003476,10001,POST /auth/login,Non HTTP response code: java.net.SocketTimeoutException,Non HTTP response message: Read timed out,Login Load Test 1-93,text,false,"Test failed: code expected to equal /

****** received  : [[[Non HTTP response code: java.net.SocketTimeoutException]]]

****** comparison: [[[200                                                    ]]]

/",2679,0,81,81,http://localhost:8001/auth/login,0,0,0
1776749003576,10002,POST /auth/login,Non HTTP response code: java.net.SocketTimeoutException,Non HTTP response message: Read timed out,Login Load Test 1-60,text,false,"Test failed: code expected to equal /

****** received  : [[[Non HTTP response code: java.net.SocketTimeoutException]]]

****** comparison: [[[200                                                    ]]]

/",2679,0,81,81,http://localhost:8001/auth/login,0,0,1
1776749003680,10001,POST /auth/login,Non HTTP response code: java.net.SocketTimeoutException,Non HTTP response message: Read timed out,Login Load Test 1-27,text,false,"Test failed: code expected to equal /

****** received  : [[[Non HTTP response code: java.net.SocketTimeoutException]]]

****** comparison: [[[200                                                    ]]]

/",2679,0,81,81,http://localhost:8001/auth/login,0,0,0
1776749003776,10001,POST /auth/login,Non HTTP response code: java.net.SocketTimeoutException,Non HTTP response message: Read timed out,Login Load Test 1-94,text,false,"Test failed: code expected to equal /

****** received  : [[[Non HTTP response code: java.net.SocketTimeoutException]]]

****** comparison: [[[200                                                    ]]]

/",2679,0,81,81,http://localhost:8001/auth/login,0,0,0
1776749003876,10002,POST /auth/login,Non HTTP response code: java.net.SocketTimeoutException,Non HTTP response message: Read timed out,Login Load Test 1-61,text,false,"Test failed: code expected to equal /

****** received  : [[[Non HTTP response code: java.net.SocketTimeoutException]]]

****** comparison: [[[200                                                    ]]]

/",2679,0,81,81,http://localhost:8001/auth/login,0,0,0
1776749003979,10002,POST /auth/login,Non HTTP response code: java.net.SocketTimeoutException,Non HTTP response message: Read timed out,Login Load Test 1-28,text,false,"Test failed: code expected to equal /

****** received  : [[[Non HTTP response code: java.net.SocketTimeoutException]]]

****** comparison: [[[200                                                    ]]]

/",2679,0,81,81,http://localhost:8001/auth/login,0,0,1
1776749004072,10002,POST /auth/login,Non HTTP response code: java.net.SocketTimeoutException,Non HTTP response message: Read timed out,Login Load Test 1-95,text,false,"Test failed: code expected to equal /

****** received  : [[[Non HTTP response code: java.net.SocketTimeoutException]]]

****** comparison: [[[200                                                    ]]]

/",2679,0,81,81,http://localhost:8001/auth/login,0,0,0
1776749004179,10002,POST /auth/login,Non HTTP response code: java.net.SocketTimeoutException,Non HTTP response message: Read timed out,Login Load Test 1-62,text,false,"Test failed: code expected to equal /

****** received  : [[[Non HTTP response code: java.net.SocketTimeoutException]]]

****** comparison: [[[200                                                    ]]]

/",2679,0,81,81,http://localhost:8001/auth/login,0,0,0
1776749004278,10002,POST /auth/login,Non HTTP response code: java.net.SocketTimeoutException,Non HTTP response message: Read timed out,Login Load Test 1-29,text,false,"Test failed: code expected to equal /

****** received  : [[[Non HTTP response code: java.net.SocketTimeoutException]]]

****** comparison: [[[200                                                    ]]]

/",2679,0,81,81,http://localhost:8001/auth/login,0,0,1
1776749004376,10002,POST /auth/login,Non HTTP response code: java.net.SocketTimeoutException,Non HTTP response message: Read timed out,Login Load Test 1-96,text,false,"Test failed: code expected to equal /

****** received  : [[[Non HTTP response code: java.net.SocketTimeoutException]]]

****** comparison: [[[200                                                    ]]]

/",2679,0,81,81,http://localhost:8001/auth/login,0,0,0
1776749004477,10001,POST /auth/login,Non HTTP response code: java.net.SocketTimeoutException,Non HTTP response message: Read timed out,Login Load Test 1-63,text,false,"Test failed: code expected to equal /

****** received  : [[[Non HTTP response code: java.net.SocketTimeoutException]]]

****** comparison: [[[200                                                    ]]]

/",2679,0,81,81,http://localhost:8001/auth/login,0,0,1
1776749004578,10002,POST /auth/login,Non HTTP response code: java.net.SocketTimeoutException,Non HTTP response message: Read timed out,Login Load Test 1-30,text,false,"Test failed: code expected to equal /

****** received  : [[[Non HTTP response code: java.net.SocketTimeoutException]]]

****** comparison: [[[200                                                    ]]]

/",2679,0,81,81,http://localhost:8001/auth/login,0,0,0
1776749004674,10001,POST /auth/login,Non HTTP response code: java.net.SocketTimeoutException,Non HTTP response message: Read timed out,Login Load Test 1-97,text,false,"Test failed: code expected to equal /

****** received  : [[[Non HTTP response code: java.net.SocketTimeoutException]]]

****** comparison: [[[200                                                    ]]]

/",2679,0,81,81,http://localhost:8001/auth/login,0,0,0
1776749004778,10001,POST /auth/login,Non HTTP response code: java.net.SocketTimeoutException,Non HTTP response message: Read timed out,Login Load Test 1-64,text,false,"Test failed: code expected to equal /

****** received  : [[[Non HTTP response code: java.net.SocketTimeoutException]]]

****** comparison: [[[200                                                    ]]]

/",2679,0,81,81,http://localhost:8001/auth/login,0,0,0
1776749004877,10002,POST /auth/login,Non HTTP response code: java.net.SocketTimeoutException,Non HTTP response message: Read timed out,Login Load Test 1-31,text,false,"Test failed: code expected to equal /

****** received  : [[[Non HTTP response code: java.net.SocketTimeoutException]]]

****** comparison: [[[200                                                    ]]]

/",2679,0,81,81,http://localhost:8001/auth/login,0,0,1
1776749004973,10002,POST /auth/login,Non HTTP response code: java.net.SocketTimeoutException,Non HTTP response message: Read timed out,Login Load Test 1-98,text,false,"Test failed: code expected to equal /

****** received  : [[[Non HTTP response code: java.net.SocketTimeoutException]]]

****** comparison: [[[200                                                    ]]]

/",2679,0,81,81,http://localhost:8001/auth/login,0,0,1
1776749005077,10002,POST /auth/login,Non HTTP response code: java.net.SocketTimeoutException,Non HTTP response message: Read timed out,Login Load Test 1-65,text,false,"Test failed: code expected to equal /

****** received  : [[[Non HTTP response code: java.net.SocketTimeoutException]]]

****** comparison: [[[200                                                    ]]]

/",2679,0,81,81,http://localhost:8001/auth/login,0,0,1
1776749005179,10002,POST /auth/login,Non HTTP response code: java.net.SocketTimeoutException,Non HTTP response message: Read timed out,Login Load Test 1-32,text,false,"Test failed: code expected to equal /

****** received  : [[[Non HTTP response code: java.net.SocketTimeoutException]]]

****** comparison: [[[200                                                    ]]]

/",2679,0,81,81,http://localhost:8001/auth/login,0,0,1
1776749005273,10002,POST /auth/login,Non HTTP response code: java.net.SocketTimeoutException,Non HTTP response message: Read timed out,Login Load Test 1-99,text,false,"Test failed: code expected to equal /

****** received  : [[[Non HTTP response code: java.net.SocketTimeoutException]]]

****** comparison: [[[200                                                    ]]]

/",2679,0,81,81,http://localhost:8001/auth/login,0,0,1
1776749005378,10002,POST /auth/login,Non HTTP response code: java.net.SocketTimeoutException,Non HTTP response message: Read timed out,Login Load Test 1-66,text,false,"Test failed: code expected to equal /

****** received  : [[[Non HTTP response code: java.net.SocketTimeoutException]]]

****** comparison: [[[200                                                    ]]]

/",2679,0,81,81,http://localhost:8001/auth/login,0,0,1
1776749005480,10002,POST /auth/login,Non HTTP response code: java.net.SocketTimeoutException,Non HTTP response message: Read timed out,Login Load Test 1-33,text,false,"Test failed: code expected to equal /

****** received  : [[[Non HTTP response code: java.net.SocketTimeoutException]]]

****** comparison: [[[200                                                    ]]]

/",2679,0,81,81,http://localhost:8001/auth/login,0,0,1
1776749005573,10001,POST /auth/login,Non HTTP response code: java.net.SocketTimeoutException,Non HTTP response message: Read timed out,Login Load Test 1-100,text,false,"Test failed: code expected to equal /

****** received  : [[[Non HTTP response code: java.net.SocketTimeoutException]]]

****** comparison: [[[200                                                    ]]]

/",2679,0,81,81,http://localhost:8001/auth/login,0,0,0
1776749005674,10001,POST /auth/login,Non HTTP response code: java.net.SocketTimeoutException,Non HTTP response message: Read timed out,Login Load Test 1-67,text,false,"Test failed: code expected to equal /

****** received  : [[[Non HTTP response code: java.net.SocketTimeoutException]]]

****** comparison: [[[200                                                    ]]]

/",2679,0,81,81,http://localhost:8001/auth/login,0,0,0
1776749005776,10002,POST /auth/login,Non HTTP response code: java.net.SocketTimeoutException,Non HTTP response message: Read timed out,Login Load Test 1-34,text,false,"Test failed: code expected to equal /

****** received  : [[[Non HTTP response code: java.net.SocketTimeoutException]]]

****** comparison: [[[200                                                    ]]]

/",2679,0,81,81,http://localhost:8001/auth/login,0,0,1
1776749005976,10001,POST /auth/login,Non HTTP response code: java.net.SocketTimeoutException,Non HTTP response message: Read timed out,Login Load Test 1-68,text,false,"Test failed: code expected to equal /

****** received  : [[[Non HTTP response code: java.net.SocketTimeoutException]]]

****** comparison: [[[200                                                    ]]]

/",2679,0,81,81,http://localhost:8001/auth/login,0,0,0
1776749006074,10000,POST /auth/login,Non HTTP response code: java.net.SocketTimeoutException,Non HTTP response message: Read timed out,Login Load Test 1-35,text,false,"Test failed: code expected to equal /

****** received  : [[[Non HTTP response code: java.net.SocketTimeoutException]]]

****** comparison: [[[200                                                    ]]]

/",2679,0,81,81,http://localhost:8001/auth/login,0,0,0
1776749006275,10001,POST /auth/login,Non HTTP response code: java.net.SocketTimeoutException,Non HTTP response message: Read timed out,Login Load Test 1-69,text,false,"Test failed: code expected to equal /

****** received  : [[[Non HTTP response code: java.net.SocketTimeoutException]]]

****** comparison: [[[200                                                    ]]]

/",2679,0,81,81,http://localhost:8001/auth/login,0,0,1
1776749006377,10002,POST /auth/login,Non HTTP response code: java.net.SocketTimeoutException,Non HTTP response message: Read timed out,Login Load Test 1-36,text,false,"Test failed: code expected to equal /

****** received  : [[[Non HTTP response code: java.net.SocketTimeoutException]]]

****** comparison: [[[200                                                    ]]]

/",2679,0,81,81,http://localhost:8001/auth/login,0,0,1
1776749006582,10001,POST /auth/login,Non HTTP response code: java.net.SocketTimeoutException,Non HTTP response message: Read timed out,Login Load Test 1-70,text,false,"Test failed: code expected to equal /

****** received  : [[[Non HTTP response code: java.net.SocketTimeoutException]]]

****** comparison: [[[200                                                    ]]]

/",2679,0,81,81,http://localhost:8001/auth/login,0,0,0
1776749006678,10002,POST /auth/login,Non HTTP response code: java.net.SocketTimeoutException,Non HTTP response message: Read timed out,Login Load Test 1-37,text,false,"Test failed: code expected to equal /

****** received  : [[[Non HTTP response code: java.net.SocketTimeoutException]]]

****** comparison: [[[200                                                    ]]]

/",2679,0,81,81,http://localhost:8001/auth/login,0,0,0
1776749006872,10002,POST /auth/login,Non HTTP response code: java.net.SocketTimeoutException,Non HTTP response message: Read timed out,Login Load Test 1-71,text,false,"Test failed: code expected to equal /

****** received  : [[[Non HTTP response code: java.net.SocketTimeoutException]]]

****** comparison: [[[200                                                    ]]]

/",2679,0,81,81,http://localhost:8001/auth/login,0,0,1
1776749006978,10002,POST /auth/login,Non HTTP response code: java.net.SocketTimeoutException,Non HTTP response message: Read timed out,Login Load Test 1-38,text,false,"Test failed: code expected to equal /

****** received  : [[[Non HTTP response code: java.net.SocketTimeoutException]]]

****** comparison: [[[200                                                    ]]]

/",2679,0,81,81,http://localhost:8001/auth/login,0,0,1
1776749007172,10002,POST /auth/login,Non HTTP response code: java.net.SocketTimeoutException,Non HTTP response message: Read timed out,Login Load Test 1-72,text,false,"Test failed: code expected to equal /

****** received  : [[[Non HTTP response code: java.net.SocketTimeoutException]]]

****** comparison: [[[200                                                    ]]]

/",2679,0,81,81,http://localhost:8001/auth/login,0,0,1
1776749007278,10002,POST /auth/login,Non HTTP response code: java.net.SocketTimeoutException,Non HTTP response message: Read timed out,Login Load Test 1-39,text,false,"Test failed: code expected to equal /

****** received  : [[[Non HTTP response code: java.net.SocketTimeoutException]]]

****** comparison: [[[200                                                    ]]]

/",2679,0,81,81,http://localhost:8001/auth/login,0,0,1
1776749007475,10001,POST /auth/login,Non HTTP response code: java.net.SocketTimeoutException,Non HTTP response message: Read timed out,Login Load Test 1-73,text,false,"Test failed: code expected to equal /

****** received  : [[[Non HTTP response code: java.net.SocketTimeoutException]]]

****** comparison: [[[200                                                    ]]]

/",2679,0,81,81,http://localhost:8001/auth/login,0,0,0
1776749007579,10002,POST /auth/login,Non HTTP response code: java.net.SocketTimeoutException,Non HTTP response message: Read timed out,Login Load Test 1-40,text,false,"Test failed: code expected to equal /

****** received  : [[[Non HTTP response code: java.net.SocketTimeoutException]]]

****** comparison: [[[200                                                    ]]]

/",2679,0,81,81,http://localhost:8001/auth/login,0,0,1
1776749007778,10002,POST /auth/login,Non HTTP response code: java.net.SocketTimeoutException,Non HTTP response message: Read timed out,Login Load Test 1-74,text,false,"Test failed: code expected to equal /

****** received  : [[[Non HTTP response code: java.net.SocketTimeoutException]]]

****** comparison: [[[200                                                    ]]]

/",2679,0,81,81,http://localhost:8001/auth/login,0,0,0
1776749007878,10001,POST /auth/login,Non HTTP response code: java.net.SocketTimeoutException,Non HTTP response message: Read timed out,Login Load Test 1-41,text,false,"Test failed: code expected to equal /

****** received  : [[[Non HTTP response code: java.net.SocketTimeoutException]]]

****** comparison: [[[200                                                    ]]]

/",2679,0,81,81,http://localhost:8001/auth/login,0,0,0
1776749008076,10001,POST /auth/login,Non HTTP response code: java.net.SocketTimeoutException,Non HTTP response message: Read timed out,Login Load Test 1-75,text,false,"Test failed: code expected to equal /

****** received  : [[[Non HTTP response code: java.net.SocketTimeoutException]]]

****** comparison: [[[200                                                    ]]]

/",2679,0,81,81,http://localhost:8001/auth/login,0,0,1
1776749008182,10002,POST /auth/login,Non HTTP response code: java.net.SocketTimeoutException,Non HTTP response message: Read timed out,Login Load Test 1-42,text,false,"Test failed: code expected to equal /

****** received  : [[[Non HTTP response code: java.net.SocketTimeoutException]]]

****** comparison: [[[200                                                    ]]]

/",2679,0,81,81,http://localhost:8001/auth/login,0,0,1
1776749008375,10002,POST /auth/login,Non HTTP response code: java.net.SocketTimeoutException,Non HTTP response message: Read timed out,Login Load Test 1-76,text,false,"Test failed: code expected to equal /

****** received  : [[[Non HTTP response code: java.net.SocketTimeoutException]]]

****** comparison: [[[200                                                    ]]]

/",2679,0,81,81,http://localhost:8001/auth/login,0,0,0
1776749008482,10002,POST /auth/login,Non HTTP response code: java.net.SocketTimeoutException,Non HTTP response message: Read timed out,Login Load Test 1-43,text,false,"Test failed: code expected to equal /

****** received  : [[[Non HTTP response code: java.net.SocketTimeoutException]]]

****** comparison: [[[200                                                    ]]]

/",2679,0,81,81,http://localhost:8001/auth/login,0,0,1
1776749008679,10001,POST /auth/login,Non HTTP response code: java.net.SocketTimeoutException,Non HTTP response message: Read timed out,Login Load Test 1-77,text,false,"Test failed: code expected to equal /

****** received  : [[[Non HTTP response code: java.net.SocketTimeoutException]]]

****** comparison: [[[200                                                    ]]]

/",2679,0,81,81,http://localhost:8001/auth/login,0,0,0
1776749008781,10001,POST /auth/login,Non HTTP response code: java.net.SocketTimeoutException,Non HTTP response message: Read timed out,Login Load Test 1-44,text,false,"Test failed: code expected to equal /

****** received  : [[[Non HTTP response code: java.net.SocketTimeoutException]]]

****** comparison: [[[200                                                    ]]]

/",2679,0,81,81,http://localhost:8001/auth/login,0,0,0
1776749008978,10002,POST /auth/login,Non HTTP response code: java.net.SocketTimeoutException,Non HTTP response message: Read timed out,Login Load Test 1-78,text,false,"Test failed: code expected to equal /

****** received  : [[[Non HTTP response code: java.net.SocketTimeoutException]]]

****** comparison: [[[200                                                    ]]]

/",2679,0,81,81,http://localhost:8001/auth/login,0,0,0
1776749009078,10002,POST /auth/login,Non HTTP response code: java.net.SocketTimeoutException,Non HTTP response message: Read timed out,Login Load Test 1-45,text,false,"Test failed: code expected to equal /

****** received  : [[[Non HTTP response code: java.net.SocketTimeoutException]]]

****** comparison: [[[200                                                    ]]]

/",2679,0,81,81,http://localhost:8001/auth/login,0,0,0
1776749009274,10002,POST /auth/login,Non HTTP response code: java.net.SocketTimeoutException,Non HTTP response message: Read timed out,Login Load Test 1-79,text,false,"Test failed: code expected to equal /

****** received  : [[[Non HTTP response code: java.net.SocketTimeoutException]]]

****** comparison: [[[200                                                    ]]]

/",2679,0,81,81,http://localhost:8001/auth/login,0,0,1
1776749009380,10002,POST /auth/login,Non HTTP response code: java.net.SocketTimeoutException,Non HTTP response message: Read timed out,Login Load Test 1-46,text,false,"Test failed: code expected to equal /

****** received  : [[[Non HTTP response code: java.net.SocketTimeoutException]]]

****** comparison: [[[200                                                    ]]]

/",2679,0,81,81,http://localhost:8001/auth/login,0,0,1
1776749009576,10002,POST /auth/login,Non HTTP response code: java.net.SocketTimeoutException,Non HTTP response message: Read timed out,Login Load Test 1-80,text,false,"Test failed: code expected to equal /

****** received  : [[[Non HTTP response code: java.net.SocketTimeoutException]]]

****** comparison: [[[200                                                    ]]]

/",2679,0,81,81,http://localhost:8001/auth/login,0,0,0
1776749009680,10001,POST /auth/login,Non HTTP response code: java.net.SocketTimeoutException,Non HTTP response message: Read timed out,Login Load Test 1-47,text,false,"Test failed: code expected to equal /

****** received  : [[[Non HTTP response code: java.net.SocketTimeoutException]]]

****** comparison: [[[200                                                    ]]]

/",2679,0,81,81,http://localhost:8001/auth/login,0,0,0
1776749009873,10001,POST /auth/login,Non HTTP response code: java.net.SocketTimeoutException,Non HTTP response message: Read timed out,Login Load Test 1-81,text,false,"Test failed: code expected to equal /

****** received  : [[[Non HTTP response code: java.net.SocketTimeoutException]]]

****** comparison: [[[200                                                    ]]]

/",2679,0,81,81,http://localhost:8001/auth/login,0,0,0
1776749009978,10001,POST /auth/login,Non HTTP response code: java.net.SocketTimeoutException,Non HTTP response message: Read timed out,Login Load Test 1-48,text,false,"Test failed: code expected to equal /

****** received  : [[[Non HTTP response code: java.net.SocketTimeoutException]]]

****** comparison: [[[200                                                    ]]]

/",2679,0,81,81,http://localhost:8001/auth/login,0,0,0
1776749010175,10001,POST /auth/login,Non HTTP response code: java.net.SocketTimeoutException,Non HTTP response message: Read timed out,Login Load Test 1-82,text,false,"Test failed: code expected to equal /

****** received  : [[[Non HTTP response code: java.net.SocketTimeoutException]]]

****** comparison: [[[200                                                    ]]]

/",2679,0,81,81,http://localhost:8001/auth/login,0,0,1
1776749010273,10001,POST /auth/login,Non HTTP response code: java.net.SocketTimeoutException,Non HTTP response message: Read timed out,Login Load Test 1-49,text,false,"Test failed: code expected to equal /

****** received  : [[[Non HTTP response code: java.net.SocketTimeoutException]]]

****** comparison: [[[200                                                    ]]]

/",2679,0,81,81,http://localhost:8001/auth/login,0,0,0
1776749010476,10002,POST /auth/login,Non HTTP response code: java.net.SocketTimeoutException,Non HTTP response message: Read timed out,Login Load Test 1-83,text,false,"Test failed: code expected to equal /

****** received  : [[[Non HTTP response code: java.net.SocketTimeoutException]]]

****** comparison: [[[200                                                    ]]]

/",2679,0,81,81,http://localhost:8001/auth/login,0,0,1
1776749010577,10001,POST /auth/login,Non HTTP response code: java.net.SocketTimeoutException,Non HTTP response message: Read timed out,Login Load Test 1-50,text,false,"Test failed: code expected to equal /

****** received  : [[[Non HTTP response code: java.net.SocketTimeoutException]]]

****** comparison: [[[200                                                    ]]]

/",2679,0,81,81,http://localhost:8001/auth/login,0,0,1
1776749010778,10001,POST /auth/login,Non HTTP response code: java.net.SocketTimeoutException,Non HTTP response message: Read timed out,Login Load Test 1-84,text,false,"Test failed: code expected to equal /

****** received  : [[[Non HTTP response code: java.net.SocketTimeoutException]]]

****** comparison: [[[200                                                    ]]]

/",2679,0,81,81,http://localhost:8001/auth/login,0,0,0
1776749010880,10002,POST /auth/login,Non HTTP response code: java.net.SocketTimeoutException,Non HTTP response message: Read timed out,Login Load Test 1-51,text,false,"Test failed: code expected to equal /

****** received  : [[[Non HTTP response code: java.net.SocketTimeoutException]]]

****** comparison: [[[200                                                    ]]]

/",2679,0,81,81,http://localhost:8001/auth/login,0,0,1
1776749011078,10001,POST /auth/login,Non HTTP response code: java.net.SocketTimeoutException,Non HTTP response message: Read timed out,Login Load Test 1-85,text,false,"Test failed: code expected to equal /

****** received  : [[[Non HTTP response code: java.net.SocketTimeoutException]]]

****** comparison: [[[200                                                    ]]]

/",2679,0,81,81,http://localhost:8001/auth/login,0,0,0
1776749011181,10002,POST /auth/login,Non HTTP response code: java.net.SocketTimeoutException,Non HTTP response message: Read timed out,Login Load Test 1-52,text,false,"Test failed: code expected to equal /

****** received  : [[[Non HTTP response code: java.net.SocketTimeoutException]]]

****** comparison: [[[200                                                    ]]]

/",2679,0,81,81,http://localhost:8001/auth/login,0,0,1
1776749011379,10001,POST /auth/login,Non HTTP response code: java.net.SocketTimeoutException,Non HTTP response message: Read timed out,Login Load Test 1-86,text,false,"Test failed: code expected to equal /

****** received  : [[[Non HTTP response code: java.net.SocketTimeoutException]]]

****** comparison: [[[200                                                    ]]]

/",2679,0,81,81,http://localhost:8001/auth/login,0,0,0
1776749011477,10002,POST /auth/login,Non HTTP response code: java.net.SocketTimeoutException,Non HTTP response message: Read timed out,Login Load Test 1-53,text,false,"Test failed: code expected to equal /

****** received  : [[[Non HTTP response code: java.net.SocketTimeoutException]]]

****** comparison: [[[200                                                    ]]]

/",2679,0,81,81,http://localhost:8001/auth/login,0,0,0
1776749011583,10001,POST /auth/login,Non HTTP response code: java.net.SocketTimeoutException,Non HTTP response message: Read timed out,Login Load Test 1-20,text,false,"Test failed: code expected to equal /

****** received  : [[[Non HTTP response code: java.net.SocketTimeoutException]]]

****** comparison: [[[200                                                    ]]]

/",2679,0,81,81,http://localhost:8001/auth/login,0,0,0
1776749011679,10001,POST /auth/login,Non HTTP response code: java.net.SocketTimeoutException,Non HTTP response message: Read timed out,Login Load Test 1-87,text,false,"Test failed: code expected to equal /

****** received  : [[[Non HTTP response code: java.net.SocketTimeoutException]]]

****** comparison: [[[200                                                    ]]]

/",2679,0,81,81,http://localhost:8001/auth/login,0,0,0
1776749011781,10002,POST /auth/login,Non HTTP response code: java.net.SocketTimeoutException,Non HTTP response message: Read timed out,Login Load Test 1-54,text,false,"Test failed: code expected to equal /

****** received  : [[[Non HTTP response code: java.net.SocketTimeoutException]]]

****** comparison: [[[200                                                    ]]]

/",2679,0,81,81,http://localhost:8001/auth/login,0,0,0
1776749011879,10001,POST /auth/login,Non HTTP response code: java.net.SocketTimeoutException,Non HTTP response message: Read timed out,Login Load Test 1-21,text,false,"Test failed: code expected to equal /

****** received  : [[[Non HTTP response code: java.net.SocketTimeoutException]]]

****** comparison: [[[200                                                    ]]]

/",2679,0,81,81,http://localhost:8001/auth/login,0,0,0
1776749011974,10002,POST /auth/login,Non HTTP response code: java.net.SocketTimeoutException,Non HTTP response message: Read timed out,Login Load Test 1-88,text,false,"Test failed: code expected to equal /

****** received  : [[[Non HTTP response code: java.net.SocketTimeoutException]]]

****** comparison: [[[200                                                    ]]]

/",2679,0,81,81,http://localhost:8001/auth/login,0,0,1
1776749012077,10002,POST /auth/login,Non HTTP response code: java.net.SocketTimeoutException,Non HTTP response message: Read timed out,Login Load Test 1-55,text,false,"Test failed: code expected to equal /

****** received  : [[[Non HTTP response code: java.net.SocketTimeoutException]]]

****** comparison: [[[200                                                    ]]]

/",2679,0,81,81,http://localhost:8001/auth/login,0,0,1
1776749012182,10001,POST /auth/login,Non HTTP response code: java.net.SocketTimeoutException,Non HTTP response message: Read timed out,Login Load Test 1-22,text,false,"Test failed: code expected to equal /

****** received  : [[[Non HTTP response code: java.net.SocketTimeoutException]]]

****** comparison: [[[200                                                    ]]]

/",2679,0,81,81,http://localhost:8001/auth/login,0,0,0
1776749012278,10002,POST /auth/login,Non HTTP response code: java.net.SocketTimeoutException,Non HTTP response message: Read timed out,Login Load Test 1-89,text,false,"Test failed: code expected to equal /

****** received  : [[[Non HTTP response code: java.net.SocketTimeoutException]]]

****** comparison: [[[200                                                    ]]]

/",2679,0,81,81,http://localhost:8001/auth/login,0,0,0
1776749012380,10001,POST /auth/login,Non HTTP response code: java.net.SocketTimeoutException,Non HTTP response message: Read timed out,Login Load Test 1-56,text,false,"Test failed: code expected to equal /

****** received  : [[[Non HTTP response code: java.net.SocketTimeoutException]]]

****** comparison: [[[200                                                    ]]]

/",2679,0,81,81,http://localhost:8001/auth/login,0,0,0
1776749012481,10001,POST /auth/login,Non HTTP response code: java.net.SocketTimeoutException,Non HTTP response message: Read timed out,Login Load Test 1-23,text,false,"Test failed: code expected to equal /

****** received  : [[[Non HTTP response code: java.net.SocketTimeoutException]]]

****** comparison: [[[200                                                    ]]]

/",2679,0,81,81,http://localhost:8001/auth/login,0,0,0
1776749012576,10001,POST /auth/login,Non HTTP response code: java.net.SocketTimeoutException,Non HTTP response message: Read timed out,Login Load Test 1-90,text,false,"Test failed: code expected to equal /

****** received  : [[[Non HTTP response code: java.net.SocketTimeoutException]]]

****** comparison: [[[200                                                    ]]]

/",2679,0,81,81,http://localhost:8001/auth/login,0,0,0
1776749012677,10002,POST /auth/login,Non HTTP response code: java.net.SocketTimeoutException,Non HTTP response message: Read timed out,Login Load Test 1-57,text,false,"Test failed: code expected to equal /

****** received  : [[[Non HTTP response code: java.net.SocketTimeoutException]]]

****** comparison: [[[200                                                    ]]]

/",2679,0,81,81,http://localhost:8001/auth/login,0,0,1
1776749012785,10002,POST /auth/login,Non HTTP response code: java.net.SocketTimeoutException,Non HTTP response message: Read timed out,Login Load Test 1-24,text,false,"Test failed: code expected to equal /

****** received  : [[[Non HTTP response code: java.net.SocketTimeoutException]]]

****** comparison: [[[200                                                    ]]]

/",2679,0,81,81,http://localhost:8001/auth/login,0,0,0
1776749012878,10002,POST /auth/login,Non HTTP response code: java.net.SocketTimeoutException,Non HTTP response message: Read timed out,Login Load Test 1-91,text,false,"Test failed: code expected to equal /

****** received  : [[[Non HTTP response code: java.net.SocketTimeoutException]]]

****** comparison: [[[200                                                    ]]]

/",2679,0,81,81,http://localhost:8001/auth/login,0,0,1
1776749012979,10001,POST /auth/login,Non HTTP response code: java.net.SocketTimeoutException,Non HTTP response message: Read timed out,Login Load Test 1-58,text,false,"Test failed: code expected to equal /

****** received  : [[[Non HTTP response code: java.net.SocketTimeoutException]]]

****** comparison: [[[200                                                    ]]]

/",2679,0,81,81,http://localhost:8001/auth/login,0,0,0
1776749013082,10001,POST /auth/login,Non HTTP response code: java.net.SocketTimeoutException,Non HTTP response message: Read timed out,Login Load Test 1-25,text,false,"Test failed: code expected to equal /

****** received  : [[[Non HTTP response code: java.net.SocketTimeoutException]]]

****** comparison: [[[200                                                    ]]]

/",2679,0,81,81,http://localhost:8001/auth/login,0,0,0
1776749013176,10001,POST /auth/login,Non HTTP response code: java.net.SocketTimeoutException,Non HTTP response message: Read timed out,Login Load Test 1-92,text,false,"Test failed: code expected to equal /

****** received  : [[[Non HTTP response code: java.net.SocketTimeoutException]]]

****** comparison: [[[200                                                    ]]]

/",2679,0,81,81,http://localhost:8001/auth/login,0,0,0
1776749013276,10001,POST /auth/login,Non HTTP response code: java.net.SocketTimeoutException,Non HTTP response message: Read timed out,Login Load Test 1-59,text,false,"Test failed: code expected to equal /

****** received  : [[[Non HTTP response code: java.net.SocketTimeoutException]]]

****** comparison: [[[200                                                    ]]]

/",2679,0,81,81,http://localhost:8001/auth/login,0,0,0
1776749013381,10001,POST /auth/login,Non HTTP response code: java.net.SocketTimeoutException,Non HTTP response message: Read timed out,Login Load Test 1-26,text,false,"Test failed: code expected to equal /

****** received  : [[[Non HTTP response code: java.net.SocketTimeoutException]]]

****** comparison: [[[200                                                    ]]]

/",2679,0,81,81,http://localhost:8001/auth/login,0,0,0
1776749013478,10001,POST /auth/login,Non HTTP response code: java.net.SocketTimeoutException,Non HTTP response message: Read timed out,Login Load Test 1-93,text,false,"Test failed: code expected to equal /

****** received  : [[[Non HTTP response code: java.net.SocketTimeoutException]]]

****** comparison: [[[200                                                    ]]]

/",2679,0,81,81,http://localhost:8001/auth/login,0,0,0
1776749013578,10002,POST /auth/login,Non HTTP response code: java.net.SocketTimeoutException,Non HTTP response message: Read timed out,Login Load Test 1-60,text,false,"Test failed: code expected to equal /

****** received  : [[[Non HTTP response code: java.net.SocketTimeoutException]]]

****** comparison: [[[200                                                    ]]]

/",2679,0,81,81,http://localhost:8001/auth/login,0,0,1
1776749013682,10002,POST /auth/login,Non HTTP response code: java.net.SocketTimeoutException,Non HTTP response message: Read timed out,Login Load Test 1-27,text,false,"Test failed: code expected to equal /

****** received  : [[[Non HTTP response code: java.net.SocketTimeoutException]]]

****** comparison: [[[200                                                    ]]]

/",2679,0,81,81,http://localhost:8001/auth/login,0,0,0
1776749013778,10001,POST /auth/login,Non HTTP response code: java.net.SocketTimeoutException,Non HTTP response message: Read timed out,Login Load Test 1-94,text,false,"Test failed: code expected to equal /

****** received  : [[[Non HTTP response code: java.net.SocketTimeoutException]]]

****** comparison: [[[200                                                    ]]]

/",2679,0,81,81,http://localhost:8001/auth/login,0,0,0
1776749013878,10001,POST /auth/login,Non HTTP response code: java.net.SocketTimeoutException,Non HTTP response message: Read timed out,Login Load Test 1-61,text,false,"Test failed: code expected to equal /

****** received  : [[[Non HTTP response code: java.net.SocketTimeoutException]]]

****** comparison: [[[200                                                    ]]]

/",2679,0,81,81,http://localhost:8001/auth/login,0,0,0
1776749013981,10001,POST /auth/login,Non HTTP response code: java.net.SocketTimeoutException,Non HTTP response message: Read timed out,Login Load Test 1-28,text,false,"Test failed: code expected to equal /

****** received  : [[[Non HTTP response code: java.net.SocketTimeoutException]]]

****** comparison: [[[200                                                    ]]]

/",2679,0,81,81,http://localhost:8001/auth/login,0,0,1
1776749014074,10001,POST /auth/login,Non HTTP response code: java.net.SocketTimeoutException,Non HTTP response message: Read timed out,Login Load Test 1-95,text,false,"Test failed: code expected to equal /

****** received  : [[[Non HTTP response code: java.net.SocketTimeoutException]]]

****** comparison: [[[200                                                    ]]]

/",2679,0,81,81,http://localhost:8001/auth/login,0,0,0
1776749014181,10001,POST /auth/login,Non HTTP response code: java.net.SocketTimeoutException,Non HTTP response message: Read timed out,Login Load Test 1-62,text,false,"Test failed: code expected to equal /

****** received  : [[[Non HTTP response code: java.net.SocketTimeoutException]]]

****** comparison: [[[200                                                    ]]]

/",2679,0,81,81,http://localhost:8001/auth/login,0,0,0
1776749014281,10001,POST /auth/login,Non HTTP response code: java.net.SocketTimeoutException,Non HTTP response message: Read timed out,Login Load Test 1-29,text,false,"Test failed: code expected to equal /

****** received  : [[[Non HTTP response code: java.net.SocketTimeoutException]]]

****** comparison: [[[200                                                    ]]]

/",2679,0,81,81,http://localhost:8001/auth/login,0,0,0
1776749014378,10002,POST /auth/login,Non HTTP response code: java.net.SocketTimeoutException,Non HTTP response message: Read timed out,Login Load Test 1-96,text,false,"Test failed: code expected to equal /

****** received  : [[[Non HTTP response code: java.net.SocketTimeoutException]]]

****** comparison: [[[200                                                    ]]]

/",2679,0,81,81,http://localhost:8001/auth/login,0,0,1
1776749014479,10002,POST /auth/login,Non HTTP response code: java.net.SocketTimeoutException,Non HTTP response message: Read timed out,Login Load Test 1-63,text,false,"Test failed: code expected to equal /

****** received  : [[[Non HTTP response code: java.net.SocketTimeoutException]]]

****** comparison: [[[200                                                    ]]]

/",2679,0,81,81,http://localhost:8001/auth/login,0,0,0
1776749014580,10001,POST /auth/login,Non HTTP response code: java.net.SocketTimeoutException,Non HTTP response message: Read timed out,Login Load Test 1-30,text,false,"Test failed: code expected to equal /

****** received  : [[[Non HTTP response code: java.net.SocketTimeoutException]]]

****** comparison: [[[200                                                    ]]]

/",2679,0,81,81,http://localhost:8001/auth/login,0,0,0
1776749014675,10002,POST /auth/login,Non HTTP response code: java.net.SocketTimeoutException,Non HTTP response message: Read timed out,Login Load Test 1-97,text,false,"Test failed: code expected to equal /

****** received  : [[[Non HTTP response code: java.net.SocketTimeoutException]]]

****** comparison: [[[200                                                    ]]]

/",2679,0,81,81,http://localhost:8001/auth/login,0,0,1
1776749014780,10001,POST /auth/login,Non HTTP response code: java.net.SocketTimeoutException,Non HTTP response message: Read timed out,Login Load Test 1-64,text,false,"Test failed: code expected to equal /

****** received  : [[[Non HTTP response code: java.net.SocketTimeoutException]]]

****** comparison: [[[200                                                    ]]]

/",2679,0,81,81,http://localhost:8001/auth/login,0,0,0
1776749014879,10001,POST /auth/login,Non HTTP response code: java.net.SocketTimeoutException,Non HTTP response message: Read timed out,Login Load Test 1-31,text,false,"Test failed: code expected to equal /

****** received  : [[[Non HTTP response code: java.net.SocketTimeoutException]]]

****** comparison: [[[200                                                    ]]]

/",2679,0,81,81,http://localhost:8001/auth/login,0,0,1
1776749014975,10002,POST /auth/login,Non HTTP response code: java.net.SocketTimeoutException,Non HTTP response message: Read timed out,Login Load Test 1-98,text,false,"Test failed: code expected to equal /

****** received  : [[[Non HTTP response code: java.net.SocketTimeoutException]]]

****** comparison: [[[200                                                    ]]]

/",2679,0,81,81,http://localhost:8001/auth/login,0,0,1
1776749015079,10001,POST /auth/login,Non HTTP response code: java.net.SocketTimeoutException,Non HTTP response message: Read timed out,Login Load Test 1-65,text,false,"Test failed: code expected to equal /

****** received  : [[[Non HTTP response code: java.net.SocketTimeoutException]]]

****** comparison: [[[200                                                    ]]]

/",2679,0,81,81,http://localhost:8001/auth/login,0,0,1
1776749015181,10002,POST /auth/login,Non HTTP response code: java.net.SocketTimeoutException,Non HTTP response message: Read timed out,Login Load Test 1-32,text,false,"Test failed: code expected to equal /

****** received  : [[[Non HTTP response code: java.net.SocketTimeoutException]]]

****** comparison: [[[200                                                    ]]]

/",2679,0,81,81,http://localhost:8001/auth/login,0,0,1
1776749015275,10002,POST /auth/login,Non HTTP response code: java.net.SocketTimeoutException,Non HTTP response message: Read timed out,Login Load Test 1-99,text,false,"Test failed: code expected to equal /

****** received  : [[[Non HTTP response code: java.net.SocketTimeoutException]]]

****** comparison: [[[200                                                    ]]]

/",2679,0,81,81,http://localhost:8001/auth/login,0,0,1
1776749015380,10002,POST /auth/login,Non HTTP response code: java.net.SocketTimeoutException,Non HTTP response message: Read timed out,Login Load Test 1-66,text,false,"Test failed: code expected to equal /

****** received  : [[[Non HTTP response code: java.net.SocketTimeoutException]]]

****** comparison: [[[200                                                    ]]]

/",2679,0,81,81,http://localhost:8001/auth/login,0,0,1
1776749015482,10002,POST /auth/login,Non HTTP response code: java.net.SocketTimeoutException,Non HTTP response message: Read timed out,Login Load Test 1-33,text,false,"Test failed: code expected to equal /

****** received  : [[[Non HTTP response code: java.net.SocketTimeoutException]]]

****** comparison: [[[200                                                    ]]]

/",2679,0,81,81,http://localhost:8001/auth/login,0,0,1
1776749015575,10001,POST /auth/login,Non HTTP response code: java.net.SocketTimeoutException,Non HTTP response message: Read timed out,Login Load Test 1-100,text,false,"Test failed: code expected to equal /

****** received  : [[[Non HTTP response code: java.net.SocketTimeoutException]]]

****** comparison: [[[200                                                    ]]]

/",2679,0,81,81,http://localhost:8001/auth/login,0,0,0
1776749015676,10001,POST /auth/login,Non HTTP response code: java.net.SocketTimeoutException,Non HTTP response message: Read timed out,Login Load Test 1-67,text,false,"Test failed: code expected to equal /

****** received  : [[[Non HTTP response code: java.net.SocketTimeoutException]]]

****** comparison: [[[200                                                    ]]]

/",2679,0,81,81,http://localhost:8001/auth/login,0,0,0
1776749015778,10002,POST /auth/login,Non HTTP response code: java.net.SocketTimeoutException,Non HTTP response message: Read timed out,Login Load Test 1-34,text,false,"Test failed: code expected to equal /

****** received  : [[[Non HTTP response code: java.net.SocketTimeoutException]]]

****** comparison: [[[200                                                    ]]]

/",2679,0,81,81,http://localhost:8001/auth/login,0,0,1
1776749015978,10001,POST /auth/login,Non HTTP response code: java.net.SocketTimeoutException,Non HTTP response message: Read timed out,Login Load Test 1-68,text,false,"Test failed: code expected to equal /

****** received  : [[[Non HTTP response code: java.net.SocketTimeoutException]]]

****** comparison: [[[200                                                    ]]]

/",2679,0,81,81,http://localhost:8001/auth/login,0,0,0
1776749016075,10002,POST /auth/login,Non HTTP response code: java.net.SocketTimeoutException,Non HTTP response message: Read timed out,Login Load Test 1-35,text,false,"Test failed: code expected to equal /

****** received  : [[[Non HTTP response code: java.net.SocketTimeoutException]]]

****** comparison: [[[200                                                    ]]]

/",2679,0,81,81,http://localhost:8001/auth/login,0,0,0
1776749016277,10001,POST /auth/login,Non HTTP response code: java.net.SocketTimeoutException,Non HTTP response message: Read timed out,Login Load Test 1-69,text,false,"Test failed: code expected to equal /

****** received  : [[[Non HTTP response code: java.net.SocketTimeoutException]]]

****** comparison: [[[200                                                    ]]]

/",2679,0,81,81,http://localhost:8001/auth/login,0,0,0
1776749016379,10002,POST /auth/login,Non HTTP response code: java.net.SocketTimeoutException,Non HTTP response message: Read timed out,Login Load Test 1-36,text,false,"Test failed: code expected to equal /

****** received  : [[[Non HTTP response code: java.net.SocketTimeoutException]]]

****** comparison: [[[200                                                    ]]]

/",2679,0,81,81,http://localhost:8001/auth/login,0,0,0
1776749016584,10001,POST /auth/login,Non HTTP response code: java.net.SocketTimeoutException,Non HTTP response message: Read timed out,Login Load Test 1-70,text,false,"Test failed: code expected to equal /

****** received  : [[[Non HTTP response code: java.net.SocketTimeoutException]]]

****** comparison: [[[200                                                    ]]]

/",2679,0,81,81,http://localhost:8001/auth/login,0,0,0
1776749016680,10002,POST /auth/login,Non HTTP response code: java.net.SocketTimeoutException,Non HTTP response message: Read timed out,Login Load Test 1-37,text,false,"Test failed: code expected to equal /

****** received  : [[[Non HTTP response code: java.net.SocketTimeoutException]]]

****** comparison: [[[200                                                    ]]]

/",2679,0,81,81,http://localhost:8001/auth/login,0,0,0
1776749016874,10002,POST /auth/login,Non HTTP response code: java.net.SocketTimeoutException,Non HTTP response message: Read timed out,Login Load Test 1-71,text,false,"Test failed: code expected to equal /

****** received  : [[[Non HTTP response code: java.net.SocketTimeoutException]]]

****** comparison: [[[200                                                    ]]]

/",2679,0,81,81,http://localhost:8001/auth/login,0,0,1
1776749016980,10002,POST /auth/login,Non HTTP response code: java.net.SocketTimeoutException,Non HTTP response message: Read timed out,Login Load Test 1-38,text,false,"Test failed: code expected to equal /

****** received  : [[[Non HTTP response code: java.net.SocketTimeoutException]]]

****** comparison: [[[200                                                    ]]]

/",2679,0,81,81,http://localhost:8001/auth/login,0,0,0
1776749017175,10001,POST /auth/login,Non HTTP response code: java.net.SocketTimeoutException,Non HTTP response message: Read timed out,Login Load Test 1-72,text,false,"Test failed: code expected to equal /

****** received  : [[[Non HTTP response code: java.net.SocketTimeoutException]]]

****** comparison: [[[200                                                    ]]]

/",2679,0,81,81,http://localhost:8001/auth/login,0,0,0
1776749017280,10002,POST /auth/login,Non HTTP response code: java.net.SocketTimeoutException,Non HTTP response message: Read timed out,Login Load Test 1-39,text,false,"Test failed: code expected to equal /

****** received  : [[[Non HTTP response code: java.net.SocketTimeoutException]]]

****** comparison: [[[200                                                    ]]]

/",2679,0,81,81,http://localhost:8001/auth/login,0,0,1
1776749017476,10001,POST /auth/login,Non HTTP response code: java.net.SocketTimeoutException,Non HTTP response message: Read timed out,Login Load Test 1-73,text,false,"Test failed: code expected to equal /

****** received  : [[[Non HTTP response code: java.net.SocketTimeoutException]]]

****** comparison: [[[200                                                    ]]]

/",2679,0,81,81,http://localhost:8001/auth/login,0,0,0
1776749017582,10003,POST /auth/login,Non HTTP response code: java.net.SocketTimeoutException,Non HTTP response message: Read timed out,Login Load Test 1-40,text,false,"Test failed: code expected to equal /

****** received  : [[[Non HTTP response code: java.net.SocketTimeoutException]]]

****** comparison: [[[200                                                    ]]]

/",2679,0,81,81,http://localhost:8001/auth/login,0,0,1
1776749017780,10002,POST /auth/login,Non HTTP response code: java.net.SocketTimeoutException,Non HTTP response message: Read timed out,Login Load Test 1-74,text,false,"Test failed: code expected to equal /

****** received  : [[[Non HTTP response code: java.net.SocketTimeoutException]]]

****** comparison: [[[200                                                    ]]]

/",2679,0,81,81,http://localhost:8001/auth/login,0,0,1
1776749017880,10001,POST /auth/login,Non HTTP response code: java.net.SocketTimeoutException,Non HTTP response message: Read timed out,Login Load Test 1-41,text,false,"Test failed: code expected to equal /

****** received  : [[[Non HTTP response code: java.net.SocketTimeoutException]]]

****** comparison: [[[200                                                    ]]]

/",2679,0,81,81,http://localhost:8001/auth/login,0,0,0
1776749018078,10001,POST /auth/login,Non HTTP response code: java.net.SocketTimeoutException,Non HTTP response message: Read timed out,Login Load Test 1-75,text,false,"Test failed: code expected to equal /

****** received  : [[[Non HTTP response code: java.net.SocketTimeoutException]]]

****** comparison: [[[200                                                    ]]]

/",2679,0,81,81,http://localhost:8001/auth/login,0,0,0
1776749018184,10002,POST /auth/login,Non HTTP response code: java.net.SocketTimeoutException,Non HTTP response message: Read timed out,Login Load Test 1-42,text,false,"Test failed: code expected to equal /

****** received  : [[[Non HTTP response code: java.net.SocketTimeoutException]]]

****** comparison: [[[200                                                    ]]]

/",2679,0,81,81,http://localhost:8001/auth/login,0,0,1
1776749018377,10002,POST /auth/login,Non HTTP response code: java.net.SocketTimeoutException,Non HTTP response message: Read timed out,Login Load Test 1-76,text,false,"Test failed: code expected to equal /

****** received  : [[[Non HTTP response code: java.net.SocketTimeoutException]]]

****** comparison: [[[200                                                    ]]]

/",2679,0,81,81,http://localhost:8001/auth/login,0,0,1
1776749018484,10002,POST /auth/login,Non HTTP response code: java.net.SocketTimeoutException,Non HTTP response message: Read timed out,Login Load Test 1-43,text,false,"Test failed: code expected to equal /

****** received  : [[[Non HTTP response code: java.net.SocketTimeoutException]]]

****** comparison: [[[200                                                    ]]]

/",2679,0,81,81,http://localhost:8001/auth/login,0,0,1
1776749018681,10001,POST /auth/login,Non HTTP response code: java.net.SocketTimeoutException,Non HTTP response message: Read timed out,Login Load Test 1-77,text,false,"Test failed: code expected to equal /

****** received  : [[[Non HTTP response code: java.net.SocketTimeoutException]]]

****** comparison: [[[200                                                    ]]]

/",2679,0,81,81,http://localhost:8001/auth/login,0,0,0
1776749018782,10002,POST /auth/login,Non HTTP response code: java.net.SocketTimeoutException,Non HTTP response message: Read timed out,Login Load Test 1-44,text,false,"Test failed: code expected to equal /

****** received  : [[[Non HTTP response code: java.net.SocketTimeoutException]]]

****** comparison: [[[200                                                    ]]]

/",2679,0,81,81,http://localhost:8001/auth/login,0,0,1
1776749018980,10001,POST /auth/login,Non HTTP response code: java.net.SocketTimeoutException,Non HTTP response message: Read timed out,Login Load Test 1-78,text,false,"Test failed: code expected to equal /

****** received  : [[[Non HTTP response code: java.net.SocketTimeoutException]]]

****** comparison: [[[200                                                    ]]]

/",2679,0,81,81,http://localhost:8001/auth/login,0,0,1
1776749019080,10001,POST /auth/login,Non HTTP response code: java.net.SocketTimeoutException,Non HTTP response message: Read timed out,Login Load Test 1-45,text,false,"Test failed: code expected to equal /

****** received  : [[[Non HTTP response code: java.net.SocketTimeoutException]]]

****** comparison: [[[200                                                    ]]]

/",2679,0,81,81,http://localhost:8001/auth/login,0,0,1
1776749019277,10001,POST /auth/login,Non HTTP response code: java.net.SocketTimeoutException,Non HTTP response message: Read timed out,Login Load Test 1-79,text,false,"Test failed: code expected to equal /

****** received  : [[[Non HTTP response code: java.net.SocketTimeoutException]]]

****** comparison: [[[200                                                    ]]]

/",2679,0,81,81,http://localhost:8001/auth/login,0,0,0
1776749019382,10001,POST /auth/login,Non HTTP response code: java.net.SocketTimeoutException,Non HTTP response message: Read timed out,Login Load Test 1-46,text,false,"Test failed: code expected to equal /

****** received  : [[[Non HTTP response code: java.net.SocketTimeoutException]]]

****** comparison: [[[200                                                    ]]]

/",2679,0,81,81,http://localhost:8001/auth/login,0,0,0
1776749019578,10001,POST /auth/login,Non HTTP response code: java.net.SocketTimeoutException,Non HTTP response message: Read timed out,Login Load Test 1-80,text,false,"Test failed: code expected to equal /

****** received  : [[[Non HTTP response code: java.net.SocketTimeoutException]]]

****** comparison: [[[200                                                    ]]]

/",2679,0,81,81,http://localhost:8001/auth/login,0,0,0
1776749019682,10001,POST /auth/login,Non HTTP response code: java.net.SocketTimeoutException,Non HTTP response message: Read timed out,Login Load Test 1-47,text,false,"Test failed: code expected to equal /

****** received  : [[[Non HTTP response code: java.net.SocketTimeoutException]]]

****** comparison: [[[200                                                    ]]]

/",2679,0,81,81,http://localhost:8001/auth/login,0,0,0
1776749019874,10002,POST /auth/login,Non HTTP response code: java.net.SocketTimeoutException,Non HTTP response message: Read timed out,Login Load Test 1-81,text,false,"Test failed: code expected to equal /

****** received  : [[[Non HTTP response code: java.net.SocketTimeoutException]]]

****** comparison: [[[200                                                    ]]]

/",2679,0,81,81,http://localhost:8001/auth/login,0,0,1
1776749019980,10001,POST /auth/login,Non HTTP response code: java.net.SocketTimeoutException,Non HTTP response message: Read timed out,Login Load Test 1-48,text,false,"Test failed: code expected to equal /

****** received  : [[[Non HTTP response code: java.net.SocketTimeoutException]]]

****** comparison: [[[200                                                    ]]]

/",2679,0,81,81,http://localhost:8001/auth/login,0,0,0
1776749020177,10001,POST /auth/login,Non HTTP response code: java.net.SocketTimeoutException,Non HTTP response message: Read timed out,Login Load Test 1-82,text,false,"Test failed: code expected to equal /

****** received  : [[[Non HTTP response code: java.net.SocketTimeoutException]]]

****** comparison: [[[200                                                    ]]]

/",2679,0,81,81,http://localhost:8001/auth/login,0,0,0
1776749020275,10001,POST /auth/login,Non HTTP response code: java.net.SocketTimeoutException,Non HTTP response message: Read timed out,Login Load Test 1-49,text,false,"Test failed: code expected to equal /

****** received  : [[[Non HTTP response code: java.net.SocketTimeoutException]]]

****** comparison: [[[200                                                    ]]]

/",2679,0,81,81,http://localhost:8001/auth/login,0,0,0
1776749020478,10001,POST /auth/login,Non HTTP response code: java.net.SocketTimeoutException,Non HTTP response message: Read timed out,Login Load Test 1-83,text,false,"Test failed: code expected to equal /

****** received  : [[[Non HTTP response code: java.net.SocketTimeoutException]]]

****** comparison: [[[200                                                    ]]]

/",2679,0,81,81,http://localhost:8001/auth/login,0,0,1
1776749020579,10001,POST /auth/login,Non HTTP response code: java.net.SocketTimeoutException,Non HTTP response message: Read timed out,Login Load Test 1-50,text,false,"Test failed: code expected to equal /

****** received  : [[[Non HTTP response code: java.net.SocketTimeoutException]]]

****** comparison: [[[200                                                    ]]]

/",2679,0,81,81,http://localhost:8001/auth/login,0,0,0
1776749020780,10000,POST /auth/login,Non HTTP response code: java.net.SocketTimeoutException,Non HTTP response message: Read timed out,Login Load Test 1-84,text,false,"Test failed: code expected to equal /

****** received  : [[[Non HTTP response code: java.net.SocketTimeoutException]]]

****** comparison: [[[200                                                    ]]]

/",2679,0,81,81,http://localhost:8001/auth/login,0,0,0
1776749020882,10002,POST /auth/login,Non HTTP response code: java.net.SocketTimeoutException,Non HTTP response message: Read timed out,Login Load Test 1-51,text,false,"Test failed: code expected to equal /

****** received  : [[[Non HTTP response code: java.net.SocketTimeoutException]]]

****** comparison: [[[200                                                    ]]]

/",2679,0,81,81,http://localhost:8001/auth/login,0,0,1
1776749021080,10001,POST /auth/login,Non HTTP response code: java.net.SocketTimeoutException,Non HTTP response message: Read timed out,Login Load Test 1-85,text,false,"Test failed: code expected to equal /

****** received  : [[[Non HTTP response code: java.net.SocketTimeoutException]]]

****** comparison: [[[200                                                    ]]]

/",2679,0,81,81,http://localhost:8001/auth/login,0,0,0
1776749021183,10002,POST /auth/login,Non HTTP response code: java.net.SocketTimeoutException,Non HTTP response message: Read timed out,Login Load Test 1-52,text,false,"Test failed: code expected to equal /

****** received  : [[[Non HTTP response code: java.net.SocketTimeoutException]]]

****** comparison: [[[200                                                    ]]]

/",2679,0,81,81,http://localhost:8001/auth/login,0,0,1
1776749021381,10001,POST /auth/login,Non HTTP response code: java.net.SocketTimeoutException,Non HTTP response message: Read timed out,Login Load Test 1-86,text,false,"Test failed: code expected to equal /

****** received  : [[[Non HTTP response code: java.net.SocketTimeoutException]]]

****** comparison: [[[200                                                    ]]]

/",2679,0,81,81,http://localhost:8001/auth/login,0,0,0
1776749021479,10001,POST /auth/login,Non HTTP response code: java.net.SocketTimeoutException,Non HTTP response message: Read timed out,Login Load Test 1-53,text,false,"Test failed: code expected to equal /

****** received  : [[[Non HTTP response code: java.net.SocketTimeoutException]]]

****** comparison: [[[200                                                    ]]]

/",2679,0,81,81,http://localhost:8001/auth/login,0,0,1
1776749021585,10001,POST /auth/login,Non HTTP response code: java.net.SocketTimeoutException,Non HTTP response message: Read timed out,Login Load Test 1-20,text,false,"Test failed: code expected to equal /

****** received  : [[[Non HTTP response code: java.net.SocketTimeoutException]]]

****** comparison: [[[200                                                    ]]]

/",2679,0,81,81,http://localhost:8001/auth/login,0,0,0
1776749021681,10002,POST /auth/login,Non HTTP response code: java.net.SocketTimeoutException,Non HTTP response message: Read timed out,Login Load Test 1-87,text,false,"Test failed: code expected to equal /

****** received  : [[[Non HTTP response code: java.net.SocketTimeoutException]]]

****** comparison: [[[200                                                    ]]]

/",2679,0,81,81,http://localhost:8001/auth/login,0,0,0
1776749021783,10001,POST /auth/login,Non HTTP response code: java.net.SocketTimeoutException,Non HTTP response message: Read timed out,Login Load Test 1-54,text,false,"Test failed: code expected to equal /

****** received  : [[[Non HTTP response code: java.net.SocketTimeoutException]]]

****** comparison: [[[200                                                    ]]]

/",2679,0,81,81,http://localhost:8001/auth/login,0,0,0
1776749021881,10002,POST /auth/login,Non HTTP response code: java.net.SocketTimeoutException,Non HTTP response message: Read timed out,Login Load Test 1-21,text,false,"Test failed: code expected to equal /

****** received  : [[[Non HTTP response code: java.net.SocketTimeoutException]]]

****** comparison: [[[200                                                    ]]]

/",2679,0,81,81,http://localhost:8001/auth/login,0,0,0
1776749021976,10001,POST /auth/login,Non HTTP response code: java.net.SocketTimeoutException,Non HTTP response message: Read timed out,Login Load Test 1-88,text,false,"Test failed: code expected to equal /

****** received  : [[[Non HTTP response code: java.net.SocketTimeoutException]]]

****** comparison: [[[200                                                    ]]]

/",2679,0,81,81,http://localhost:8001/auth/login,0,0,1
1776749022079,10002,POST /auth/login,Non HTTP response code: java.net.SocketTimeoutException,Non HTTP response message: Read timed out,Login Load Test 1-55,text,false,"Test failed: code expected to equal /

****** received  : [[[Non HTTP response code: java.net.SocketTimeoutException]]]

****** comparison: [[[200                                                    ]]]

/",2679,0,81,81,http://localhost:8001/auth/login,0,0,1
1776749022184,10001,POST /auth/login,Non HTTP response code: java.net.SocketTimeoutException,Non HTTP response message: Read timed out,Login Load Test 1-22,text,false,"Test failed: code expected to equal /

****** received  : [[[Non HTTP response code: java.net.SocketTimeoutException]]]

****** comparison: [[[200                                                    ]]]

/",2679,0,81,81,http://localhost:8001/auth/login,0,0,0
1776749022280,10002,POST /auth/login,Non HTTP response code: java.net.SocketTimeoutException,Non HTTP response message: Read timed out,Login Load Test 1-89,text,false,"Test failed: code expected to equal /

****** received  : [[[Non HTTP response code: java.net.SocketTimeoutException]]]

****** comparison: [[[200                                                    ]]]

/",2679,0,81,81,http://localhost:8001/auth/login,0,0,0
1776749022381,10001,POST /auth/login,Non HTTP response code: java.net.SocketTimeoutException,Non HTTP response message: Read timed out,Login Load Test 1-56,text,false,"Test failed: code expected to equal /

****** received  : [[[Non HTTP response code: java.net.SocketTimeoutException]]]

****** comparison: [[[200                                                    ]]]

/",2679,0,81,81,http://localhost:8001/auth/login,0,0,0
1776749022482,10002,POST /auth/login,Non HTTP response code: java.net.SocketTimeoutException,Non HTTP response message: Read timed out,Login Load Test 1-23,text,false,"Test failed: code expected to equal /

****** received  : [[[Non HTTP response code: java.net.SocketTimeoutException]]]

****** comparison: [[[200                                                    ]]]

/",2679,0,81,81,http://localhost:8001/auth/login,0,0,0
1776749022578,10003,POST /auth/login,Non HTTP response code: java.net.SocketTimeoutException,Non HTTP response message: Read timed out,Login Load Test 1-90,text,false,"Test failed: code expected to equal /

****** received  : [[[Non HTTP response code: java.net.SocketTimeoutException]]]

****** comparison: [[[200                                                    ]]]

/",2679,0,81,81,http://localhost:8001/auth/login,0,0,0
1776749022679,10002,POST /auth/login,Non HTTP response code: java.net.SocketTimeoutException,Non HTTP response message: Read timed out,Login Load Test 1-57,text,false,"Test failed: code expected to equal /

****** received  : [[[Non HTTP response code: java.net.SocketTimeoutException]]]

****** comparison: [[[200                                                    ]]]

/",2679,0,81,81,http://localhost:8001/auth/login,0,0,1
1776749022787,10002,POST /auth/login,Non HTTP response code: java.net.SocketTimeoutException,Non HTTP response message: Read timed out,Login Load Test 1-24,text,false,"Test failed: code expected to equal /

****** received  : [[[Non HTTP response code: java.net.SocketTimeoutException]]]

****** comparison: [[[200                                                    ]]]

/",2679,0,81,81,http://localhost:8001/auth/login,0,0,0
1776749022880,10001,POST /auth/login,Non HTTP response code: java.net.SocketTimeoutException,Non HTTP response message: Read timed out,Login Load Test 1-91,text,false,"Test failed: code expected to equal /

****** received  : [[[Non HTTP response code: java.net.SocketTimeoutException]]]

****** comparison: [[[200                                                    ]]]

/",2679,0,81,81,http://localhost:8001/auth/login,0,0,1
1776749022980,10001,POST /auth/login,Non HTTP response code: java.net.SocketTimeoutException,Non HTTP response message: Read timed out,Login Load Test 1-58,text,false,"Test failed: code expected to equal /

****** received  : [[[Non HTTP response code: java.net.SocketTimeoutException]]]

****** comparison: [[[200                                                    ]]]

/",2679,0,81,81,http://localhost:8001/auth/login,0,0,1
1776749023084,10001,POST /auth/login,Non HTTP response code: java.net.SocketTimeoutException,Non HTTP response message: Read timed out,Login Load Test 1-25,text,false,"Test failed: code expected to equal /

****** received  : [[[Non HTTP response code: java.net.SocketTimeoutException]]]

****** comparison: [[[200                                                    ]]]

/",2679,0,81,81,http://localhost:8001/auth/login,0,0,0
1776749023178,10002,POST /auth/login,Non HTTP response code: java.net.SocketTimeoutException,Non HTTP response message: Read timed out,Login Load Test 1-92,text,false,"Test failed: code expected to equal /

****** received  : [[[Non HTTP response code: java.net.SocketTimeoutException]]]

****** comparison: [[[200                                                    ]]]

/",2679,0,81,81,http://localhost:8001/auth/login,0,0,0
1776749023278,10001,POST /auth/login,Non HTTP response code: java.net.SocketTimeoutException,Non HTTP response message: Read timed out,Login Load Test 1-59,text,false,"Test failed: code expected to equal /

****** received  : [[[Non HTTP response code: java.net.SocketTimeoutException]]]

****** comparison: [[[200                                                    ]]]

/",2679,0,81,81,http://localhost:8001/auth/login,0,0,0
1776749023383,10002,POST /auth/login,Non HTTP response code: java.net.SocketTimeoutException,Non HTTP response message: Read timed out,Login Load Test 1-26,text,false,"Test failed: code expected to equal /

****** received  : [[[Non HTTP response code: java.net.SocketTimeoutException]]]

****** comparison: [[[200                                                    ]]]

/",2679,0,81,81,http://localhost:8001/auth/login,0,0,0
1776749023480,10001,POST /auth/login,Non HTTP response code: java.net.SocketTimeoutException,Non HTTP response message: Read timed out,Login Load Test 1-93,text,false,"Test failed: code expected to equal /

****** received  : [[[Non HTTP response code: java.net.SocketTimeoutException]]]

****** comparison: [[[200                                                    ]]]

/",2679,0,81,81,http://localhost:8001/auth/login,0,0,0
1776749023580,10002,POST /auth/login,Non HTTP response code: java.net.SocketTimeoutException,Non HTTP response message: Read timed out,Login Load Test 1-60,text,false,"Test failed: code expected to equal /

****** received  : [[[Non HTTP response code: java.net.SocketTimeoutException]]]

****** comparison: [[[200                                                    ]]]

/",2679,0,81,81,http://localhost:8001/auth/login,0,0,1
1776749023684,10001,POST /auth/login,Non HTTP response code: java.net.SocketTimeoutException,Non HTTP response message: Read timed out,Login Load Test 1-27,text,false,"Test failed: code expected to equal /

****** received  : [[[Non HTTP response code: java.net.SocketTimeoutException]]]

****** comparison: [[[200                                                    ]]]

/",2679,0,81,81,http://localhost:8001/auth/login,0,0,0
1776749023779,10002,POST /auth/login,Non HTTP response code: java.net.SocketTimeoutException,Non HTTP response message: Read timed out,Login Load Test 1-94,text,false,"Test failed: code expected to equal /

****** received  : [[[Non HTTP response code: java.net.SocketTimeoutException]]]

****** comparison: [[[200                                                    ]]]

/",2679,0,81,81,http://localhost:8001/auth/login,0,0,1
1776749023880,10001,POST /auth/login,Non HTTP response code: java.net.SocketTimeoutException,Non HTTP response message: Read timed out,Login Load Test 1-61,text,false,"Test failed: code expected to equal /

****** received  : [[[Non HTTP response code: java.net.SocketTimeoutException]]]

****** comparison: [[[200                                                    ]]]

/",2679,0,81,81,http://localhost:8001/auth/login,0,0,0
1776749023983,10001,POST /auth/login,Non HTTP response code: java.net.SocketTimeoutException,Non HTTP response message: Read timed out,Login Load Test 1-28,text,false,"Test failed: code expected to equal /

****** received  : [[[Non HTTP response code: java.net.SocketTimeoutException]]]

****** comparison: [[[200                                                    ]]]

/",2679,0,81,81,http://localhost:8001/auth/login,0,0,0
1776749024076,10001,POST /auth/login,Non HTTP response code: java.net.SocketTimeoutException,Non HTTP response message: Read timed out,Login Load Test 1-95,text,false,"Test failed: code expected to equal /

****** received  : [[[Non HTTP response code: java.net.SocketTimeoutException]]]

****** comparison: [[[200                                                    ]]]

/",2679,0,81,81,http://localhost:8001/auth/login,0,0,0
1776749024182,10002,POST /auth/login,Non HTTP response code: java.net.SocketTimeoutException,Non HTTP response message: Read timed out,Login Load Test 1-62,text,false,"Test failed: code expected to equal /

****** received  : [[[Non HTTP response code: java.net.SocketTimeoutException]]]

****** comparison: [[[200                                                    ]]]

/",2679,0,81,81,http://localhost:8001/auth/login,0,0,1
1776749024283,10002,POST /auth/login,Non HTTP response code: java.net.SocketTimeoutException,Non HTTP response message: Read timed out,Login Load Test 1-29,text,false,"Test failed: code expected to equal /

****** received  : [[[Non HTTP response code: java.net.SocketTimeoutException]]]

****** comparison: [[[200                                                    ]]]

/",2679,0,81,81,http://localhost:8001/auth/login,0,0,0
1776749024380,10002,POST /auth/login,Non HTTP response code: java.net.SocketTimeoutException,Non HTTP response message: Read timed out,Login Load Test 1-96,text,false,"Test failed: code expected to equal /

****** received  : [[[Non HTTP response code: java.net.SocketTimeoutException]]]

****** comparison: [[[200                                                    ]]]

/",2679,0,81,81,http://localhost:8001/auth/login,0,0,0
1776749024481,10002,POST /auth/login,Non HTTP response code: java.net.SocketTimeoutException,Non HTTP response message: Read timed out,Login Load Test 1-63,text,false,"Test failed: code expected to equal /

****** received  : [[[Non HTTP response code: java.net.SocketTimeoutException]]]

****** comparison: [[[200                                                    ]]]

/",2679,0,81,81,http://localhost:8001/auth/login,0,0,0
1776749024582,10001,POST /auth/login,Non HTTP response code: java.net.SocketTimeoutException,Non HTTP response message: Read timed out,Login Load Test 1-30,text,false,"Test failed: code expected to equal /

****** received  : [[[Non HTTP response code: java.net.SocketTimeoutException]]]

****** comparison: [[[200                                                    ]]]

/",2679,0,81,81,http://localhost:8001/auth/login,0,0,0
1776749024677,10002,POST /auth/login,Non HTTP response code: java.net.SocketTimeoutException,Non HTTP response message: Read timed out,Login Load Test 1-97,text,false,"Test failed: code expected to equal /

****** received  : [[[Non HTTP response code: java.net.SocketTimeoutException]]]

****** comparison: [[[200                                                    ]]]

/",2679,0,81,81,http://localhost:8001/auth/login,0,0,1
1776749024782,10001,POST /auth/login,Non HTTP response code: java.net.SocketTimeoutException,Non HTTP response message: Read timed out,Login Load Test 1-64,text,false,"Test failed: code expected to equal /

****** received  : [[[Non HTTP response code: java.net.SocketTimeoutException]]]

****** comparison: [[[200                                                    ]]]

/",2679,0,81,81,http://localhost:8001/auth/login,0,0,0
1776749024881,10001,POST /auth/login,Non HTTP response code: java.net.SocketTimeoutException,Non HTTP response message: Read timed out,Login Load Test 1-31,text,false,"Test failed: code expected to equal /

****** received  : [[[Non HTTP response code: java.net.SocketTimeoutException]]]

****** comparison: [[[200                                                    ]]]

/",2679,0,81,81,http://localhost:8001/auth/login,0,0,0
1776749024977,10002,POST /auth/login,Non HTTP response code: java.net.SocketTimeoutException,Non HTTP response message: Read timed out,Login Load Test 1-98,text,false,"Test failed: code expected to equal /

****** received  : [[[Non HTTP response code: java.net.SocketTimeoutException]]]

****** comparison: [[[200                                                    ]]]

/",2679,0,81,81,http://localhost:8001/auth/login,0,0,1
1776749025080,10002,POST /auth/login,Non HTTP response code: java.net.SocketTimeoutException,Non HTTP response message: Read timed out,Login Load Test 1-65,text,false,"Test failed: code expected to equal /

****** received  : [[[Non HTTP response code: java.net.SocketTimeoutException]]]

****** comparison: [[[200                                                    ]]]

/",2679,0,81,81,http://localhost:8001/auth/login,0,0,1
1776749025183,10002,POST /auth/login,Non HTTP response code: java.net.SocketTimeoutException,Non HTTP response message: Read timed out,Login Load Test 1-32,text,false,"Test failed: code expected to equal /

****** received  : [[[Non HTTP response code: java.net.SocketTimeoutException]]]

****** comparison: [[[200                                                    ]]]

/",2679,0,81,81,http://localhost:8001/auth/login,0,0,1
1776749025277,10002,POST /auth/login,Non HTTP response code: java.net.SocketTimeoutException,Non HTTP response message: Read timed out,Login Load Test 1-99,text,false,"Test failed: code expected to equal /

****** received  : [[[Non HTTP response code: java.net.SocketTimeoutException]]]

****** comparison: [[[200                                                    ]]]

/",2679,0,81,81,http://localhost:8001/auth/login,0,0,1
1776749025382,10001,POST /auth/login,Non HTTP response code: java.net.SocketTimeoutException,Non HTTP response message: Read timed out,Login Load Test 1-66,text,false,"Test failed: code expected to equal /

****** received  : [[[Non HTTP response code: java.net.SocketTimeoutException]]]

****** comparison: [[[200                                                    ]]]

/",2679,0,81,81,http://localhost:8001/auth/login,0,0,1
1776749025484,10002,POST /auth/login,Non HTTP response code: java.net.SocketTimeoutException,Non HTTP response message: Read timed out,Login Load Test 1-33,text,false,"Test failed: code expected to equal /

****** received  : [[[Non HTTP response code: java.net.SocketTimeoutException]]]

****** comparison: [[[200                                                    ]]]

/",2679,0,81,81,http://localhost:8001/auth/login,0,0,1
1776749025577,10001,POST /auth/login,Non HTTP response code: java.net.SocketTimeoutException,Non HTTP response message: Read timed out,Login Load Test 1-100,text,false,"Test failed: code expected to equal /

****** received  : [[[Non HTTP response code: java.net.SocketTimeoutException]]]

****** comparison: [[[200                                                    ]]]

/",2679,0,81,81,http://localhost:8001/auth/login,0,0,0
1776749025677,10002,POST /auth/login,Non HTTP response code: java.net.SocketTimeoutException,Non HTTP response message: Read timed out,Login Load Test 1-67,text,false,"Test failed: code expected to equal /

****** received  : [[[Non HTTP response code: java.net.SocketTimeoutException]]]

****** comparison: [[[200                                                    ]]]

/",2679,0,81,81,http://localhost:8001/auth/login,0,0,1
1776749025780,10002,POST /auth/login,Non HTTP response code: java.net.SocketTimeoutException,Non HTTP response message: Read timed out,Login Load Test 1-34,text,false,"Test failed: code expected to equal /

****** received  : [[[Non HTTP response code: java.net.SocketTimeoutException]]]

****** comparison: [[[200                                                    ]]]

/",2679,0,81,81,http://localhost:8001/auth/login,0,0,1
1776749025979,10002,POST /auth/login,Non HTTP response code: java.net.SocketTimeoutException,Non HTTP response message: Read timed out,Login Load Test 1-68,text,false,"Test failed: code expected to equal /

****** received  : [[[Non HTTP response code: java.net.SocketTimeoutException]]]

****** comparison: [[[200                                                    ]]]

/",2679,0,81,81,http://localhost:8001/auth/login,0,0,1
1776749026077,10002,POST /auth/login,Non HTTP response code: java.net.SocketTimeoutException,Non HTTP response message: Read timed out,Login Load Test 1-35,text,false,"Test failed: code expected to equal /

****** received  : [[[Non HTTP response code: java.net.SocketTimeoutException]]]

****** comparison: [[[200                                                    ]]]

/",2679,0,81,81,http://localhost:8001/auth/login,0,0,1
1776749026278,10002,POST /auth/login,Non HTTP response code: java.net.SocketTimeoutException,Non HTTP response message: Read timed out,Login Load Test 1-69,text,false,"Test failed: code expected to equal /

****** received  : [[[Non HTTP response code: java.net.SocketTimeoutException]]]

****** comparison: [[[200                                                    ]]]

/",2679,0,81,81,http://localhost:8001/auth/login,0,0,1
1776749026381,10002,POST /auth/login,Non HTTP response code: java.net.SocketTimeoutException,Non HTTP response message: Read timed out,Login Load Test 1-36,text,false,"Test failed: code expected to equal /

****** received  : [[[Non HTTP response code: java.net.SocketTimeoutException]]]

****** comparison: [[[200                                                    ]]]

/",2679,0,81,81,http://localhost:8001/auth/login,0,0,0
1776749026585,10001,POST /auth/login,Non HTTP response code: java.net.SocketTimeoutException,Non HTTP response message: Read timed out,Login Load Test 1-70,text,false,"Test failed: code expected to equal /

****** received  : [[[Non HTTP response code: java.net.SocketTimeoutException]]]

****** comparison: [[[200                                                    ]]]

/",2679,0,81,81,http://localhost:8001/auth/login,0,0,0
1776749026682,10002,POST /auth/login,Non HTTP response code: java.net.SocketTimeoutException,Non HTTP response message: Read timed out,Login Load Test 1-37,text,false,"Test failed: code expected to equal /

****** received  : [[[Non HTTP response code: java.net.SocketTimeoutException]]]

****** comparison: [[[200                                                    ]]]

/",2679,0,81,81,http://localhost:8001/auth/login,0,0,0
1776749026876,10002,POST /auth/login,Non HTTP response code: java.net.SocketTimeoutException,Non HTTP response message: Read timed out,Login Load Test 1-71,text,false,"Test failed: code expected to equal /

****** received  : [[[Non HTTP response code: java.net.SocketTimeoutException]]]

****** comparison: [[[200                                                    ]]]

/",2679,0,81,81,http://localhost:8001/auth/login,0,0,1
1776749026982,10002,POST /auth/login,Non HTTP response code: java.net.SocketTimeoutException,Non HTTP response message: Read timed out,Login Load Test 1-38,text,false,"Test failed: code expected to equal /

****** received  : [[[Non HTTP response code: java.net.SocketTimeoutException]]]

****** comparison: [[[200                                                    ]]]

/",2679,0,81,81,http://localhost:8001/auth/login,0,0,1
1776749027176,10001,POST /auth/login,Non HTTP response code: java.net.SocketTimeoutException,Non HTTP response message: Read timed out,Login Load Test 1-72,text,false,"Test failed: code expected to equal /

****** received  : [[[Non HTTP response code: java.net.SocketTimeoutException]]]

****** comparison: [[[200                                                    ]]]

/",2679,0,81,81,http://localhost:8001/auth/login,0,0,0
1776749027283,10001,POST /auth/login,Non HTTP response code: java.net.SocketTimeoutException,Non HTTP response message: Read timed out,Login Load Test 1-39,text,false,"Test failed: code expected to equal /

****** received  : [[[Non HTTP response code: java.net.SocketTimeoutException]]]

****** comparison: [[[200                                                    ]]]

/",2679,0,81,81,http://localhost:8001/auth/login,0,0,0
1776749027478,10000,POST /auth/login,Non HTTP response code: java.net.SocketTimeoutException,Non HTTP response message: Read timed out,Login Load Test 1-73,text,false,"Test failed: code expected to equal /

****** received  : [[[Non HTTP response code: java.net.SocketTimeoutException]]]

****** comparison: [[[200                                                    ]]]

/",2679,0,81,81,http://localhost:8001/auth/login,0,0,0
1776749027585,10002,POST /auth/login,Non HTTP response code: java.net.SocketTimeoutException,Non HTTP response message: Read timed out,Login Load Test 1-40,text,false,"Test failed: code expected to equal /

****** received  : [[[Non HTTP response code: java.net.SocketTimeoutException]]]

****** comparison: [[[200                                                    ]]]

/",2679,0,81,81,http://localhost:8001/auth/login,0,0,1
1776749027782,10001,POST /auth/login,Non HTTP response code: java.net.SocketTimeoutException,Non HTTP response message: Read timed out,Login Load Test 1-74,text,false,"Test failed: code expected to equal /

****** received  : [[[Non HTTP response code: java.net.SocketTimeoutException]]]

****** comparison: [[[200                                                    ]]]

/",2679,0,81,81,http://localhost:8001/auth/login,0,0,0
1776749027882,10001,POST /auth/login,Non HTTP response code: java.net.SocketTimeoutException,Non HTTP response message: Read timed out,Login Load Test 1-41,text,false,"Test failed: code expected to equal /

****** received  : [[[Non HTTP response code: java.net.SocketTimeoutException]]]

****** comparison: [[[200                                                    ]]]

/",2679,0,81,81,http://localhost:8001/auth/login,0,0,0
1776749028080,10002,POST /auth/login,Non HTTP response code: java.net.SocketTimeoutException,Non HTTP response message: Read timed out,Login Load Test 1-75,text,false,"Test failed: code expected to equal /

****** received  : [[[Non HTTP response code: java.net.SocketTimeoutException]]]

****** comparison: [[[200                                                    ]]]

/",2679,0,81,81,http://localhost:8001/auth/login,0,0,1
1776749028186,10002,POST /auth/login,Non HTTP response code: java.net.SocketTimeoutException,Non HTTP response message: Read timed out,Login Load Test 1-42,text,false,"Test failed: code expected to equal /

****** received  : [[[Non HTTP response code: java.net.SocketTimeoutException]]]

****** comparison: [[[200                                                    ]]]

/",2679,0,81,81,http://localhost:8001/auth/login,0,0,1
1776749028379,10002,POST /auth/login,Non HTTP response code: java.net.SocketTimeoutException,Non HTTP response message: Read timed out,Login Load Test 1-76,text,false,"Test failed: code expected to equal /

****** received  : [[[Non HTTP response code: java.net.SocketTimeoutException]]]

****** comparison: [[[200                                                    ]]]

/",2679,0,81,81,http://localhost:8001/auth/login,0,0,1
1776749028486,10001,POST /auth/login,Non HTTP response code: java.net.SocketTimeoutException,Non HTTP response message: Read timed out,Login Load Test 1-43,text,false,"Test failed: code expected to equal /

****** received  : [[[Non HTTP response code: java.net.SocketTimeoutException]]]

****** comparison: [[[200                                                    ]]]

/",2679,0,81,81,http://localhost:8001/auth/login,0,0,1
1776749028683,10001,POST /auth/login,Non HTTP response code: java.net.SocketTimeoutException,Non HTTP response message: Read timed out,Login Load Test 1-77,text,false,"Test failed: code expected to equal /

****** received  : [[[Non HTTP response code: java.net.SocketTimeoutException]]]

****** comparison: [[[200                                                    ]]]

/",2679,0,81,81,http://localhost:8001/auth/login,0,0,0
1776749028784,10001,POST /auth/login,Non HTTP response code: java.net.SocketTimeoutException,Non HTTP response message: Read timed out,Login Load Test 1-44,text,false,"Test failed: code expected to equal /

****** received  : [[[Non HTTP response code: java.net.SocketTimeoutException]]]

****** comparison: [[[200                                                    ]]]

/",2679,0,81,81,http://localhost:8001/auth/login,0,0,1
1776749028982,10001,POST /auth/login,Non HTTP response code: java.net.SocketTimeoutException,Non HTTP response message: Read timed out,Login Load Test 1-78,text,false,"Test failed: code expected to equal /

****** received  : [[[Non HTTP response code: java.net.SocketTimeoutException]]]

****** comparison: [[[200                                                    ]]]

/",2679,0,81,81,http://localhost:8001/auth/login,0,0,0
1776749029082,10001,POST /auth/login,Non HTTP response code: java.net.SocketTimeoutException,Non HTTP response message: Read timed out,Login Load Test 1-45,text,false,"Test failed: code expected to equal /

****** received  : [[[Non HTTP response code: java.net.SocketTimeoutException]]]

****** comparison: [[[200                                                    ]]]

/",2679,0,81,81,http://localhost:8001/auth/login,0,0,0
1776749029279,10001,POST /auth/login,Non HTTP response code: java.net.SocketTimeoutException,Non HTTP response message: Read timed out,Login Load Test 1-79,text,false,"Test failed: code expected to equal /

****** received  : [[[Non HTTP response code: java.net.SocketTimeoutException]]]

****** comparison: [[[200                                                    ]]]

/",2679,0,81,81,http://localhost:8001/auth/login,0,0,0
1776749029383,10001,POST /auth/login,Non HTTP response code: java.net.SocketTimeoutException,Non HTTP response message: Read timed out,Login Load Test 1-46,text,false,"Test failed: code expected to equal /

****** received  : [[[Non HTTP response code: java.net.SocketTimeoutException]]]

****** comparison: [[[200                                                    ]]]

/",2679,0,81,81,http://localhost:8001/auth/login,0,0,1
1776749029579,10002,POST /auth/login,Non HTTP response code: java.net.SocketTimeoutException,Non HTTP response message: Read timed out,Login Load Test 1-80,text,false,"Test failed: code expected to equal /

****** received  : [[[Non HTTP response code: java.net.SocketTimeoutException]]]

****** comparison: [[[200                                                    ]]]

/",2679,0,81,81,http://localhost:8001/auth/login,0,0,1
1776749029684,10001,POST /auth/login,Non HTTP response code: java.net.SocketTimeoutException,Non HTTP response message: Read timed out,Login Load Test 1-47,text,false,"Test failed: code expected to equal /

****** received  : [[[Non HTTP response code: java.net.SocketTimeoutException]]]

****** comparison: [[[200                                                    ]]]

/",2679,0,81,81,http://localhost:8001/auth/login,0,0,0
1776749029876,10001,POST /auth/login,Non HTTP response code: java.net.SocketTimeoutException,Non HTTP response message: Read timed out,Login Load Test 1-81,text,false,"Test failed: code expected to equal /

****** received  : [[[Non HTTP response code: java.net.SocketTimeoutException]]]

****** comparison: [[[200                                                    ]]]

/",2679,0,81,81,http://localhost:8001/auth/login,0,0,0
1776749029981,10002,POST /auth/login,Non HTTP response code: java.net.SocketTimeoutException,Non HTTP response message: Read timed out,Login Load Test 1-48,text,false,"Test failed: code expected to equal /

****** received  : [[[Non HTTP response code: java.net.SocketTimeoutException]]]

****** comparison: [[[200                                                    ]]]

/",2679,0,81,81,http://localhost:8001/auth/login,0,0,1
1776749030179,10001,POST /auth/login,Non HTTP response code: java.net.SocketTimeoutException,Non HTTP response message: Read timed out,Login Load Test 1-82,text,false,"Test failed: code expected to equal /

****** received  : [[[Non HTTP response code: java.net.SocketTimeoutException]]]

****** comparison: [[[200                                                    ]]]

/",2679,0,81,81,http://localhost:8001/auth/login,0,0,0
1776749030277,10001,POST /auth/login,Non HTTP response code: java.net.SocketTimeoutException,Non HTTP response message: Read timed out,Login Load Test 1-49,text,false,"Test failed: code expected to equal /

****** received  : [[[Non HTTP response code: java.net.SocketTimeoutException]]]

****** comparison: [[[200                                                    ]]]

/",2679,0,81,81,http://localhost:8001/auth/login,0,0,0
1776749030480,10002,POST /auth/login,Non HTTP response code: java.net.SocketTimeoutException,Non HTTP response message: Read timed out,Login Load Test 1-83,text,false,"Test failed: code expected to equal /

****** received  : [[[Non HTTP response code: java.net.SocketTimeoutException]]]

****** comparison: [[[200                                                    ]]]

/",2679,0,81,81,http://localhost:8001/auth/login,0,0,0
1776749030580,10002,POST /auth/login,Non HTTP response code: java.net.SocketTimeoutException,Non HTTP response message: Read timed out,Login Load Test 1-50,text,false,"Test failed: code expected to equal /

****** received  : [[[Non HTTP response code: java.net.SocketTimeoutException]]]

****** comparison: [[[200                                                    ]]]

/",2679,0,81,81,http://localhost:8001/auth/login,0,0,0
1776749030781,10001,POST /auth/login,Non HTTP response code: java.net.SocketTimeoutException,Non HTTP response message: Read timed out,Login Load Test 1-84,text,false,"Test failed: code expected to equal /

****** received  : [[[Non HTTP response code: java.net.SocketTimeoutException]]]

****** comparison: [[[200                                                    ]]]

/",2679,0,81,81,http://localhost:8001/auth/login,0,0,0
1776749030884,10002,POST /auth/login,Non HTTP response code: java.net.SocketTimeoutException,Non HTTP response message: Read timed out,Login Load Test 1-51,text,false,"Test failed: code expected to equal /

****** received  : [[[Non HTTP response code: java.net.SocketTimeoutException]]]

****** comparison: [[[200                                                    ]]]

/",2679,0,81,81,http://localhost:8001/auth/login,0,0,1
1776749031080,10001,POST /auth/login,Non HTTP response code: java.net.SocketTimeoutException,Non HTTP response message: Read timed out,Login Load Test 1-85,text,false,"Test failed: code expected to equal /

****** received  : [[[Non HTTP response code: java.net.SocketTimeoutException]]]

****** comparison: [[[200                                                    ]]]

/",2679,0,81,81,http://localhost:8001/auth/login,0,0,0
1776749031184,10001,POST /auth/login,Non HTTP response code: java.net.SocketTimeoutException,Non HTTP response message: Read timed out,Login Load Test 1-52,text,false,"Test failed: code expected to equal /

****** received  : [[[Non HTTP response code: java.net.SocketTimeoutException]]]

****** comparison: [[[200                                                    ]]]

/",2679,0,81,81,http://localhost:8001/auth/login,0,0,0
1776749031382,10001,POST /auth/login,Non HTTP response code: java.net.SocketTimeoutException,Non HTTP response message: Read timed out,Login Load Test 1-86,text,false,"Test failed: code expected to equal /

****** received  : [[[Non HTTP response code: java.net.SocketTimeoutException]]]

****** comparison: [[[200                                                    ]]]

/",2679,0,81,81,http://localhost:8001/auth/login,0,0,0
1776749031479,10002,POST /auth/login,Non HTTP response code: java.net.SocketTimeoutException,Non HTTP response message: Read timed out,Login Load Test 1-53,text,false,"Test failed: code expected to equal /

****** received  : [[[Non HTTP response code: java.net.SocketTimeoutException]]]

****** comparison: [[[200                                                    ]]]

/",2679,0,81,81,http://localhost:8001/auth/login,0,0,1
1776749031585,10002,POST /auth/login,Non HTTP response code: java.net.SocketTimeoutException,Non HTTP response message: Read timed out,Login Load Test 1-20,text,false,"Test failed: code expected to equal /

****** received  : [[[Non HTTP response code: java.net.SocketTimeoutException]]]

****** comparison: [[[200                                                    ]]]

/",2679,0,81,81,http://localhost:8001/auth/login,0,0,1
1776749031682,10002,POST /auth/login,Non HTTP response code: java.net.SocketTimeoutException,Non HTTP response message: Read timed out,Login Load Test 1-87,text,false,"Test failed: code expected to equal /

****** received  : [[[Non HTTP response code: java.net.SocketTimeoutException]]]

****** comparison: [[[200                                                    ]]]

/",2679,0,81,81,http://localhost:8001/auth/login,0,0,0
1776749031783,10002,POST /auth/login,Non HTTP response code: java.net.SocketTimeoutException,Non HTTP response message: Read timed out,Login Load Test 1-54,text,false,"Test failed: code expected to equal /

****** received  : [[[Non HTTP response code: java.net.SocketTimeoutException]]]

****** comparison: [[[200                                                    ]]]

/",2679,0,81,81,http://localhost:8001/auth/login,0,0,1
1776749031882,10001,POST /auth/login,Non HTTP response code: java.net.SocketTimeoutException,Non HTTP response message: Read timed out,Login Load Test 1-21,text,false,"Test failed: code expected to equal /

****** received  : [[[Non HTTP response code: java.net.SocketTimeoutException]]]

****** comparison: [[[200                                                    ]]]

/",2679,0,81,81,http://localhost:8001/auth/login,0,0,1
1776749031976,10001,POST /auth/login,Non HTTP response code: java.net.SocketTimeoutException,Non HTTP response message: Read timed out,Login Load Test 1-88,text,false,"Test failed: code expected to equal /

****** received  : [[[Non HTTP response code: java.net.SocketTimeoutException]]]

****** comparison: [[[200                                                    ]]]

/",2679,0,81,81,http://localhost:8001/auth/login,0,0,1
1776749032080,10002,POST /auth/login,Non HTTP response code: java.net.SocketTimeoutException,Non HTTP response message: Read timed out,Login Load Test 1-55,text,false,"Test failed: code expected to equal /

****** received  : [[[Non HTTP response code: java.net.SocketTimeoutException]]]

****** comparison: [[[200                                                    ]]]

/",2679,0,81,81,http://localhost:8001/auth/login,0,0,1
1776749032185,10002,POST /auth/login,Non HTTP response code: java.net.SocketTimeoutException,Non HTTP response message: Read timed out,Login Load Test 1-22,text,false,"Test failed: code expected to equal /

****** received  : [[[Non HTTP response code: java.net.SocketTimeoutException]]]

****** comparison: [[[200                                                    ]]]

/",2679,0,81,81,http://localhost:8001/auth/login,0,0,1
1776749032281,10002,POST /auth/login,Non HTTP response code: java.net.SocketTimeoutException,Non HTTP response message: Read timed out,Login Load Test 1-89,text,false,"Test failed: code expected to equal /

****** received  : [[[Non HTTP response code: java.net.SocketTimeoutException]]]

****** comparison: [[[200                                                    ]]]

/",2679,0,81,81,http://localhost:8001/auth/login,0,0,0
1776749032382,10001,POST /auth/login,Non HTTP response code: java.net.SocketTimeoutException,Non HTTP response message: Read timed out,Login Load Test 1-56,text,false,"Test failed: code expected to equal /

****** received  : [[[Non HTTP response code: java.net.SocketTimeoutException]]]

****** comparison: [[[200                                                    ]]]

/",2679,0,81,81,http://localhost:8001/auth/login,0,0,0
1776749032483,10001,POST /auth/login,Non HTTP response code: java.net.SocketTimeoutException,Non HTTP response message: Read timed out,Login Load Test 1-23,text,false,"Test failed: code expected to equal /

****** received  : [[[Non HTTP response code: java.net.SocketTimeoutException]]]

****** comparison: [[[200                                                    ]]]

/",2679,0,81,81,http://localhost:8001/auth/login,0,0,0
1776749032581,10002,POST /auth/login,Non HTTP response code: java.net.SocketTimeoutException,Non HTTP response message: Read timed out,Login Load Test 1-90,text,false,"Test failed: code expected to equal /

****** received  : [[[Non HTTP response code: java.net.SocketTimeoutException]]]

****** comparison: [[[200                                                    ]]]

/",2679,0,81,81,http://localhost:8001/auth/login,0,0,0
1776749032680,10002,POST /auth/login,Non HTTP response code: java.net.SocketTimeoutException,Non HTTP response message: Read timed out,Login Load Test 1-57,text,false,"Test failed: code expected to equal /

****** received  : [[[Non HTTP response code: java.net.SocketTimeoutException]]]

****** comparison: [[[200                                                    ]]]

/",2679,0,81,81,http://localhost:8001/auth/login,0,0,1
1776749032788,10002,POST /auth/login,Non HTTP response code: java.net.SocketTimeoutException,Non HTTP response message: Read timed out,Login Load Test 1-24,text,false,"Test failed: code expected to equal /

****** received  : [[[Non HTTP response code: java.net.SocketTimeoutException]]]

****** comparison: [[[200                                                    ]]]

/",2679,0,81,81,http://localhost:8001/auth/login,0,0,1
1776749032880,10002,POST /auth/login,Non HTTP response code: java.net.SocketTimeoutException,Non HTTP response message: Read timed out,Login Load Test 1-91,text,false,"Test failed: code expected to equal /

****** received  : [[[Non HTTP response code: java.net.SocketTimeoutException]]]

****** comparison: [[[200                                                    ]]]

/",2679,0,81,81,http://localhost:8001/auth/login,0,0,1
1776749032980,10002,POST /auth/login,Non HTTP response code: java.net.SocketTimeoutException,Non HTTP response message: Read timed out,Login Load Test 1-58,text,false,"Test failed: code expected to equal /

****** received  : [[[Non HTTP response code: java.net.SocketTimeoutException]]]

****** comparison: [[[200                                                    ]]]

/",2679,0,81,81,http://localhost:8001/auth/login,0,0,1
1776749033084,10002,POST /auth/login,Non HTTP response code: java.net.SocketTimeoutException,Non HTTP response message: Read timed out,Login Load Test 1-25,text,false,"Test failed: code expected to equal /

****** received  : [[[Non HTTP response code: java.net.SocketTimeoutException]]]

****** comparison: [[[200                                                    ]]]

/",2679,0,81,81,http://localhost:8001/auth/login,0,0,1
1776749033179,10002,POST /auth/login,Non HTTP response code: java.net.SocketTimeoutException,Non HTTP response message: Read timed out,Login Load Test 1-92,text,false,"Test failed: code expected to equal /

****** received  : [[[Non HTTP response code: java.net.SocketTimeoutException]]]

****** comparison: [[[200                                                    ]]]

/",2679,0,81,81,http://localhost:8001/auth/login,0,0,1
1776749033279,10001,POST /auth/login,Non HTTP response code: java.net.SocketTimeoutException,Non HTTP response message: Read timed out,Login Load Test 1-59,text,false,"Test failed: code expected to equal /

****** received  : [[[Non HTTP response code: java.net.SocketTimeoutException]]]

****** comparison: [[[200                                                    ]]]

/",2679,0,81,81,http://localhost:8001/auth/login,0,0,0
1776749033384,10002,POST /auth/login,Non HTTP response code: java.net.SocketTimeoutException,Non HTTP response message: Read timed out,Login Load Test 1-26,text,false,"Test failed: code expected to equal /

****** received  : [[[Non HTTP response code: java.net.SocketTimeoutException]]]

****** comparison: [[[200                                                    ]]]

/",2679,0,81,81,http://localhost:8001/auth/login,0,0,1
1776749033480,10001,POST /auth/login,Non HTTP response code: java.net.SocketTimeoutException,Non HTTP response message: Read timed out,Login Load Test 1-93,text,false,"Test failed: code expected to equal /

****** received  : [[[Non HTTP response code: java.net.SocketTimeoutException]]]

****** comparison: [[[200                                                    ]]]

/",2679,0,81,81,http://localhost:8001/auth/login,0,0,0
1776749033582,10001,POST /auth/login,Non HTTP response code: java.net.SocketTimeoutException,Non HTTP response message: Read timed out,Login Load Test 1-60,text,false,"Test failed: code expected to equal /

****** received  : [[[Non HTTP response code: java.net.SocketTimeoutException]]]

****** comparison: [[[200                                                    ]]]

/",2679,0,81,81,http://localhost:8001/auth/login,0,0,0
1776749033685,10001,POST /auth/login,Non HTTP response code: java.net.SocketTimeoutException,Non HTTP response message: Read timed out,Login Load Test 1-27,text,false,"Test failed: code expected to equal /

****** received  : [[[Non HTTP response code: java.net.SocketTimeoutException]]]

****** comparison: [[[200                                                    ]]]

/",2679,0,81,81,http://localhost:8001/auth/login,0,0,0
1776749033780,10001,POST /auth/login,Non HTTP response code: java.net.SocketTimeoutException,Non HTTP response message: Read timed out,Login Load Test 1-94,text,false,"Test failed: code expected to equal /

****** received  : [[[Non HTTP response code: java.net.SocketTimeoutException]]]

****** comparison: [[[200                                                    ]]]

/",2679,0,81,81,http://localhost:8001/auth/login,0,0,1
1776749033880,10002,POST /auth/login,Non HTTP response code: java.net.SocketTimeoutException,Non HTTP response message: Read timed out,Login Load Test 1-61,text,false,"Test failed: code expected to equal /

****** received  : [[[Non HTTP response code: java.net.SocketTimeoutException]]]

****** comparison: [[[200                                                    ]]]

/",2679,0,81,81,http://localhost:8001/auth/login,0,0,1
1776749033984,10002,POST /auth/login,Non HTTP response code: java.net.SocketTimeoutException,Non HTTP response message: Read timed out,Login Load Test 1-28,text,false,"Test failed: code expected to equal /

****** received  : [[[Non HTTP response code: java.net.SocketTimeoutException]]]

****** comparison: [[[200                                                    ]]]

/",2679,0,81,81,http://localhost:8001/auth/login,0,0,0
1776749034077,10001,POST /auth/login,Non HTTP response code: java.net.SocketTimeoutException,Non HTTP response message: Read timed out,Login Load Test 1-95,text,false,"Test failed: code expected to equal /

****** received  : [[[Non HTTP response code: java.net.SocketTimeoutException]]]

****** comparison: [[[200                                                    ]]]

/",2679,0,81,81,http://localhost:8001/auth/login,0,0,0
1776749034183,10002,POST /auth/login,Non HTTP response code: java.net.SocketTimeoutException,Non HTTP response message: Read timed out,Login Load Test 1-62,text,false,"Test failed: code expected to equal /

****** received  : [[[Non HTTP response code: java.net.SocketTimeoutException]]]

****** comparison: [[[200                                                    ]]]

/",2679,0,81,81,http://localhost:8001/auth/login,0,0,1
1776749034284,10002,POST /auth/login,Non HTTP response code: java.net.SocketTimeoutException,Non HTTP response message: Read timed out,Login Load Test 1-29,text,false,"Test failed: code expected to equal /

****** received  : [[[Non HTTP response code: java.net.SocketTimeoutException]]]

****** comparison: [[[200                                                    ]]]

/",2679,0,81,81,http://localhost:8001/auth/login,0,0,0
1776749034381,10001,POST /auth/login,Non HTTP response code: java.net.SocketTimeoutException,Non HTTP response message: Read timed out,Login Load Test 1-96,text,false,"Test failed: code expected to equal /

****** received  : [[[Non HTTP response code: java.net.SocketTimeoutException]]]

****** comparison: [[[200                                                    ]]]

/",2679,0,81,81,http://localhost:8001/auth/login,0,0,0
1776749034482,10002,POST /auth/login,Non HTTP response code: java.net.SocketTimeoutException,Non HTTP response message: Read timed out,Login Load Test 1-63,text,false,"Test failed: code expected to equal /

****** received  : [[[Non HTTP response code: java.net.SocketTimeoutException]]]

****** comparison: [[[200                                                    ]]]

/",2679,0,81,81,http://localhost:8001/auth/login,0,0,0
1776749034583,10002,POST /auth/login,Non HTTP response code: java.net.SocketTimeoutException,Non HTTP response message: Read timed out,Login Load Test 1-30,text,false,"Test failed: code expected to equal /

****** received  : [[[Non HTTP response code: java.net.SocketTimeoutException]]]

****** comparison: [[[200                                                    ]]]

/",2679,0,81,81,http://localhost:8001/auth/login,0,0,0
1776749034678,10002,POST /auth/login,Non HTTP response code: java.net.SocketTimeoutException,Non HTTP response message: Read timed out,Login Load Test 1-97,text,false,"Test failed: code expected to equal /

****** received  : [[[Non HTTP response code: java.net.SocketTimeoutException]]]

****** comparison: [[[200                                                    ]]]

/",2679,0,81,81,http://localhost:8001/auth/login,0,0,1
1776749034782,10002,POST /auth/login,Non HTTP response code: java.net.SocketTimeoutException,Non HTTP response message: Read timed out,Login Load Test 1-64,text,false,"Test failed: code expected to equal /

****** received  : [[[Non HTTP response code: java.net.SocketTimeoutException]]]

****** comparison: [[[200                                                    ]]]

/",2679,0,81,81,http://localhost:8001/auth/login,0,0,1
1776749034882,10001,POST /auth/login,Non HTTP response code: java.net.SocketTimeoutException,Non HTTP response message: Read timed out,Login Load Test 1-31,text,false,"Test failed: code expected to equal /

****** received  : [[[Non HTTP response code: java.net.SocketTimeoutException]]]

****** comparison: [[[200                                                    ]]]

/",2679,0,81,81,http://localhost:8001/auth/login,0,0,0
1776749034978,10002,POST /auth/login,Non HTTP response code: java.net.SocketTimeoutException,Non HTTP response message: Read timed out,Login Load Test 1-98,text,false,"Test failed: code expected to equal /

****** received  : [[[Non HTTP response code: java.net.SocketTimeoutException]]]

****** comparison: [[[200                                                    ]]]

/",2679,0,81,81,http://localhost:8001/auth/login,0,0,1
1776749035081,10002,POST /auth/login,Non HTTP response code: java.net.SocketTimeoutException,Non HTTP response message: Read timed out,Login Load Test 1-65,text,false,"Test failed: code expected to equal /

****** received  : [[[Non HTTP response code: java.net.SocketTimeoutException]]]

****** comparison: [[[200                                                    ]]]

/",2679,0,81,81,http://localhost:8001/auth/login,0,0,0
1776749035185,10001,POST /auth/login,Non HTTP response code: java.net.SocketTimeoutException,Non HTTP response message: Read timed out,Login Load Test 1-32,text,false,"Test failed: code expected to equal /

****** received  : [[[Non HTTP response code: java.net.SocketTimeoutException]]]

****** comparison: [[[200                                                    ]]]

/",2679,0,81,81,http://localhost:8001/auth/login,0,0,0
1776749035279,10001,POST /auth/login,Non HTTP response code: java.net.SocketTimeoutException,Non HTTP response message: Read timed out,Login Load Test 1-99,text,false,"Test failed: code expected to equal /

****** received  : [[[Non HTTP response code: java.net.SocketTimeoutException]]]

****** comparison: [[[200                                                    ]]]

/",2679,0,81,81,http://localhost:8001/auth/login,0,0,0
1776749035382,10002,POST /auth/login,Non HTTP response code: java.net.SocketTimeoutException,Non HTTP response message: Read timed out,Login Load Test 1-66,text,false,"Test failed: code expected to equal /

****** received  : [[[Non HTTP response code: java.net.SocketTimeoutException]]]

****** comparison: [[[200                                                    ]]]

/",2679,0,81,81,http://localhost:8001/auth/login,0,0,1
1776749035485,10002,POST /auth/login,Non HTTP response code: java.net.SocketTimeoutException,Non HTTP response message: Read timed out,Login Load Test 1-33,text,false,"Test failed: code expected to equal /

****** received  : [[[Non HTTP response code: java.net.SocketTimeoutException]]]

****** comparison: [[[200                                                    ]]]

/",2679,0,81,81,http://localhost:8001/auth/login,0,0,1
1776749035577,10002,POST /auth/login,Non HTTP response code: java.net.SocketTimeoutException,Non HTTP response message: Read timed out,Login Load Test 1-100,text,false,"Test failed: code expected to equal /

****** received  : [[[Non HTTP response code: java.net.SocketTimeoutException]]]

****** comparison: [[[200                                                    ]]]

/",2679,0,81,81,http://localhost:8001/auth/login,0,0,1
1776749035678,10002,POST /auth/login,Non HTTP response code: java.net.SocketTimeoutException,Non HTTP response message: Read timed out,Login Load Test 1-67,text,false,"Test failed: code expected to equal /

****** received  : [[[Non HTTP response code: java.net.SocketTimeoutException]]]

****** comparison: [[[200                                                    ]]]

/",2679,0,81,81,http://localhost:8001/auth/login,0,0,1
1776749035781,10003,POST /auth/login,Non HTTP response code: java.net.SocketTimeoutException,Non HTTP response message: Read timed out,Login Load Test 1-34,text,false,"Test failed: code expected to equal /

****** received  : [[[Non HTTP response code: java.net.SocketTimeoutException]]]

****** comparison: [[[200                                                    ]]]

/",2679,0,81,81,http://localhost:8001/auth/login,0,0,1
1776749035981,10001,POST /auth/login,Non HTTP response code: java.net.SocketTimeoutException,Non HTTP response message: Read timed out,Login Load Test 1-68,text,false,"Test failed: code expected to equal /

****** received  : [[[Non HTTP response code: java.net.SocketTimeoutException]]]

****** comparison: [[[200                                                    ]]]

/",2679,0,81,81,http://localhost:8001/auth/login,0,0,0
1776749036079,10002,POST /auth/login,Non HTTP response code: java.net.SocketTimeoutException,Non HTTP response message: Read timed out,Login Load Test 1-35,text,false,"Test failed: code expected to equal /

****** received  : [[[Non HTTP response code: java.net.SocketTimeoutException]]]

****** comparison: [[[200                                                    ]]]

/",2679,0,81,81,http://localhost:8001/auth/login,0,0,1
1776749036280,10002,POST /auth/login,Non HTTP response code: java.net.SocketTimeoutException,Non HTTP response message: Read timed out,Login Load Test 1-69,text,false,"Test failed: code expected to equal /

****** received  : [[[Non HTTP response code: java.net.SocketTimeoutException]]]

****** comparison: [[[200                                                    ]]]

/",2679,0,81,81,http://localhost:8001/auth/login,0,0,0
1776749036383,10002,POST /auth/login,Non HTTP response code: java.net.SocketTimeoutException,Non HTTP response message: Read timed out,Login Load Test 1-36,text,false,"Test failed: code expected to equal /

****** received  : [[[Non HTTP response code: java.net.SocketTimeoutException]]]

****** comparison: [[[200                                                    ]]]

/",2679,0,81,81,http://localhost:8001/auth/login,0,0,1
1776749036586,10002,POST /auth/login,Non HTTP response code: java.net.SocketTimeoutException,Non HTTP response message: Read timed out,Login Load Test 1-70,text,false,"Test failed: code expected to equal /

****** received  : [[[Non HTTP response code: java.net.SocketTimeoutException]]]

****** comparison: [[[200                                                    ]]]

/",2679,0,81,81,http://localhost:8001/auth/login,0,0,1
1776749036684,10002,POST /auth/login,Non HTTP response code: java.net.SocketTimeoutException,Non HTTP response message: Read timed out,Login Load Test 1-37,text,false,"Test failed: code expected to equal /

****** received  : [[[Non HTTP response code: java.net.SocketTimeoutException]]]

****** comparison: [[[200                                                    ]]]

/",2679,0,81,81,http://localhost:8001/auth/login,0,0,1
1776749036879,10000,POST /auth/login,Non HTTP response code: java.net.SocketTimeoutException,Non HTTP response message: Read timed out,Login Load Test 1-71,text,false,"Test failed: code expected to equal /

****** received  : [[[Non HTTP response code: java.net.SocketTimeoutException]]]

****** comparison: [[[200                                                    ]]]

/",2679,0,81,81,http://localhost:8001/auth/login,0,0,0
1776749036984,10001,POST /auth/login,Non HTTP response code: java.net.SocketTimeoutException,Non HTTP response message: Read timed out,Login Load Test 1-38,text,false,"Test failed: code expected to equal /

****** received  : [[[Non HTTP response code: java.net.SocketTimeoutException]]]

****** comparison: [[[200                                                    ]]]

/",2679,0,81,81,http://localhost:8001/auth/login,0,0,1
1776749037178,10001,POST /auth/login,Non HTTP response code: java.net.SocketTimeoutException,Non HTTP response message: Read timed out,Login Load Test 1-72,text,false,"Test failed: code expected to equal /

****** received  : [[[Non HTTP response code: java.net.SocketTimeoutException]]]

****** comparison: [[[200                                                    ]]]

/",2679,0,81,81,http://localhost:8001/auth/login,0,0,0
1776749037285,10002,POST /auth/login,Non HTTP response code: java.net.SocketTimeoutException,Non HTTP response message: Read timed out,Login Load Test 1-39,text,false,"Test failed: code expected to equal /

****** received  : [[[Non HTTP response code: java.net.SocketTimeoutException]]]

****** comparison: [[[200                                                    ]]]

/",2679,0,81,81,http://localhost:8001/auth/login,0,0,0
1776749037479,10001,POST /auth/login,Non HTTP response code: java.net.SocketTimeoutException,Non HTTP response message: Read timed out,Login Load Test 1-73,text,false,"Test failed: code expected to equal /

****** received  : [[[Non HTTP response code: java.net.SocketTimeoutException]]]

****** comparison: [[[200                                                    ]]]

/",2679,0,81,81,http://localhost:8001/auth/login,0,0,0
1776749037587,10002,POST /auth/login,Non HTTP response code: java.net.SocketTimeoutException,Non HTTP response message: Read timed out,Login Load Test 1-40,text,false,"Test failed: code expected to equal /

****** received  : [[[Non HTTP response code: java.net.SocketTimeoutException]]]

****** comparison: [[[200                                                    ]]]

/",2679,0,81,81,http://localhost:8001/auth/login,0,0,1
1776749037784,10001,POST /auth/login,Non HTTP response code: java.net.SocketTimeoutException,Non HTTP response message: Read timed out,Login Load Test 1-74,text,false,"Test failed: code expected to equal /

****** received  : [[[Non HTTP response code: java.net.SocketTimeoutException]]]

****** comparison: [[[200                                                    ]]]

/",2679,0,81,81,http://localhost:8001/auth/login,0,0,0
1776749037884,10001,POST /auth/login,Non HTTP response code: java.net.SocketTimeoutException,Non HTTP response message: Read timed out,Login Load Test 1-41,text,false,"Test failed: code expected to equal /

****** received  : [[[Non HTTP response code: java.net.SocketTimeoutException]]]

****** comparison: [[[200                                                    ]]]

/",2679,0,81,81,http://localhost:8001/auth/login,0,0,0
1776749038082,10002,POST /auth/login,Non HTTP response code: java.net.SocketTimeoutException,Non HTTP response message: Read timed out,Login Load Test 1-75,text,false,"Test failed: code expected to equal /

****** received  : [[[Non HTTP response code: java.net.SocketTimeoutException]]]

****** comparison: [[[200                                                    ]]]

/",2679,0,81,81,http://localhost:8001/auth/login,0,0,0
1776749038188,10001,POST /auth/login,Non HTTP response code: java.net.SocketTimeoutException,Non HTTP response message: Read timed out,Login Load Test 1-42,text,false,"Test failed: code expected to equal /

****** received  : [[[Non HTTP response code: java.net.SocketTimeoutException]]]

****** comparison: [[[200                                                    ]]]

/",2679,0,81,81,http://localhost:8001/auth/login,0,0,1
1776749038381,10002,POST /auth/login,Non HTTP response code: java.net.SocketTimeoutException,Non HTTP response message: Read timed out,Login Load Test 1-76,text,false,"Test failed: code expected to equal /

****** received  : [[[Non HTTP response code: java.net.SocketTimeoutException]]]

****** comparison: [[[200                                                    ]]]

/",2679,0,81,81,http://localhost:8001/auth/login,0,0,1
1776749038488,10002,POST /auth/login,Non HTTP response code: java.net.SocketTimeoutException,Non HTTP response message: Read timed out,Login Load Test 1-43,text,false,"Test failed: code expected to equal /

****** received  : [[[Non HTTP response code: java.net.SocketTimeoutException]]]

****** comparison: [[[200                                                    ]]]

/",2679,0,81,81,http://localhost:8001/auth/login,0,0,0
1776749038685,10001,POST /auth/login,Non HTTP response code: java.net.SocketTimeoutException,Non HTTP response message: Read timed out,Login Load Test 1-77,text,false,"Test failed: code expected to equal /

****** received  : [[[Non HTTP response code: java.net.SocketTimeoutException]]]

****** comparison: [[[200                                                    ]]]

/",2679,0,81,81,http://localhost:8001/auth/login,0,0,1
1776749038785,10001,POST /auth/login,Non HTTP response code: java.net.SocketTimeoutException,Non HTTP response message: Read timed out,Login Load Test 1-44,text,false,"Test failed: code expected to equal /

****** received  : [[[Non HTTP response code: java.net.SocketTimeoutException]]]

****** comparison: [[[200                                                    ]]]

/",2679,0,81,81,http://localhost:8001/auth/login,0,0,1
1776749038983,10002,POST /auth/login,Non HTTP response code: java.net.SocketTimeoutException,Non HTTP response message: Read timed out,Login Load Test 1-78,text,false,"Test failed: code expected to equal /

****** received  : [[[Non HTTP response code: java.net.SocketTimeoutException]]]

****** comparison: [[[200                                                    ]]]

/",2679,0,81,81,http://localhost:8001/auth/login,0,0,1
1776749039084,10001,POST /auth/login,Non HTTP response code: java.net.SocketTimeoutException,Non HTTP response message: Read timed out,Login Load Test 1-45,text,false,"Test failed: code expected to equal /

****** received  : [[[Non HTTP response code: java.net.SocketTimeoutException]]]

****** comparison: [[[200                                                    ]]]

/",2679,0,81,81,http://localhost:8001/auth/login,0,0,0
1776749039280,10002,POST /auth/login,Non HTTP response code: java.net.SocketTimeoutException,Non HTTP response message: Read timed out,Login Load Test 1-79,text,false,"Test failed: code expected to equal /

****** received  : [[[Non HTTP response code: java.net.SocketTimeoutException]]]

****** comparison: [[[200                                                    ]]]

/",2679,0,81,81,http://localhost:8001/auth/login,0,0,1
1776749039385,10001,POST /auth/login,Non HTTP response code: java.net.SocketTimeoutException,Non HTTP response message: Read timed out,Login Load Test 1-46,text,false,"Test failed: code expected to equal /

****** received  : [[[Non HTTP response code: java.net.SocketTimeoutException]]]

****** comparison: [[[200                                                    ]]]

/",2679,0,81,81,http://localhost:8001/auth/login,0,0,0
1776749039581,10002,POST /auth/login,Non HTTP response code: java.net.SocketTimeoutException,Non HTTP response message: Read timed out,Login Load Test 1-80,text,false,"Test failed: code expected to equal /

****** received  : [[[Non HTTP response code: java.net.SocketTimeoutException]]]

****** comparison: [[[200                                                    ]]]

/",2679,0,81,81,http://localhost:8001/auth/login,0,0,0
1776749039685,10002,POST /auth/login,Non HTTP response code: java.net.SocketTimeoutException,Non HTTP response message: Read timed out,Login Load Test 1-47,text,false,"Test failed: code expected to equal /

****** received  : [[[Non HTTP response code: java.net.SocketTimeoutException]]]

****** comparison: [[[200                                                    ]]]

/",2679,0,81,81,http://localhost:8001/auth/login,0,0,1
1776749039878,10001,POST /auth/login,Non HTTP response code: java.net.SocketTimeoutException,Non HTTP response message: Read timed out,Login Load Test 1-81,text,false,"Test failed: code expected to equal /

****** received  : [[[Non HTTP response code: java.net.SocketTimeoutException]]]

****** comparison: [[[200                                                    ]]]

/",2679,0,81,81,http://localhost:8001/auth/login,0,0,0
1776749039983,10002,POST /auth/login,Non HTTP response code: java.net.SocketTimeoutException,Non HTTP response message: Read timed out,Login Load Test 1-48,text,false,"Test failed: code expected to equal /

****** received  : [[[Non HTTP response code: java.net.SocketTimeoutException]]]

****** comparison: [[[200                                                    ]]]

/",2679,0,81,81,http://localhost:8001/auth/login,0,0,1
1776749040182,10007,POST /auth/login,Non HTTP response code: java.net.SocketTimeoutException,Non HTTP response message: Read timed out,Login Load Test 1-82,text,false,"Test failed: code expected to equal /

****** received  : [[[Non HTTP response code: java.net.SocketTimeoutException]]]

****** comparison: [[[200                                                    ]]]

/",2679,0,81,81,http://localhost:8001/auth/login,0,0,6
1776749040279,10001,POST /auth/login,Non HTTP response code: java.net.SocketTimeoutException,Non HTTP response message: Read timed out,Login Load Test 1-49,text,false,"Test failed: code expected to equal /

****** received  : [[[Non HTTP response code: java.net.SocketTimeoutException]]]

****** comparison: [[[200                                                    ]]]

/",2679,0,81,81,http://localhost:8001/auth/login,0,0,0
1776749040482,10002,POST /auth/login,Non HTTP response code: java.net.SocketTimeoutException,Non HTTP response message: Read timed out,Login Load Test 1-83,text,false,"Test failed: code expected to equal /

****** received  : [[[Non HTTP response code: java.net.SocketTimeoutException]]]

****** comparison: [[[200                                                    ]]]

/",2679,0,81,81,http://localhost:8001/auth/login,0,0,0
1776749040582,10002,POST /auth/login,Non HTTP response code: java.net.SocketTimeoutException,Non HTTP response message: Read timed out,Login Load Test 1-50,text,false,"Test failed: code expected to equal /

****** received  : [[[Non HTTP response code: java.net.SocketTimeoutException]]]

****** comparison: [[[200                                                    ]]]

/",2679,0,81,81,http://localhost:8001/auth/login,0,0,0
1776749040783,10000,POST /auth/login,Non HTTP response code: java.net.SocketTimeoutException,Non HTTP response message: Read timed out,Login Load Test 1-84,text,false,"Test failed: code expected to equal /

****** received  : [[[Non HTTP response code: java.net.SocketTimeoutException]]]

****** comparison: [[[200                                                    ]]]

/",2679,0,81,81,http://localhost:8001/auth/login,0,0,0
1776749040886,10002,POST /auth/login,Non HTTP response code: java.net.SocketTimeoutException,Non HTTP response message: Read timed out,Login Load Test 1-51,text,false,"Test failed: code expected to equal /

****** received  : [[[Non HTTP response code: java.net.SocketTimeoutException]]]

****** comparison: [[[200                                                    ]]]

/",2679,0,81,81,http://localhost:8001/auth/login,0,0,0
1776749041082,10000,POST /auth/login,Non HTTP response code: java.net.SocketTimeoutException,Non HTTP response message: Read timed out,Login Load Test 1-85,text,false,"Test failed: code expected to equal /

****** received  : [[[Non HTTP response code: java.net.SocketTimeoutException]]]

****** comparison: [[[200                                                    ]]]

/",2679,0,81,81,http://localhost:8001/auth/login,0,0,0
1776749041185,10001,POST /auth/login,Non HTTP response code: java.net.SocketTimeoutException,Non HTTP response message: Read timed out,Login Load Test 1-52,text,false,"Test failed: code expected to equal /

****** received  : [[[Non HTTP response code: java.net.SocketTimeoutException]]]

****** comparison: [[[200                                                    ]]]

/",2679,0,81,81,http://localhost:8001/auth/login,0,0,0
1776749041384,10001,POST /auth/login,Non HTTP response code: java.net.SocketTimeoutException,Non HTTP response message: Read timed out,Login Load Test 1-86,text,false,"Test failed: code expected to equal /

****** received  : [[[Non HTTP response code: java.net.SocketTimeoutException]]]

****** comparison: [[[200                                                    ]]]

/",2679,0,81,81,http://localhost:8001/auth/login,0,0,0
1776749041481,10002,POST /auth/login,Non HTTP response code: java.net.SocketTimeoutException,Non HTTP response message: Read timed out,Login Load Test 1-53,text,false,"Test failed: code expected to equal /

****** received  : [[[Non HTTP response code: java.net.SocketTimeoutException]]]

****** comparison: [[[200                                                    ]]]

/",2679,0,81,81,http://localhost:8001/auth/login,0,0,1
1776749041588,10002,POST /auth/login,Non HTTP response code: java.net.SocketTimeoutException,Non HTTP response message: Read timed out,Login Load Test 1-20,text,false,"Test failed: code expected to equal /

****** received  : [[[Non HTTP response code: java.net.SocketTimeoutException]]]

****** comparison: [[[200                                                    ]]]

/",2679,0,81,81,http://localhost:8001/auth/login,0,0,1
1776749041684,10002,POST /auth/login,Non HTTP response code: java.net.SocketTimeoutException,Non HTTP response message: Read timed out,Login Load Test 1-87,text,false,"Test failed: code expected to equal /

****** received  : [[[Non HTTP response code: java.net.SocketTimeoutException]]]

****** comparison: [[[200                                                    ]]]

/",2679,0,80,80,http://localhost:8001/auth/login,0,0,0
1776749041785,10001,POST /auth/login,Non HTTP response code: java.net.SocketTimeoutException,Non HTTP response message: Read timed out,Login Load Test 1-54,text,false,"Test failed: code expected to equal /

****** received  : [[[Non HTTP response code: java.net.SocketTimeoutException]]]

****** comparison: [[[200                                                    ]]]

/",2679,0,80,80,http://localhost:8001/auth/login,0,0,1
1776749041884,10001,POST /auth/login,Non HTTP response code: java.net.SocketTimeoutException,Non HTTP response message: Read timed out,Login Load Test 1-21,text,false,"Test failed: code expected to equal /

****** received  : [[[Non HTTP response code: java.net.SocketTimeoutException]]]

****** comparison: [[[200                                                    ]]]

/",2679,0,80,80,http://localhost:8001/auth/login,0,0,0
1776749041978,10001,POST /auth/login,Non HTTP response code: java.net.SocketTimeoutException,Non HTTP response message: Read timed out,Login Load Test 1-88,text,false,"Test failed: code expected to equal /

****** received  : [[[Non HTTP response code: java.net.SocketTimeoutException]]]

****** comparison: [[[200                                                    ]]]

/",2679,0,79,79,http://localhost:8001/auth/login,0,0,0
1776749042082,10002,POST /auth/login,Non HTTP response code: java.net.SocketTimeoutException,Non HTTP response message: Read timed out,Login Load Test 1-55,text,false,"Test failed: code expected to equal /

****** received  : [[[Non HTTP response code: java.net.SocketTimeoutException]]]

****** comparison: [[[200                                                    ]]]

/",2679,0,79,79,http://localhost:8001/auth/login,0,0,1
1776749042188,10001,POST /auth/login,Non HTTP response code: java.net.SocketTimeoutException,Non HTTP response message: Read timed out,Login Load Test 1-22,text,false,"Test failed: code expected to equal /

****** received  : [[[Non HTTP response code: java.net.SocketTimeoutException]]]

****** comparison: [[[200                                                    ]]]

/",2679,0,79,79,http://localhost:8001/auth/login,0,0,0
1776749042283,10001,POST /auth/login,Non HTTP response code: java.net.SocketTimeoutException,Non HTTP response message: Read timed out,Login Load Test 1-89,text,false,"Test failed: code expected to equal /

****** received  : [[[Non HTTP response code: java.net.SocketTimeoutException]]]

****** comparison: [[[200                                                    ]]]

/",2679,0,78,78,http://localhost:8001/auth/login,0,0,0
1776749042384,10001,POST /auth/login,Non HTTP response code: java.net.SocketTimeoutException,Non HTTP response message: Read timed out,Login Load Test 1-56,text,false,"Test failed: code expected to equal /

****** received  : [[[Non HTTP response code: java.net.SocketTimeoutException]]]

****** comparison: [[[200                                                    ]]]

/",2679,0,78,78,http://localhost:8001/auth/login,0,0,0
1776749042485,10000,POST /auth/login,Non HTTP response code: java.net.SocketTimeoutException,Non HTTP response message: Read timed out,Login Load Test 1-23,text,false,"Test failed: code expected to equal /

****** received  : [[[Non HTTP response code: java.net.SocketTimeoutException]]]

****** comparison: [[[200                                                    ]]]

/",2679,0,78,78,http://localhost:8001/auth/login,0,0,0
1776749042583,10002,POST /auth/login,Non HTTP response code: java.net.SocketTimeoutException,Non HTTP response message: Read timed out,Login Load Test 1-90,text,false,"Test failed: code expected to equal /

****** received  : [[[Non HTTP response code: java.net.SocketTimeoutException]]]

****** comparison: [[[200                                                    ]]]

/",2679,0,77,77,http://localhost:8001/auth/login,0,0,0
1776749042683,10001,POST /auth/login,Non HTTP response code: java.net.SocketTimeoutException,Non HTTP response message: Read timed out,Login Load Test 1-57,text,false,"Test failed: code expected to equal /

****** received  : [[[Non HTTP response code: java.net.SocketTimeoutException]]]

****** comparison: [[[200                                                    ]]]

/",2679,0,77,77,http://localhost:8001/auth/login,0,0,0
1776749042790,10002,POST /auth/login,Non HTTP response code: java.net.SocketTimeoutException,Non HTTP response message: Read timed out,Login Load Test 1-24,text,false,"Test failed: code expected to equal /

****** received  : [[[Non HTTP response code: java.net.SocketTimeoutException]]]

****** comparison: [[[200                                                    ]]]

/",2679,0,77,77,http://localhost:8001/auth/login,0,0,0
1776749042882,10001,POST /auth/login,Non HTTP response code: java.net.SocketTimeoutException,Non HTTP response message: Read timed out,Login Load Test 1-91,text,false,"Test failed: code expected to equal /

****** received  : [[[Non HTTP response code: java.net.SocketTimeoutException]]]

****** comparison: [[[200                                                    ]]]

/",2679,0,76,76,http://localhost:8001/auth/login,0,0,0
1776749042982,10002,POST /auth/login,Non HTTP response code: java.net.SocketTimeoutException,Non HTTP response message: Read timed out,Login Load Test 1-58,text,false,"Test failed: code expected to equal /

****** received  : [[[Non HTTP response code: java.net.SocketTimeoutException]]]

****** comparison: [[[200                                                    ]]]

/",2679,0,76,76,http://localhost:8001/auth/login,0,0,1
1776749043087,10001,POST /auth/login,Non HTTP response code: java.net.SocketTimeoutException,Non HTTP response message: Read timed out,Login Load Test 1-25,text,false,"Test failed: code expected to equal /

****** received  : [[[Non HTTP response code: java.net.SocketTimeoutException]]]

****** comparison: [[[200                                                    ]]]

/",2679,0,76,76,http://localhost:8001/auth/login,0,0,0
1776749043181,10002,POST /auth/login,Non HTTP response code: java.net.SocketTimeoutException,Non HTTP response message: Read timed out,Login Load Test 1-92,text,false,"Test failed: code expected to equal /

****** received  : [[[Non HTTP response code: java.net.SocketTimeoutException]]]

****** comparison: [[[200                                                    ]]]

/",2679,0,75,75,http://localhost:8001/auth/login,0,0,1
1776749043281,10001,POST /auth/login,Non HTTP response code: java.net.SocketTimeoutException,Non HTTP response message: Read timed out,Login Load Test 1-59,text,false,"Test failed: code expected to equal /

****** received  : [[[Non HTTP response code: java.net.SocketTimeoutException]]]

****** comparison: [[[200                                                    ]]]

/",2679,0,75,75,http://localhost:8001/auth/login,0,0,0
1776749043386,10001,POST /auth/login,Non HTTP response code: java.net.SocketTimeoutException,Non HTTP response message: Read timed out,Login Load Test 1-26,text,false,"Test failed: code expected to equal /

****** received  : [[[Non HTTP response code: java.net.SocketTimeoutException]]]

****** comparison: [[[200                                                    ]]]

/",2679,0,75,75,http://localhost:8001/auth/login,0,0,0
1776749043482,10001,POST /auth/login,Non HTTP response code: java.net.SocketTimeoutException,Non HTTP response message: Read timed out,Login Load Test 1-93,text,false,"Test failed: code expected to equal /

****** received  : [[[Non HTTP response code: java.net.SocketTimeoutException]]]

****** comparison: [[[200                                                    ]]]

/",2679,0,74,74,http://localhost:8001/auth/login,0,0,0
1776749043583,10002,POST /auth/login,Non HTTP response code: java.net.SocketTimeoutException,Non HTTP response message: Read timed out,Login Load Test 1-60,text,false,"Test failed: code expected to equal /

****** received  : [[[Non HTTP response code: java.net.SocketTimeoutException]]]

****** comparison: [[[200                                                    ]]]

/",2679,0,74,74,http://localhost:8001/auth/login,0,0,1
1776749043687,10001,POST /auth/login,Non HTTP response code: java.net.SocketTimeoutException,Non HTTP response message: Read timed out,Login Load Test 1-27,text,false,"Test failed: code expected to equal /

****** received  : [[[Non HTTP response code: java.net.SocketTimeoutException]]]

****** comparison: [[[200                                                    ]]]

/",2679,0,74,74,http://localhost:8001/auth/login,0,0,0
1776749043782,10001,POST /auth/login,Non HTTP response code: java.net.SocketTimeoutException,Non HTTP response message: Read timed out,Login Load Test 1-94,text,false,"Test failed: code expected to equal /

****** received  : [[[Non HTTP response code: java.net.SocketTimeoutException]]]

****** comparison: [[[200                                                    ]]]

/",2679,0,73,73,http://localhost:8001/auth/login,0,0,0
1776749043882,10001,POST /auth/login,Non HTTP response code: java.net.SocketTimeoutException,Non HTTP response message: Read timed out,Login Load Test 1-61,text,false,"Test failed: code expected to equal /

****** received  : [[[Non HTTP response code: java.net.SocketTimeoutException]]]

****** comparison: [[[200                                                    ]]]

/",2679,0,73,73,http://localhost:8001/auth/login,0,0,0
1776749043986,10002,POST /auth/login,Non HTTP response code: java.net.SocketTimeoutException,Non HTTP response message: Read timed out,Login Load Test 1-28,text,false,"Test failed: code expected to equal /

****** received  : [[[Non HTTP response code: java.net.SocketTimeoutException]]]

****** comparison: [[[200                                                    ]]]

/",2679,0,73,73,http://localhost:8001/auth/login,0,0,1
1776749044079,10000,POST /auth/login,Non HTTP response code: java.net.SocketTimeoutException,Non HTTP response message: Read timed out,Login Load Test 1-95,text,false,"Test failed: code expected to equal /

****** received  : [[[Non HTTP response code: java.net.SocketTimeoutException]]]

****** comparison: [[[200                                                    ]]]

/",2679,0,72,72,http://localhost:8001/auth/login,0,0,0
1776749044185,10002,POST /auth/login,Non HTTP response code: java.net.SocketTimeoutException,Non HTTP response message: Read timed out,Login Load Test 1-62,text,false,"Test failed: code expected to equal /

****** received  : [[[Non HTTP response code: java.net.SocketTimeoutException]]]

****** comparison: [[[200                                                    ]]]

/",2679,0,72,72,http://localhost:8001/auth/login,0,0,0
1776749044286,10001,POST /auth/login,Non HTTP response code: java.net.SocketTimeoutException,Non HTTP response message: Read timed out,Login Load Test 1-29,text,false,"Test failed: code expected to equal /

****** received  : [[[Non HTTP response code: java.net.SocketTimeoutException]]]

****** comparison: [[[200                                                    ]]]

/",2679,0,72,72,http://localhost:8001/auth/login,0,0,1
1776749044382,10001,POST /auth/login,Non HTTP response code: java.net.SocketTimeoutException,Non HTTP response message: Read timed out,Login Load Test 1-96,text,false,"Test failed: code expected to equal /

****** received  : [[[Non HTTP response code: java.net.SocketTimeoutException]]]

****** comparison: [[[200                                                    ]]]

/",2679,0,71,71,http://localhost:8001/auth/login,0,0,1
1776749044484,10001,POST /auth/login,Non HTTP response code: java.net.SocketTimeoutException,Non HTTP response message: Read timed out,Login Load Test 1-63,text,false,"Test failed: code expected to equal /

****** received  : [[[Non HTTP response code: java.net.SocketTimeoutException]]]

****** comparison: [[[200                                                    ]]]

/",2679,0,71,71,http://localhost:8001/auth/login,0,0,0
1776749044585,10001,POST /auth/login,Non HTTP response code: java.net.SocketTimeoutException,Non HTTP response message: Read timed out,Login Load Test 1-30,text,false,"Test failed: code expected to equal /

****** received  : [[[Non HTTP response code: java.net.SocketTimeoutException]]]

****** comparison: [[[200                                                    ]]]

/",2679,0,71,71,http://localhost:8001/auth/login,0,0,0
1776749044680,10002,POST /auth/login,Non HTTP response code: java.net.SocketTimeoutException,Non HTTP response message: Read timed out,Login Load Test 1-97,text,false,"Test failed: code expected to equal /

****** received  : [[[Non HTTP response code: java.net.SocketTimeoutException]]]

****** comparison: [[[200                                                    ]]]

/",2679,0,70,70,http://localhost:8001/auth/login,0,0,1
1776749044785,10001,POST /auth/login,Non HTTP response code: java.net.SocketTimeoutException,Non HTTP response message: Read timed out,Login Load Test 1-64,text,false,"Test failed: code expected to equal /

****** received  : [[[Non HTTP response code: java.net.SocketTimeoutException]]]

****** comparison: [[[200                                                    ]]]

/",2679,0,70,70,http://localhost:8001/auth/login,0,0,0
1776749044883,10002,POST /auth/login,Non HTTP response code: java.net.SocketTimeoutException,Non HTTP response message: Read timed out,Login Load Test 1-31,text,false,"Test failed: code expected to equal /

****** received  : [[[Non HTTP response code: java.net.SocketTimeoutException]]]

****** comparison: [[[200                                                    ]]]

/",2679,0,70,70,http://localhost:8001/auth/login,0,0,1
1776749044980,10002,POST /auth/login,Non HTTP response code: java.net.SocketTimeoutException,Non HTTP response message: Read timed out,Login Load Test 1-98,text,false,"Test failed: code expected to equal /

****** received  : [[[Non HTTP response code: java.net.SocketTimeoutException]]]

****** comparison: [[[200                                                    ]]]

/",2679,0,69,69,http://localhost:8001/auth/login,0,0,0
1776749045083,10002,POST /auth/login,Non HTTP response code: java.net.SocketTimeoutException,Non HTTP response message: Read timed out,Login Load Test 1-65,text,false,"Test failed: code expected to equal /

****** received  : [[[Non HTTP response code: java.net.SocketTimeoutException]]]

****** comparison: [[[200                                                    ]]]

/",2679,0,69,69,http://localhost:8001/auth/login,0,0,0
1776749045187,10001,POST /auth/login,Non HTTP response code: java.net.SocketTimeoutException,Non HTTP response message: Read timed out,Login Load Test 1-32,text,false,"Test failed: code expected to equal /

****** received  : [[[Non HTTP response code: java.net.SocketTimeoutException]]]

****** comparison: [[[200                                                    ]]]

/",2679,0,69,69,http://localhost:8001/auth/login,0,0,0
1776749045281,10001,POST /auth/login,Non HTTP response code: java.net.SocketTimeoutException,Non HTTP response message: Read timed out,Login Load Test 1-99,text,false,"Test failed: code expected to equal /

****** received  : [[[Non HTTP response code: java.net.SocketTimeoutException]]]

****** comparison: [[[200                                                    ]]]

/",2679,0,68,68,http://localhost:8001/auth/login,0,0,0
1776749045384,10002,POST /auth/login,Non HTTP response code: java.net.SocketTimeoutException,Non HTTP response message: Read timed out,Login Load Test 1-66,text,false,"Test failed: code expected to equal /

****** received  : [[[Non HTTP response code: java.net.SocketTimeoutException]]]

****** comparison: [[[200                                                    ]]]

/",2679,0,68,68,http://localhost:8001/auth/login,0,0,1
1776749045487,10002,POST /auth/login,Non HTTP response code: java.net.SocketTimeoutException,Non HTTP response message: Read timed out,Login Load Test 1-33,text,false,"Test failed: code expected to equal /

****** received  : [[[Non HTTP response code: java.net.SocketTimeoutException]]]

****** comparison: [[[200                                                    ]]]

/",2679,0,68,68,http://localhost:8001/auth/login,0,0,1
1776749045580,10002,POST /auth/login,Non HTTP response code: java.net.SocketTimeoutException,Non HTTP response message: Read timed out,Login Load Test 1-100,text,false,"Test failed: code expected to equal /

****** received  : [[[Non HTTP response code: java.net.SocketTimeoutException]]]

****** comparison: [[[200                                                    ]]]

/",2679,0,67,67,http://localhost:8001/auth/login,0,0,0
1776749045680,10002,POST /auth/login,Non HTTP response code: java.net.SocketTimeoutException,Non HTTP response message: Read timed out,Login Load Test 1-67,text,false,"Test failed: code expected to equal /

****** received  : [[[Non HTTP response code: java.net.SocketTimeoutException]]]

****** comparison: [[[200                                                    ]]]

/",2679,0,67,67,http://localhost:8001/auth/login,0,0,1
1776749045784,10001,POST /auth/login,Non HTTP response code: java.net.SocketTimeoutException,Non HTTP response message: Read timed out,Login Load Test 1-34,text,false,"Test failed: code expected to equal /

****** received  : [[[Non HTTP response code: java.net.SocketTimeoutException]]]

****** comparison: [[[200                                                    ]]]

/",2679,0,67,67,http://localhost:8001/auth/login,0,0,0
1776749045983,10001,POST /auth/login,Non HTTP response code: java.net.SocketTimeoutException,Non HTTP response message: Read timed out,Login Load Test 1-68,text,false,"Test failed: code expected to equal /

****** received  : [[[Non HTTP response code: java.net.SocketTimeoutException]]]

****** comparison: [[[200                                                    ]]]

/",2679,0,66,66,http://localhost:8001/auth/login,0,0,0
1776749046081,10002,POST /auth/login,Non HTTP response code: java.net.SocketTimeoutException,Non HTTP response message: Read timed out,Login Load Test 1-35,text,false,"Test failed: code expected to equal /

****** received  : [[[Non HTTP response code: java.net.SocketTimeoutException]]]

****** comparison: [[[200                                                    ]]]

/",2679,0,66,66,http://localhost:8001/auth/login,0,0,1
1776749046282,10001,POST /auth/login,Non HTTP response code: java.net.SocketTimeoutException,Non HTTP response message: Read timed out,Login Load Test 1-69,text,false,"Test failed: code expected to equal /

****** received  : [[[Non HTTP response code: java.net.SocketTimeoutException]]]

****** comparison: [[[200                                                    ]]]

/",2679,0,65,65,http://localhost:8001/auth/login,0,0,1
1776749046385,10002,POST /auth/login,Non HTTP response code: java.net.SocketTimeoutException,Non HTTP response message: Read timed out,Login Load Test 1-36,text,false,"Test failed: code expected to equal /

****** received  : [[[Non HTTP response code: java.net.SocketTimeoutException]]]

****** comparison: [[[200                                                    ]]]

/",2679,0,65,65,http://localhost:8001/auth/login,0,0,1
1776749046588,10002,POST /auth/login,Non HTTP response code: java.net.SocketTimeoutException,Non HTTP response message: Read timed out,Login Load Test 1-70,text,false,"Test failed: code expected to equal /

****** received  : [[[Non HTTP response code: java.net.SocketTimeoutException]]]

****** comparison: [[[200                                                    ]]]

/",2679,0,64,64,http://localhost:8001/auth/login,0,0,1
1776749046686,10002,POST /auth/login,Non HTTP response code: java.net.SocketTimeoutException,Non HTTP response message: Read timed out,Login Load Test 1-37,text,false,"Test failed: code expected to equal /

****** received  : [[[Non HTTP response code: java.net.SocketTimeoutException]]]

****** comparison: [[[200                                                    ]]]

/",2679,0,64,64,http://localhost:8001/auth/login,0,0,1
1776749046880,10001,POST /auth/login,Non HTTP response code: java.net.SocketTimeoutException,Non HTTP response message: Read timed out,Login Load Test 1-71,text,false,"Test failed: code expected to equal /

****** received  : [[[Non HTTP response code: java.net.SocketTimeoutException]]]

****** comparison: [[[200                                                    ]]]

/",2679,0,63,63,http://localhost:8001/auth/login,0,0,0
1776749046986,10001,POST /auth/login,Non HTTP response code: java.net.SocketTimeoutException,Non HTTP response message: Read timed out,Login Load Test 1-38,text,false,"Test failed: code expected to equal /

****** received  : [[[Non HTTP response code: java.net.SocketTimeoutException]]]

****** comparison: [[[200                                                    ]]]

/",2679,0,63,63,http://localhost:8001/auth/login,0,0,0
1776749047180,10001,POST /auth/login,Non HTTP response code: java.net.SocketTimeoutException,Non HTTP response message: Read timed out,Login Load Test 1-72,text,false,"Test failed: code expected to equal /

****** received  : [[[Non HTTP response code: java.net.SocketTimeoutException]]]

****** comparison: [[[200                                                    ]]]

/",2679,0,62,62,http://localhost:8001/auth/login,0,0,0
1776749047287,10002,POST /auth/login,Non HTTP response code: java.net.SocketTimeoutException,Non HTTP response message: Read timed out,Login Load Test 1-39,text,false,"Test failed: code expected to equal /

****** received  : [[[Non HTTP response code: java.net.SocketTimeoutException]]]

****** comparison: [[[200                                                    ]]]

/",2679,0,62,62,http://localhost:8001/auth/login,0,0,1
1776749047480,10002,POST /auth/login,Non HTTP response code: java.net.SocketTimeoutException,Non HTTP response message: Read timed out,Login Load Test 1-73,text,false,"Test failed: code expected to equal /

****** received  : [[[Non HTTP response code: java.net.SocketTimeoutException]]]

****** comparison: [[[200                                                    ]]]

/",2679,0,61,61,http://localhost:8001/auth/login,0,0,0
1776749047589,10002,POST /auth/login,Non HTTP response code: java.net.SocketTimeoutException,Non HTTP response message: Read timed out,Login Load Test 1-40,text,false,"Test failed: code expected to equal /

****** received  : [[[Non HTTP response code: java.net.SocketTimeoutException]]]

****** comparison: [[[200                                                    ]]]

/",2679,0,61,61,http://localhost:8001/auth/login,0,0,1
1776749047786,10002,POST /auth/login,Non HTTP response code: java.net.SocketTimeoutException,Non HTTP response message: Read timed out,Login Load Test 1-74,text,false,"Test failed: code expected to equal /

****** received  : [[[Non HTTP response code: java.net.SocketTimeoutException]]]

****** comparison: [[[200                                                    ]]]

/",2679,0,60,60,http://localhost:8001/auth/login,0,0,0
1776749047886,10001,POST /auth/login,Non HTTP response code: java.net.SocketTimeoutException,Non HTTP response message: Read timed out,Login Load Test 1-41,text,false,"Test failed: code expected to equal /

****** received  : [[[Non HTTP response code: java.net.SocketTimeoutException]]]

****** comparison: [[[200                                                    ]]]

/",2679,0,60,60,http://localhost:8001/auth/login,0,0,0
1776749048084,10002,POST /auth/login,Non HTTP response code: java.net.SocketTimeoutException,Non HTTP response message: Read timed out,Login Load Test 1-75,text,false,"Test failed: code expected to equal /

****** received  : [[[Non HTTP response code: java.net.SocketTimeoutException]]]

****** comparison: [[[200                                                    ]]]

/",2679,0,59,59,http://localhost:8001/auth/login,0,0,1
1776749048189,10002,POST /auth/login,Non HTTP response code: java.net.SocketTimeoutException,Non HTTP response message: Read timed out,Login Load Test 1-42,text,false,"Test failed: code expected to equal /

****** received  : [[[Non HTTP response code: java.net.SocketTimeoutException]]]

****** comparison: [[[200                                                    ]]]

/",2679,0,59,59,http://localhost:8001/auth/login,0,0,1
1776749048383,10002,POST /auth/login,Non HTTP response code: java.net.SocketTimeoutException,Non HTTP response message: Read timed out,Login Load Test 1-76,text,false,"Test failed: code expected to equal /

****** received  : [[[Non HTTP response code: java.net.SocketTimeoutException]]]

****** comparison: [[[200                                                    ]]]

/",2679,0,58,58,http://localhost:8001/auth/login,0,0,1
1776749048490,10001,POST /auth/login,Non HTTP response code: java.net.SocketTimeoutException,Non HTTP response message: Read timed out,Login Load Test 1-43,text,false,"Test failed: code expected to equal /

****** received  : [[[Non HTTP response code: java.net.SocketTimeoutException]]]

****** comparison: [[[200                                                    ]]]

/",2679,0,58,58,http://localhost:8001/auth/login,0,0,0
1776749048687,10001,POST /auth/login,Non HTTP response code: java.net.SocketTimeoutException,Non HTTP response message: Read timed out,Login Load Test 1-77,text,false,"Test failed: code expected to equal /

****** received  : [[[Non HTTP response code: java.net.SocketTimeoutException]]]

****** comparison: [[[200                                                    ]]]

/",2679,0,57,57,http://localhost:8001/auth/login,0,0,0
1776749048786,10002,POST /auth/login,Non HTTP response code: java.net.SocketTimeoutException,Non HTTP response message: Read timed out,Login Load Test 1-44,text,false,"Test failed: code expected to equal /

****** received  : [[[Non HTTP response code: java.net.SocketTimeoutException]]]

****** comparison: [[[200                                                    ]]]

/",2679,0,57,57,http://localhost:8001/auth/login,0,0,1
1776749048985,10002,POST /auth/login,Non HTTP response code: java.net.SocketTimeoutException,Non HTTP response message: Read timed out,Login Load Test 1-78,text,false,"Test failed: code expected to equal /

****** received  : [[[Non HTTP response code: java.net.SocketTimeoutException]]]

****** comparison: [[[200                                                    ]]]

/",2679,0,56,56,http://localhost:8001/auth/login,0,0,1
1776749049085,10002,POST /auth/login,Non HTTP response code: java.net.SocketTimeoutException,Non HTTP response message: Read timed out,Login Load Test 1-45,text,false,"Test failed: code expected to equal /

****** received  : [[[Non HTTP response code: java.net.SocketTimeoutException]]]

****** comparison: [[[200                                                    ]]]

/",2679,0,56,56,http://localhost:8001/auth/login,0,0,1
1776749049282,10002,POST /auth/login,Non HTTP response code: java.net.SocketTimeoutException,Non HTTP response message: Read timed out,Login Load Test 1-79,text,false,"Test failed: code expected to equal /

****** received  : [[[Non HTTP response code: java.net.SocketTimeoutException]]]

****** comparison: [[[200                                                    ]]]

/",2679,0,55,55,http://localhost:8001/auth/login,0,0,1
1776749049386,10002,POST /auth/login,Non HTTP response code: java.net.SocketTimeoutException,Non HTTP response message: Read timed out,Login Load Test 1-46,text,false,"Test failed: code expected to equal /

****** received  : [[[Non HTTP response code: java.net.SocketTimeoutException]]]

****** comparison: [[[200                                                    ]]]

/",2679,0,55,55,http://localhost:8001/auth/login,0,0,1
1776749049584,10003,POST /auth/login,Non HTTP response code: java.net.SocketTimeoutException,Non HTTP response message: Read timed out,Login Load Test 1-80,text,false,"Test failed: code expected to equal /

****** received  : [[[Non HTTP response code: java.net.SocketTimeoutException]]]

****** comparison: [[[200                                                    ]]]

/",2679,0,54,54,http://localhost:8001/auth/login,0,0,1
1776749049687,10002,POST /auth/login,Non HTTP response code: java.net.SocketTimeoutException,Non HTTP response message: Read timed out,Login Load Test 1-47,text,false,"Test failed: code expected to equal /

****** received  : [[[Non HTTP response code: java.net.SocketTimeoutException]]]

****** comparison: [[[200                                                    ]]]

/",2679,0,54,54,http://localhost:8001/auth/login,0,0,1
1776749049879,10002,POST /auth/login,Non HTTP response code: java.net.SocketTimeoutException,Non HTTP response message: Read timed out,Login Load Test 1-81,text,false,"Test failed: code expected to equal /

****** received  : [[[Non HTTP response code: java.net.SocketTimeoutException]]]

****** comparison: [[[200                                                    ]]]

/",2679,0,53,53,http://localhost:8001/auth/login,0,0,1
1776749049985,10002,POST /auth/login,Non HTTP response code: java.net.SocketTimeoutException,Non HTTP response message: Read timed out,Login Load Test 1-48,text,false,"Test failed: code expected to equal /

****** received  : [[[Non HTTP response code: java.net.SocketTimeoutException]]]

****** comparison: [[[200                                                    ]]]

/",2679,0,53,53,http://localhost:8001/auth/login,0,0,1
1776749050189,10002,POST /auth/login,Non HTTP response code: java.net.SocketTimeoutException,Non HTTP response message: Read timed out,Login Load Test 1-82,text,false,"Test failed: code expected to equal /

****** received  : [[[Non HTTP response code: java.net.SocketTimeoutException]]]

****** comparison: [[[200                                                    ]]]

/",2679,0,52,52,http://localhost:8001/auth/login,0,0,1
1776749050281,10001,POST /auth/login,Non HTTP response code: java.net.SocketTimeoutException,Non HTTP response message: Read timed out,Login Load Test 1-49,text,false,"Test failed: code expected to equal /

****** received  : [[[Non HTTP response code: java.net.SocketTimeoutException]]]

****** comparison: [[[200                                                    ]]]

/",2679,0,52,52,http://localhost:8001/auth/login,0,0,0
1776749050484,10001,POST /auth/login,Non HTTP response code: java.net.SocketTimeoutException,Non HTTP response message: Read timed out,Login Load Test 1-83,text,false,"Test failed: code expected to equal /

****** received  : [[[Non HTTP response code: java.net.SocketTimeoutException]]]

****** comparison: [[[200                                                    ]]]

/",2679,0,51,51,http://localhost:8001/auth/login,0,0,0
1776749050584,10002,POST /auth/login,Non HTTP response code: java.net.SocketTimeoutException,Non HTTP response message: Read timed out,Login Load Test 1-50,text,false,"Test failed: code expected to equal /

****** received  : [[[Non HTTP response code: java.net.SocketTimeoutException]]]

****** comparison: [[[200                                                    ]]]

/",2679,0,51,51,http://localhost:8001/auth/login,0,0,0
1776749050784,10001,POST /auth/login,Non HTTP response code: java.net.SocketTimeoutException,Non HTTP response message: Read timed out,Login Load Test 1-84,text,false,"Test failed: code expected to equal /

****** received  : [[[Non HTTP response code: java.net.SocketTimeoutException]]]

****** comparison: [[[200                                                    ]]]

/",2679,0,50,50,http://localhost:8001/auth/login,0,0,0
1776749050888,10001,POST /auth/login,Non HTTP response code: java.net.SocketTimeoutException,Non HTTP response message: Read timed out,Login Load Test 1-51,text,false,"Test failed: code expected to equal /

****** received  : [[[Non HTTP response code: java.net.SocketTimeoutException]]]

****** comparison: [[[200                                                    ]]]

/",2679,0,50,50,http://localhost:8001/auth/login,0,0,0
1776749051083,10001,POST /auth/login,Non HTTP response code: java.net.SocketTimeoutException,Non HTTP response message: Read timed out,Login Load Test 1-85,text,false,"Test failed: code expected to equal /

****** received  : [[[Non HTTP response code: java.net.SocketTimeoutException]]]

****** comparison: [[[200                                                    ]]]

/",2679,0,49,49,http://localhost:8001/auth/login,0,0,0
1776749051187,10001,POST /auth/login,Non HTTP response code: java.net.SocketTimeoutException,Non HTTP response message: Read timed out,Login Load Test 1-52,text,false,"Test failed: code expected to equal /

****** received  : [[[Non HTTP response code: java.net.SocketTimeoutException]]]

****** comparison: [[[200                                                    ]]]

/",2679,0,49,49,http://localhost:8001/auth/login,0,0,0
1776749051386,10002,POST /auth/login,Non HTTP response code: java.net.SocketTimeoutException,Non HTTP response message: Read timed out,Login Load Test 1-86,text,false,"Test failed: code expected to equal /

****** received  : [[[Non HTTP response code: java.net.SocketTimeoutException]]]

****** comparison: [[[200                                                    ]]]

/",2679,0,48,48,http://localhost:8001/auth/login,0,0,0
1776749051483,10002,POST /auth/login,Non HTTP response code: java.net.SocketTimeoutException,Non HTTP response message: Read timed out,Login Load Test 1-53,text,false,"Test failed: code expected to equal /

****** received  : [[[Non HTTP response code: java.net.SocketTimeoutException]]]

****** comparison: [[[200                                                    ]]]

/",2679,0,48,48,http://localhost:8001/auth/login,0,0,1
1776749051686,10002,POST /auth/login,Non HTTP response code: java.net.SocketTimeoutException,Non HTTP response message: Read timed out,Login Load Test 1-87,text,false,"Test failed: code expected to equal /

****** received  : [[[Non HTTP response code: java.net.SocketTimeoutException]]]

****** comparison: [[[200                                                    ]]]

/",2679,0,47,47,http://localhost:8001/auth/login,0,0,0
1776749051787,10002,POST /auth/login,Non HTTP response code: java.net.SocketTimeoutException,Non HTTP response message: Read timed out,Login Load Test 1-54,text,false,"Test failed: code expected to equal /

****** received  : [[[Non HTTP response code: java.net.SocketTimeoutException]]]

****** comparison: [[[200                                                    ]]]

/",2679,0,47,47,http://localhost:8001/auth/login,0,0,0
1776749051979,10002,POST /auth/login,Non HTTP response code: java.net.SocketTimeoutException,Non HTTP response message: Read timed out,Login Load Test 1-88,text,false,"Test failed: code expected to equal /

****** received  : [[[Non HTTP response code: java.net.SocketTimeoutException]]]

****** comparison: [[[200                                                    ]]]

/",2679,0,46,46,http://localhost:8001/auth/login,0,0,1
1776749052084,10002,POST /auth/login,Non HTTP response code: java.net.SocketTimeoutException,Non HTTP response message: Read timed out,Login Load Test 1-55,text,false,"Test failed: code expected to equal /

****** received  : [[[Non HTTP response code: java.net.SocketTimeoutException]]]

****** comparison: [[[200                                                    ]]]

/",2679,0,46,46,http://localhost:8001/auth/login,0,0,1
1776749052285,10002,POST /auth/login,Non HTTP response code: java.net.SocketTimeoutException,Non HTTP response message: Read timed out,Login Load Test 1-89,text,false,"Test failed: code expected to equal /

****** received  : [[[Non HTTP response code: java.net.SocketTimeoutException]]]

****** comparison: [[[200                                                    ]]]

/",2679,0,45,45,http://localhost:8001/auth/login,0,0,0
1776749052386,10001,POST /auth/login,Non HTTP response code: java.net.SocketTimeoutException,Non HTTP response message: Read timed out,Login Load Test 1-56,text,false,"Test failed: code expected to equal /

****** received  : [[[Non HTTP response code: java.net.SocketTimeoutException]]]

****** comparison: [[[200                                                    ]]]

/",2679,0,45,45,http://localhost:8001/auth/login,0,0,0
1776749052585,10002,POST /auth/login,Non HTTP response code: java.net.SocketTimeoutException,Non HTTP response message: Read timed out,Login Load Test 1-90,text,false,"Test failed: code expected to equal /

****** received  : [[[Non HTTP response code: java.net.SocketTimeoutException]]]

****** comparison: [[[200                                                    ]]]

/",2679,0,44,44,http://localhost:8001/auth/login,0,0,1
1776749052685,10002,POST /auth/login,Non HTTP response code: java.net.SocketTimeoutException,Non HTTP response message: Read timed out,Login Load Test 1-57,text,false,"Test failed: code expected to equal /

****** received  : [[[Non HTTP response code: java.net.SocketTimeoutException]]]

****** comparison: [[[200                                                    ]]]

/",2679,0,44,44,http://localhost:8001/auth/login,0,0,0
1776749052884,10001,POST /auth/login,Non HTTP response code: java.net.SocketTimeoutException,Non HTTP response message: Read timed out,Login Load Test 1-91,text,false,"Test failed: code expected to equal /

****** received  : [[[Non HTTP response code: java.net.SocketTimeoutException]]]

****** comparison: [[[200                                                    ]]]

/",2679,0,43,43,http://localhost:8001/auth/login,0,0,0
1776749052985,10001,POST /auth/login,Non HTTP response code: java.net.SocketTimeoutException,Non HTTP response message: Read timed out,Login Load Test 1-58,text,false,"Test failed: code expected to equal /

****** received  : [[[Non HTTP response code: java.net.SocketTimeoutException]]]

****** comparison: [[[200                                                    ]]]

/",2679,0,43,43,http://localhost:8001/auth/login,0,0,0
1776749053183,10002,POST /auth/login,Non HTTP response code: java.net.SocketTimeoutException,Non HTTP response message: Read timed out,Login Load Test 1-92,text,false,"Test failed: code expected to equal /

****** received  : [[[Non HTTP response code: java.net.SocketTimeoutException]]]

****** comparison: [[[200                                                    ]]]

/",2679,0,42,42,http://localhost:8001/auth/login,0,0,1
1776749053283,10001,POST /auth/login,Non HTTP response code: java.net.SocketTimeoutException,Non HTTP response message: Read timed out,Login Load Test 1-59,text,false,"Test failed: code expected to equal /

****** received  : [[[Non HTTP response code: java.net.SocketTimeoutException]]]

****** comparison: [[[200                                                    ]]]

/",2679,0,42,42,http://localhost:8001/auth/login,0,0,0
1776749053484,10001,POST /auth/login,Non HTTP response code: java.net.SocketTimeoutException,Non HTTP response message: Read timed out,Login Load Test 1-93,text,false,"Test failed: code expected to equal /

****** received  : [[[Non HTTP response code: java.net.SocketTimeoutException]]]

****** comparison: [[[200                                                    ]]]

/",2679,0,41,41,http://localhost:8001/auth/login,0,0,0
1776749053585,10002,POST /auth/login,Non HTTP response code: java.net.SocketTimeoutException,Non HTTP response message: Read timed out,Login Load Test 1-60,text,false,"Test failed: code expected to equal /

****** received  : [[[Non HTTP response code: java.net.SocketTimeoutException]]]

****** comparison: [[[200                                                    ]]]

/",2679,0,41,41,http://localhost:8001/auth/login,0,0,1
1776749053784,10001,POST /auth/login,Non HTTP response code: java.net.SocketTimeoutException,Non HTTP response message: Read timed out,Login Load Test 1-94,text,false,"Test failed: code expected to equal /

****** received  : [[[Non HTTP response code: java.net.SocketTimeoutException]]]

****** comparison: [[[200                                                    ]]]

/",2679,0,40,40,http://localhost:8001/auth/login,0,0,0
1776749053884,10001,POST /auth/login,Non HTTP response code: java.net.SocketTimeoutException,Non HTTP response message: Read timed out,Login Load Test 1-61,text,false,"Test failed: code expected to equal /

****** received  : [[[Non HTTP response code: java.net.SocketTimeoutException]]]

****** comparison: [[[200                                                    ]]]

/",2679,0,40,40,http://localhost:8001/auth/login,0,0,0
1776749054080,10002,POST /auth/login,Non HTTP response code: java.net.SocketTimeoutException,Non HTTP response message: Read timed out,Login Load Test 1-95,text,false,"Test failed: code expected to equal /

****** received  : [[[Non HTTP response code: java.net.SocketTimeoutException]]]

****** comparison: [[[200                                                    ]]]

/",2679,0,39,39,http://localhost:8001/auth/login,0,0,0
1776749054187,10001,POST /auth/login,Non HTTP response code: java.net.SocketTimeoutException,Non HTTP response message: Read timed out,Login Load Test 1-62,text,false,"Test failed: code expected to equal /

****** received  : [[[Non HTTP response code: java.net.SocketTimeoutException]]]

****** comparison: [[[200                                                    ]]]

/",2679,0,39,39,http://localhost:8001/auth/login,0,0,0
1776749054384,10002,POST /auth/login,Non HTTP response code: java.net.SocketTimeoutException,Non HTTP response message: Read timed out,Login Load Test 1-96,text,false,"Test failed: code expected to equal /

****** received  : [[[Non HTTP response code: java.net.SocketTimeoutException]]]

****** comparison: [[[200                                                    ]]]

/",2679,0,38,38,http://localhost:8001/auth/login,0,0,0
1776749054486,10001,POST /auth/login,Non HTTP response code: java.net.SocketTimeoutException,Non HTTP response message: Read timed out,Login Load Test 1-63,text,false,"Test failed: code expected to equal /

****** received  : [[[Non HTTP response code: java.net.SocketTimeoutException]]]

****** comparison: [[[200                                                    ]]]

/",2679,0,38,38,http://localhost:8001/auth/login,0,0,0
1776749054682,10002,POST /auth/login,Non HTTP response code: java.net.SocketTimeoutException,Non HTTP response message: Read timed out,Login Load Test 1-97,text,false,"Test failed: code expected to equal /

****** received  : [[[Non HTTP response code: java.net.SocketTimeoutException]]]

****** comparison: [[[200                                                    ]]]

/",2679,0,37,37,http://localhost:8001/auth/login,0,0,1
1776749054787,10001,POST /auth/login,Non HTTP response code: java.net.SocketTimeoutException,Non HTTP response message: Read timed out,Login Load Test 1-64,text,false,"Test failed: code expected to equal /

****** received  : [[[Non HTTP response code: java.net.SocketTimeoutException]]]

****** comparison: [[[200                                                    ]]]

/",2679,0,37,37,http://localhost:8001/auth/login,0,0,0
1776749054982,10001,POST /auth/login,Non HTTP response code: java.net.SocketTimeoutException,Non HTTP response message: Read timed out,Login Load Test 1-98,text,false,"Test failed: code expected to equal /

****** received  : [[[Non HTTP response code: java.net.SocketTimeoutException]]]

****** comparison: [[[200                                                    ]]]

/",2679,0,36,36,http://localhost:8001/auth/login,0,0,1
1776749055085,10001,POST /auth/login,Non HTTP response code: java.net.SocketTimeoutException,Non HTTP response message: Read timed out,Login Load Test 1-65,text,false,"Test failed: code expected to equal /

****** received  : [[[Non HTTP response code: java.net.SocketTimeoutException]]]

****** comparison: [[[200                                                    ]]]

/",2679,0,36,36,http://localhost:8001/auth/login,0,0,0
1776749055283,10001,POST /auth/login,Non HTTP response code: java.net.SocketTimeoutException,Non HTTP response message: Read timed out,Login Load Test 1-99,text,false,"Test failed: code expected to equal /

****** received  : [[[Non HTTP response code: java.net.SocketTimeoutException]]]

****** comparison: [[[200                                                    ]]]

/",2679,0,35,35,http://localhost:8001/auth/login,0,0,0
1776749055386,10002,POST /auth/login,Non HTTP response code: java.net.SocketTimeoutException,Non HTTP response message: Read timed out,Login Load Test 1-66,text,false,"Test failed: code expected to equal /

****** received  : [[[Non HTTP response code: java.net.SocketTimeoutException]]]

****** comparison: [[[200                                                    ]]]

/",2679,0,35,35,http://localhost:8001/auth/login,0,0,1
1776749055582,10002,POST /auth/login,Non HTTP response code: java.net.SocketTimeoutException,Non HTTP response message: Read timed out,Login Load Test 1-100,text,false,"Test failed: code expected to equal /

****** received  : [[[Non HTTP response code: java.net.SocketTimeoutException]]]

****** comparison: [[[200                                                    ]]]

/",2679,0,34,34,http://localhost:8001/auth/login,0,0,0
1776749055682,10002,POST /auth/login,Non HTTP response code: java.net.SocketTimeoutException,Non HTTP response message: Read timed out,Login Load Test 1-67,text,false,"Test failed: code expected to equal /

****** received  : [[[Non HTTP response code: java.net.SocketTimeoutException]]]

****** comparison: [[[200                                                    ]]]

/",2679,0,34,34,http://localhost:8001/auth/login,0,0,1
1776749055985,10002,POST /auth/login,Non HTTP response code: java.net.SocketTimeoutException,Non HTTP response message: Read timed out,Login Load Test 1-68,text,false,"Test failed: code expected to equal /

****** received  : [[[Non HTTP response code: java.net.SocketTimeoutException]]]

****** comparison: [[[200                                                    ]]]

/",2679,0,33,33,http://localhost:8001/auth/login,0,0,1
1776749056284,10001,POST /auth/login,Non HTTP response code: java.net.SocketTimeoutException,Non HTTP response message: Read timed out,Login Load Test 1-69,text,false,"Test failed: code expected to equal /

****** received  : [[[Non HTTP response code: java.net.SocketTimeoutException]]]

****** comparison: [[[200                                                    ]]]

/",2679,0,32,32,http://localhost:8001/auth/login,0,0,0
1776749056591,10002,POST /auth/login,Non HTTP response code: java.net.SocketTimeoutException,Non HTTP response message: Read timed out,Login Load Test 1-70,text,false,"Test failed: code expected to equal /

****** received  : [[[Non HTTP response code: java.net.SocketTimeoutException]]]

****** comparison: [[[200                                                    ]]]

/",2679,0,31,31,http://localhost:8001/auth/login,0,0,0
1776749056882,10002,POST /auth/login,Non HTTP response code: java.net.SocketTimeoutException,Non HTTP response message: Read timed out,Login Load Test 1-71,text,false,"Test failed: code expected to equal /

****** received  : [[[Non HTTP response code: java.net.SocketTimeoutException]]]

****** comparison: [[[200                                                    ]]]

/",2679,0,30,30,http://localhost:8001/auth/login,0,0,0
1776749057181,10002,POST /auth/login,Non HTTP response code: java.net.SocketTimeoutException,Non HTTP response message: Read timed out,Login Load Test 1-72,text,false,"Test failed: code expected to equal /

****** received  : [[[Non HTTP response code: java.net.SocketTimeoutException]]]

****** comparison: [[[200                                                    ]]]

/",2679,0,29,29,http://localhost:8001/auth/login,0,0,1
1776749057482,10002,POST /auth/login,Non HTTP response code: java.net.SocketTimeoutException,Non HTTP response message: Read timed out,Login Load Test 1-73,text,false,"Test failed: code expected to equal /

****** received  : [[[Non HTTP response code: java.net.SocketTimeoutException]]]

****** comparison: [[[200                                                    ]]]

/",2679,0,28,28,http://localhost:8001/auth/login,0,0,0
1776749057788,10002,POST /auth/login,Non HTTP response code: java.net.SocketTimeoutException,Non HTTP response message: Read timed out,Login Load Test 1-74,text,false,"Test failed: code expected to equal /

****** received  : [[[Non HTTP response code: java.net.SocketTimeoutException]]]

****** comparison: [[[200                                                    ]]]

/",2679,0,27,27,http://localhost:8001/auth/login,0,0,1
1776749058086,10002,POST /auth/login,Non HTTP response code: java.net.SocketTimeoutException,Non HTTP response message: Read timed out,Login Load Test 1-75,text,false,"Test failed: code expected to equal /

****** received  : [[[Non HTTP response code: java.net.SocketTimeoutException]]]

****** comparison: [[[200                                                    ]]]

/",2679,0,26,26,http://localhost:8001/auth/login,0,0,1
1776749058385,10002,POST /auth/login,Non HTTP response code: java.net.SocketTimeoutException,Non HTTP response message: Read timed out,Login Load Test 1-76,text,false,"Test failed: code expected to equal /

****** received  : [[[Non HTTP response code: java.net.SocketTimeoutException]]]

****** comparison: [[[200                                                    ]]]

/",2679,0,25,25,http://localhost:8001/auth/login,0,0,1
1776749058689,10002,POST /auth/login,Non HTTP response code: java.net.SocketTimeoutException,Non HTTP response message: Read timed out,Login Load Test 1-77,text,false,"Test failed: code expected to equal /

****** received  : [[[Non HTTP response code: java.net.SocketTimeoutException]]]

****** comparison: [[[200                                                    ]]]

/",2679,0,24,24,http://localhost:8001/auth/login,0,0,0
1776749058988,10001,POST /auth/login,Non HTTP response code: java.net.SocketTimeoutException,Non HTTP response message: Read timed out,Login Load Test 1-78,text,false,"Test failed: code expected to equal /

****** received  : [[[Non HTTP response code: java.net.SocketTimeoutException]]]

****** comparison: [[[200                                                    ]]]

/",2679,0,23,23,http://localhost:8001/auth/login,0,0,0
1776749059285,10002,POST /auth/login,Non HTTP response code: java.net.SocketTimeoutException,Non HTTP response message: Read timed out,Login Load Test 1-79,text,false,"Test failed: code expected to equal /

****** received  : [[[Non HTTP response code: java.net.SocketTimeoutException]]]

****** comparison: [[[200                                                    ]]]

/",2679,0,22,22,http://localhost:8001/auth/login,0,0,0
1776749059587,10002,POST /auth/login,Non HTTP response code: java.net.SocketTimeoutException,Non HTTP response message: Read timed out,Login Load Test 1-80,text,false,"Test failed: code expected to equal /

****** received  : [[[Non HTTP response code: java.net.SocketTimeoutException]]]

****** comparison: [[[200                                                    ]]]

/",2679,0,21,21,http://localhost:8001/auth/login,0,0,0
1776749059882,10001,POST /auth/login,Non HTTP response code: java.net.SocketTimeoutException,Non HTTP response message: Read timed out,Login Load Test 1-81,text,false,"Test failed: code expected to equal /

****** received  : [[[Non HTTP response code: java.net.SocketTimeoutException]]]

****** comparison: [[[200                                                    ]]]

/",2679,0,20,20,http://localhost:8001/auth/login,0,0,0
1776749060192,10001,POST /auth/login,Non HTTP response code: java.net.SocketTimeoutException,Non HTTP response message: Read timed out,Login Load Test 1-82,text,false,"Test failed: code expected to equal /

****** received  : [[[Non HTTP response code: java.net.SocketTimeoutException]]]

****** comparison: [[[200                                                    ]]]

/",2679,0,19,19,http://localhost:8001/auth/login,0,0,0
1776749060486,10002,POST /auth/login,Non HTTP response code: java.net.SocketTimeoutException,Non HTTP response message: Read timed out,Login Load Test 1-83,text,false,"Test failed: code expected to equal /

****** received  : [[[Non HTTP response code: java.net.SocketTimeoutException]]]

****** comparison: [[[200                                                    ]]]

/",2679,0,18,18,http://localhost:8001/auth/login,0,0,0
1776749060786,10002,POST /auth/login,Non HTTP response code: java.net.SocketTimeoutException,Non HTTP response message: Read timed out,Login Load Test 1-84,text,false,"Test failed: code expected to equal /

****** received  : [[[Non HTTP response code: java.net.SocketTimeoutException]]]

****** comparison: [[[200                                                    ]]]

/",2679,0,17,17,http://localhost:8001/auth/login,0,0,0
1776749061085,10002,POST /auth/login,Non HTTP response code: java.net.SocketTimeoutException,Non HTTP response message: Read timed out,Login Load Test 1-85,text,false,"Test failed: code expected to equal /

****** received  : [[[Non HTTP response code: java.net.SocketTimeoutException]]]

****** comparison: [[[200                                                    ]]]

/",2679,0,16,16,http://localhost:8001/auth/login,0,0,0
1776749061388,10001,POST /auth/login,Non HTTP response code: java.net.SocketTimeoutException,Non HTTP response message: Read timed out,Login Load Test 1-86,text,false,"Test failed: code expected to equal /

****** received  : [[[Non HTTP response code: java.net.SocketTimeoutException]]]

****** comparison: [[[200                                                    ]]]

/",2679,0,15,15,http://localhost:8001/auth/login,0,0,0
1776749061688,10002,POST /auth/login,Non HTTP response code: java.net.SocketTimeoutException,Non HTTP response message: Read timed out,Login Load Test 1-87,text,false,"Test failed: code expected to equal /

****** received  : [[[Non HTTP response code: java.net.SocketTimeoutException]]]

****** comparison: [[[200                                                    ]]]

/",2679,0,14,14,http://localhost:8001/auth/login,0,0,1
1776749061981,10002,POST /auth/login,Non HTTP response code: java.net.SocketTimeoutException,Non HTTP response message: Read timed out,Login Load Test 1-88,text,false,"Test failed: code expected to equal /

****** received  : [[[Non HTTP response code: java.net.SocketTimeoutException]]]

****** comparison: [[[200                                                    ]]]

/",2679,0,13,13,http://localhost:8001/auth/login,0,0,1
1776749062287,10002,POST /auth/login,Non HTTP response code: java.net.SocketTimeoutException,Non HTTP response message: Read timed out,Login Load Test 1-89,text,false,"Test failed: code expected to equal /

****** received  : [[[Non HTTP response code: java.net.SocketTimeoutException]]]

****** comparison: [[[200                                                    ]]]

/",2679,0,12,12,http://localhost:8001/auth/login,0,0,0
1776749062587,10002,POST /auth/login,Non HTTP response code: java.net.SocketTimeoutException,Non HTTP response message: Read timed out,Login Load Test 1-90,text,false,"Test failed: code expected to equal /

****** received  : [[[Non HTTP response code: java.net.SocketTimeoutException]]]

****** comparison: [[[200                                                    ]]]

/",2679,0,11,11,http://localhost:8001/auth/login,0,0,0
1776749062885,10002,POST /auth/login,Non HTTP response code: java.net.SocketTimeoutException,Non HTTP response message: Read timed out,Login Load Test 1-91,text,false,"Test failed: code expected to equal /

****** received  : [[[Non HTTP response code: java.net.SocketTimeoutException]]]

****** comparison: [[[200                                                    ]]]

/",2679,0,10,10,http://localhost:8001/auth/login,0,0,1
1776749063185,10002,POST /auth/login,Non HTTP response code: java.net.SocketTimeoutException,Non HTTP response message: Read timed out,Login Load Test 1-92,text,false,"Test failed: code expected to equal /

****** received  : [[[Non HTTP response code: java.net.SocketTimeoutException]]]

****** comparison: [[[200                                                    ]]]

/",2679,0,9,9,http://localhost:8001/auth/login,0,0,1
1776749063486,10001,POST /auth/login,Non HTTP response code: java.net.SocketTimeoutException,Non HTTP response message: Read timed out,Login Load Test 1-93,text,false,"Test failed: code expected to equal /

****** received  : [[[Non HTTP response code: java.net.SocketTimeoutException]]]

****** comparison: [[[200                                                    ]]]

/",2679,0,8,8,http://localhost:8001/auth/login,0,0,0
1776749063786,10001,POST /auth/login,Non HTTP response code: java.net.SocketTimeoutException,Non HTTP response message: Read timed out,Login Load Test 1-94,text,false,"Test failed: code expected to equal /

****** received  : [[[Non HTTP response code: java.net.SocketTimeoutException]]]

****** comparison: [[[200                                                    ]]]

/",2679,0,7,7,http://localhost:8001/auth/login,0,0,0
1776749064082,10002,POST /auth/login,Non HTTP response code: java.net.SocketTimeoutException,Non HTTP response message: Read timed out,Login Load Test 1-95,text,false,"Test failed: code expected to equal /

****** received  : [[[Non HTTP response code: java.net.SocketTimeoutException]]]

****** comparison: [[[200                                                    ]]]

/",2679,0,6,6,http://localhost:8001/auth/login,0,0,1
1776749064386,10001,POST /auth/login,Non HTTP response code: java.net.SocketTimeoutException,Non HTTP response message: Read timed out,Login Load Test 1-96,text,false,"Test failed: code expected to equal /

****** received  : [[[Non HTTP response code: java.net.SocketTimeoutException]]]

****** comparison: [[[200                                                    ]]]

/",2679,0,5,5,http://localhost:8001/auth/login,0,0,0
1776749064684,10002,POST /auth/login,Non HTTP response code: java.net.SocketTimeoutException,Non HTTP response message: Read timed out,Login Load Test 1-97,text,false,"Test failed: code expected to equal /

****** received  : [[[Non HTTP response code: java.net.SocketTimeoutException]]]

****** comparison: [[[200                                                    ]]]

/",2679,0,4,4,http://localhost:8001/auth/login,0,0,1
1776749064984,10001,POST /auth/login,Non HTTP response code: java.net.SocketTimeoutException,Non HTTP response message: Read timed out,Login Load Test 1-98,text,false,"Test failed: code expected to equal /

****** received  : [[[Non HTTP response code: java.net.SocketTimeoutException]]]

****** comparison: [[[200                                                    ]]]

/",2679,0,3,3,http://localhost:8001/auth/login,0,0,0
1776749065285,10001,POST /auth/login,Non HTTP response code: java.net.SocketTimeoutException,Non HTTP response message: Read timed out,Login Load Test 1-99,text,false,"Test failed: code expected to equal /

****** received  : [[[Non HTTP response code: java.net.SocketTimeoutException]]]

****** comparison: [[[200                                                    ]]]

/",2679,0,2,2,http://localhost:8001/auth/login,0,0,0
1776749065584,10001,POST /auth/login,Non HTTP response code: java.net.SocketTimeoutException,Non HTTP response message: Read timed out,Login Load Test 1-100,text,false,"Test failed: code expected to equal /

****** received  : [[[Non HTTP response code: java.net.SocketTimeoutException]]]

****** comparison: [[[200                                                    ]]]

/",2679,0,1,1,http://localhost:8001/auth/login,0,0,0
