timeStamp,elapsed,label,responseCode,responseMessage,threadName,dataType,success,failureMessage,bytes,sentBytes,grpThreads,allThreads,URL,Latency,IdleTime,Connect
1777162210300,25,GET /restaurants?q=ramen,200,OK,Restaurant Search Load Test 2-1,text,true,,587,137,1,3,http://localhost:8002/restaurants/?q=ramen,23,0,9
1777162210326,2,GET /restaurants?q=ramen,200,OK,Restaurant Search Load Test 2-1,text,true,,587,137,1,3,http://localhost:8002/restaurants/?q=ramen,2,0,0
1777162210328,1,GET /restaurants?q=ramen,200,OK,Restaurant Search Load Test 2-1,text,true,,587,137,1,3,http://localhost:8002/restaurants/?q=ramen,1,0,0
1777162210329,1,GET /restaurants?q=ramen,200,OK,Restaurant Search Load Test 2-1,text,true,,587,137,1,3,http://localhost:8002/restaurants/?q=ramen,1,0,0
1777162210330,1,GET /restaurants?q=ramen,200,OK,Restaurant Search Load Test 2-1,text,true,,587,137,1,3,http://localhost:8002/restaurants/?q=ramen,1,0,0
1777162210331,1,GET /restaurants?q=ramen,200,OK,Restaurant Search Load Test 2-1,text,true,,587,137,1,3,http://localhost:8002/restaurants/?q=ramen,1,0,0
1777162210332,1,GET /restaurants?q=ramen,200,OK,Restaurant Search Load Test 2-1,text,true,,587,137,1,3,http://localhost:8002/restaurants/?q=ramen,1,0,0
1777162210334,1,GET /restaurants?q=ramen,200,OK,Restaurant Search Load Test 2-1,text,true,,587,137,1,3,http://localhost:8002/restaurants/?q=ramen,1,0,0
1777162210335,1,GET /restaurants?q=ramen,200,OK,Restaurant Search Load Test 2-1,text,true,,587,137,1,3,http://localhost:8002/restaurants/?q=ramen,1,0,0
1777162210336,1,GET /restaurants?q=ramen,200,OK,Restaurant Search Load Test 2-1,text,true,,587,137,1,3,http://localhost:8002/restaurants/?q=ramen,1,0,0
1777162210574,2,GET /restaurants?q=ramen,200,OK,Restaurant Search Load Test 2-2,text,true,,587,137,1,4,http://localhost:8002/restaurants/?q=ramen,2,0,0
1777162210576,2,GET /restaurants?q=ramen,200,OK,Restaurant Search Load Test 2-2,text,true,,587,137,1,4,http://localhost:8002/restaurants/?q=ramen,2,0,0
1777162210578,1,GET /restaurants?q=ramen,200,OK,Restaurant Search Load Test 2-2,text,true,,587,137,1,4,http://localhost:8002/restaurants/?q=ramen,1,0,0
1777162210579,2,GET /restaurants?q=ramen,200,OK,Restaurant Search Load Test 2-2,text,true,,587,137,1,4,http://localhost:8002/restaurants/?q=ramen,2,0,0
1777162210581,1,GET /restaurants?q=ramen,200,OK,Restaurant Search Load Test 2-2,text,true,,587,137,1,4,http://localhost:8002/restaurants/?q=ramen,1,0,0
1777162210582,1,GET /restaurants?q=ramen,200,OK,Restaurant Search Load Test 2-2,text,true,,587,137,1,5,http://localhost:8002/restaurants/?q=ramen,1,0,0
1777162210583,2,GET /restaurants?q=ramen,200,OK,Restaurant Search Load Test 2-2,text,true,,587,137,1,5,http://localhost:8002/restaurants/?q=ramen,2,0,0
1777162210585,1,GET /restaurants?q=ramen,200,OK,Restaurant Search Load Test 2-2,text,true,,587,137,1,5,http://localhost:8002/restaurants/?q=ramen,1,0,0
1777162210586,1,GET /restaurants?q=ramen,200,OK,Restaurant Search Load Test 2-2,text,true,,587,137,1,5,http://localhost:8002/restaurants/?q=ramen,1,0,0
1777162210587,2,GET /restaurants?q=ramen,200,OK,Restaurant Search Load Test 2-2,text,true,,587,137,1,5,http://localhost:8002/restaurants/?q=ramen,2,0,0
1777162210300,345,Login for Token,200,OK,Review Submission Load Test 3-1,text,true,,316,243,2,4,http://localhost:8001/auth/login,345,0,9
1777162210300,345,POST /auth/login,200,OK,Login Load Test 1-1,text,true,,316,243,2,4,http://localhost:8001/auth/login,345,0,9
1777162210647,42,POST /reviews/,201,Created,Review Submission Load Test 3-1,text,true,,380,440,2,4,http://localhost:8004/reviews/,42,0,0
1777162210879,1,GET /restaurants?q=ramen,200,OK,Restaurant Search Load Test 2-3,text,true,,587,137,1,6,http://localhost:8002/restaurants/?q=ramen,1,0,0
1777162210881,1,GET /restaurants?q=ramen,200,OK,Restaurant Search Load Test 2-3,text,true,,587,137,1,6,http://localhost:8002/restaurants/?q=ramen,1,0,0
1777162210882,1,GET /restaurants?q=ramen,200,OK,Restaurant Search Load Test 2-3,text,true,,587,137,1,6,http://localhost:8002/restaurants/?q=ramen,1,0,0
1777162210883,1,GET /restaurants?q=ramen,200,OK,Restaurant Search Load Test 2-3,text,true,,587,137,1,6,http://localhost:8002/restaurants/?q=ramen,1,0,0
1777162210884,1,GET /restaurants?q=ramen,200,OK,Restaurant Search Load Test 2-3,text,true,,587,137,1,6,http://localhost:8002/restaurants/?q=ramen,1,0,0
1777162210885,1,GET /restaurants?q=ramen,200,OK,Restaurant Search Load Test 2-3,text,true,,587,137,1,6,http://localhost:8002/restaurants/?q=ramen,1,0,0
1777162210886,1,GET /restaurants?q=ramen,200,OK,Restaurant Search Load Test 2-3,text,true,,587,137,1,7,http://localhost:8002/restaurants/?q=ramen,1,0,0
1777162210887,1,GET /restaurants?q=ramen,200,OK,Restaurant Search Load Test 2-3,text,true,,587,137,1,7,http://localhost:8002/restaurants/?q=ramen,1,0,0
1777162210888,1,GET /restaurants?q=ramen,200,OK,Restaurant Search Load Test 2-3,text,true,,587,137,1,7,http://localhost:8002/restaurants/?q=ramen,1,0,0
1777162210889,0,GET /restaurants?q=ramen,200,OK,Restaurant Search Load Test 2-3,text,true,,587,137,1,7,http://localhost:8002/restaurants/?q=ramen,0,0,0
1777162210566,598,POST /auth/login,200,OK,Login Load Test 1-2,text,true,,316,243,3,6,http://localhost:8001/auth/login,598,0,0
1777162210647,517,POST /auth/login,200,OK,Login Load Test 1-1,text,true,,316,243,3,6,http://localhost:8001/auth/login,517,0,0
1777162210583,582,Login for Token,200,OK,Review Submission Load Test 3-2,text,true,,316,243,3,6,http://localhost:8001/auth/login,582,0,0
1777162211166,2,POST /reviews/,400,Bad Request,Review Submission Load Test 3-2,text,false,,188,440,3,7,http://localhost:8004/reviews/,2,0,0
1777162211176,2,GET /restaurants?q=ramen,200,OK,Restaurant Search Load Test 2-4,text,true,,587,137,1,8,http://localhost:8002/restaurants/?q=ramen,2,0,0
1777162211178,1,GET /restaurants?q=ramen,200,OK,Restaurant Search Load Test 2-4,text,true,,587,137,1,8,http://localhost:8002/restaurants/?q=ramen,1,0,0
1777162211179,1,GET /restaurants?q=ramen,200,OK,Restaurant Search Load Test 2-4,text,true,,587,137,1,8,http://localhost:8002/restaurants/?q=ramen,1,0,0
1777162211180,2,GET /restaurants?q=ramen,200,OK,Restaurant Search Load Test 2-4,text,true,,587,137,1,8,http://localhost:8002/restaurants/?q=ramen,2,0,0
1777162211182,1,GET /restaurants?q=ramen,200,OK,Restaurant Search Load Test 2-4,text,true,,587,137,1,8,http://localhost:8002/restaurants/?q=ramen,1,0,0
1777162211183,1,GET /restaurants?q=ramen,200,OK,Restaurant Search Load Test 2-4,text,true,,587,137,1,8,http://localhost:8002/restaurants/?q=ramen,1,0,0
1777162211184,1,GET /restaurants?q=ramen,200,OK,Restaurant Search Load Test 2-4,text,true,,587,137,1,8,http://localhost:8002/restaurants/?q=ramen,1,0,0
1777162211185,1,GET /restaurants?q=ramen,200,OK,Restaurant Search Load Test 2-4,text,true,,587,137,1,8,http://localhost:8002/restaurants/?q=ramen,1,0,0
1777162211187,1,GET /restaurants?q=ramen,200,OK,Restaurant Search Load Test 2-4,text,true,,587,137,1,9,http://localhost:8002/restaurants/?q=ramen,1,0,0
1777162211188,1,GET /restaurants?q=ramen,200,OK,Restaurant Search Load Test 2-4,text,true,,587,137,1,9,http://localhost:8002/restaurants/?q=ramen,1,0,0
1777162211478,2,GET /restaurants?q=ramen,200,OK,Restaurant Search Load Test 2-5,text,true,,587,137,1,10,http://localhost:8002/restaurants/?q=ramen,2,0,0
1777162211480,2,GET /restaurants?q=ramen,200,OK,Restaurant Search Load Test 2-5,text,true,,587,137,1,11,http://localhost:8002/restaurants/?q=ramen,2,0,0
1777162211482,2,GET /restaurants?q=ramen,200,OK,Restaurant Search Load Test 2-5,text,true,,587,137,1,11,http://localhost:8002/restaurants/?q=ramen,2,0,0
1777162211484,2,GET /restaurants?q=ramen,200,OK,Restaurant Search Load Test 2-5,text,true,,587,137,1,11,http://localhost:8002/restaurants/?q=ramen,2,0,0
1777162211486,1,GET /restaurants?q=ramen,200,OK,Restaurant Search Load Test 2-5,text,true,,587,137,1,11,http://localhost:8002/restaurants/?q=ramen,1,0,0
1777162211487,1,GET /restaurants?q=ramen,200,OK,Restaurant Search Load Test 2-5,text,true,,587,137,1,11,http://localhost:8002/restaurants/?q=ramen,1,0,0
1777162211488,2,GET /restaurants?q=ramen,200,OK,Restaurant Search Load Test 2-5,text,true,,587,137,1,11,http://localhost:8002/restaurants/?q=ramen,2,0,0
1777162211490,1,GET /restaurants?q=ramen,200,OK,Restaurant Search Load Test 2-5,text,true,,587,137,1,11,http://localhost:8002/restaurants/?q=ramen,1,0,0
1777162211491,1,GET /restaurants?q=ramen,200,OK,Restaurant Search Load Test 2-5,text,true,,587,137,1,11,http://localhost:8002/restaurants/?q=ramen,1,0,0
1777162211493,1,GET /restaurants?q=ramen,200,OK,Restaurant Search Load Test 2-5,text,true,,587,137,1,11,http://localhost:8002/restaurants/?q=ramen,1,0,0
1777162211778,2,GET /restaurants?q=ramen,200,OK,Restaurant Search Load Test 2-6,text,true,,587,137,1,12,http://localhost:8002/restaurants/?q=ramen,2,0,0
1777162211780,1,GET /restaurants?q=ramen,200,OK,Restaurant Search Load Test 2-6,text,true,,587,137,1,12,http://localhost:8002/restaurants/?q=ramen,1,0,0
1777162211781,1,GET /restaurants?q=ramen,200,OK,Restaurant Search Load Test 2-6,text,true,,587,137,1,12,http://localhost:8002/restaurants/?q=ramen,1,0,0
1777162211783,1,GET /restaurants?q=ramen,200,OK,Restaurant Search Load Test 2-6,text,true,,587,137,1,12,http://localhost:8002/restaurants/?q=ramen,1,0,0
1777162211784,1,GET /restaurants?q=ramen,200,OK,Restaurant Search Load Test 2-6,text,true,,587,137,1,12,http://localhost:8002/restaurants/?q=ramen,1,0,0
1777162211785,1,GET /restaurants?q=ramen,200,OK,Restaurant Search Load Test 2-6,text,true,,587,137,1,12,http://localhost:8002/restaurants/?q=ramen,1,0,0
1777162211786,1,GET /restaurants?q=ramen,200,OK,Restaurant Search Load Test 2-6,text,true,,587,137,1,13,http://localhost:8002/restaurants/?q=ramen,1,0,0
1777162211787,1,GET /restaurants?q=ramen,200,OK,Restaurant Search Load Test 2-6,text,true,,587,137,1,13,http://localhost:8002/restaurants/?q=ramen,1,0,0
1777162211788,1,GET /restaurants?q=ramen,200,OK,Restaurant Search Load Test 2-6,text,true,,587,137,1,13,http://localhost:8002/restaurants/?q=ramen,1,0,0
1777162211789,1,GET /restaurants?q=ramen,200,OK,Restaurant Search Load Test 2-6,text,true,,587,137,1,13,http://localhost:8002/restaurants/?q=ramen,1,0,0
1777162211165,837,POST /auth/login,200,OK,Login Load Test 1-1,text,true,,316,243,6,12,http://localhost:8001/auth/login,837,0,0
1777162210866,1136,POST /auth/login,200,OK,Login Load Test 1-3,text,true,,316,243,6,12,http://localhost:8001/auth/login,1136,0,0
1777162211165,837,POST /auth/login,200,OK,Login Load Test 1-2,text,true,,316,243,6,12,http://localhost:8001/auth/login,837,0,0
1777162210690,1312,Login for Token,200,OK,Review Submission Load Test 3-1,text,true,,316,243,6,12,http://localhost:8001/auth/login,1312,0,0
1777162210887,1117,Login for Token,200,OK,Review Submission Load Test 3-3,text,true,,316,243,6,12,http://localhost:8001/auth/login,1117,0,0
1777162212003,1,POST /reviews/,400,Bad Request,Review Submission Load Test 3-1,text,false,,188,440,6,12,http://localhost:8004/reviews/,1,0,0
1777162212004,2,POST /reviews/,400,Bad Request,Review Submission Load Test 3-3,text,false,,188,440,6,12,http://localhost:8004/reviews/,2,0,1
1777162212074,2,GET /restaurants?q=ramen,200,OK,Restaurant Search Load Test 2-7,text,true,,587,137,1,14,http://localhost:8002/restaurants/?q=ramen,2,0,0
1777162212076,1,GET /restaurants?q=ramen,200,OK,Restaurant Search Load Test 2-7,text,true,,587,137,1,14,http://localhost:8002/restaurants/?q=ramen,1,0,0
1777162212078,1,GET /restaurants?q=ramen,200,OK,Restaurant Search Load Test 2-7,text,true,,587,137,1,14,http://localhost:8002/restaurants/?q=ramen,1,0,0
1777162212079,1,GET /restaurants?q=ramen,200,OK,Restaurant Search Load Test 2-7,text,true,,587,137,1,14,http://localhost:8002/restaurants/?q=ramen,1,0,0
1777162212080,1,GET /restaurants?q=ramen,200,OK,Restaurant Search Load Test 2-7,text,true,,587,137,1,14,http://localhost:8002/restaurants/?q=ramen,1,0,0
1777162212081,2,GET /restaurants?q=ramen,200,OK,Restaurant Search Load Test 2-7,text,true,,587,137,1,14,http://localhost:8002/restaurants/?q=ramen,2,0,0
1777162212083,1,GET /restaurants?q=ramen,200,OK,Restaurant Search Load Test 2-7,text,true,,587,137,1,14,http://localhost:8002/restaurants/?q=ramen,1,0,0
1777162212084,1,GET /restaurants?q=ramen,200,OK,Restaurant Search Load Test 2-7,text,true,,587,137,1,14,http://localhost:8002/restaurants/?q=ramen,1,0,0
1777162212085,1,GET /restaurants?q=ramen,200,OK,Restaurant Search Load Test 2-7,text,true,,587,137,1,14,http://localhost:8002/restaurants/?q=ramen,1,0,0
1777162212086,1,GET /restaurants?q=ramen,200,OK,Restaurant Search Load Test 2-7,text,true,,587,137,1,14,http://localhost:8002/restaurants/?q=ramen,1,0,0
1777162212376,2,GET /restaurants?q=ramen,200,OK,Restaurant Search Load Test 2-8,text,true,,587,137,1,16,http://localhost:8002/restaurants/?q=ramen,2,0,0
1777162212378,1,GET /restaurants?q=ramen,200,OK,Restaurant Search Load Test 2-8,text,true,,587,137,1,16,http://localhost:8002/restaurants/?q=ramen,1,0,0
1777162212379,2,GET /restaurants?q=ramen,200,OK,Restaurant Search Load Test 2-8,text,true,,587,137,1,16,http://localhost:8002/restaurants/?q=ramen,2,0,0
1777162212381,1,GET /restaurants?q=ramen,200,OK,Restaurant Search Load Test 2-8,text,true,,587,137,1,16,http://localhost:8002/restaurants/?q=ramen,1,0,0
1777162212382,1,GET /restaurants?q=ramen,200,OK,Restaurant Search Load Test 2-8,text,true,,587,137,1,16,http://localhost:8002/restaurants/?q=ramen,1,0,0
1777162212383,2,GET /restaurants?q=ramen,200,OK,Restaurant Search Load Test 2-8,text,true,,587,137,1,16,http://localhost:8002/restaurants/?q=ramen,2,0,0
1777162212385,1,GET /restaurants?q=ramen,200,OK,Restaurant Search Load Test 2-8,text,true,,587,137,1,16,http://localhost:8002/restaurants/?q=ramen,1,0,0
1777162212386,1,GET /restaurants?q=ramen,200,OK,Restaurant Search Load Test 2-8,text,true,,587,137,1,16,http://localhost:8002/restaurants/?q=ramen,1,0,0
1777162212387,1,GET /restaurants?q=ramen,200,OK,Restaurant Search Load Test 2-8,text,true,,587,137,1,17,http://localhost:8002/restaurants/?q=ramen,1,0,0
1777162212388,2,GET /restaurants?q=ramen,200,OK,Restaurant Search Load Test 2-8,text,true,,587,137,1,17,http://localhost:8002/restaurants/?q=ramen,2,0,0
1777162212674,2,GET /restaurants?q=ramen,200,OK,Restaurant Search Load Test 2-9,text,true,,587,137,1,18,http://localhost:8002/restaurants/?q=ramen,2,0,0
1777162212676,1,GET /restaurants?q=ramen,200,OK,Restaurant Search Load Test 2-9,text,true,,587,137,1,18,http://localhost:8002/restaurants/?q=ramen,1,0,0
1777162212677,2,GET /restaurants?q=ramen,200,OK,Restaurant Search Load Test 2-9,text,true,,587,137,1,18,http://localhost:8002/restaurants/?q=ramen,2,0,0
1777162212679,1,GET /restaurants?q=ramen,200,OK,Restaurant Search Load Test 2-9,text,true,,587,137,1,18,http://localhost:8002/restaurants/?q=ramen,1,0,0
1777162212680,1,GET /restaurants?q=ramen,200,OK,Restaurant Search Load Test 2-9,text,true,,587,137,1,18,http://localhost:8002/restaurants/?q=ramen,1,0,0
1777162212681,1,GET /restaurants?q=ramen,200,OK,Restaurant Search Load Test 2-9,text,true,,587,137,1,18,http://localhost:8002/restaurants/?q=ramen,1,0,0
1777162212682,1,GET /restaurants?q=ramen,200,OK,Restaurant Search Load Test 2-9,text,true,,587,137,1,19,http://localhost:8002/restaurants/?q=ramen,1,0,0
1777162212683,2,GET /restaurants?q=ramen,200,OK,Restaurant Search Load Test 2-9,text,true,,587,137,1,19,http://localhost:8002/restaurants/?q=ramen,2,0,0
1777162212685,1,GET /restaurants?q=ramen,200,OK,Restaurant Search Load Test 2-9,text,true,,587,137,1,19,http://localhost:8002/restaurants/?q=ramen,1,0,0
1777162212686,1,GET /restaurants?q=ramen,200,OK,Restaurant Search Load Test 2-9,text,true,,587,137,1,19,http://localhost:8002/restaurants/?q=ramen,1,0,0
1777162212974,2,GET /restaurants?q=ramen,200,OK,Restaurant Search Load Test 2-10,text,true,,587,137,1,20,http://localhost:8002/restaurants/?q=ramen,2,0,0
1777162212976,2,GET /restaurants?q=ramen,200,OK,Restaurant Search Load Test 2-10,text,true,,587,137,1,20,http://localhost:8002/restaurants/?q=ramen,2,0,0
1777162212978,1,GET /restaurants?q=ramen,200,OK,Restaurant Search Load Test 2-10,text,true,,587,137,1,20,http://localhost:8002/restaurants/?q=ramen,1,0,0
1777162212979,2,GET /restaurants?q=ramen,200,OK,Restaurant Search Load Test 2-10,text,true,,587,137,1,20,http://localhost:8002/restaurants/?q=ramen,2,0,0
1777162212981,1,GET /restaurants?q=ramen,200,OK,Restaurant Search Load Test 2-10,text,true,,587,137,1,20,http://localhost:8002/restaurants/?q=ramen,1,0,0
1777162212982,1,GET /restaurants?q=ramen,200,OK,Restaurant Search Load Test 2-10,text,true,,587,137,1,20,http://localhost:8002/restaurants/?q=ramen,1,0,0
1777162212983,1,GET /restaurants?q=ramen,200,OK,Restaurant Search Load Test 2-10,text,true,,587,137,1,20,http://localhost:8002/restaurants/?q=ramen,1,0,0
1777162212984,2,GET /restaurants?q=ramen,200,OK,Restaurant Search Load Test 2-10,text,true,,587,137,1,20,http://localhost:8002/restaurants/?q=ramen,2,0,0
1777162212986,1,GET /restaurants?q=ramen,200,OK,Restaurant Search Load Test 2-10,text,true,,587,137,1,20,http://localhost:8002/restaurants/?q=ramen,1,0,0
1777162212987,1,GET /restaurants?q=ramen,200,OK,Restaurant Search Load Test 2-10,text,true,,587,137,1,21,http://localhost:8002/restaurants/?q=ramen,1,0,0
1777162213274,2,GET /restaurants?q=ramen,200,OK,Restaurant Search Load Test 2-11,text,true,,587,137,1,22,http://localhost:8002/restaurants/?q=ramen,2,0,0
1777162213276,2,GET /restaurants?q=ramen,200,OK,Restaurant Search Load Test 2-11,text,true,,587,137,1,22,http://localhost:8002/restaurants/?q=ramen,2,0,0
1777162213278,1,GET /restaurants?q=ramen,200,OK,Restaurant Search Load Test 2-11,text,true,,587,137,1,22,http://localhost:8002/restaurants/?q=ramen,1,0,0
1777162213280,1,GET /restaurants?q=ramen,200,OK,Restaurant Search Load Test 2-11,text,true,,587,137,1,22,http://localhost:8002/restaurants/?q=ramen,1,0,0
1777162213281,1,GET /restaurants?q=ramen,200,OK,Restaurant Search Load Test 2-11,text,true,,587,137,1,22,http://localhost:8002/restaurants/?q=ramen,1,0,0
1777162213282,1,GET /restaurants?q=ramen,200,OK,Restaurant Search Load Test 2-11,text,true,,587,137,1,22,http://localhost:8002/restaurants/?q=ramen,1,0,0
1777162213283,1,GET /restaurants?q=ramen,200,OK,Restaurant Search Load Test 2-11,text,true,,587,137,1,22,http://localhost:8002/restaurants/?q=ramen,1,0,0
1777162213284,1,GET /restaurants?q=ramen,200,OK,Restaurant Search Load Test 2-11,text,true,,587,137,1,22,http://localhost:8002/restaurants/?q=ramen,1,0,0
1777162213285,1,GET /restaurants?q=ramen,200,OK,Restaurant Search Load Test 2-11,text,true,,587,137,1,23,http://localhost:8002/restaurants/?q=ramen,1,0,0
1777162213286,1,GET /restaurants?q=ramen,200,OK,Restaurant Search Load Test 2-11,text,true,,587,137,1,23,http://localhost:8002/restaurants/?q=ramen,1,0,0
1777162213574,2,GET /restaurants?q=ramen,200,OK,Restaurant Search Load Test 2-12,text,true,,587,137,1,24,http://localhost:8002/restaurants/?q=ramen,2,0,0
1777162213576,2,GET /restaurants?q=ramen,200,OK,Restaurant Search Load Test 2-12,text,true,,587,137,1,24,http://localhost:8002/restaurants/?q=ramen,2,0,0
1777162213578,1,GET /restaurants?q=ramen,200,OK,Restaurant Search Load Test 2-12,text,true,,587,137,1,24,http://localhost:8002/restaurants/?q=ramen,1,0,0
1777162213579,2,GET /restaurants?q=ramen,200,OK,Restaurant Search Load Test 2-12,text,true,,587,137,1,24,http://localhost:8002/restaurants/?q=ramen,2,0,0
1777162213581,1,GET /restaurants?q=ramen,200,OK,Restaurant Search Load Test 2-12,text,true,,587,137,1,25,http://localhost:8002/restaurants/?q=ramen,1,0,0
1777162213582,1,GET /restaurants?q=ramen,200,OK,Restaurant Search Load Test 2-12,text,true,,587,137,1,25,http://localhost:8002/restaurants/?q=ramen,1,0,0
1777162213583,2,GET /restaurants?q=ramen,200,OK,Restaurant Search Load Test 2-12,text,true,,587,137,1,25,http://localhost:8002/restaurants/?q=ramen,2,0,0
1777162213585,1,GET /restaurants?q=ramen,200,OK,Restaurant Search Load Test 2-12,text,true,,587,137,1,25,http://localhost:8002/restaurants/?q=ramen,1,0,0
1777162213586,1,GET /restaurants?q=ramen,200,OK,Restaurant Search Load Test 2-12,text,true,,587,137,1,25,http://localhost:8002/restaurants/?q=ramen,1,0,0
1777162213587,1,GET /restaurants?q=ramen,200,OK,Restaurant Search Load Test 2-12,text,true,,587,137,1,25,http://localhost:8002/restaurants/?q=ramen,1,0,0
1777162211468,2191,POST /auth/login,200,OK,Login Load Test 1-5,text,true,,316,243,12,24,http://localhost:8001/auth/login,2190,0,1
1777162211168,2491,Login for Token,200,OK,Review Submission Load Test 3-2,text,true,,316,243,12,24,http://localhost:8001/auth/login,2490,0,0
1777162211187,2472,Login for Token,200,OK,Review Submission Load Test 3-4,text,true,,316,243,12,24,http://localhost:8001/auth/login,2471,0,1
1777162211482,2177,Login for Token,200,OK,Review Submission Load Test 3-5,text,true,,316,243,12,24,http://localhost:8001/auth/login,2176,0,0
1777162212003,1656,POST /auth/login,200,OK,Login Load Test 1-1,text,true,,316,243,12,24,http://localhost:8001/auth/login,1656,0,0
1777162211166,2493,POST /auth/login,200,OK,Login Load Test 1-4,text,true,,316,243,12,24,http://localhost:8001/auth/login,2493,0,0
1777162212003,1656,POST /auth/login,200,OK,Login Load Test 1-3,text,true,,316,243,12,24,http://localhost:8001/auth/login,1656,0,0
1777162211786,1874,Login for Token,200,OK,Review Submission Load Test 3-6,text,true,,316,243,12,24,http://localhost:8001/auth/login,1874,0,0
1777162212003,1657,POST /auth/login,200,OK,Login Load Test 1-2,text,true,,316,243,12,24,http://localhost:8001/auth/login,1657,0,0
1777162213659,2,POST /reviews/,400,Bad Request,Review Submission Load Test 3-2,text,false,,188,440,12,24,http://localhost:8004/reviews/,2,0,0
1777162213659,3,POST /reviews/,400,Bad Request,Review Submission Load Test 3-5,text,false,,188,440,12,24,http://localhost:8004/reviews/,3,0,0
1777162213660,4,POST /reviews/,400,Bad Request,Review Submission Load Test 3-6,text,false,,188,440,12,24,http://localhost:8004/reviews/,4,0,0
1777162213659,5,POST /reviews/,400,Bad Request,Review Submission Load Test 3-4,text,false,,188,440,12,24,http://localhost:8004/reviews/,5,0,0
1777162211767,2059,POST /auth/login,200,OK,Login Load Test 1-6,text,true,,316,243,12,24,http://localhost:8001/auth/login,2059,0,0
1777162213874,2,GET /restaurants?q=ramen,200,OK,Restaurant Search Load Test 2-13,text,true,,587,137,1,26,http://localhost:8002/restaurants/?q=ramen,2,0,0
1777162213876,1,GET /restaurants?q=ramen,200,OK,Restaurant Search Load Test 2-13,text,true,,587,137,1,26,http://localhost:8002/restaurants/?q=ramen,1,0,0
1777162213877,1,GET /restaurants?q=ramen,200,OK,Restaurant Search Load Test 2-13,text,true,,587,137,1,26,http://localhost:8002/restaurants/?q=ramen,1,0,0
1777162213878,2,GET /restaurants?q=ramen,200,OK,Restaurant Search Load Test 2-13,text,true,,587,137,1,26,http://localhost:8002/restaurants/?q=ramen,2,0,0
1777162213880,1,GET /restaurants?q=ramen,200,OK,Restaurant Search Load Test 2-13,text,true,,587,137,1,26,http://localhost:8002/restaurants/?q=ramen,1,0,0
1777162213881,1,GET /restaurants?q=ramen,200,OK,Restaurant Search Load Test 2-13,text,true,,587,137,1,26,http://localhost:8002/restaurants/?q=ramen,1,0,0
1777162213882,1,GET /restaurants?q=ramen,200,OK,Restaurant Search Load Test 2-13,text,true,,587,137,1,26,http://localhost:8002/restaurants/?q=ramen,1,0,0
1777162213883,1,GET /restaurants?q=ramen,200,OK,Restaurant Search Load Test 2-13,text,true,,587,137,1,27,http://localhost:8002/restaurants/?q=ramen,1,0,0
1777162213884,2,GET /restaurants?q=ramen,200,OK,Restaurant Search Load Test 2-13,text,true,,587,137,1,27,http://localhost:8002/restaurants/?q=ramen,2,0,0
1777162213886,1,GET /restaurants?q=ramen,200,OK,Restaurant Search Load Test 2-13,text,true,,587,137,1,27,http://localhost:8002/restaurants/?q=ramen,1,0,0
1777162214179,2,GET /restaurants?q=ramen,200,OK,Restaurant Search Load Test 2-14,text,true,,587,137,1,28,http://localhost:8002/restaurants/?q=ramen,2,0,0
1777162214181,2,GET /restaurants?q=ramen,200,OK,Restaurant Search Load Test 2-14,text,true,,587,137,1,29,http://localhost:8002/restaurants/?q=ramen,2,0,0
1777162214183,1,GET /restaurants?q=ramen,200,OK,Restaurant Search Load Test 2-14,text,true,,587,137,1,29,http://localhost:8002/restaurants/?q=ramen,1,0,0
1777162214184,1,GET /restaurants?q=ramen,200,OK,Restaurant Search Load Test 2-14,text,true,,587,137,1,29,http://localhost:8002/restaurants/?q=ramen,1,0,0
1777162214185,2,GET /restaurants?q=ramen,200,OK,Restaurant Search Load Test 2-14,text,true,,587,137,1,29,http://localhost:8002/restaurants/?q=ramen,2,0,0
1777162214187,1,GET /restaurants?q=ramen,200,OK,Restaurant Search Load Test 2-14,text,true,,587,137,1,29,http://localhost:8002/restaurants/?q=ramen,1,0,0
1777162214188,1,GET /restaurants?q=ramen,200,OK,Restaurant Search Load Test 2-14,text,true,,587,137,1,29,http://localhost:8002/restaurants/?q=ramen,1,0,0
1777162214189,1,GET /restaurants?q=ramen,200,OK,Restaurant Search Load Test 2-14,text,true,,587,137,1,29,http://localhost:8002/restaurants/?q=ramen,1,0,0
1777162214190,2,GET /restaurants?q=ramen,200,OK,Restaurant Search Load Test 2-14,text,true,,587,137,1,29,http://localhost:8002/restaurants/?q=ramen,2,0,0
1777162214192,1,GET /restaurants?q=ramen,200,OK,Restaurant Search Load Test 2-14,text,true,,587,137,1,29,http://localhost:8002/restaurants/?q=ramen,1,0,0
1777162214478,3,GET /restaurants?q=ramen,200,OK,Restaurant Search Load Test 2-15,text,true,,587,137,1,30,http://localhost:8002/restaurants/?q=ramen,3,0,1
1777162214481,1,GET /restaurants?q=ramen,200,OK,Restaurant Search Load Test 2-15,text,true,,587,137,1,30,http://localhost:8002/restaurants/?q=ramen,1,0,0
1777162214482,1,GET /restaurants?q=ramen,200,OK,Restaurant Search Load Test 2-15,text,true,,587,137,1,31,http://localhost:8002/restaurants/?q=ramen,1,0,0
1777162214484,1,GET /restaurants?q=ramen,200,OK,Restaurant Search Load Test 2-15,text,true,,587,137,1,31,http://localhost:8002/restaurants/?q=ramen,1,0,0
1777162214485,1,GET /restaurants?q=ramen,200,OK,Restaurant Search Load Test 2-15,text,true,,587,137,1,31,http://localhost:8002/restaurants/?q=ramen,1,0,0
1777162214486,1,GET /restaurants?q=ramen,200,OK,Restaurant Search Load Test 2-15,text,true,,587,137,1,31,http://localhost:8002/restaurants/?q=ramen,1,0,0
1777162214488,1,GET /restaurants?q=ramen,200,OK,Restaurant Search Load Test 2-15,text,true,,587,137,1,31,http://localhost:8002/restaurants/?q=ramen,1,0,0
1777162214489,2,GET /restaurants?q=ramen,200,OK,Restaurant Search Load Test 2-15,text,true,,587,137,1,31,http://localhost:8002/restaurants/?q=ramen,2,0,0
1777162214491,1,GET /restaurants?q=ramen,200,OK,Restaurant Search Load Test 2-15,text,true,,587,137,1,31,http://localhost:8002/restaurants/?q=ramen,1,0,0
1777162214492,1,GET /restaurants?q=ramen,200,OK,Restaurant Search Load Test 2-15,text,true,,587,137,1,31,http://localhost:8002/restaurants/?q=ramen,1,0,0
1777162214777,2,GET /restaurants?q=ramen,200,OK,Restaurant Search Load Test 2-16,text,true,,587,137,1,32,http://localhost:8002/restaurants/?q=ramen,2,0,0
1777162214779,2,GET /restaurants?q=ramen,200,OK,Restaurant Search Load Test 2-16,text,true,,587,137,1,32,http://localhost:8002/restaurants/?q=ramen,2,0,0
1777162214781,1,GET /restaurants?q=ramen,200,OK,Restaurant Search Load Test 2-16,text,true,,587,137,1,32,http://localhost:8002/restaurants/?q=ramen,1,0,0
1777162214782,2,GET /restaurants?q=ramen,200,OK,Restaurant Search Load Test 2-16,text,true,,587,137,1,32,http://localhost:8002/restaurants/?q=ramen,2,0,0
1777162214784,1,GET /restaurants?q=ramen,200,OK,Restaurant Search Load Test 2-16,text,true,,587,137,1,32,http://localhost:8002/restaurants/?q=ramen,1,0,0
1777162214785,1,GET /restaurants?q=ramen,200,OK,Restaurant Search Load Test 2-16,text,true,,587,137,1,33,http://localhost:8002/restaurants/?q=ramen,1,0,0
1777162214786,1,GET /restaurants?q=ramen,200,OK,Restaurant Search Load Test 2-16,text,true,,587,137,1,33,http://localhost:8002/restaurants/?q=ramen,1,0,0
1777162214787,2,GET /restaurants?q=ramen,200,OK,Restaurant Search Load Test 2-16,text,true,,587,137,1,33,http://localhost:8002/restaurants/?q=ramen,2,0,0
1777162214789,1,GET /restaurants?q=ramen,200,OK,Restaurant Search Load Test 2-16,text,true,,587,137,1,33,http://localhost:8002/restaurants/?q=ramen,1,0,0
1777162214790,1,GET /restaurants?q=ramen,200,OK,Restaurant Search Load Test 2-16,text,true,,587,137,1,33,http://localhost:8002/restaurants/?q=ramen,1,0,0
1777162212067,2758,POST /auth/login,200,OK,Login Load Test 1-7,text,true,,316,243,16,32,http://localhost:8001/auth/login,2758,0,0
1777162212088,2737,Login for Token,200,OK,Review Submission Load Test 3-7,text,true,,316,243,16,32,http://localhost:8001/auth/login,2737,0,0
1777162212005,2820,Login for Token,200,OK,Review Submission Load Test 3-1,text,true,,316,243,16,32,http://localhost:8001/auth/login,2820,0,0
1777162212006,2819,Login for Token,200,OK,Review Submission Load Test 3-3,text,true,,316,243,16,32,http://localhost:8001/auth/login,2819,0,0
1777162214825,2,POST /reviews/,400,Bad Request,Review Submission Load Test 3-3,text,false,,188,440,16,32,http://localhost:8004/reviews/,2,0,0
1777162214825,2,POST /reviews/,400,Bad Request,Review Submission Load Test 3-1,text,false,,188,440,16,32,http://localhost:8004/reviews/,2,0,0
1777162214826,1,POST /reviews/,400,Bad Request,Review Submission Load Test 3-7,text,false,,188,440,16,32,http://localhost:8004/reviews/,1,0,0
1777162215078,1,GET /restaurants?q=ramen,200,OK,Restaurant Search Load Test 2-17,text,true,,587,137,1,33,http://localhost:8002/restaurants/?q=ramen,1,0,0
1777162215080,1,GET /restaurants?q=ramen,200,OK,Restaurant Search Load Test 2-17,text,true,,587,137,1,33,http://localhost:8002/restaurants/?q=ramen,1,0,0
1777162215081,1,GET /restaurants?q=ramen,200,OK,Restaurant Search Load Test 2-17,text,true,,587,137,1,33,http://localhost:8002/restaurants/?q=ramen,1,0,0
1777162215082,1,GET /restaurants?q=ramen,200,OK,Restaurant Search Load Test 2-17,text,true,,587,137,1,33,http://localhost:8002/restaurants/?q=ramen,1,0,0
1777162215083,1,GET /restaurants?q=ramen,200,OK,Restaurant Search Load Test 2-17,text,true,,587,137,1,33,http://localhost:8002/restaurants/?q=ramen,1,0,0
1777162215084,1,GET /restaurants?q=ramen,200,OK,Restaurant Search Load Test 2-17,text,true,,587,137,1,34,http://localhost:8002/restaurants/?q=ramen,1,0,0
1777162215085,1,GET /restaurants?q=ramen,200,OK,Restaurant Search Load Test 2-17,text,true,,587,137,1,34,http://localhost:8002/restaurants/?q=ramen,1,0,0
1777162215086,1,GET /restaurants?q=ramen,200,OK,Restaurant Search Load Test 2-17,text,true,,587,137,1,34,http://localhost:8002/restaurants/?q=ramen,1,0,0
1777162215087,2,GET /restaurants?q=ramen,200,OK,Restaurant Search Load Test 2-17,text,true,,587,137,1,34,http://localhost:8002/restaurants/?q=ramen,2,0,0
1777162215089,1,GET /restaurants?q=ramen,200,OK,Restaurant Search Load Test 2-17,text,true,,587,137,1,34,http://localhost:8002/restaurants/?q=ramen,1,0,0
1777162215377,3,GET /restaurants?q=ramen,200,OK,Restaurant Search Load Test 2-18,text,true,,587,137,1,35,http://localhost:8002/restaurants/?q=ramen,3,0,1
1777162215380,1,GET /restaurants?q=ramen,200,OK,Restaurant Search Load Test 2-18,text,true,,587,137,1,35,http://localhost:8002/restaurants/?q=ramen,1,0,0
1777162215381,2,GET /restaurants?q=ramen,200,OK,Restaurant Search Load Test 2-18,text,true,,587,137,1,35,http://localhost:8002/restaurants/?q=ramen,2,0,0
1777162215383,1,GET /restaurants?q=ramen,200,OK,Restaurant Search Load Test 2-18,text,true,,587,137,1,35,http://localhost:8002/restaurants/?q=ramen,1,0,0
1777162215384,1,GET /restaurants?q=ramen,200,OK,Restaurant Search Load Test 2-18,text,true,,587,137,1,35,http://localhost:8002/restaurants/?q=ramen,1,0,0
1777162215385,1,GET /restaurants?q=ramen,200,OK,Restaurant Search Load Test 2-18,text,true,,587,137,1,35,http://localhost:8002/restaurants/?q=ramen,1,0,0
1777162215386,1,GET /restaurants?q=ramen,200,OK,Restaurant Search Load Test 2-18,text,true,,587,137,1,36,http://localhost:8002/restaurants/?q=ramen,1,0,0
1777162215387,2,GET /restaurants?q=ramen,200,OK,Restaurant Search Load Test 2-18,text,true,,587,137,1,36,http://localhost:8002/restaurants/?q=ramen,2,0,0
1777162215389,1,GET /restaurants?q=ramen,200,OK,Restaurant Search Load Test 2-18,text,true,,587,137,1,36,http://localhost:8002/restaurants/?q=ramen,1,0,0
1777162215390,1,GET /restaurants?q=ramen,200,OK,Restaurant Search Load Test 2-18,text,true,,587,137,1,36,http://localhost:8002/restaurants/?q=ramen,1,0,0
1777162215673,2,GET /restaurants?q=ramen,200,OK,Restaurant Search Load Test 2-19,text,true,,587,137,1,37,http://localhost:8002/restaurants/?q=ramen,2,0,0
1777162215675,1,GET /restaurants?q=ramen,200,OK,Restaurant Search Load Test 2-19,text,true,,587,137,1,37,http://localhost:8002/restaurants/?q=ramen,1,0,0
1777162215676,2,GET /restaurants?q=ramen,200,OK,Restaurant Search Load Test 2-19,text,true,,587,137,1,37,http://localhost:8002/restaurants/?q=ramen,2,0,0
1777162215678,1,GET /restaurants?q=ramen,200,OK,Restaurant Search Load Test 2-19,text,true,,587,137,1,37,http://localhost:8002/restaurants/?q=ramen,1,0,0
1777162215679,1,GET /restaurants?q=ramen,200,OK,Restaurant Search Load Test 2-19,text,true,,587,137,1,37,http://localhost:8002/restaurants/?q=ramen,1,0,0
1777162215680,2,GET /restaurants?q=ramen,200,OK,Restaurant Search Load Test 2-19,text,true,,587,137,1,37,http://localhost:8002/restaurants/?q=ramen,2,0,0
1777162215682,1,GET /restaurants?q=ramen,200,OK,Restaurant Search Load Test 2-19,text,true,,587,137,1,38,http://localhost:8002/restaurants/?q=ramen,1,0,0
1777162215683,1,GET /restaurants?q=ramen,200,OK,Restaurant Search Load Test 2-19,text,true,,587,137,1,38,http://localhost:8002/restaurants/?q=ramen,1,0,0
1777162215684,1,GET /restaurants?q=ramen,200,OK,Restaurant Search Load Test 2-19,text,true,,587,137,1,38,http://localhost:8002/restaurants/?q=ramen,1,0,0
1777162215685,1,GET /restaurants?q=ramen,200,OK,Restaurant Search Load Test 2-19,text,true,,587,137,1,38,http://localhost:8002/restaurants/?q=ramen,1,0,0
1777162212368,3451,POST /auth/login,200,OK,Login Load Test 1-8,text,true,,316,243,19,37,http://localhost:8001/auth/login,3451,0,0
1777162212389,3430,Login for Token,200,OK,Review Submission Load Test 3-8,text,true,,316,243,18,37,http://localhost:8001/auth/login,3430,0,0
1777162215818,2,POST /reviews/,400,Bad Request,Review Submission Load Test 3-8,text,false,,188,440,18,37,http://localhost:8004/reviews/,2,0,0
1777162215977,2,GET /restaurants?q=ramen,200,OK,Restaurant Search Load Test 2-20,text,true,,587,137,1,39,http://localhost:8002/restaurants/?q=ramen,2,0,1
1777162215980,1,GET /restaurants?q=ramen,200,OK,Restaurant Search Load Test 2-20,text,true,,587,137,1,39,http://localhost:8002/restaurants/?q=ramen,1,0,0
1777162215981,1,GET /restaurants?q=ramen,200,OK,Restaurant Search Load Test 2-20,text,true,,587,137,1,39,http://localhost:8002/restaurants/?q=ramen,1,0,0
1777162215982,1,GET /restaurants?q=ramen,200,OK,Restaurant Search Load Test 2-20,text,true,,587,137,1,40,http://localhost:8002/restaurants/?q=ramen,1,0,0
1777162215984,1,GET /restaurants?q=ramen,200,OK,Restaurant Search Load Test 2-20,text,true,,587,137,1,40,http://localhost:8002/restaurants/?q=ramen,1,0,0
1777162215985,1,GET /restaurants?q=ramen,200,OK,Restaurant Search Load Test 2-20,text,true,,587,137,1,40,http://localhost:8002/restaurants/?q=ramen,1,0,0
1777162215986,1,GET /restaurants?q=ramen,200,OK,Restaurant Search Load Test 2-20,text,true,,587,137,1,40,http://localhost:8002/restaurants/?q=ramen,1,0,0
1777162215987,1,GET /restaurants?q=ramen,200,OK,Restaurant Search Load Test 2-20,text,true,,587,137,1,40,http://localhost:8002/restaurants/?q=ramen,1,0,0
1777162215988,1,GET /restaurants?q=ramen,200,OK,Restaurant Search Load Test 2-20,text,true,,587,137,1,40,http://localhost:8002/restaurants/?q=ramen,1,0,0
1777162215989,1,GET /restaurants?q=ramen,200,OK,Restaurant Search Load Test 2-20,text,true,,587,137,1,40,http://localhost:8002/restaurants/?q=ramen,1,0,0
1777162216274,3,GET /restaurants?q=ramen,200,OK,Restaurant Search Load Test 2-21,text,true,,587,137,1,41,http://localhost:8002/restaurants/?q=ramen,2,0,0
1777162216277,1,GET /restaurants?q=ramen,200,OK,Restaurant Search Load Test 2-21,text,true,,587,137,1,41,http://localhost:8002/restaurants/?q=ramen,1,0,0
1777162216278,1,GET /restaurants?q=ramen,200,OK,Restaurant Search Load Test 2-21,text,true,,587,137,1,41,http://localhost:8002/restaurants/?q=ramen,1,0,0
1777162216279,2,GET /restaurants?q=ramen,200,OK,Restaurant Search Load Test 2-21,text,true,,587,137,1,41,http://localhost:8002/restaurants/?q=ramen,2,0,0
1777162216281,1,GET /restaurants?q=ramen,200,OK,Restaurant Search Load Test 2-21,text,true,,587,137,1,41,http://localhost:8002/restaurants/?q=ramen,1,0,0
1777162216282,1,GET /restaurants?q=ramen,200,OK,Restaurant Search Load Test 2-21,text,true,,587,137,1,41,http://localhost:8002/restaurants/?q=ramen,1,0,0
1777162216283,1,GET /restaurants?q=ramen,200,OK,Restaurant Search Load Test 2-21,text,true,,587,137,1,42,http://localhost:8002/restaurants/?q=ramen,1,0,0
1777162216284,1,GET /restaurants?q=ramen,200,OK,Restaurant Search Load Test 2-21,text,true,,587,137,1,42,http://localhost:8002/restaurants/?q=ramen,1,0,0
1777162216285,1,GET /restaurants?q=ramen,200,OK,Restaurant Search Load Test 2-21,text,true,,587,137,1,42,http://localhost:8002/restaurants/?q=ramen,1,0,0
1777162216286,1,GET /restaurants?q=ramen,200,OK,Restaurant Search Load Test 2-21,text,true,,587,137,1,42,http://localhost:8002/restaurants/?q=ramen,1,0,0
1777162216579,2,GET /restaurants?q=ramen,200,OK,Restaurant Search Load Test 2-22,text,true,,587,137,1,43,http://localhost:8002/restaurants/?q=ramen,2,0,0
1777162216581,1,GET /restaurants?q=ramen,200,OK,Restaurant Search Load Test 2-22,text,true,,587,137,1,43,http://localhost:8002/restaurants/?q=ramen,1,0,0
1777162216582,2,GET /restaurants?q=ramen,200,OK,Restaurant Search Load Test 2-22,text,true,,587,137,1,43,http://localhost:8002/restaurants/?q=ramen,2,0,0
1777162216584,1,GET /restaurants?q=ramen,200,OK,Restaurant Search Load Test 2-22,text,true,,587,137,1,43,http://localhost:8002/restaurants/?q=ramen,1,0,0
1777162216585,1,GET /restaurants?q=ramen,200,OK,Restaurant Search Load Test 2-22,text,true,,587,137,1,43,http://localhost:8002/restaurants/?q=ramen,1,0,0
1777162216586,1,GET /restaurants?q=ramen,200,OK,Restaurant Search Load Test 2-22,text,true,,587,137,1,44,http://localhost:8002/restaurants/?q=ramen,1,0,0
1777162216587,2,GET /restaurants?q=ramen,200,OK,Restaurant Search Load Test 2-22,text,true,,587,137,1,44,http://localhost:8002/restaurants/?q=ramen,2,0,0
1777162216589,1,GET /restaurants?q=ramen,200,OK,Restaurant Search Load Test 2-22,text,true,,587,137,1,44,http://localhost:8002/restaurants/?q=ramen,1,0,0
1777162216590,1,GET /restaurants?q=ramen,200,OK,Restaurant Search Load Test 2-22,text,true,,587,137,1,44,http://localhost:8002/restaurants/?q=ramen,1,0,0
1777162216591,1,GET /restaurants?q=ramen,200,OK,Restaurant Search Load Test 2-22,text,true,,587,137,1,44,http://localhost:8002/restaurants/?q=ramen,1,0,0
1777162216877,2,GET /restaurants?q=ramen,200,OK,Restaurant Search Load Test 2-23,text,true,,587,137,1,45,http://localhost:8002/restaurants/?q=ramen,2,0,0
1777162216879,2,GET /restaurants?q=ramen,200,OK,Restaurant Search Load Test 2-23,text,true,,587,137,1,45,http://localhost:8002/restaurants/?q=ramen,2,0,0
1777162216881,1,GET /restaurants?q=ramen,200,OK,Restaurant Search Load Test 2-23,text,true,,587,137,1,45,http://localhost:8002/restaurants/?q=ramen,1,0,0
1777162216882,1,GET /restaurants?q=ramen,200,OK,Restaurant Search Load Test 2-23,text,true,,587,137,1,45,http://localhost:8002/restaurants/?q=ramen,1,0,0
1777162216883,2,GET /restaurants?q=ramen,200,OK,Restaurant Search Load Test 2-23,text,true,,587,137,1,45,http://localhost:8002/restaurants/?q=ramen,2,0,0
1777162216885,1,GET /restaurants?q=ramen,200,OK,Restaurant Search Load Test 2-23,text,true,,587,137,1,46,http://localhost:8002/restaurants/?q=ramen,1,0,0
1777162216886,1,GET /restaurants?q=ramen,200,OK,Restaurant Search Load Test 2-23,text,true,,587,137,1,46,http://localhost:8002/restaurants/?q=ramen,1,0,0
1777162216887,1,GET /restaurants?q=ramen,200,OK,Restaurant Search Load Test 2-23,text,true,,587,137,1,46,http://localhost:8002/restaurants/?q=ramen,1,0,0
1777162216888,1,GET /restaurants?q=ramen,200,OK,Restaurant Search Load Test 2-23,text,true,,587,137,1,46,http://localhost:8002/restaurants/?q=ramen,1,0,0
1777162216890,1,GET /restaurants?q=ramen,200,OK,Restaurant Search Load Test 2-23,text,true,,587,137,1,46,http://localhost:8002/restaurants/?q=ramen,1,0,0
1777162213660,3315,POST /auth/login,200,OK,Login Load Test 1-4,text,true,,316,243,23,45,http://localhost:8001/auth/login,3315,0,0
1777162213660,3315,POST /auth/login,200,OK,Login Load Test 1-3,text,true,,316,243,23,45,http://localhost:8001/auth/login,3315,0,0
1777162213660,3315,POST /auth/login,200,OK,Login Load Test 1-1,text,true,,316,243,23,45,http://localhost:8001/auth/login,3315,0,0
1777162213659,3316,POST /auth/login,200,OK,Login Load Test 1-5,text,true,,316,243,23,45,http://localhost:8001/auth/login,3316,0,0
1777162212666,4309,POST /auth/login,200,OK,Login Load Test 1-9,text,true,,316,243,23,45,http://localhost:8001/auth/login,4309,0,0
1777162212682,4294,Login for Token,200,OK,Review Submission Load Test 3-9,text,true,,316,243,22,45,http://localhost:8001/auth/login,4293,0,1
1777162216975,2,POST /reviews/,400,Bad Request,Review Submission Load Test 3-9,text,false,,188,440,22,45,http://localhost:8004/reviews/,2,0,0
1777162217173,2,GET /restaurants?q=ramen,200,OK,Restaurant Search Load Test 2-24,text,true,,587,137,1,47,http://localhost:8002/restaurants/?q=ramen,2,0,0
1777162217175,1,GET /restaurants?q=ramen,200,OK,Restaurant Search Load Test 2-24,text,true,,587,137,1,47,http://localhost:8002/restaurants/?q=ramen,1,0,0
1777162217176,1,GET /restaurants?q=ramen,200,OK,Restaurant Search Load Test 2-24,text,true,,587,137,1,47,http://localhost:8002/restaurants/?q=ramen,1,0,0
1777162217178,1,GET /restaurants?q=ramen,200,OK,Restaurant Search Load Test 2-24,text,true,,587,137,1,47,http://localhost:8002/restaurants/?q=ramen,1,0,0
1777162217179,1,GET /restaurants?q=ramen,200,OK,Restaurant Search Load Test 2-24,text,true,,587,137,1,47,http://localhost:8002/restaurants/?q=ramen,1,0,0
1777162217180,1,GET /restaurants?q=ramen,200,OK,Restaurant Search Load Test 2-24,text,true,,587,137,1,47,http://localhost:8002/restaurants/?q=ramen,1,0,0
1777162217181,1,GET /restaurants?q=ramen,200,OK,Restaurant Search Load Test 2-24,text,true,,587,137,1,48,http://localhost:8002/restaurants/?q=ramen,1,0,0
1777162217182,1,GET /restaurants?q=ramen,200,OK,Restaurant Search Load Test 2-24,text,true,,587,137,1,48,http://localhost:8002/restaurants/?q=ramen,1,0,0
1777162217183,1,GET /restaurants?q=ramen,200,OK,Restaurant Search Load Test 2-24,text,true,,587,137,1,48,http://localhost:8002/restaurants/?q=ramen,1,0,0
1777162217185,1,GET /restaurants?q=ramen,200,OK,Restaurant Search Load Test 2-24,text,true,,587,137,1,48,http://localhost:8002/restaurants/?q=ramen,1,0,0
1777162212966,4511,POST /auth/login,200,OK,Login Load Test 1-10,text,true,,316,243,25,48,http://localhost:8001/auth/login,4511,0,0
1777162213266,4211,POST /auth/login,200,OK,Login Load Test 1-11,text,true,,316,243,25,48,http://localhost:8001/auth/login,4211,0,0
1777162212987,4490,Login for Token,200,OK,Review Submission Load Test 3-10,text,true,,316,243,23,48,http://localhost:8001/auth/login,4490,0,0
1777162213664,3814,Login for Token,200,OK,Review Submission Load Test 3-4,text,true,,316,243,23,48,http://localhost:8001/auth/login,3814,0,0
1777162213664,3813,Login for Token,200,OK,Review Submission Load Test 3-6,text,true,,316,243,23,48,http://localhost:8001/auth/login,3813,0,0
1777162213662,3816,Login for Token,200,OK,Review Submission Load Test 3-5,text,true,,316,243,23,48,http://localhost:8001/auth/login,3816,0,0
1777162213660,3818,POST /auth/login,200,OK,Login Load Test 1-2,text,true,,316,243,25,48,http://localhost:8001/auth/login,3818,0,0
1777162217477,2,GET /restaurants?q=ramen,200,OK,Restaurant Search Load Test 2-25,text,true,,587,137,1,49,http://localhost:8002/restaurants/?q=ramen,2,0,1
1777162217477,3,POST /reviews/,400,Bad Request,Review Submission Load Test 3-4,text,false,,188,440,23,49,http://localhost:8004/reviews/,3,0,0
1777162217477,3,POST /reviews/,400,Bad Request,Review Submission Load Test 3-6,text,false,,188,440,23,49,http://localhost:8004/reviews/,3,0,0
1777162217477,4,POST /reviews/,400,Bad Request,Review Submission Load Test 3-10,text,false,,188,440,23,49,http://localhost:8004/reviews/,4,0,0
1777162217479,2,GET /restaurants?q=ramen,200,OK,Restaurant Search Load Test 2-25,text,true,,587,137,1,49,http://localhost:8002/restaurants/?q=ramen,2,0,0
1777162217477,5,POST /reviews/,400,Bad Request,Review Submission Load Test 3-5,text,false,,188,440,24,50,http://localhost:8004/reviews/,5,0,0
1777162217481,2,GET /restaurants?q=ramen,200,OK,Restaurant Search Load Test 2-25,text,true,,587,137,1,50,http://localhost:8002/restaurants/?q=ramen,2,0,0
1777162217483,2,GET /restaurants?q=ramen,200,OK,Restaurant Search Load Test 2-25,text,true,,587,137,1,50,http://localhost:8002/restaurants/?q=ramen,2,0,0
1777162217485,1,GET /restaurants?q=ramen,200,OK,Restaurant Search Load Test 2-25,text,true,,587,137,1,50,http://localhost:8002/restaurants/?q=ramen,1,0,0
1777162217486,0,GET /restaurants?q=ramen,200,OK,Restaurant Search Load Test 2-25,text,true,,587,137,1,50,http://localhost:8002/restaurants/?q=ramen,0,0,0
1777162217487,0,GET /restaurants?q=ramen,200,OK,Restaurant Search Load Test 2-25,text,true,,587,137,1,50,http://localhost:8002/restaurants/?q=ramen,0,0,0
1777162217487,1,GET /restaurants?q=ramen,200,OK,Restaurant Search Load Test 2-25,text,true,,587,137,1,50,http://localhost:8002/restaurants/?q=ramen,1,0,0
1777162217488,1,GET /restaurants?q=ramen,200,OK,Restaurant Search Load Test 2-25,text,true,,587,137,1,50,http://localhost:8002/restaurants/?q=ramen,1,0,0
1777162217489,1,GET /restaurants?q=ramen,200,OK,Restaurant Search Load Test 2-25,text,true,,587,137,1,50,http://localhost:8002/restaurants/?q=ramen,1,0,0
1777162217777,2,GET /restaurants?q=ramen,200,OK,Restaurant Search Load Test 2-26,text,true,,587,137,1,51,http://localhost:8002/restaurants/?q=ramen,2,0,0
1777162217779,2,GET /restaurants?q=ramen,200,OK,Restaurant Search Load Test 2-26,text,true,,587,137,1,51,http://localhost:8002/restaurants/?q=ramen,2,0,0
1777162217781,1,GET /restaurants?q=ramen,200,OK,Restaurant Search Load Test 2-26,text,true,,587,137,1,51,http://localhost:8002/restaurants/?q=ramen,1,0,0
1777162217782,1,GET /restaurants?q=ramen,200,OK,Restaurant Search Load Test 2-26,text,true,,587,137,1,51,http://localhost:8002/restaurants/?q=ramen,1,0,0
1777162217783,1,GET /restaurants?q=ramen,200,OK,Restaurant Search Load Test 2-26,text,true,,587,137,1,51,http://localhost:8002/restaurants/?q=ramen,1,0,0
1777162217784,2,GET /restaurants?q=ramen,200,OK,Restaurant Search Load Test 2-26,text,true,,587,137,1,51,http://localhost:8002/restaurants/?q=ramen,2,0,0
1777162217786,1,GET /restaurants?q=ramen,200,OK,Restaurant Search Load Test 2-26,text,true,,587,137,1,52,http://localhost:8002/restaurants/?q=ramen,1,0,0
1777162217787,1,GET /restaurants?q=ramen,200,OK,Restaurant Search Load Test 2-26,text,true,,587,137,1,52,http://localhost:8002/restaurants/?q=ramen,1,0,0
1777162217788,1,GET /restaurants?q=ramen,200,OK,Restaurant Search Load Test 2-26,text,true,,587,137,1,52,http://localhost:8002/restaurants/?q=ramen,1,0,0
1777162217790,1,GET /restaurants?q=ramen,200,OK,Restaurant Search Load Test 2-26,text,true,,587,137,1,52,http://localhost:8002/restaurants/?q=ramen,1,0,0
1777162213827,3983,POST /auth/login,200,OK,Login Load Test 1-6,text,true,,316,243,26,51,http://localhost:8001/auth/login,3983,0,0
1777162213285,4525,Login for Token,200,OK,Review Submission Load Test 3-11,text,true,,316,243,25,51,http://localhost:8001/auth/login,4525,0,1
1777162213661,4149,Login for Token,200,OK,Review Submission Load Test 3-2,text,true,,316,243,25,51,http://localhost:8001/auth/login,4149,0,0
1777162213569,4243,POST /auth/login,200,OK,Login Load Test 1-12,text,true,,316,243,26,51,http://localhost:8001/auth/login,4243,0,0
1777162217810,2,POST /reviews/,400,Bad Request,Review Submission Load Test 3-2,text,false,,188,440,25,51,http://localhost:8004/reviews/,2,0,0
1777162217810,2,POST /reviews/,400,Bad Request,Review Submission Load Test 3-11,text,false,,188,440,25,51,http://localhost:8004/reviews/,2,0,0
1777162218077,2,GET /restaurants?q=ramen,200,OK,Restaurant Search Load Test 2-27,text,true,,587,137,1,52,http://localhost:8002/restaurants/?q=ramen,2,0,0
1777162218079,2,GET /restaurants?q=ramen,200,OK,Restaurant Search Load Test 2-27,text,true,,587,137,1,52,http://localhost:8002/restaurants/?q=ramen,2,0,0
1777162218081,1,GET /restaurants?q=ramen,200,OK,Restaurant Search Load Test 2-27,text,true,,587,137,1,52,http://localhost:8002/restaurants/?q=ramen,1,0,0
1777162218082,1,GET /restaurants?q=ramen,200,OK,Restaurant Search Load Test 2-27,text,true,,587,137,1,52,http://localhost:8002/restaurants/?q=ramen,1,0,0
1777162218083,2,GET /restaurants?q=ramen,200,OK,Restaurant Search Load Test 2-27,text,true,,587,137,1,52,http://localhost:8002/restaurants/?q=ramen,2,0,0
1777162218085,1,GET /restaurants?q=ramen,200,OK,Restaurant Search Load Test 2-27,text,true,,587,137,1,52,http://localhost:8002/restaurants/?q=ramen,1,0,0
1777162218086,1,GET /restaurants?q=ramen,200,OK,Restaurant Search Load Test 2-27,text,true,,587,137,1,53,http://localhost:8002/restaurants/?q=ramen,1,0,0
1777162218087,1,GET /restaurants?q=ramen,200,OK,Restaurant Search Load Test 2-27,text,true,,587,137,1,53,http://localhost:8002/restaurants/?q=ramen,1,0,0
1777162218088,1,GET /restaurants?q=ramen,200,OK,Restaurant Search Load Test 2-27,text,true,,587,137,1,53,http://localhost:8002/restaurants/?q=ramen,1,0,0
1777162218089,1,GET /restaurants?q=ramen,200,OK,Restaurant Search Load Test 2-27,text,true,,587,137,1,53,http://localhost:8002/restaurants/?q=ramen,1,0,0
1777162218377,2,GET /restaurants?q=ramen,200,OK,Restaurant Search Load Test 2-28,text,true,,587,137,1,54,http://localhost:8002/restaurants/?q=ramen,2,0,0
1777162218379,1,GET /restaurants?q=ramen,200,OK,Restaurant Search Load Test 2-28,text,true,,587,137,1,54,http://localhost:8002/restaurants/?q=ramen,1,0,0
1777162218380,2,GET /restaurants?q=ramen,200,OK,Restaurant Search Load Test 2-28,text,true,,587,137,1,54,http://localhost:8002/restaurants/?q=ramen,2,0,0
1777162218382,1,GET /restaurants?q=ramen,200,OK,Restaurant Search Load Test 2-28,text,true,,587,137,1,54,http://localhost:8002/restaurants/?q=ramen,1,0,0
1777162218383,1,GET /restaurants?q=ramen,200,OK,Restaurant Search Load Test 2-28,text,true,,587,137,1,55,http://localhost:8002/restaurants/?q=ramen,1,0,0
1777162218384,1,GET /restaurants?q=ramen,200,OK,Restaurant Search Load Test 2-28,text,true,,587,137,1,55,http://localhost:8002/restaurants/?q=ramen,1,0,0
1777162218385,2,GET /restaurants?q=ramen,200,OK,Restaurant Search Load Test 2-28,text,true,,587,137,1,55,http://localhost:8002/restaurants/?q=ramen,2,0,0
1777162218387,1,GET /restaurants?q=ramen,200,OK,Restaurant Search Load Test 2-28,text,true,,587,137,1,55,http://localhost:8002/restaurants/?q=ramen,1,0,0
1777162218388,1,GET /restaurants?q=ramen,200,OK,Restaurant Search Load Test 2-28,text,true,,587,137,1,55,http://localhost:8002/restaurants/?q=ramen,1,0,0
1777162218389,1,GET /restaurants?q=ramen,200,OK,Restaurant Search Load Test 2-28,text,true,,587,137,1,55,http://localhost:8002/restaurants/?q=ramen,1,0,0
1777162213582,5060,Login for Token,200,OK,Review Submission Load Test 3-12,text,true,,316,243,26,54,http://localhost:8001/auth/login,5060,0,0
1777162218642,1,POST /reviews/,400,Bad Request,Review Submission Load Test 3-12,text,false,,188,440,26,54,http://localhost:8004/reviews/,1,0,0
1777162218677,2,GET /restaurants?q=ramen,200,OK,Restaurant Search Load Test 2-29,text,true,,587,137,1,56,http://localhost:8002/restaurants/?q=ramen,2,0,0
1777162218679,1,GET /restaurants?q=ramen,200,OK,Restaurant Search Load Test 2-29,text,true,,587,137,1,56,http://localhost:8002/restaurants/?q=ramen,1,0,0
1777162218680,1,GET /restaurants?q=ramen,200,OK,Restaurant Search Load Test 2-29,text,true,,587,137,1,56,http://localhost:8002/restaurants/?q=ramen,1,0,0
1777162218682,1,GET /restaurants?q=ramen,200,OK,Restaurant Search Load Test 2-29,text,true,,587,137,1,56,http://localhost:8002/restaurants/?q=ramen,1,0,0
1777162218683,1,GET /restaurants?q=ramen,200,OK,Restaurant Search Load Test 2-29,text,true,,587,137,1,56,http://localhost:8002/restaurants/?q=ramen,1,0,0
1777162218684,1,GET /restaurants?q=ramen,200,OK,Restaurant Search Load Test 2-29,text,true,,587,137,1,56,http://localhost:8002/restaurants/?q=ramen,1,0,0
1777162218685,1,GET /restaurants?q=ramen,200,OK,Restaurant Search Load Test 2-29,text,true,,587,137,1,56,http://localhost:8002/restaurants/?q=ramen,1,0,0
1777162218686,1,GET /restaurants?q=ramen,200,OK,Restaurant Search Load Test 2-29,text,true,,587,137,1,57,http://localhost:8002/restaurants/?q=ramen,1,0,0
1777162218687,1,GET /restaurants?q=ramen,200,OK,Restaurant Search Load Test 2-29,text,true,,587,137,1,57,http://localhost:8002/restaurants/?q=ramen,1,0,0
1777162218689,0,GET /restaurants?q=ramen,200,OK,Restaurant Search Load Test 2-29,text,true,,587,137,1,57,http://localhost:8002/restaurants/?q=ramen,0,0,0
1777162213866,4945,POST /auth/login,200,OK,Login Load Test 1-13,text,true,,316,243,29,56,http://localhost:8001/auth/login,4945,0,0
1777162218977,2,GET /restaurants?q=ramen,200,OK,Restaurant Search Load Test 2-30,text,true,,587,137,1,58,http://localhost:8002/restaurants/?q=ramen,2,0,0
1777162218979,1,GET /restaurants?q=ramen,200,OK,Restaurant Search Load Test 2-30,text,true,,587,137,1,58,http://localhost:8002/restaurants/?q=ramen,1,0,0
1777162218980,1,GET /restaurants?q=ramen,200,OK,Restaurant Search Load Test 2-30,text,true,,587,137,1,58,http://localhost:8002/restaurants/?q=ramen,1,0,0
1777162218981,1,GET /restaurants?q=ramen,200,OK,Restaurant Search Load Test 2-30,text,true,,587,137,1,58,http://localhost:8002/restaurants/?q=ramen,1,0,0
1777162218983,1,GET /restaurants?q=ramen,200,OK,Restaurant Search Load Test 2-30,text,true,,587,137,1,58,http://localhost:8002/restaurants/?q=ramen,1,0,0
1777162218984,1,GET /restaurants?q=ramen,200,OK,Restaurant Search Load Test 2-30,text,true,,587,137,1,59,http://localhost:8002/restaurants/?q=ramen,1,0,0
1777162218985,1,GET /restaurants?q=ramen,200,OK,Restaurant Search Load Test 2-30,text,true,,587,137,1,59,http://localhost:8002/restaurants/?q=ramen,1,0,0
1777162218986,1,GET /restaurants?q=ramen,200,OK,Restaurant Search Load Test 2-30,text,true,,587,137,1,59,http://localhost:8002/restaurants/?q=ramen,1,0,0
1777162218987,1,GET /restaurants?q=ramen,200,OK,Restaurant Search Load Test 2-30,text,true,,587,137,1,59,http://localhost:8002/restaurants/?q=ramen,1,0,0
1777162218988,2,GET /restaurants?q=ramen,200,OK,Restaurant Search Load Test 2-30,text,true,,587,137,1,59,http://localhost:8002/restaurants/?q=ramen,2,0,0
1777162219276,2,GET /restaurants?q=ramen,200,OK,Restaurant Search Load Test 2-31,text,true,,587,137,1,60,http://localhost:8002/restaurants/?q=ramen,2,0,0
1777162219278,2,GET /restaurants?q=ramen,200,OK,Restaurant Search Load Test 2-31,text,true,,587,137,1,60,http://localhost:8002/restaurants/?q=ramen,2,0,0
1777162219280,1,GET /restaurants?q=ramen,200,OK,Restaurant Search Load Test 2-31,text,true,,587,137,1,60,http://localhost:8002/restaurants/?q=ramen,1,0,0
1777162219281,1,GET /restaurants?q=ramen,200,OK,Restaurant Search Load Test 2-31,text,true,,587,137,1,60,http://localhost:8002/restaurants/?q=ramen,1,0,0
1777162219282,1,GET /restaurants?q=ramen,200,OK,Restaurant Search Load Test 2-31,text,true,,587,137,1,60,http://localhost:8002/restaurants/?q=ramen,1,0,0
1777162219283,2,GET /restaurants?q=ramen,200,OK,Restaurant Search Load Test 2-31,text,true,,587,137,1,61,http://localhost:8002/restaurants/?q=ramen,2,0,0
1777162219285,1,GET /restaurants?q=ramen,200,OK,Restaurant Search Load Test 2-31,text,true,,587,137,1,61,http://localhost:8002/restaurants/?q=ramen,1,0,0
1777162219286,1,GET /restaurants?q=ramen,200,OK,Restaurant Search Load Test 2-31,text,true,,587,137,1,61,http://localhost:8002/restaurants/?q=ramen,1,0,0
1777162219287,1,GET /restaurants?q=ramen,200,OK,Restaurant Search Load Test 2-31,text,true,,587,137,1,61,http://localhost:8002/restaurants/?q=ramen,1,0,0
1777162219288,1,GET /restaurants?q=ramen,200,OK,Restaurant Search Load Test 2-31,text,true,,587,137,1,61,http://localhost:8002/restaurants/?q=ramen,1,0,0
1777162214825,4481,POST /auth/login,200,OK,Login Load Test 1-7,text,true,,316,243,31,60,http://localhost:8001/auth/login,4481,0,0
1777162214166,5140,POST /auth/login,200,OK,Login Load Test 1-14,text,true,,316,243,31,60,http://localhost:8001/auth/login,5140,0,0
1777162214827,4479,Login for Token,200,OK,Review Submission Load Test 3-3,text,true,,316,243,29,60,http://localhost:8001/auth/login,4479,0,0
1777162213884,5422,Login for Token,200,OK,Review Submission Load Test 3-13,text,true,,316,243,29,60,http://localhost:8001/auth/login,5422,0,0
1777162219305,2,POST /reviews/,400,Bad Request,Review Submission Load Test 3-3,text,false,,188,440,29,60,http://localhost:8004/reviews/,2,0,0
1777162219305,2,POST /reviews/,400,Bad Request,Review Submission Load Test 3-13,text,false,,188,440,29,60,http://localhost:8004/reviews/,2,0,0
1777162219577,2,GET /restaurants?q=ramen,200,OK,Restaurant Search Load Test 2-32,text,true,,587,137,1,61,http://localhost:8002/restaurants/?q=ramen,2,0,0
1777162219579,1,GET /restaurants?q=ramen,200,OK,Restaurant Search Load Test 2-32,text,true,,587,137,1,61,http://localhost:8002/restaurants/?q=ramen,1,0,0
1777162219581,1,GET /restaurants?q=ramen,200,OK,Restaurant Search Load Test 2-32,text,true,,587,137,1,62,http://localhost:8002/restaurants/?q=ramen,1,0,0
1777162219582,1,GET /restaurants?q=ramen,200,OK,Restaurant Search Load Test 2-32,text,true,,587,137,1,62,http://localhost:8002/restaurants/?q=ramen,1,0,0
1777162219583,2,GET /restaurants?q=ramen,200,OK,Restaurant Search Load Test 2-32,text,true,,587,137,1,62,http://localhost:8002/restaurants/?q=ramen,2,0,0
1777162219585,1,GET /restaurants?q=ramen,200,OK,Restaurant Search Load Test 2-32,text,true,,587,137,1,62,http://localhost:8002/restaurants/?q=ramen,1,0,0
1777162219586,1,GET /restaurants?q=ramen,200,OK,Restaurant Search Load Test 2-32,text,true,,587,137,1,62,http://localhost:8002/restaurants/?q=ramen,1,0,0
1777162219587,1,GET /restaurants?q=ramen,200,OK,Restaurant Search Load Test 2-32,text,true,,587,137,1,62,http://localhost:8002/restaurants/?q=ramen,1,0,0
1777162219588,1,GET /restaurants?q=ramen,200,OK,Restaurant Search Load Test 2-32,text,true,,587,137,1,62,http://localhost:8002/restaurants/?q=ramen,1,0,0
1777162219589,1,GET /restaurants?q=ramen,200,OK,Restaurant Search Load Test 2-32,text,true,,587,137,1,62,http://localhost:8002/restaurants/?q=ramen,1,0,0
1777162219877,2,GET /restaurants?q=ramen,200,OK,Restaurant Search Load Test 2-33,text,true,,587,137,1,63,http://localhost:8002/restaurants/?q=ramen,2,0,0
1777162219879,1,GET /restaurants?q=ramen,200,OK,Restaurant Search Load Test 2-33,text,true,,587,137,1,63,http://localhost:8002/restaurants/?q=ramen,1,0,0
1777162219880,1,GET /restaurants?q=ramen,200,OK,Restaurant Search Load Test 2-33,text,true,,587,137,1,63,http://localhost:8002/restaurants/?q=ramen,1,0,0
1777162219881,1,GET /restaurants?q=ramen,200,OK,Restaurant Search Load Test 2-33,text,true,,587,137,1,63,http://localhost:8002/restaurants/?q=ramen,1,0,0
1777162219882,1,GET /restaurants?q=ramen,200,OK,Restaurant Search Load Test 2-33,text,true,,587,137,1,63,http://localhost:8002/restaurants/?q=ramen,1,0,0
1777162219883,1,GET /restaurants?q=ramen,200,OK,Restaurant Search Load Test 2-33,text,true,,587,137,1,63,http://localhost:8002/restaurants/?q=ramen,1,0,0
1777162219884,1,GET /restaurants?q=ramen,200,OK,Restaurant Search Load Test 2-33,text,true,,587,137,1,63,http://localhost:8002/restaurants/?q=ramen,1,0,0
1777162219885,0,GET /restaurants?q=ramen,200,OK,Restaurant Search Load Test 2-33,text,true,,587,137,1,63,http://localhost:8002/restaurants/?q=ramen,0,0,0
1777162219885,1,GET /restaurants?q=ramen,200,OK,Restaurant Search Load Test 2-33,text,true,,587,137,1,64,http://localhost:8002/restaurants/?q=ramen,1,0,0
1777162219886,1,GET /restaurants?q=ramen,200,OK,Restaurant Search Load Test 2-33,text,true,,587,137,1,64,http://localhost:8002/restaurants/?q=ramen,1,0,0
1777162220175,2,GET /restaurants?q=ramen,200,OK,Restaurant Search Load Test 2-34,text,true,,587,137,1,65,http://localhost:8002/restaurants/?q=ramen,2,0,1
1777162220177,1,GET /restaurants?q=ramen,200,OK,Restaurant Search Load Test 2-34,text,true,,587,137,1,65,http://localhost:8002/restaurants/?q=ramen,1,0,0
1777162220178,1,GET /restaurants?q=ramen,200,OK,Restaurant Search Load Test 2-34,text,true,,587,137,1,65,http://localhost:8002/restaurants/?q=ramen,1,0,0
1777162220179,0,GET /restaurants?q=ramen,200,OK,Restaurant Search Load Test 2-34,text,true,,587,137,1,65,http://localhost:8002/restaurants/?q=ramen,0,0,0
1777162220179,1,GET /restaurants?q=ramen,200,OK,Restaurant Search Load Test 2-34,text,true,,587,137,1,65,http://localhost:8002/restaurants/?q=ramen,1,0,0
1777162220180,1,GET /restaurants?q=ramen,200,OK,Restaurant Search Load Test 2-34,text,true,,587,137,1,65,http://localhost:8002/restaurants/?q=ramen,1,0,0
1777162220181,1,GET /restaurants?q=ramen,200,OK,Restaurant Search Load Test 2-34,text,true,,587,137,1,66,http://localhost:8002/restaurants/?q=ramen,1,0,0
1777162220182,1,GET /restaurants?q=ramen,200,OK,Restaurant Search Load Test 2-34,text,true,,587,137,1,66,http://localhost:8002/restaurants/?q=ramen,1,0,0
1777162220183,0,GET /restaurants?q=ramen,200,OK,Restaurant Search Load Test 2-34,text,true,,587,137,1,66,http://localhost:8002/restaurants/?q=ramen,0,0,0
1777162220183,1,GET /restaurants?q=ramen,200,OK,Restaurant Search Load Test 2-34,text,true,,587,137,1,66,http://localhost:8002/restaurants/?q=ramen,1,0,0
1777162220477,2,GET /restaurants?q=ramen,200,OK,Restaurant Search Load Test 2-35,text,true,,587,137,1,67,http://localhost:8002/restaurants/?q=ramen,2,0,0
1777162220479,2,GET /restaurants?q=ramen,200,OK,Restaurant Search Load Test 2-35,text,true,,587,137,1,67,http://localhost:8002/restaurants/?q=ramen,2,0,0
1777162220481,1,GET /restaurants?q=ramen,200,OK,Restaurant Search Load Test 2-35,text,true,,587,137,1,67,http://localhost:8002/restaurants/?q=ramen,1,0,0
1777162220482,1,GET /restaurants?q=ramen,200,OK,Restaurant Search Load Test 2-35,text,true,,587,137,1,68,http://localhost:8002/restaurants/?q=ramen,1,0,0
1777162220484,1,GET /restaurants?q=ramen,200,OK,Restaurant Search Load Test 2-35,text,true,,587,137,1,68,http://localhost:8002/restaurants/?q=ramen,1,0,0
1777162220485,1,GET /restaurants?q=ramen,200,OK,Restaurant Search Load Test 2-35,text,true,,587,137,1,68,http://localhost:8002/restaurants/?q=ramen,1,0,0
1777162220486,1,GET /restaurants?q=ramen,200,OK,Restaurant Search Load Test 2-35,text,true,,587,137,1,68,http://localhost:8002/restaurants/?q=ramen,1,0,0
1777162220487,1,GET /restaurants?q=ramen,200,OK,Restaurant Search Load Test 2-35,text,true,,587,137,1,68,http://localhost:8002/restaurants/?q=ramen,1,0,0
1777162220488,1,GET /restaurants?q=ramen,200,OK,Restaurant Search Load Test 2-35,text,true,,587,137,1,68,http://localhost:8002/restaurants/?q=ramen,1,0,0
1777162220489,1,GET /restaurants?q=ramen,200,OK,Restaurant Search Load Test 2-35,text,true,,587,137,1,68,http://localhost:8002/restaurants/?q=ramen,1,0,0
1777162214827,5831,Login for Token,200,OK,Review Submission Load Test 3-7,text,true,,316,243,32,67,http://localhost:8001/auth/login,5831,0,0
1777162215818,4840,POST /auth/login,200,OK,Login Load Test 1-8,text,true,,316,243,35,67,http://localhost:8001/auth/login,4840,0,0
1777162214182,6477,Login for Token,200,OK,Review Submission Load Test 3-14,text,true,,316,243,32,67,http://localhost:8001/auth/login,6477,0,0
1777162215820,4838,Login for Token,200,OK,Review Submission Load Test 3-8,text,true,,316,243,32,67,http://localhost:8001/auth/login,4838,0,0
1777162220657,2,POST /reviews/,400,Bad Request,Review Submission Load Test 3-7,text,false,,188,440,32,67,http://localhost:8004/reviews/,2,0,0
1777162220658,2,POST /reviews/,400,Bad Request,Review Submission Load Test 3-8,text,false,,188,440,32,67,http://localhost:8004/reviews/,2,0,0
1777162220658,2,POST /reviews/,400,Bad Request,Review Submission Load Test 3-14,text,false,,188,440,32,67,http://localhost:8004/reviews/,2,0,1
1777162220774,1,GET /restaurants?q=ramen,200,OK,Restaurant Search Load Test 2-36,text,true,,587,137,1,69,http://localhost:8002/restaurants/?q=ramen,1,0,0
1777162220775,1,GET /restaurants?q=ramen,200,OK,Restaurant Search Load Test 2-36,text,true,,587,137,1,69,http://localhost:8002/restaurants/?q=ramen,1,0,0
1777162220776,1,GET /restaurants?q=ramen,200,OK,Restaurant Search Load Test 2-36,text,true,,587,137,1,69,http://localhost:8002/restaurants/?q=ramen,1,0,0
1777162220777,1,GET /restaurants?q=ramen,200,OK,Restaurant Search Load Test 2-36,text,true,,587,137,1,69,http://localhost:8002/restaurants/?q=ramen,1,0,0
1777162220778,0,GET /restaurants?q=ramen,200,OK,Restaurant Search Load Test 2-36,text,true,,587,137,1,69,http://localhost:8002/restaurants/?q=ramen,0,0,0
1777162220778,1,GET /restaurants?q=ramen,200,OK,Restaurant Search Load Test 2-36,text,true,,587,137,1,69,http://localhost:8002/restaurants/?q=ramen,1,0,0
1777162220779,1,GET /restaurants?q=ramen,200,OK,Restaurant Search Load Test 2-36,text,true,,587,137,1,69,http://localhost:8002/restaurants/?q=ramen,1,0,0
1777162220780,1,GET /restaurants?q=ramen,200,OK,Restaurant Search Load Test 2-36,text,true,,587,137,1,69,http://localhost:8002/restaurants/?q=ramen,1,0,0
1777162220781,0,GET /restaurants?q=ramen,200,OK,Restaurant Search Load Test 2-36,text,true,,587,137,1,69,http://localhost:8002/restaurants/?q=ramen,0,0,0
1777162220781,1,GET /restaurants?q=ramen,200,OK,Restaurant Search Load Test 2-36,text,true,,587,137,1,69,http://localhost:8002/restaurants/?q=ramen,1,0,0
1777162221077,2,GET /restaurants?q=ramen,200,OK,Restaurant Search Load Test 2-37,text,true,,587,137,1,71,http://localhost:8002/restaurants/?q=ramen,2,0,0
1777162221079,2,GET /restaurants?q=ramen,200,OK,Restaurant Search Load Test 2-37,text,true,,587,137,1,71,http://localhost:8002/restaurants/?q=ramen,2,0,0
1777162221081,1,GET /restaurants?q=ramen,200,OK,Restaurant Search Load Test 2-37,text,true,,587,137,1,71,http://localhost:8002/restaurants/?q=ramen,1,0,0
1777162221082,1,GET /restaurants?q=ramen,200,OK,Restaurant Search Load Test 2-37,text,true,,587,137,1,71,http://localhost:8002/restaurants/?q=ramen,1,0,0
1777162221084,1,GET /restaurants?q=ramen,200,OK,Restaurant Search Load Test 2-37,text,true,,587,137,1,71,http://localhost:8002/restaurants/?q=ramen,1,0,0
1777162221085,1,GET /restaurants?q=ramen,200,OK,Restaurant Search Load Test 2-37,text,true,,587,137,1,72,http://localhost:8002/restaurants/?q=ramen,1,0,0
1777162221086,1,GET /restaurants?q=ramen,200,OK,Restaurant Search Load Test 2-37,text,true,,587,137,1,72,http://localhost:8002/restaurants/?q=ramen,1,0,0
1777162221087,1,GET /restaurants?q=ramen,200,OK,Restaurant Search Load Test 2-37,text,true,,587,137,1,72,http://localhost:8002/restaurants/?q=ramen,1,0,0
1777162221088,1,GET /restaurants?q=ramen,200,OK,Restaurant Search Load Test 2-37,text,true,,587,137,1,72,http://localhost:8002/restaurants/?q=ramen,1,0,0
1777162221090,1,GET /restaurants?q=ramen,200,OK,Restaurant Search Load Test 2-37,text,true,,587,137,1,72,http://localhost:8002/restaurants/?q=ramen,1,0,0
1777162216975,4354,POST /auth/login,200,OK,Login Load Test 1-3,text,true,,316,243,37,71,http://localhost:8001/auth/login,4354,0,0
1777162216975,4354,POST /auth/login,200,OK,Login Load Test 1-1,text,true,,316,243,37,71,http://localhost:8001/auth/login,4354,0,0
1777162216975,4354,POST /auth/login,200,OK,Login Load Test 1-5,text,true,,316,243,37,71,http://localhost:8001/auth/login,4354,0,0
1777162216977,4352,Login for Token,200,OK,Review Submission Load Test 3-9,text,true,,316,243,34,71,http://localhost:8001/auth/login,4352,0,0
1777162214467,6863,POST /auth/login,200,OK,Login Load Test 1-15,text,true,,316,243,37,71,http://localhost:8001/auth/login,6863,0,0
1777162216975,4355,POST /auth/login,200,OK,Login Load Test 1-4,text,true,,316,243,37,71,http://localhost:8001/auth/login,4355,0,0
1777162216975,4355,POST /auth/login,200,OK,Login Load Test 1-9,text,true,,316,243,37,71,http://localhost:8001/auth/login,4355,0,0
1777162214484,6847,Login for Token,200,OK,Review Submission Load Test 3-15,text,true,,316,243,34,71,http://localhost:8001/auth/login,6847,0,0
1777162221329,2,POST /reviews/,400,Bad Request,Review Submission Load Test 3-9,text,false,,188,440,34,71,http://localhost:8004/reviews/,2,0,0
1777162221330,2,POST /reviews/,400,Bad Request,Review Submission Load Test 3-15,text,false,,188,440,34,71,http://localhost:8004/reviews/,2,0,1
1777162221377,2,GET /restaurants?q=ramen,200,OK,Restaurant Search Load Test 2-38,text,true,,587,137,1,73,http://localhost:8002/restaurants/?q=ramen,2,0,0
1777162221379,1,GET /restaurants?q=ramen,200,OK,Restaurant Search Load Test 2-38,text,true,,587,137,1,73,http://localhost:8002/restaurants/?q=ramen,1,0,0
1777162221380,2,GET /restaurants?q=ramen,200,OK,Restaurant Search Load Test 2-38,text,true,,587,137,1,74,http://localhost:8002/restaurants/?q=ramen,2,0,0
1777162221382,1,GET /restaurants?q=ramen,200,OK,Restaurant Search Load Test 2-38,text,true,,587,137,1,74,http://localhost:8002/restaurants/?q=ramen,1,0,0
1777162221383,1,GET /restaurants?q=ramen,200,OK,Restaurant Search Load Test 2-38,text,true,,587,137,1,74,http://localhost:8002/restaurants/?q=ramen,1,0,0
1777162221384,1,GET /restaurants?q=ramen,200,OK,Restaurant Search Load Test 2-38,text,true,,587,137,1,74,http://localhost:8002/restaurants/?q=ramen,1,0,0
1777162221385,1,GET /restaurants?q=ramen,200,OK,Restaurant Search Load Test 2-38,text,true,,587,137,1,74,http://localhost:8002/restaurants/?q=ramen,1,0,0
1777162221386,2,GET /restaurants?q=ramen,200,OK,Restaurant Search Load Test 2-38,text,true,,587,137,1,74,http://localhost:8002/restaurants/?q=ramen,2,0,0
1777162221388,1,GET /restaurants?q=ramen,200,OK,Restaurant Search Load Test 2-38,text,true,,587,137,1,74,http://localhost:8002/restaurants/?q=ramen,1,0,0
1777162221389,1,GET /restaurants?q=ramen,200,OK,Restaurant Search Load Test 2-38,text,true,,587,137,1,74,http://localhost:8002/restaurants/?q=ramen,1,0,0
1777162221673,1,GET /restaurants?q=ramen,200,OK,Restaurant Search Load Test 2-39,text,true,,587,137,1,75,http://localhost:8002/restaurants/?q=ramen,1,0,0
1777162221674,1,GET /restaurants?q=ramen,200,OK,Restaurant Search Load Test 2-39,text,true,,587,137,1,75,http://localhost:8002/restaurants/?q=ramen,1,0,0
1777162221675,1,GET /restaurants?q=ramen,200,OK,Restaurant Search Load Test 2-39,text,true,,587,137,1,75,http://localhost:8002/restaurants/?q=ramen,1,0,0
1777162221676,1,GET /restaurants?q=ramen,200,OK,Restaurant Search Load Test 2-39,text,true,,587,137,1,75,http://localhost:8002/restaurants/?q=ramen,1,0,0
1777162221677,0,GET /restaurants?q=ramen,200,OK,Restaurant Search Load Test 2-39,text,true,,587,137,1,75,http://localhost:8002/restaurants/?q=ramen,0,0,0
1777162221677,1,GET /restaurants?q=ramen,200,OK,Restaurant Search Load Test 2-39,text,true,,587,137,1,75,http://localhost:8002/restaurants/?q=ramen,1,0,0
1777162221678,1,GET /restaurants?q=ramen,200,OK,Restaurant Search Load Test 2-39,text,true,,587,137,1,75,http://localhost:8002/restaurants/?q=ramen,1,0,0
1777162221679,1,GET /restaurants?q=ramen,200,OK,Restaurant Search Load Test 2-39,text,true,,587,137,1,75,http://localhost:8002/restaurants/?q=ramen,1,0,0
1777162221680,0,GET /restaurants?q=ramen,200,OK,Restaurant Search Load Test 2-39,text,true,,587,137,1,75,http://localhost:8002/restaurants/?q=ramen,0,0,0
1777162221680,1,GET /restaurants?q=ramen,200,OK,Restaurant Search Load Test 2-39,text,true,,587,137,1,75,http://localhost:8002/restaurants/?q=ramen,1,0,0
1777162221973,2,GET /restaurants?q=ramen,200,OK,Restaurant Search Load Test 2-40,text,true,,587,137,1,77,http://localhost:8002/restaurants/?q=ramen,2,0,0
1777162221975,1,GET /restaurants?q=ramen,200,OK,Restaurant Search Load Test 2-40,text,true,,587,137,1,77,http://localhost:8002/restaurants/?q=ramen,1,0,0
1777162221976,2,GET /restaurants?q=ramen,200,OK,Restaurant Search Load Test 2-40,text,true,,587,137,1,77,http://localhost:8002/restaurants/?q=ramen,2,0,0
1777162221978,1,GET /restaurants?q=ramen,200,OK,Restaurant Search Load Test 2-40,text,true,,587,137,1,77,http://localhost:8002/restaurants/?q=ramen,1,0,0
1777162221979,1,GET /restaurants?q=ramen,200,OK,Restaurant Search Load Test 2-40,text,true,,587,137,1,77,http://localhost:8002/restaurants/?q=ramen,1,0,0
1777162221980,1,GET /restaurants?q=ramen,200,OK,Restaurant Search Load Test 2-40,text,true,,587,137,1,77,http://localhost:8002/restaurants/?q=ramen,1,0,0
1777162221981,1,GET /restaurants?q=ramen,200,OK,Restaurant Search Load Test 2-40,text,true,,587,137,1,77,http://localhost:8002/restaurants/?q=ramen,1,0,0
1777162221982,1,GET /restaurants?q=ramen,200,OK,Restaurant Search Load Test 2-40,text,true,,587,137,1,77,http://localhost:8002/restaurants/?q=ramen,1,0,0
1777162221983,1,GET /restaurants?q=ramen,200,OK,Restaurant Search Load Test 2-40,text,true,,587,137,1,77,http://localhost:8002/restaurants/?q=ramen,1,0,0
1777162221984,1,GET /restaurants?q=ramen,200,OK,Restaurant Search Load Test 2-40,text,true,,587,137,1,77,http://localhost:8002/restaurants/?q=ramen,1,0,0
1777162222276,1,GET /restaurants?q=ramen,200,OK,Restaurant Search Load Test 2-41,text,true,,587,137,1,79,http://localhost:8002/restaurants/?q=ramen,1,0,0
1777162222277,2,GET /restaurants?q=ramen,200,OK,Restaurant Search Load Test 2-41,text,true,,587,137,1,79,http://localhost:8002/restaurants/?q=ramen,2,0,0
1777162222279,1,GET /restaurants?q=ramen,200,OK,Restaurant Search Load Test 2-41,text,true,,587,137,1,79,http://localhost:8002/restaurants/?q=ramen,1,0,0
1777162222280,1,GET /restaurants?q=ramen,200,OK,Restaurant Search Load Test 2-41,text,true,,587,137,1,79,http://localhost:8002/restaurants/?q=ramen,1,0,0
1777162222281,1,GET /restaurants?q=ramen,200,OK,Restaurant Search Load Test 2-41,text,true,,587,137,1,79,http://localhost:8002/restaurants/?q=ramen,1,0,0
1777162222282,1,GET /restaurants?q=ramen,200,OK,Restaurant Search Load Test 2-41,text,true,,587,137,1,79,http://localhost:8002/restaurants/?q=ramen,1,0,0
1777162222283,1,GET /restaurants?q=ramen,200,OK,Restaurant Search Load Test 2-41,text,true,,587,137,1,79,http://localhost:8002/restaurants/?q=ramen,1,0,0
1777162222284,1,GET /restaurants?q=ramen,200,OK,Restaurant Search Load Test 2-41,text,true,,587,137,1,80,http://localhost:8002/restaurants/?q=ramen,1,0,0
1777162222285,1,GET /restaurants?q=ramen,200,OK,Restaurant Search Load Test 2-41,text,true,,587,137,1,80,http://localhost:8002/restaurants/?q=ramen,1,0,0
1777162222286,1,GET /restaurants?q=ramen,200,OK,Restaurant Search Load Test 2-41,text,true,,587,137,1,80,http://localhost:8002/restaurants/?q=ramen,1,0,0
1777162217477,5031,POST /auth/login,200,OK,Login Load Test 1-11,text,true,,316,243,41,79,http://localhost:8001/auth/login,5031,0,0
1777162217477,5031,POST /auth/login,200,OK,Login Load Test 1-2,text,true,,316,243,41,79,http://localhost:8001/auth/login,5031,0,0
1777162214766,7743,POST /auth/login,200,OK,Login Load Test 1-16,text,true,,316,243,41,79,http://localhost:8001/auth/login,7743,0,1
1777162214786,7723,Login for Token,200,OK,Review Submission Load Test 3-16,text,true,,316,243,38,79,http://localhost:8001/auth/login,7723,0,0
1777162222508,2,POST /reviews/,400,Bad Request,Review Submission Load Test 3-16,text,false,,188,440,38,79,http://localhost:8004/reviews/,2,0,0
1777162222577,2,GET /restaurants?q=ramen,200,OK,Restaurant Search Load Test 2-42,text,true,,587,137,1,81,http://localhost:8002/restaurants/?q=ramen,2,0,0
1777162222579,2,GET /restaurants?q=ramen,200,OK,Restaurant Search Load Test 2-42,text,true,,587,137,1,81,http://localhost:8002/restaurants/?q=ramen,2,0,0
1777162222581,1,GET /restaurants?q=ramen,200,OK,Restaurant Search Load Test 2-42,text,true,,587,137,1,81,http://localhost:8002/restaurants/?q=ramen,1,0,0
1777162222582,1,GET /restaurants?q=ramen,200,OK,Restaurant Search Load Test 2-42,text,true,,587,137,1,82,http://localhost:8002/restaurants/?q=ramen,1,0,0
1777162222583,1,GET /restaurants?q=ramen,200,OK,Restaurant Search Load Test 2-42,text,true,,587,137,1,82,http://localhost:8002/restaurants/?q=ramen,1,0,0
1777162222584,2,GET /restaurants?q=ramen,200,OK,Restaurant Search Load Test 2-42,text,true,,587,137,1,82,http://localhost:8002/restaurants/?q=ramen,2,0,0
1777162222586,1,GET /restaurants?q=ramen,200,OK,Restaurant Search Load Test 2-42,text,true,,587,137,1,82,http://localhost:8002/restaurants/?q=ramen,1,0,0
1777162222587,1,GET /restaurants?q=ramen,200,OK,Restaurant Search Load Test 2-42,text,true,,587,137,1,82,http://localhost:8002/restaurants/?q=ramen,1,0,0
1777162222588,1,GET /restaurants?q=ramen,200,OK,Restaurant Search Load Test 2-42,text,true,,587,137,1,82,http://localhost:8002/restaurants/?q=ramen,1,0,0
1777162222589,1,GET /restaurants?q=ramen,200,OK,Restaurant Search Load Test 2-42,text,true,,587,137,1,82,http://localhost:8002/restaurants/?q=ramen,1,0,0
1777162222877,2,GET /restaurants?q=ramen,200,OK,Restaurant Search Load Test 2-43,text,true,,587,137,1,83,http://localhost:8002/restaurants/?q=ramen,2,0,0
1777162222879,2,GET /restaurants?q=ramen,200,OK,Restaurant Search Load Test 2-43,text,true,,587,137,1,83,http://localhost:8002/restaurants/?q=ramen,2,0,0
1777162222881,1,GET /restaurants?q=ramen,200,OK,Restaurant Search Load Test 2-43,text,true,,587,137,1,83,http://localhost:8002/restaurants/?q=ramen,1,0,0
1777162222882,1,GET /restaurants?q=ramen,200,OK,Restaurant Search Load Test 2-43,text,true,,587,137,1,83,http://localhost:8002/restaurants/?q=ramen,1,0,0
1777162222883,1,GET /restaurants?q=ramen,200,OK,Restaurant Search Load Test 2-43,text,true,,587,137,1,83,http://localhost:8002/restaurants/?q=ramen,1,0,0
1777162222884,1,GET /restaurants?q=ramen,200,OK,Restaurant Search Load Test 2-43,text,true,,587,137,1,83,http://localhost:8002/restaurants/?q=ramen,1,0,0
1777162222885,1,GET /restaurants?q=ramen,200,OK,Restaurant Search Load Test 2-43,text,true,,587,137,1,84,http://localhost:8002/restaurants/?q=ramen,1,0,0
1777162222886,1,GET /restaurants?q=ramen,200,OK,Restaurant Search Load Test 2-43,text,true,,587,137,1,84,http://localhost:8002/restaurants/?q=ramen,1,0,0
1777162222887,1,GET /restaurants?q=ramen,200,OK,Restaurant Search Load Test 2-43,text,true,,587,137,1,84,http://localhost:8002/restaurants/?q=ramen,1,0,0
1777162222888,2,GET /restaurants?q=ramen,200,OK,Restaurant Search Load Test 2-43,text,true,,587,137,1,84,http://localhost:8002/restaurants/?q=ramen,2,0,0
1777162223177,2,GET /restaurants?q=ramen,200,OK,Restaurant Search Load Test 2-44,text,true,,587,137,1,85,http://localhost:8002/restaurants/?q=ramen,2,0,0
1777162223179,1,GET /restaurants?q=ramen,200,OK,Restaurant Search Load Test 2-44,text,true,,587,137,1,85,http://localhost:8002/restaurants/?q=ramen,1,0,0
1777162223180,1,GET /restaurants?q=ramen,200,OK,Restaurant Search Load Test 2-44,text,true,,587,137,1,85,http://localhost:8002/restaurants/?q=ramen,1,0,0
1777162223181,2,GET /restaurants?q=ramen,200,OK,Restaurant Search Load Test 2-44,text,true,,587,137,1,85,http://localhost:8002/restaurants/?q=ramen,2,0,0
1777162223183,1,GET /restaurants?q=ramen,200,OK,Restaurant Search Load Test 2-44,text,true,,587,137,1,86,http://localhost:8002/restaurants/?q=ramen,1,0,0
1777162223184,1,GET /restaurants?q=ramen,200,OK,Restaurant Search Load Test 2-44,text,true,,587,137,1,86,http://localhost:8002/restaurants/?q=ramen,1,0,0
1777162223185,1,GET /restaurants?q=ramen,200,OK,Restaurant Search Load Test 2-44,text,true,,587,137,1,86,http://localhost:8002/restaurants/?q=ramen,1,0,0
1777162223186,1,GET /restaurants?q=ramen,200,OK,Restaurant Search Load Test 2-44,text,true,,587,137,1,86,http://localhost:8002/restaurants/?q=ramen,1,0,0
1777162223187,1,GET /restaurants?q=ramen,200,OK,Restaurant Search Load Test 2-44,text,true,,587,137,1,86,http://localhost:8002/restaurants/?q=ramen,1,0,0
1777162223188,2,GET /restaurants?q=ramen,200,OK,Restaurant Search Load Test 2-44,text,true,,587,137,1,86,http://localhost:8002/restaurants/?q=ramen,2,0,0
1777162215067,8270,POST /auth/login,200,OK,Login Load Test 1-17,text,true,,316,243,44,85,http://localhost:8001/auth/login,8270,0,0
1777162217477,5859,POST /auth/login,200,OK,Login Load Test 1-10,text,true,,316,243,44,85,http://localhost:8001/auth/login,5859,0,0
1777162217810,5526,POST /auth/login,200,OK,Login Load Test 1-6,text,true,,316,243,44,85,http://localhost:8001/auth/login,5526,0,0
1777162217481,5855,Login for Token,200,OK,Review Submission Load Test 3-10,text,true,,316,243,41,85,http://localhost:8001/auth/login,5855,0,0
1777162217480,5856,Login for Token,200,OK,Review Submission Load Test 3-6,text,true,,316,243,41,85,http://localhost:8001/auth/login,5856,0,0
1777162217480,5856,Login for Token,200,OK,Review Submission Load Test 3-4,text,true,,316,243,41,85,http://localhost:8001/auth/login,5856,0,0
1777162217482,5854,Login for Token,200,OK,Review Submission Load Test 3-5,text,true,,316,243,41,85,http://localhost:8001/auth/login,5854,0,0
1777162215086,8251,Login for Token,200,OK,Review Submission Load Test 3-17,text,true,,316,243,41,85,http://localhost:8001/auth/login,8251,0,0
1777162223336,3,POST /reviews/,400,Bad Request,Review Submission Load Test 3-4,text,false,,188,440,41,85,http://localhost:8004/reviews/,3,0,0
1777162223336,4,POST /reviews/,400,Bad Request,Review Submission Load Test 3-5,text,false,,188,440,40,84,http://localhost:8004/reviews/,4,0,0
1777162223336,4,POST /reviews/,400,Bad Request,Review Submission Load Test 3-17,text,false,,188,440,39,83,http://localhost:8004/reviews/,4,0,0
1777162223336,4,POST /reviews/,400,Bad Request,Review Submission Load Test 3-10,text,false,,188,440,39,83,http://localhost:8004/reviews/,4,0,0
1777162223336,5,POST /reviews/,400,Bad Request,Review Submission Load Test 3-6,text,false,,188,440,39,83,http://localhost:8004/reviews/,5,0,0
1777162223473,2,GET /restaurants?q=ramen,200,OK,Restaurant Search Load Test 2-45,text,true,,587,137,1,84,http://localhost:8002/restaurants/?q=ramen,2,0,0
1777162223475,1,GET /restaurants?q=ramen,200,OK,Restaurant Search Load Test 2-45,text,true,,587,137,1,84,http://localhost:8002/restaurants/?q=ramen,1,0,0
1777162223476,2,GET /restaurants?q=ramen,200,OK,Restaurant Search Load Test 2-45,text,true,,587,137,1,84,http://localhost:8002/restaurants/?q=ramen,2,0,0
1777162223478,1,GET /restaurants?q=ramen,200,OK,Restaurant Search Load Test 2-45,text,true,,587,137,1,84,http://localhost:8002/restaurants/?q=ramen,1,0,0
1777162223479,1,GET /restaurants?q=ramen,200,OK,Restaurant Search Load Test 2-45,text,true,,587,137,1,84,http://localhost:8002/restaurants/?q=ramen,1,0,0
1777162223480,1,GET /restaurants?q=ramen,200,OK,Restaurant Search Load Test 2-45,text,true,,587,137,1,85,http://localhost:8002/restaurants/?q=ramen,1,0,0
1777162223481,1,GET /restaurants?q=ramen,200,OK,Restaurant Search Load Test 2-45,text,true,,587,137,1,85,http://localhost:8002/restaurants/?q=ramen,1,0,0
1777162223482,1,GET /restaurants?q=ramen,200,OK,Restaurant Search Load Test 2-45,text,true,,587,137,1,85,http://localhost:8002/restaurants/?q=ramen,1,0,0
1777162223483,1,GET /restaurants?q=ramen,200,OK,Restaurant Search Load Test 2-45,text,true,,587,137,1,85,http://localhost:8002/restaurants/?q=ramen,1,0,0
1777162223484,2,GET /restaurants?q=ramen,200,OK,Restaurant Search Load Test 2-45,text,true,,587,137,1,85,http://localhost:8002/restaurants/?q=ramen,2,0,0
1777162223773,2,GET /restaurants?q=ramen,200,OK,Restaurant Search Load Test 2-46,text,true,,587,137,1,86,http://localhost:8002/restaurants/?q=ramen,2,0,0
1777162223775,1,GET /restaurants?q=ramen,200,OK,Restaurant Search Load Test 2-46,text,true,,587,137,1,86,http://localhost:8002/restaurants/?q=ramen,1,0,0
1777162223776,1,GET /restaurants?q=ramen,200,OK,Restaurant Search Load Test 2-46,text,true,,587,137,1,86,http://localhost:8002/restaurants/?q=ramen,1,0,0
1777162223777,1,GET /restaurants?q=ramen,200,OK,Restaurant Search Load Test 2-46,text,true,,587,137,1,86,http://localhost:8002/restaurants/?q=ramen,1,0,0
1777162223778,1,GET /restaurants?q=ramen,200,OK,Restaurant Search Load Test 2-46,text,true,,587,137,1,86,http://localhost:8002/restaurants/?q=ramen,1,0,0
1777162223779,1,GET /restaurants?q=ramen,200,OK,Restaurant Search Load Test 2-46,text,true,,587,137,1,86,http://localhost:8002/restaurants/?q=ramen,1,0,0
1777162223780,1,GET /restaurants?q=ramen,200,OK,Restaurant Search Load Test 2-46,text,true,,587,137,1,86,http://localhost:8002/restaurants/?q=ramen,1,0,0
1777162223781,1,GET /restaurants?q=ramen,200,OK,Restaurant Search Load Test 2-46,text,true,,587,137,1,86,http://localhost:8002/restaurants/?q=ramen,1,0,0
1777162223782,0,GET /restaurants?q=ramen,200,OK,Restaurant Search Load Test 2-46,text,true,,587,137,1,87,http://localhost:8002/restaurants/?q=ramen,0,0,0
1777162223782,1,GET /restaurants?q=ramen,200,OK,Restaurant Search Load Test 2-46,text,true,,587,137,1,87,http://localhost:8002/restaurants/?q=ramen,1,0,0
1777162224077,2,GET /restaurants?q=ramen,200,OK,Restaurant Search Load Test 2-47,text,true,,587,137,1,88,http://localhost:8002/restaurants/?q=ramen,2,0,0
1777162224079,2,GET /restaurants?q=ramen,200,OK,Restaurant Search Load Test 2-47,text,true,,587,137,1,88,http://localhost:8002/restaurants/?q=ramen,2,0,0
1777162224081,1,GET /restaurants?q=ramen,200,OK,Restaurant Search Load Test 2-47,text,true,,587,137,1,89,http://localhost:8002/restaurants/?q=ramen,1,0,0
1777162224082,1,GET /restaurants?q=ramen,200,OK,Restaurant Search Load Test 2-47,text,true,,587,137,1,89,http://localhost:8002/restaurants/?q=ramen,1,0,0
1777162224083,1,GET /restaurants?q=ramen,200,OK,Restaurant Search Load Test 2-47,text,true,,587,137,1,89,http://localhost:8002/restaurants/?q=ramen,1,0,0
1777162224084,1,GET /restaurants?q=ramen,200,OK,Restaurant Search Load Test 2-47,text,true,,587,137,1,89,http://localhost:8002/restaurants/?q=ramen,1,0,0
1777162224085,1,GET /restaurants?q=ramen,200,OK,Restaurant Search Load Test 2-47,text,true,,587,137,1,89,http://localhost:8002/restaurants/?q=ramen,1,0,0
1777162224086,1,GET /restaurants?q=ramen,200,OK,Restaurant Search Load Test 2-47,text,true,,587,137,1,89,http://localhost:8002/restaurants/?q=ramen,1,0,0
1777162224087,1,GET /restaurants?q=ramen,200,OK,Restaurant Search Load Test 2-47,text,true,,587,137,1,89,http://localhost:8002/restaurants/?q=ramen,1,0,0
1777162224088,1,GET /restaurants?q=ramen,200,OK,Restaurant Search Load Test 2-47,text,true,,587,137,1,89,http://localhost:8002/restaurants/?q=ramen,1,0,0
1777162215367,8999,POST /auth/login,200,OK,Login Load Test 1-18,text,true,,316,243,48,89,http://localhost:8001/auth/login,8999,0,0
1777162217811,6555,POST /auth/login,200,OK,Login Load Test 1-12,text,true,,316,243,48,89,http://localhost:8001/auth/login,6555,0,0
1777162217812,6554,Login for Token,200,OK,Review Submission Load Test 3-11,text,true,,316,243,41,89,http://localhost:8001/auth/login,6554,0,0
1777162215386,8980,Login for Token,200,OK,Review Submission Load Test 3-18,text,true,,316,243,41,89,http://localhost:8001/auth/login,8980,0,1
1777162218644,5722,Login for Token,200,OK,Review Submission Load Test 3-12,text,true,,316,243,41,89,http://localhost:8001/auth/login,5722,0,0
1777162224366,3,POST /reviews/,400,Bad Request,Review Submission Load Test 3-11,text,false,,188,440,41,89,http://localhost:8004/reviews/,3,0,1
1777162224367,2,POST /reviews/,400,Bad Request,Review Submission Load Test 3-18,text,false,,188,440,41,89,http://localhost:8004/reviews/,2,0,0
1777162224366,3,POST /reviews/,400,Bad Request,Review Submission Load Test 3-12,text,false,,188,440,41,89,http://localhost:8004/reviews/,3,0,1
1777162224375,2,GET /restaurants?q=ramen,200,OK,Restaurant Search Load Test 2-48,text,true,,587,137,1,90,http://localhost:8002/restaurants/?q=ramen,2,0,1
1777162224377,1,GET /restaurants?q=ramen,200,OK,Restaurant Search Load Test 2-48,text,true,,587,137,1,90,http://localhost:8002/restaurants/?q=ramen,1,0,0
1777162224378,1,GET /restaurants?q=ramen,200,OK,Restaurant Search Load Test 2-48,text,true,,587,137,1,90,http://localhost:8002/restaurants/?q=ramen,1,0,0
1777162224379,0,GET /restaurants?q=ramen,200,OK,Restaurant Search Load Test 2-48,text,true,,587,137,1,90,http://localhost:8002/restaurants/?q=ramen,0,0,0
1777162224379,1,GET /restaurants?q=ramen,200,OK,Restaurant Search Load Test 2-48,text,true,,587,137,1,90,http://localhost:8002/restaurants/?q=ramen,1,0,0
1777162224380,1,GET /restaurants?q=ramen,200,OK,Restaurant Search Load Test 2-48,text,true,,587,137,1,90,http://localhost:8002/restaurants/?q=ramen,1,0,0
1777162224381,1,GET /restaurants?q=ramen,200,OK,Restaurant Search Load Test 2-48,text,true,,587,137,1,90,http://localhost:8002/restaurants/?q=ramen,1,0,0
1777162224382,0,GET /restaurants?q=ramen,200,OK,Restaurant Search Load Test 2-48,text,true,,587,137,1,90,http://localhost:8002/restaurants/?q=ramen,0,0,0
1777162224382,1,GET /restaurants?q=ramen,200,OK,Restaurant Search Load Test 2-48,text,true,,587,137,1,90,http://localhost:8002/restaurants/?q=ramen,1,0,0
1777162224383,1,GET /restaurants?q=ramen,200,OK,Restaurant Search Load Test 2-48,text,true,,587,137,1,90,http://localhost:8002/restaurants/?q=ramen,1,0,0
1777162224676,2,GET /restaurants?q=ramen,200,OK,Restaurant Search Load Test 2-49,text,true,,587,137,1,92,http://localhost:8002/restaurants/?q=ramen,2,0,0
1777162224678,2,GET /restaurants?q=ramen,200,OK,Restaurant Search Load Test 2-49,text,true,,587,137,1,92,http://localhost:8002/restaurants/?q=ramen,2,0,0
1777162224680,1,GET /restaurants?q=ramen,200,OK,Restaurant Search Load Test 2-49,text,true,,587,137,1,92,http://localhost:8002/restaurants/?q=ramen,1,0,0
1777162224681,1,GET /restaurants?q=ramen,200,OK,Restaurant Search Load Test 2-49,text,true,,587,137,1,92,http://localhost:8002/restaurants/?q=ramen,1,0,0
1777162224682,1,GET /restaurants?q=ramen,200,OK,Restaurant Search Load Test 2-49,text,true,,587,137,1,92,http://localhost:8002/restaurants/?q=ramen,1,0,0
1777162224683,1,GET /restaurants?q=ramen,200,OK,Restaurant Search Load Test 2-49,text,true,,587,137,1,93,http://localhost:8002/restaurants/?q=ramen,1,0,0
1777162224684,1,GET /restaurants?q=ramen,200,OK,Restaurant Search Load Test 2-49,text,true,,587,137,1,93,http://localhost:8002/restaurants/?q=ramen,1,0,0
1777162224685,1,GET /restaurants?q=ramen,200,OK,Restaurant Search Load Test 2-49,text,true,,587,137,1,93,http://localhost:8002/restaurants/?q=ramen,1,0,0
1777162224686,1,GET /restaurants?q=ramen,200,OK,Restaurant Search Load Test 2-49,text,true,,587,137,1,93,http://localhost:8002/restaurants/?q=ramen,1,0,0
1777162224687,1,GET /restaurants?q=ramen,200,OK,Restaurant Search Load Test 2-49,text,true,,587,137,1,93,http://localhost:8002/restaurants/?q=ramen,1,0,0
1777162224976,2,GET /restaurants?q=ramen,200,OK,Restaurant Search Load Test 2-50,text,true,,587,137,1,94,http://localhost:8002/restaurants/?q=ramen,2,0,0
1777162224978,1,GET /restaurants?q=ramen,200,OK,Restaurant Search Load Test 2-50,text,true,,587,137,1,94,http://localhost:8002/restaurants/?q=ramen,1,0,0
1777162224979,1,GET /restaurants?q=ramen,200,OK,Restaurant Search Load Test 2-50,text,true,,587,137,1,94,http://localhost:8002/restaurants/?q=ramen,1,0,0
1777162224980,2,GET /restaurants?q=ramen,200,OK,Restaurant Search Load Test 2-50,text,true,,587,137,1,94,http://localhost:8002/restaurants/?q=ramen,2,0,0
1777162224982,1,GET /restaurants?q=ramen,200,OK,Restaurant Search Load Test 2-50,text,true,,587,137,1,94,http://localhost:8002/restaurants/?q=ramen,1,0,0
1777162224983,0,GET /restaurants?q=ramen,200,OK,Restaurant Search Load Test 2-50,text,true,,587,137,1,94,http://localhost:8002/restaurants/?q=ramen,0,0,0
1777162224983,1,GET /restaurants?q=ramen,200,OK,Restaurant Search Load Test 2-50,text,true,,587,137,1,95,http://localhost:8002/restaurants/?q=ramen,1,0,0
1777162224984,1,GET /restaurants?q=ramen,200,OK,Restaurant Search Load Test 2-50,text,true,,587,137,1,95,http://localhost:8002/restaurants/?q=ramen,1,0,0
1777162224985,1,GET /restaurants?q=ramen,200,OK,Restaurant Search Load Test 2-50,text,true,,587,137,1,95,http://localhost:8002/restaurants/?q=ramen,1,0,0
1777162224986,0,GET /restaurants?q=ramen,200,OK,Restaurant Search Load Test 2-50,text,true,,587,137,1,95,http://localhost:8002/restaurants/?q=ramen,0,0,0
1777162225277,2,GET /restaurants?q=ramen,200,OK,Restaurant Search Load Test 2-51,text,true,,587,137,1,96,http://localhost:8002/restaurants/?q=ramen,2,0,0
1777162225279,2,GET /restaurants?q=ramen,200,OK,Restaurant Search Load Test 2-51,text,true,,587,137,1,96,http://localhost:8002/restaurants/?q=ramen,2,0,0
1777162225281,1,GET /restaurants?q=ramen,200,OK,Restaurant Search Load Test 2-51,text,true,,587,137,1,96,http://localhost:8002/restaurants/?q=ramen,1,0,0
1777162225282,1,GET /restaurants?q=ramen,200,OK,Restaurant Search Load Test 2-51,text,true,,587,137,1,96,http://localhost:8002/restaurants/?q=ramen,1,0,0
1777162225283,1,GET /restaurants?q=ramen,200,OK,Restaurant Search Load Test 2-51,text,true,,587,137,1,97,http://localhost:8002/restaurants/?q=ramen,1,0,0
1777162225284,1,GET /restaurants?q=ramen,200,OK,Restaurant Search Load Test 2-51,text,true,,587,137,1,97,http://localhost:8002/restaurants/?q=ramen,1,0,0
1777162225285,1,GET /restaurants?q=ramen,200,OK,Restaurant Search Load Test 2-51,text,true,,587,137,1,97,http://localhost:8002/restaurants/?q=ramen,1,0,0
1777162225287,1,GET /restaurants?q=ramen,200,OK,Restaurant Search Load Test 2-51,text,true,,587,137,1,97,http://localhost:8002/restaurants/?q=ramen,1,0,0
1777162225288,1,GET /restaurants?q=ramen,200,OK,Restaurant Search Load Test 2-51,text,true,,587,137,1,97,http://localhost:8002/restaurants/?q=ramen,1,0,0
1777162225289,1,GET /restaurants?q=ramen,200,OK,Restaurant Search Load Test 2-51,text,true,,587,137,1,97,http://localhost:8002/restaurants/?q=ramen,1,0,0
1777162215667,9694,POST /auth/login,200,OK,Login Load Test 1-19,text,true,,316,243,51,96,http://localhost:8001/auth/login,9694,0,0
1777162219305,6057,POST /auth/login,200,OK,Login Load Test 1-7,text,true,,316,243,51,96,http://localhost:8001/auth/login,6057,0,0
1777162218810,6552,POST /auth/login,200,OK,Login Load Test 1-13,text,true,,316,243,51,96,http://localhost:8001/auth/login,6552,0,0
1777162219305,6057,POST /auth/login,200,OK,Login Load Test 1-14,text,true,,316,243,51,96,http://localhost:8001/auth/login,6057,0,0
1777162215683,9679,Login for Token,200,OK,Review Submission Load Test 3-19,text,true,,316,243,45,96,http://localhost:8001/auth/login,9679,0,0
1777162219307,6055,Login for Token,200,OK,Review Submission Load Test 3-13,text,true,,316,243,45,96,http://localhost:8001/auth/login,6055,0,0
1777162225363,2,POST /reviews/,400,Bad Request,Review Submission Load Test 3-19,text,false,,188,440,45,96,http://localhost:8004/reviews/,2,0,0
1777162225363,2,POST /reviews/,400,Bad Request,Review Submission Load Test 3-13,text,false,,188,440,45,96,http://localhost:8004/reviews/,2,0,0
1777162225578,3,GET /restaurants?q=ramen,200,OK,Restaurant Search Load Test 2-52,text,true,,587,137,1,98,http://localhost:8002/restaurants/?q=ramen,3,0,1
1777162225581,1,GET /restaurants?q=ramen,200,OK,Restaurant Search Load Test 2-52,text,true,,587,137,1,98,http://localhost:8002/restaurants/?q=ramen,1,0,0
1777162225582,1,GET /restaurants?q=ramen,200,OK,Restaurant Search Load Test 2-52,text,true,,587,137,1,99,http://localhost:8002/restaurants/?q=ramen,1,0,0
1777162225583,1,GET /restaurants?q=ramen,200,OK,Restaurant Search Load Test 2-52,text,true,,587,137,1,99,http://localhost:8002/restaurants/?q=ramen,1,0,0
1777162225584,1,GET /restaurants?q=ramen,200,OK,Restaurant Search Load Test 2-52,text,true,,587,137,1,99,http://localhost:8002/restaurants/?q=ramen,1,0,0
1777162225585,1,GET /restaurants?q=ramen,200,OK,Restaurant Search Load Test 2-52,text,true,,587,137,1,99,http://localhost:8002/restaurants/?q=ramen,1,0,0
1777162225586,1,GET /restaurants?q=ramen,200,OK,Restaurant Search Load Test 2-52,text,true,,587,137,1,99,http://localhost:8002/restaurants/?q=ramen,1,0,0
1777162225587,2,GET /restaurants?q=ramen,200,OK,Restaurant Search Load Test 2-52,text,true,,587,137,1,99,http://localhost:8002/restaurants/?q=ramen,2,0,0
1777162225589,1,GET /restaurants?q=ramen,200,OK,Restaurant Search Load Test 2-52,text,true,,587,137,1,99,http://localhost:8002/restaurants/?q=ramen,1,0,0
1777162225590,1,GET /restaurants?q=ramen,200,OK,Restaurant Search Load Test 2-52,text,true,,587,137,1,99,http://localhost:8002/restaurants/?q=ramen,1,0,0
1777162225877,2,GET /restaurants?q=ramen,200,OK,Restaurant Search Load Test 2-53,text,true,,587,137,1,100,http://localhost:8002/restaurants/?q=ramen,2,0,1
1777162225879,1,GET /restaurants?q=ramen,200,OK,Restaurant Search Load Test 2-53,text,true,,587,137,1,100,http://localhost:8002/restaurants/?q=ramen,1,0,0
1777162225880,1,GET /restaurants?q=ramen,200,OK,Restaurant Search Load Test 2-53,text,true,,587,137,1,100,http://localhost:8002/restaurants/?q=ramen,1,0,0
1777162225881,1,GET /restaurants?q=ramen,200,OK,Restaurant Search Load Test 2-53,text,true,,587,137,1,100,http://localhost:8002/restaurants/?q=ramen,1,0,0
1777162225882,1,GET /restaurants?q=ramen,200,OK,Restaurant Search Load Test 2-53,text,true,,587,137,1,100,http://localhost:8002/restaurants/?q=ramen,1,0,0
1777162225883,1,GET /restaurants?q=ramen,200,OK,Restaurant Search Load Test 2-53,text,true,,587,137,1,100,http://localhost:8002/restaurants/?q=ramen,1,0,0
1777162225884,1,GET /restaurants?q=ramen,200,OK,Restaurant Search Load Test 2-53,text,true,,587,137,1,100,http://localhost:8002/restaurants/?q=ramen,1,0,0
1777162225885,1,GET /restaurants?q=ramen,200,OK,Restaurant Search Load Test 2-53,text,true,,587,137,1,100,http://localhost:8002/restaurants/?q=ramen,1,0,0
1777162225886,1,GET /restaurants?q=ramen,200,OK,Restaurant Search Load Test 2-53,text,true,,587,137,1,101,http://localhost:8002/restaurants/?q=ramen,1,0,0
1777162225887,1,GET /restaurants?q=ramen,200,OK,Restaurant Search Load Test 2-53,text,true,,587,137,1,101,http://localhost:8002/restaurants/?q=ramen,1,0,0
1777162215963,10001,POST /auth/login,Non HTTP response code: java.net.SocketTimeoutException,Non HTTP response message: Read timed out,Login Load Test 1-20,text,false,"Test failed: code expected to equal /

****** received  : [[[Non HTTP response code: java.net.SocketTimeoutException]]]

****** comparison: [[[200                                                    ]]]

/",2679,0,53,100,http://localhost:8001/auth/login,0,0,0
1777162215983,10002,Login for Token,Non HTTP response code: java.net.SocketTimeoutException,Non HTTP response message: Read timed out,Review Submission Load Test 3-20,text,false,,2679,0,47,100,http://localhost:8001/auth/login,0,0,0
1777162225985,1,POST /reviews/,401,Unauthorized,Review Submission Load Test 3-20,text,false,,204,299,47,100,http://localhost:8004/reviews/,1,0,0
1777162226177,2,GET /restaurants?q=ramen,200,OK,Restaurant Search Load Test 2-54,text,true,,587,137,1,102,http://localhost:8002/restaurants/?q=ramen,2,0,0
1777162226179,1,GET /restaurants?q=ramen,200,OK,Restaurant Search Load Test 2-54,text,true,,587,137,1,102,http://localhost:8002/restaurants/?q=ramen,1,0,0
1777162226180,1,GET /restaurants?q=ramen,200,OK,Restaurant Search Load Test 2-54,text,true,,587,137,1,103,http://localhost:8002/restaurants/?q=ramen,1,0,0
1777162226181,2,GET /restaurants?q=ramen,200,OK,Restaurant Search Load Test 2-54,text,true,,587,137,1,103,http://localhost:8002/restaurants/?q=ramen,2,0,0
1777162226183,1,GET /restaurants?q=ramen,200,OK,Restaurant Search Load Test 2-54,text,true,,587,137,1,103,http://localhost:8002/restaurants/?q=ramen,1,0,0
1777162226184,1,GET /restaurants?q=ramen,200,OK,Restaurant Search Load Test 2-54,text,true,,587,137,1,103,http://localhost:8002/restaurants/?q=ramen,1,0,0
1777162226185,1,GET /restaurants?q=ramen,200,OK,Restaurant Search Load Test 2-54,text,true,,587,137,1,103,http://localhost:8002/restaurants/?q=ramen,1,0,0
1777162226186,1,GET /restaurants?q=ramen,200,OK,Restaurant Search Load Test 2-54,text,true,,587,137,1,103,http://localhost:8002/restaurants/?q=ramen,1,0,0
1777162226187,1,GET /restaurants?q=ramen,200,OK,Restaurant Search Load Test 2-54,text,true,,587,137,1,103,http://localhost:8002/restaurants/?q=ramen,1,0,0
1777162226188,1,GET /restaurants?q=ramen,200,OK,Restaurant Search Load Test 2-54,text,true,,587,137,1,103,http://localhost:8002/restaurants/?q=ramen,1,0,0
1777162216265,10001,POST /auth/login,Non HTTP response code: java.net.SocketTimeoutException,Non HTTP response message: Read timed out,Login Load Test 1-21,text,false,"Test failed: code expected to equal /

****** received  : [[[Non HTTP response code: java.net.SocketTimeoutException]]]

****** comparison: [[[200                                                    ]]]

/",2679,0,54,102,http://localhost:8001/auth/login,0,0,0
1777162216284,10002,Login for Token,Non HTTP response code: java.net.SocketTimeoutException,Non HTTP response message: Read timed out,Review Submission Load Test 3-21,text,false,,2679,0,48,102,http://localhost:8001/auth/login,0,0,0
1777162226286,1,POST /reviews/,401,Unauthorized,Review Submission Load Test 3-21,text,false,,204,299,48,102,http://localhost:8004/reviews/,1,0,0
1777162226472,3,GET /restaurants?q=ramen,200,OK,Restaurant Search Load Test 2-55,text,true,,587,137,1,104,http://localhost:8002/restaurants/?q=ramen,3,0,1
1777162226475,1,GET /restaurants?q=ramen,200,OK,Restaurant Search Load Test 2-55,text,true,,587,137,1,104,http://localhost:8002/restaurants/?q=ramen,1,0,0
1777162226476,2,GET /restaurants?q=ramen,200,OK,Restaurant Search Load Test 2-55,text,true,,587,137,1,104,http://localhost:8002/restaurants/?q=ramen,2,0,0
1777162226478,1,GET /restaurants?q=ramen,200,OK,Restaurant Search Load Test 2-55,text,true,,587,137,1,104,http://localhost:8002/restaurants/?q=ramen,1,0,0
1777162226479,1,GET /restaurants?q=ramen,200,OK,Restaurant Search Load Test 2-55,text,true,,587,137,1,104,http://localhost:8002/restaurants/?q=ramen,1,0,0
1777162226480,1,GET /restaurants?q=ramen,200,OK,Restaurant Search Load Test 2-55,text,true,,587,137,1,104,http://localhost:8002/restaurants/?q=ramen,1,0,0
1777162226481,2,GET /restaurants?q=ramen,200,OK,Restaurant Search Load Test 2-55,text,true,,587,137,1,104,http://localhost:8002/restaurants/?q=ramen,2,0,0
1777162226483,1,GET /restaurants?q=ramen,200,OK,Restaurant Search Load Test 2-55,text,true,,587,137,1,104,http://localhost:8002/restaurants/?q=ramen,1,0,0
1777162226484,1,GET /restaurants?q=ramen,200,OK,Restaurant Search Load Test 2-55,text,true,,587,137,1,104,http://localhost:8002/restaurants/?q=ramen,1,0,0
1777162226485,1,GET /restaurants?q=ramen,200,OK,Restaurant Search Load Test 2-55,text,true,,587,137,1,105,http://localhost:8002/restaurants/?q=ramen,1,0,0
1777162216565,10001,POST /auth/login,Non HTTP response code: java.net.SocketTimeoutException,Non HTTP response message: Read timed out,Login Load Test 1-22,text,false,"Test failed: code expected to equal /

****** received  : [[[Non HTTP response code: java.net.SocketTimeoutException]]]

****** comparison: [[[200                                                    ]]]

/",2679,0,55,104,http://localhost:8001/auth/login,0,0,0
1777162216587,10001,Login for Token,Non HTTP response code: java.net.SocketTimeoutException,Non HTTP response message: Read timed out,Review Submission Load Test 3-22,text,false,,2679,0,49,104,http://localhost:8001/auth/login,0,0,0
1777162226588,1,POST /reviews/,401,Unauthorized,Review Submission Load Test 3-22,text,false,,204,299,49,104,http://localhost:8004/reviews/,1,0,1
1777162226774,2,GET /restaurants?q=ramen,200,OK,Restaurant Search Load Test 2-56,text,true,,587,137,1,106,http://localhost:8002/restaurants/?q=ramen,2,0,0
1777162226776,1,GET /restaurants?q=ramen,200,OK,Restaurant Search Load Test 2-56,text,true,,587,137,1,106,http://localhost:8002/restaurants/?q=ramen,1,0,0
1777162226777,1,GET /restaurants?q=ramen,200,OK,Restaurant Search Load Test 2-56,text,true,,587,137,1,106,http://localhost:8002/restaurants/?q=ramen,1,0,0
1777162226778,1,GET /restaurants?q=ramen,200,OK,Restaurant Search Load Test 2-56,text,true,,587,137,1,106,http://localhost:8002/restaurants/?q=ramen,1,0,0
1777162226779,2,GET /restaurants?q=ramen,200,OK,Restaurant Search Load Test 2-56,text,true,,587,137,1,106,http://localhost:8002/restaurants/?q=ramen,2,0,0
1777162226781,1,GET /restaurants?q=ramen,200,OK,Restaurant Search Load Test 2-56,text,true,,587,137,1,107,http://localhost:8002/restaurants/?q=ramen,1,0,0
1777162226782,1,GET /restaurants?q=ramen,200,OK,Restaurant Search Load Test 2-56,text,true,,587,137,1,107,http://localhost:8002/restaurants/?q=ramen,1,0,0
1777162226783,1,GET /restaurants?q=ramen,200,OK,Restaurant Search Load Test 2-56,text,true,,587,137,1,107,http://localhost:8002/restaurants/?q=ramen,1,0,0
1777162226784,1,GET /restaurants?q=ramen,200,OK,Restaurant Search Load Test 2-56,text,true,,587,137,1,107,http://localhost:8002/restaurants/?q=ramen,1,0,0
1777162226785,1,GET /restaurants?q=ramen,200,OK,Restaurant Search Load Test 2-56,text,true,,587,137,1,107,http://localhost:8002/restaurants/?q=ramen,1,0,0
1777162216867,10001,POST /auth/login,Non HTTP response code: java.net.SocketTimeoutException,Non HTTP response message: Read timed out,Login Load Test 1-23,text,false,"Test failed: code expected to equal /

****** received  : [[[Non HTTP response code: java.net.SocketTimeoutException]]]

****** comparison: [[[200                                                    ]]]

/",2679,0,56,106,http://localhost:8001/auth/login,0,0,0
1777162216886,10001,Login for Token,Non HTTP response code: java.net.SocketTimeoutException,Non HTTP response message: Read timed out,Review Submission Load Test 3-23,text,false,,2679,0,50,106,http://localhost:8001/auth/login,0,0,0
1777162226887,1,POST /reviews/,401,Unauthorized,Review Submission Load Test 3-23,text,false,,204,299,50,106,http://localhost:8004/reviews/,1,0,0
1777162220660,6353,Login for Token,200,OK,Review Submission Load Test 3-7,text,true,,316,243,50,106,http://localhost:8001/auth/login,6353,0,0
1777162220660,6353,Login for Token,200,OK,Review Submission Load Test 3-14,text,true,,316,243,50,106,http://localhost:8001/auth/login,6353,0,0
1777162220660,6353,Login for Token,200,OK,Review Submission Load Test 3-8,text,true,,316,243,50,106,http://localhost:8001/auth/login,6353,0,0
1777162227013,3,POST /reviews/,400,Bad Request,Review Submission Load Test 3-8,text,false,,188,440,50,106,http://localhost:8004/reviews/,3,0,1
1777162227013,3,POST /reviews/,400,Bad Request,Review Submission Load Test 3-14,text,false,,188,440,50,106,http://localhost:8004/reviews/,3,0,1
1777162227013,3,POST /reviews/,400,Bad Request,Review Submission Load Test 3-7,text,false,,188,440,49,105,http://localhost:8004/reviews/,3,0,1
1777162227077,2,GET /restaurants?q=ramen,200,OK,Restaurant Search Load Test 2-57,text,true,,587,137,1,106,http://localhost:8002/restaurants/?q=ramen,2,0,1
1777162227080,1,GET /restaurants?q=ramen,200,OK,Restaurant Search Load Test 2-57,text,true,,587,137,1,106,http://localhost:8002/restaurants/?q=ramen,1,0,0
1777162227081,1,GET /restaurants?q=ramen,200,OK,Restaurant Search Load Test 2-57,text,true,,587,137,1,106,http://localhost:8002/restaurants/?q=ramen,1,0,0
1777162227082,1,GET /restaurants?q=ramen,200,OK,Restaurant Search Load Test 2-57,text,true,,587,137,1,107,http://localhost:8002/restaurants/?q=ramen,1,0,0
1777162227083,2,GET /restaurants?q=ramen,200,OK,Restaurant Search Load Test 2-57,text,true,,587,137,1,107,http://localhost:8002/restaurants/?q=ramen,2,0,0
1777162227085,1,GET /restaurants?q=ramen,200,OK,Restaurant Search Load Test 2-57,text,true,,587,137,1,107,http://localhost:8002/restaurants/?q=ramen,1,0,0
1777162227086,1,GET /restaurants?q=ramen,200,OK,Restaurant Search Load Test 2-57,text,true,,587,137,1,107,http://localhost:8002/restaurants/?q=ramen,1,0,0
1777162227087,1,GET /restaurants?q=ramen,200,OK,Restaurant Search Load Test 2-57,text,true,,587,137,1,107,http://localhost:8002/restaurants/?q=ramen,1,0,0
1777162227088,1,GET /restaurants?q=ramen,200,OK,Restaurant Search Load Test 2-57,text,true,,587,137,1,107,http://localhost:8002/restaurants/?q=ramen,1,0,0
1777162227089,1,GET /restaurants?q=ramen,200,OK,Restaurant Search Load Test 2-57,text,true,,587,137,1,107,http://localhost:8002/restaurants/?q=ramen,1,0,0
1777162217165,10001,POST /auth/login,Non HTTP response code: java.net.SocketTimeoutException,Non HTTP response message: Read timed out,Login Load Test 1-24,text,false,"Test failed: code expected to equal /

****** received  : [[[Non HTTP response code: java.net.SocketTimeoutException]]]

****** comparison: [[[200                                                    ]]]

/",2679,0,57,106,http://localhost:8001/auth/login,0,0,0
1777162217182,10000,Login for Token,Non HTTP response code: java.net.SocketTimeoutException,Non HTTP response message: Read timed out,Review Submission Load Test 3-24,text,false,,2679,0,49,106,http://localhost:8001/auth/login,0,0,0
1777162227182,1,POST /reviews/,401,Unauthorized,Review Submission Load Test 3-24,text,false,,204,299,49,106,http://localhost:8004/reviews/,1,0,1
1777162227377,2,GET /restaurants?q=ramen,200,OK,Restaurant Search Load Test 2-58,text,true,,587,137,1,108,http://localhost:8002/restaurants/?q=ramen,2,0,0
1777162227379,1,GET /restaurants?q=ramen,200,OK,Restaurant Search Load Test 2-58,text,true,,587,137,1,108,http://localhost:8002/restaurants/?q=ramen,1,0,0
1777162227380,1,GET /restaurants?q=ramen,200,OK,Restaurant Search Load Test 2-58,text,true,,587,137,1,108,http://localhost:8002/restaurants/?q=ramen,1,0,0
1777162227381,1,GET /restaurants?q=ramen,200,OK,Restaurant Search Load Test 2-58,text,true,,587,137,1,108,http://localhost:8002/restaurants/?q=ramen,1,0,0
1777162227382,1,GET /restaurants?q=ramen,200,OK,Restaurant Search Load Test 2-58,text,true,,587,137,1,108,http://localhost:8002/restaurants/?q=ramen,1,0,0
1777162227383,0,GET /restaurants?q=ramen,200,OK,Restaurant Search Load Test 2-58,text,true,,587,137,1,109,http://localhost:8002/restaurants/?q=ramen,0,0,0
1777162227383,1,GET /restaurants?q=ramen,200,OK,Restaurant Search Load Test 2-58,text,true,,587,137,1,109,http://localhost:8002/restaurants/?q=ramen,1,0,0
1777162227384,1,GET /restaurants?q=ramen,200,OK,Restaurant Search Load Test 2-58,text,true,,587,137,1,109,http://localhost:8002/restaurants/?q=ramen,1,0,0
1777162227385,1,GET /restaurants?q=ramen,200,OK,Restaurant Search Load Test 2-58,text,true,,587,137,1,109,http://localhost:8002/restaurants/?q=ramen,1,0,0
1777162227386,1,GET /restaurants?q=ramen,200,OK,Restaurant Search Load Test 2-58,text,true,,587,137,1,109,http://localhost:8002/restaurants/?q=ramen,1,0,0
1777162217467,10001,POST /auth/login,Non HTTP response code: java.net.SocketTimeoutException,Non HTTP response message: Read timed out,Login Load Test 1-25,text,false,"Test failed: code expected to equal /

****** received  : [[[Non HTTP response code: java.net.SocketTimeoutException]]]

****** comparison: [[[200                                                    ]]]

/",2679,0,58,108,http://localhost:8001/auth/login,0,0,0
1777162217481,10001,Login for Token,Non HTTP response code: java.net.SocketTimeoutException,Non HTTP response message: Read timed out,Review Submission Load Test 3-25,text,false,,2679,0,50,108,http://localhost:8001/auth/login,0,0,1
1777162227482,1,POST /reviews/,401,Unauthorized,Review Submission Load Test 3-25,text,false,,204,299,50,108,http://localhost:8004/reviews/,1,0,1
1777162227673,2,GET /restaurants?q=ramen,200,OK,Restaurant Search Load Test 2-59,text,true,,587,137,1,110,http://localhost:8002/restaurants/?q=ramen,2,0,0
1777162227675,1,GET /restaurants?q=ramen,200,OK,Restaurant Search Load Test 2-59,text,true,,587,137,1,110,http://localhost:8002/restaurants/?q=ramen,1,0,0
1777162227676,1,GET /restaurants?q=ramen,200,OK,Restaurant Search Load Test 2-59,text,true,,587,137,1,110,http://localhost:8002/restaurants/?q=ramen,1,0,0
1777162227677,1,GET /restaurants?q=ramen,200,OK,Restaurant Search Load Test 2-59,text,true,,587,137,1,110,http://localhost:8002/restaurants/?q=ramen,1,0,0
1777162221329,6350,POST /auth/login,200,OK,Login Load Test 1-1,text,true,,316,243,59,110,http://localhost:8001/auth/login,6350,0,0
1777162220658,7021,POST /auth/login,200,OK,Login Load Test 1-8,text,true,,316,243,59,110,http://localhost:8001/auth/login,7021,0,0
1777162221329,6350,POST /auth/login,200,OK,Login Load Test 1-5,text,true,,316,243,59,110,http://localhost:8001/auth/login,6350,0,0
1777162221329,6350,POST /auth/login,200,OK,Login Load Test 1-3,text,true,,316,243,59,110,http://localhost:8001/auth/login,6350,0,0
1777162221330,6349,POST /auth/login,200,OK,Login Load Test 1-15,text,true,,316,243,59,110,http://localhost:8001/auth/login,6349,0,0
1777162221330,6349,POST /auth/login,200,OK,Login Load Test 1-9,text,true,,316,243,59,110,http://localhost:8001/auth/login,6349,0,0
1777162221330,6349,POST /auth/login,200,OK,Login Load Test 1-4,text,true,,316,243,59,110,http://localhost:8001/auth/login,6349,0,0
1777162221332,6347,Login for Token,200,OK,Review Submission Load Test 3-15,text,true,,316,243,50,110,http://localhost:8001/auth/login,6347,0,0
1777162227678,1,GET /restaurants?q=ramen,200,OK,Restaurant Search Load Test 2-59,text,true,,587,137,1,110,http://localhost:8002/restaurants/?q=ramen,1,0,0
1777162227679,2,POST /reviews/,400,Bad Request,Review Submission Load Test 3-15,text,false,,188,440,50,110,http://localhost:8004/reviews/,2,0,0
1777162227680,1,GET /restaurants?q=ramen,200,OK,Restaurant Search Load Test 2-59,text,true,,587,137,1,110,http://localhost:8002/restaurants/?q=ramen,1,0,0
1777162227681,1,GET /restaurants?q=ramen,200,OK,Restaurant Search Load Test 2-59,text,true,,587,137,1,110,http://localhost:8002/restaurants/?q=ramen,1,0,0
1777162227682,1,GET /restaurants?q=ramen,200,OK,Restaurant Search Load Test 2-59,text,true,,587,137,1,110,http://localhost:8002/restaurants/?q=ramen,1,0,0
1777162227683,1,GET /restaurants?q=ramen,200,OK,Restaurant Search Load Test 2-59,text,true,,587,137,1,110,http://localhost:8002/restaurants/?q=ramen,1,0,0
1777162227684,1,GET /restaurants?q=ramen,200,OK,Restaurant Search Load Test 2-59,text,true,,587,137,1,110,http://localhost:8002/restaurants/?q=ramen,1,0,0
1777162217765,10001,POST /auth/login,Non HTTP response code: java.net.SocketTimeoutException,Non HTTP response message: Read timed out,Login Load Test 1-26,text,false,"Test failed: code expected to equal /

****** received  : [[[Non HTTP response code: java.net.SocketTimeoutException]]]

****** comparison: [[[200                                                    ]]]

/",2679,0,59,110,http://localhost:8001/auth/login,0,0,0
1777162217787,10001,Login for Token,Non HTTP response code: java.net.SocketTimeoutException,Non HTTP response message: Read timed out,Review Submission Load Test 3-26,text,false,,2679,0,51,110,http://localhost:8001/auth/login,0,0,0
1777162227788,1,POST /reviews/,401,Unauthorized,Review Submission Load Test 3-26,text,false,,204,299,51,110,http://localhost:8004/reviews/,1,0,0
1777162227977,2,GET /restaurants?q=ramen,200,OK,Restaurant Search Load Test 2-60,text,true,,587,137,1,112,http://localhost:8002/restaurants/?q=ramen,2,0,0
1777162227979,2,GET /restaurants?q=ramen,200,OK,Restaurant Search Load Test 2-60,text,true,,587,137,1,112,http://localhost:8002/restaurants/?q=ramen,2,0,0
1777162227981,1,GET /restaurants?q=ramen,200,OK,Restaurant Search Load Test 2-60,text,true,,587,137,1,112,http://localhost:8002/restaurants/?q=ramen,1,0,0
1777162227982,1,GET /restaurants?q=ramen,200,OK,Restaurant Search Load Test 2-60,text,true,,587,137,1,112,http://localhost:8002/restaurants/?q=ramen,1,0,0
1777162227983,1,GET /restaurants?q=ramen,200,OK,Restaurant Search Load Test 2-60,text,true,,587,137,1,112,http://localhost:8002/restaurants/?q=ramen,1,0,0
1777162227984,1,GET /restaurants?q=ramen,200,OK,Restaurant Search Load Test 2-60,text,true,,587,137,1,112,http://localhost:8002/restaurants/?q=ramen,1,0,0
1777162227985,1,GET /restaurants?q=ramen,200,OK,Restaurant Search Load Test 2-60,text,true,,587,137,1,113,http://localhost:8002/restaurants/?q=ramen,1,0,0
1777162227986,1,GET /restaurants?q=ramen,200,OK,Restaurant Search Load Test 2-60,text,true,,587,137,1,113,http://localhost:8002/restaurants/?q=ramen,1,0,0
1777162227987,2,GET /restaurants?q=ramen,200,OK,Restaurant Search Load Test 2-60,text,true,,587,137,1,113,http://localhost:8002/restaurants/?q=ramen,2,0,0
1777162227989,0,GET /restaurants?q=ramen,200,OK,Restaurant Search Load Test 2-60,text,true,,587,137,1,113,http://localhost:8002/restaurants/?q=ramen,0,0,0
1777162218065,10001,POST /auth/login,Non HTTP response code: java.net.SocketTimeoutException,Non HTTP response message: Read timed out,Login Load Test 1-27,text,false,"Test failed: code expected to equal /

****** received  : [[[Non HTTP response code: java.net.SocketTimeoutException]]]

****** comparison: [[[200                                                    ]]]

/",2679,0,60,112,http://localhost:8001/auth/login,0,0,0
1777162218086,10001,Login for Token,Non HTTP response code: java.net.SocketTimeoutException,Non HTTP response message: Read timed out,Review Submission Load Test 3-27,text,false,,2679,0,52,112,http://localhost:8001/auth/login,0,0,0
1777162228087,1,POST /reviews/,401,Unauthorized,Review Submission Load Test 3-27,text,false,,204,299,52,112,http://localhost:8004/reviews/,1,0,0
1777162228277,2,GET /restaurants?q=ramen,200,OK,Restaurant Search Load Test 2-61,text,true,,587,137,1,114,http://localhost:8002/restaurants/?q=ramen,2,0,0
1777162228279,1,GET /restaurants?q=ramen,200,OK,Restaurant Search Load Test 2-61,text,true,,587,137,1,114,http://localhost:8002/restaurants/?q=ramen,1,0,0
1777162228280,2,GET /restaurants?q=ramen,200,OK,Restaurant Search Load Test 2-61,text,true,,587,137,1,115,http://localhost:8002/restaurants/?q=ramen,2,0,0
1777162228282,1,GET /restaurants?q=ramen,200,OK,Restaurant Search Load Test 2-61,text,true,,587,137,1,115,http://localhost:8002/restaurants/?q=ramen,1,0,0
1777162228283,1,GET /restaurants?q=ramen,200,OK,Restaurant Search Load Test 2-61,text,true,,587,137,1,115,http://localhost:8002/restaurants/?q=ramen,1,0,0
1777162228284,1,GET /restaurants?q=ramen,200,OK,Restaurant Search Load Test 2-61,text,true,,587,137,1,115,http://localhost:8002/restaurants/?q=ramen,1,0,0
1777162228285,1,GET /restaurants?q=ramen,200,OK,Restaurant Search Load Test 2-61,text,true,,587,137,1,115,http://localhost:8002/restaurants/?q=ramen,1,0,0
1777162228286,1,GET /restaurants?q=ramen,200,OK,Restaurant Search Load Test 2-61,text,true,,587,137,1,115,http://localhost:8002/restaurants/?q=ramen,1,0,0
1777162228287,1,GET /restaurants?q=ramen,200,OK,Restaurant Search Load Test 2-61,text,true,,587,137,1,115,http://localhost:8002/restaurants/?q=ramen,1,0,0
1777162228288,1,GET /restaurants?q=ramen,200,OK,Restaurant Search Load Test 2-61,text,true,,587,137,1,115,http://localhost:8002/restaurants/?q=ramen,1,0,0
1777162218366,10001,POST /auth/login,Non HTTP response code: java.net.SocketTimeoutException,Non HTTP response message: Read timed out,Login Load Test 1-28,text,false,"Test failed: code expected to equal /

****** received  : [[[Non HTTP response code: java.net.SocketTimeoutException]]]

****** comparison: [[[200                                                    ]]]

/",2679,0,61,114,http://localhost:8001/auth/login,0,0,0
1777162218384,10000,Login for Token,Non HTTP response code: java.net.SocketTimeoutException,Non HTTP response message: Read timed out,Review Submission Load Test 3-28,text,false,,2679,0,53,114,http://localhost:8001/auth/login,0,0,0
1777162228385,1,POST /reviews/,401,Unauthorized,Review Submission Load Test 3-28,text,false,,204,299,53,114,http://localhost:8004/reviews/,1,0,0
1777162228577,2,GET /restaurants?q=ramen,200,OK,Restaurant Search Load Test 2-62,text,true,,587,137,1,116,http://localhost:8002/restaurants/?q=ramen,2,0,0
1777162228579,2,GET /restaurants?q=ramen,200,OK,Restaurant Search Load Test 2-62,text,true,,587,137,1,116,http://localhost:8002/restaurants/?q=ramen,2,0,0
1777162228581,1,GET /restaurants?q=ramen,200,OK,Restaurant Search Load Test 2-62,text,true,,587,137,1,117,http://localhost:8002/restaurants/?q=ramen,1,0,0
1777162228582,1,GET /restaurants?q=ramen,200,OK,Restaurant Search Load Test 2-62,text,true,,587,137,1,117,http://localhost:8002/restaurants/?q=ramen,1,0,0
1777162228583,1,GET /restaurants?q=ramen,200,OK,Restaurant Search Load Test 2-62,text,true,,587,137,1,117,http://localhost:8002/restaurants/?q=ramen,1,0,0
1777162228584,2,GET /restaurants?q=ramen,200,OK,Restaurant Search Load Test 2-62,text,true,,587,137,1,117,http://localhost:8002/restaurants/?q=ramen,2,0,0
1777162228586,1,GET /restaurants?q=ramen,200,OK,Restaurant Search Load Test 2-62,text,true,,587,137,1,117,http://localhost:8002/restaurants/?q=ramen,1,0,0
1777162228587,1,GET /restaurants?q=ramen,200,OK,Restaurant Search Load Test 2-62,text,true,,587,137,1,117,http://localhost:8002/restaurants/?q=ramen,1,0,0
1777162228588,1,GET /restaurants?q=ramen,200,OK,Restaurant Search Load Test 2-62,text,true,,587,137,1,117,http://localhost:8002/restaurants/?q=ramen,1,0,0
1777162228589,2,GET /restaurants?q=ramen,200,OK,Restaurant Search Load Test 2-62,text,true,,587,137,1,117,http://localhost:8002/restaurants/?q=ramen,2,0,0
1777162218667,10001,POST /auth/login,Non HTTP response code: java.net.SocketTimeoutException,Non HTTP response message: Read timed out,Login Load Test 1-29,text,false,"Test failed: code expected to equal /

****** received  : [[[Non HTTP response code: java.net.SocketTimeoutException]]]

****** comparison: [[[200                                                    ]]]

/",2679,0,62,116,http://localhost:8001/auth/login,0,0,0
1777162218686,10002,Login for Token,Non HTTP response code: java.net.SocketTimeoutException,Non HTTP response message: Read timed out,Review Submission Load Test 3-29,text,false,,2679,0,54,116,http://localhost:8001/auth/login,0,0,1
1777162228688,1,POST /reviews/,401,Unauthorized,Review Submission Load Test 3-29,text,false,,204,299,54,116,http://localhost:8004/reviews/,1,0,0
1777162228876,2,GET /restaurants?q=ramen,200,OK,Restaurant Search Load Test 2-63,text,true,,587,137,1,118,http://localhost:8002/restaurants/?q=ramen,2,0,0
1777162228878,1,GET /restaurants?q=ramen,200,OK,Restaurant Search Load Test 2-63,text,true,,587,137,1,118,http://localhost:8002/restaurants/?q=ramen,1,0,0
1777162228879,2,GET /restaurants?q=ramen,200,OK,Restaurant Search Load Test 2-63,text,true,,587,137,1,118,http://localhost:8002/restaurants/?q=ramen,2,0,0
1777162228881,1,GET /restaurants?q=ramen,200,OK,Restaurant Search Load Test 2-63,text,true,,587,137,1,118,http://localhost:8002/restaurants/?q=ramen,1,0,0
1777162228882,0,GET /restaurants?q=ramen,200,OK,Restaurant Search Load Test 2-63,text,true,,587,137,1,118,http://localhost:8002/restaurants/?q=ramen,0,0,0
1777162228882,1,GET /restaurants?q=ramen,200,OK,Restaurant Search Load Test 2-63,text,true,,587,137,1,118,http://localhost:8002/restaurants/?q=ramen,1,0,0
1777162228883,1,GET /restaurants?q=ramen,200,OK,Restaurant Search Load Test 2-63,text,true,,587,137,1,118,http://localhost:8002/restaurants/?q=ramen,1,0,0
1777162228884,1,GET /restaurants?q=ramen,200,OK,Restaurant Search Load Test 2-63,text,true,,587,137,1,118,http://localhost:8002/restaurants/?q=ramen,1,0,0
1777162228885,1,GET /restaurants?q=ramen,200,OK,Restaurant Search Load Test 2-63,text,true,,587,137,1,119,http://localhost:8002/restaurants/?q=ramen,1,0,0
1777162228886,1,GET /restaurants?q=ramen,200,OK,Restaurant Search Load Test 2-63,text,true,,587,137,1,119,http://localhost:8002/restaurants/?q=ramen,1,0,0
1777162218967,10001,POST /auth/login,Non HTTP response code: java.net.SocketTimeoutException,Non HTTP response message: Read timed out,Login Load Test 1-30,text,false,"Test failed: code expected to equal /

****** received  : [[[Non HTTP response code: java.net.SocketTimeoutException]]]

****** comparison: [[[200                                                    ]]]

/",2679,0,63,118,http://localhost:8001/auth/login,0,0,0
1777162218985,10001,Login for Token,Non HTTP response code: java.net.SocketTimeoutException,Non HTTP response message: Read timed out,Review Submission Load Test 3-30,text,false,,2679,0,55,118,http://localhost:8001/auth/login,0,0,0
1777162228986,1,POST /reviews/,401,Unauthorized,Review Submission Load Test 3-30,text,false,,204,299,55,118,http://localhost:8004/reviews/,1,0,0
1777162222508,6497,POST /auth/login,200,OK,Login Load Test 1-16,text,true,,316,243,63,118,http://localhost:8001/auth/login,6497,0,0
1777162222508,6497,POST /auth/login,200,OK,Login Load Test 1-11,text,true,,316,243,63,118,http://localhost:8001/auth/login,6497,0,0
1777162222508,6497,POST /auth/login,200,OK,Login Load Test 1-2,text,true,,316,243,63,118,http://localhost:8001/auth/login,6497,0,0
1777162221331,7674,Login for Token,200,OK,Review Submission Load Test 3-9,text,true,,316,243,55,118,http://localhost:8001/auth/login,7674,0,0
1777162229005,2,POST /reviews/,400,Bad Request,Review Submission Load Test 3-9,text,false,,188,440,55,118,http://localhost:8004/reviews/,2,0,0
1777162229176,1,GET /restaurants?q=ramen,200,OK,Restaurant Search Load Test 2-64,text,true,,587,137,1,119,http://localhost:8002/restaurants/?q=ramen,1,0,0
1777162229177,2,GET /restaurants?q=ramen,200,OK,Restaurant Search Load Test 2-64,text,true,,587,137,1,119,http://localhost:8002/restaurants/?q=ramen,2,0,0
1777162229179,1,GET /restaurants?q=ramen,200,OK,Restaurant Search Load Test 2-64,text,true,,587,137,1,119,http://localhost:8002/restaurants/?q=ramen,1,0,0
1777162229180,1,GET /restaurants?q=ramen,200,OK,Restaurant Search Load Test 2-64,text,true,,587,137,1,119,http://localhost:8002/restaurants/?q=ramen,1,0,0
1777162229181,1,GET /restaurants?q=ramen,200,OK,Restaurant Search Load Test 2-64,text,true,,587,137,1,120,http://localhost:8002/restaurants/?q=ramen,1,0,0
1777162229182,1,GET /restaurants?q=ramen,200,OK,Restaurant Search Load Test 2-64,text,true,,587,137,1,120,http://localhost:8002/restaurants/?q=ramen,1,0,0
1777162229183,1,GET /restaurants?q=ramen,200,OK,Restaurant Search Load Test 2-64,text,true,,587,137,1,120,http://localhost:8002/restaurants/?q=ramen,1,0,0
1777162229184,1,GET /restaurants?q=ramen,200,OK,Restaurant Search Load Test 2-64,text,true,,587,137,1,120,http://localhost:8002/restaurants/?q=ramen,1,0,0
1777162229185,1,GET /restaurants?q=ramen,200,OK,Restaurant Search Load Test 2-64,text,true,,587,137,1,120,http://localhost:8002/restaurants/?q=ramen,1,0,0
1777162229186,1,GET /restaurants?q=ramen,200,OK,Restaurant Search Load Test 2-64,text,true,,587,137,1,120,http://localhost:8002/restaurants/?q=ramen,1,0,0
1777162219266,10002,POST /auth/login,Non HTTP response code: java.net.SocketTimeoutException,Non HTTP response message: Read timed out,Login Load Test 1-31,text,false,"Test failed: code expected to equal /

****** received  : [[[Non HTTP response code: java.net.SocketTimeoutException]]]

****** comparison: [[[200                                                    ]]]

/",2679,0,64,119,http://localhost:8001/auth/login,0,0,0
1777162219284,10000,Login for Token,Non HTTP response code: java.net.SocketTimeoutException,Non HTTP response message: Read timed out,Review Submission Load Test 3-31,text,false,,2679,0,55,119,http://localhost:8001/auth/login,0,0,0
1777162229285,0,POST /reviews/,401,Unauthorized,Review Submission Load Test 3-31,text,false,,204,299,55,119,http://localhost:8004/reviews/,0,0,0
1777162229477,5,GET /restaurants?q=ramen,200,OK,Restaurant Search Load Test 2-65,text,true,,587,137,1,121,http://localhost:8002/restaurants/?q=ramen,5,0,3
1777162229482,2,GET /restaurants?q=ramen,200,OK,Restaurant Search Load Test 2-65,text,true,,587,137,1,122,http://localhost:8002/restaurants/?q=ramen,2,0,0
1777162229484,1,GET /restaurants?q=ramen,200,OK,Restaurant Search Load Test 2-65,text,true,,587,137,1,122,http://localhost:8002/restaurants/?q=ramen,1,0,0
1777162229485,1,GET /restaurants?q=ramen,200,OK,Restaurant Search Load Test 2-65,text,true,,587,137,1,122,http://localhost:8002/restaurants/?q=ramen,1,0,0
1777162229486,1,GET /restaurants?q=ramen,200,OK,Restaurant Search Load Test 2-65,text,true,,587,137,1,122,http://localhost:8002/restaurants/?q=ramen,1,0,0
1777162229487,1,GET /restaurants?q=ramen,200,OK,Restaurant Search Load Test 2-65,text,true,,587,137,1,122,http://localhost:8002/restaurants/?q=ramen,1,0,0
1777162229488,1,GET /restaurants?q=ramen,200,OK,Restaurant Search Load Test 2-65,text,true,,587,137,1,122,http://localhost:8002/restaurants/?q=ramen,1,0,0
1777162229489,1,GET /restaurants?q=ramen,200,OK,Restaurant Search Load Test 2-65,text,true,,587,137,1,122,http://localhost:8002/restaurants/?q=ramen,1,0,0
1777162229490,1,GET /restaurants?q=ramen,200,OK,Restaurant Search Load Test 2-65,text,true,,587,137,1,122,http://localhost:8002/restaurants/?q=ramen,1,0,0
1777162229491,1,GET /restaurants?q=ramen,200,OK,Restaurant Search Load Test 2-65,text,true,,587,137,1,122,http://localhost:8002/restaurants/?q=ramen,1,0,0
1777162219566,10001,POST /auth/login,Non HTTP response code: java.net.SocketTimeoutException,Non HTTP response message: Read timed out,Login Load Test 1-32,text,false,"Test failed: code expected to equal /

****** received  : [[[Non HTTP response code: java.net.SocketTimeoutException]]]

****** comparison: [[[200                                                    ]]]

/",2679,0,65,121,http://localhost:8001/auth/login,0,0,0
1777162219581,10002,Login for Token,Non HTTP response code: java.net.SocketTimeoutException,Non HTTP response message: Read timed out,Review Submission Load Test 3-32,text,false,,2679,0,56,121,http://localhost:8001/auth/login,0,0,0
1777162229583,2,POST /reviews/,401,Unauthorized,Review Submission Load Test 3-32,text,false,,204,299,56,121,http://localhost:8004/reviews/,2,0,1
1777162229772,2,GET /restaurants?q=ramen,200,OK,Restaurant Search Load Test 2-66,text,true,,587,137,1,123,http://localhost:8002/restaurants/?q=ramen,2,0,0
1777162229774,1,GET /restaurants?q=ramen,200,OK,Restaurant Search Load Test 2-66,text,true,,587,137,1,123,http://localhost:8002/restaurants/?q=ramen,1,0,0
1777162229775,1,GET /restaurants?q=ramen,200,OK,Restaurant Search Load Test 2-66,text,true,,587,137,1,123,http://localhost:8002/restaurants/?q=ramen,1,0,0
1777162229776,0,GET /restaurants?q=ramen,200,OK,Restaurant Search Load Test 2-66,text,true,,587,137,1,123,http://localhost:8002/restaurants/?q=ramen,0,0,0
1777162229776,1,GET /restaurants?q=ramen,200,OK,Restaurant Search Load Test 2-66,text,true,,587,137,1,123,http://localhost:8002/restaurants/?q=ramen,1,0,0
1777162229777,1,GET /restaurants?q=ramen,200,OK,Restaurant Search Load Test 2-66,text,true,,587,137,1,123,http://localhost:8002/restaurants/?q=ramen,1,0,0
1777162229778,0,GET /restaurants?q=ramen,200,OK,Restaurant Search Load Test 2-66,text,true,,587,137,1,123,http://localhost:8002/restaurants/?q=ramen,0,0,0
1777162229778,1,GET /restaurants?q=ramen,200,OK,Restaurant Search Load Test 2-66,text,true,,587,137,1,123,http://localhost:8002/restaurants/?q=ramen,1,0,0
1777162229779,1,GET /restaurants?q=ramen,200,OK,Restaurant Search Load Test 2-66,text,true,,587,137,1,123,http://localhost:8002/restaurants/?q=ramen,1,0,0
1777162229780,0,GET /restaurants?q=ramen,200,OK,Restaurant Search Load Test 2-66,text,true,,587,137,1,123,http://localhost:8002/restaurants/?q=ramen,0,0,0
1777162219865,10000,POST /auth/login,Non HTTP response code: java.net.SocketTimeoutException,Non HTTP response message: Read timed out,Login Load Test 1-33,text,false,"Test failed: code expected to equal /

****** received  : [[[Non HTTP response code: java.net.SocketTimeoutException]]]

****** comparison: [[[200                                                    ]]]

/",2679,0,66,123,http://localhost:8001/auth/login,0,0,0
1777162219886,10001,Login for Token,Non HTTP response code: java.net.SocketTimeoutException,Non HTTP response message: Read timed out,Review Submission Load Test 3-33,text,false,,2679,0,57,123,http://localhost:8001/auth/login,0,0,0
1777162229888,1,POST /reviews/,401,Unauthorized,Review Submission Load Test 3-33,text,false,,204,299,57,123,http://localhost:8004/reviews/,1,0,0
1777162230078,2,GET /restaurants?q=ramen,200,OK,Restaurant Search Load Test 2-67,text,true,,587,137,1,125,http://localhost:8002/restaurants/?q=ramen,2,0,1
1777162230081,1,GET /restaurants?q=ramen,200,OK,Restaurant Search Load Test 2-67,text,true,,587,137,1,126,http://localhost:8002/restaurants/?q=ramen,1,0,0
1777162230082,1,GET /restaurants?q=ramen,200,OK,Restaurant Search Load Test 2-67,text,true,,587,137,1,126,http://localhost:8002/restaurants/?q=ramen,1,0,0
1777162230083,1,GET /restaurants?q=ramen,200,OK,Restaurant Search Load Test 2-67,text,true,,587,137,1,126,http://localhost:8002/restaurants/?q=ramen,1,0,0
1777162230084,1,GET /restaurants?q=ramen,200,OK,Restaurant Search Load Test 2-67,text,true,,587,137,1,126,http://localhost:8002/restaurants/?q=ramen,1,0,0
1777162230085,1,GET /restaurants?q=ramen,200,OK,Restaurant Search Load Test 2-67,text,true,,587,137,1,126,http://localhost:8002/restaurants/?q=ramen,1,0,0
1777162230086,1,GET /restaurants?q=ramen,200,OK,Restaurant Search Load Test 2-67,text,true,,587,137,1,126,http://localhost:8002/restaurants/?q=ramen,1,0,0
1777162230087,0,GET /restaurants?q=ramen,200,OK,Restaurant Search Load Test 2-67,text,true,,587,137,1,126,http://localhost:8002/restaurants/?q=ramen,0,0,0
1777162230088,0,GET /restaurants?q=ramen,200,OK,Restaurant Search Load Test 2-67,text,true,,587,137,1,126,http://localhost:8002/restaurants/?q=ramen,0,0,0
1777162230088,1,GET /restaurants?q=ramen,200,OK,Restaurant Search Load Test 2-67,text,true,,587,137,1,126,http://localhost:8002/restaurants/?q=ramen,1,0,0
1777162220164,10001,POST /auth/login,Non HTTP response code: java.net.SocketTimeoutException,Non HTTP response message: Read timed out,Login Load Test 1-34,text,false,"Test failed: code expected to equal /

****** received  : [[[Non HTTP response code: java.net.SocketTimeoutException]]]

****** comparison: [[[200                                                    ]]]

/",2679,0,67,125,http://localhost:8001/auth/login,0,0,0
1777162220182,10001,Login for Token,Non HTTP response code: java.net.SocketTimeoutException,Non HTTP response message: Read timed out,Review Submission Load Test 3-34,text,false,,2679,0,58,125,http://localhost:8001/auth/login,0,0,0
1777162230184,1,POST /reviews/,401,Unauthorized,Review Submission Load Test 3-34,text,false,,204,299,58,125,http://localhost:8004/reviews/,1,0,0
1777162223336,6856,POST /auth/login,200,OK,Login Load Test 1-6,text,true,,316,243,67,125,http://localhost:8001/auth/login,6856,0,0
1777162222510,7682,Login for Token,200,OK,Review Submission Load Test 3-16,text,true,,316,243,58,125,http://localhost:8001/auth/login,7681,0,0
1777162223340,6852,Login for Token,200,OK,Review Submission Load Test 3-17,text,true,,316,243,58,125,http://localhost:8001/auth/login,6852,0,0
1777162223340,6852,Login for Token,200,OK,Review Submission Load Test 3-10,text,true,,316,243,58,125,http://localhost:8001/auth/login,6852,0,0
1777162223336,6856,POST /auth/login,200,OK,Login Load Test 1-17,text,true,,316,243,67,125,http://localhost:8001/auth/login,6856,0,0
1777162223336,6856,POST /auth/login,200,OK,Login Load Test 1-10,text,true,,316,243,67,125,http://localhost:8001/auth/login,6856,0,0
1777162230192,2,POST /reviews/,400,Bad Request,Review Submission Load Test 3-17,text,false,,188,440,58,125,http://localhost:8004/reviews/,2,0,0
1777162230192,2,POST /reviews/,400,Bad Request,Review Submission Load Test 3-10,text,false,,188,440,58,125,http://localhost:8004/reviews/,2,0,0
1777162230192,2,POST /reviews/,400,Bad Request,Review Submission Load Test 3-16,text,false,,188,440,58,125,http://localhost:8004/reviews/,2,0,0
1777162230377,2,GET /restaurants?q=ramen,200,OK,Restaurant Search Load Test 2-68,text,true,,587,137,1,126,http://localhost:8002/restaurants/?q=ramen,2,0,0
1777162230379,1,GET /restaurants?q=ramen,200,OK,Restaurant Search Load Test 2-68,text,true,,587,137,1,126,http://localhost:8002/restaurants/?q=ramen,1,0,0
1777162230380,1,GET /restaurants?q=ramen,200,OK,Restaurant Search Load Test 2-68,text,true,,587,137,1,126,http://localhost:8002/restaurants/?q=ramen,1,0,0
1777162230381,0,GET /restaurants?q=ramen,200,OK,Restaurant Search Load Test 2-68,text,true,,587,137,1,126,http://localhost:8002/restaurants/?q=ramen,0,0,0
1777162230381,1,GET /restaurants?q=ramen,200,OK,Restaurant Search Load Test 2-68,text,true,,587,137,1,126,http://localhost:8002/restaurants/?q=ramen,1,0,0
1777162230382,1,GET /restaurants?q=ramen,200,OK,Restaurant Search Load Test 2-68,text,true,,587,137,1,126,http://localhost:8002/restaurants/?q=ramen,1,0,0
1777162230383,0,GET /restaurants?q=ramen,200,OK,Restaurant Search Load Test 2-68,text,true,,587,137,1,126,http://localhost:8002/restaurants/?q=ramen,0,0,0
1777162230383,1,GET /restaurants?q=ramen,200,OK,Restaurant Search Load Test 2-68,text,true,,587,137,1,126,http://localhost:8002/restaurants/?q=ramen,1,0,0
1777162230384,1,GET /restaurants?q=ramen,200,OK,Restaurant Search Load Test 2-68,text,true,,587,137,1,127,http://localhost:8002/restaurants/?q=ramen,1,0,0
1777162230385,1,GET /restaurants?q=ramen,200,OK,Restaurant Search Load Test 2-68,text,true,,587,137,1,127,http://localhost:8002/restaurants/?q=ramen,1,0,0
1777162220467,10000,POST /auth/login,Non HTTP response code: java.net.SocketTimeoutException,Non HTTP response message: Read timed out,Login Load Test 1-35,text,false,"Test failed: code expected to equal /

****** received  : [[[Non HTTP response code: java.net.SocketTimeoutException]]]

****** comparison: [[[200                                                    ]]]

/",2679,0,68,126,http://localhost:8001/auth/login,0,0,0
1777162220484,10000,Login for Token,Non HTTP response code: java.net.SocketTimeoutException,Non HTTP response message: Read timed out,Review Submission Load Test 3-35,text,false,,2679,0,58,126,http://localhost:8001/auth/login,0,0,0
1777162230484,1,POST /reviews/,401,Unauthorized,Review Submission Load Test 3-35,text,false,,204,299,58,126,http://localhost:8004/reviews/,1,0,0
1777162230677,2,GET /restaurants?q=ramen,200,OK,Restaurant Search Load Test 2-69,text,true,,587,137,1,128,http://localhost:8002/restaurants/?q=ramen,2,0,1
1777162230679,2,GET /restaurants?q=ramen,200,OK,Restaurant Search Load Test 2-69,text,true,,587,137,1,128,http://localhost:8002/restaurants/?q=ramen,2,0,0
1777162230681,1,GET /restaurants?q=ramen,200,OK,Restaurant Search Load Test 2-69,text,true,,587,137,1,128,http://localhost:8002/restaurants/?q=ramen,1,0,0
1777162230682,1,GET /restaurants?q=ramen,200,OK,Restaurant Search Load Test 2-69,text,true,,587,137,1,128,http://localhost:8002/restaurants/?q=ramen,1,0,0
1777162230683,1,GET /restaurants?q=ramen,200,OK,Restaurant Search Load Test 2-69,text,true,,587,137,1,128,http://localhost:8002/restaurants/?q=ramen,1,0,0
1777162230684,1,GET /restaurants?q=ramen,200,OK,Restaurant Search Load Test 2-69,text,true,,587,137,1,128,http://localhost:8002/restaurants/?q=ramen,1,0,0
1777162230685,2,GET /restaurants?q=ramen,200,OK,Restaurant Search Load Test 2-69,text,true,,587,137,1,129,http://localhost:8002/restaurants/?q=ramen,2,0,0
1777162230687,1,GET /restaurants?q=ramen,200,OK,Restaurant Search Load Test 2-69,text,true,,587,137,1,129,http://localhost:8002/restaurants/?q=ramen,1,0,0
1777162230688,1,GET /restaurants?q=ramen,200,OK,Restaurant Search Load Test 2-69,text,true,,587,137,1,129,http://localhost:8002/restaurants/?q=ramen,1,0,0
1777162230689,1,GET /restaurants?q=ramen,200,OK,Restaurant Search Load Test 2-69,text,true,,587,137,1,129,http://localhost:8002/restaurants/?q=ramen,1,0,0
1777162220765,10001,POST /auth/login,Non HTTP response code: java.net.SocketTimeoutException,Non HTTP response message: Read timed out,Login Load Test 1-36,text,false,"Test failed: code expected to equal /

****** received  : [[[Non HTTP response code: java.net.SocketTimeoutException]]]

****** comparison: [[[200                                                    ]]]

/",2679,0,69,128,http://localhost:8001/auth/login,0,0,0
1777162220786,10001,Login for Token,Non HTTP response code: java.net.SocketTimeoutException,Non HTTP response message: Read timed out,Review Submission Load Test 3-36,text,false,,2679,0,59,128,http://localhost:8001/auth/login,0,0,0
1777162230788,1,POST /reviews/,401,Unauthorized,Review Submission Load Test 3-36,text,false,,204,299,59,128,http://localhost:8004/reviews/,1,0,0
1777162230977,2,GET /restaurants?q=ramen,200,OK,Restaurant Search Load Test 2-70,text,true,,587,137,1,130,http://localhost:8002/restaurants/?q=ramen,2,0,0
1777162230979,2,GET /restaurants?q=ramen,200,OK,Restaurant Search Load Test 2-70,text,true,,587,137,1,130,http://localhost:8002/restaurants/?q=ramen,2,0,0
1777162230981,1,GET /restaurants?q=ramen,200,OK,Restaurant Search Load Test 2-70,text,true,,587,137,1,130,http://localhost:8002/restaurants/?q=ramen,1,0,0
1777162230982,1,GET /restaurants?q=ramen,200,OK,Restaurant Search Load Test 2-70,text,true,,587,137,1,130,http://localhost:8002/restaurants/?q=ramen,1,0,0
1777162230983,1,GET /restaurants?q=ramen,200,OK,Restaurant Search Load Test 2-70,text,true,,587,137,1,131,http://localhost:8002/restaurants/?q=ramen,1,0,0
1777162230984,1,GET /restaurants?q=ramen,200,OK,Restaurant Search Load Test 2-70,text,true,,587,137,1,131,http://localhost:8002/restaurants/?q=ramen,1,0,0
1777162230985,1,GET /restaurants?q=ramen,200,OK,Restaurant Search Load Test 2-70,text,true,,587,137,1,131,http://localhost:8002/restaurants/?q=ramen,1,0,0
1777162230986,2,GET /restaurants?q=ramen,200,OK,Restaurant Search Load Test 2-70,text,true,,587,137,1,131,http://localhost:8002/restaurants/?q=ramen,2,0,0
1777162230988,1,GET /restaurants?q=ramen,200,OK,Restaurant Search Load Test 2-70,text,true,,587,137,1,131,http://localhost:8002/restaurants/?q=ramen,1,0,0
1777162230989,1,GET /restaurants?q=ramen,200,OK,Restaurant Search Load Test 2-70,text,true,,587,137,1,131,http://localhost:8002/restaurants/?q=ramen,1,0,0
1777162221066,10001,POST /auth/login,Non HTTP response code: java.net.SocketTimeoutException,Non HTTP response message: Read timed out,Login Load Test 1-37,text,false,"Test failed: code expected to equal /

****** received  : [[[Non HTTP response code: java.net.SocketTimeoutException]]]

****** comparison: [[[200                                                    ]]]

/",2679,0,70,130,http://localhost:8001/auth/login,0,0,1
1777162221086,10002,Login for Token,Non HTTP response code: java.net.SocketTimeoutException,Non HTTP response message: Read timed out,Review Submission Load Test 3-37,text,false,,2679,0,60,130,http://localhost:8001/auth/login,0,0,0
1777162231088,1,POST /reviews/,401,Unauthorized,Review Submission Load Test 3-37,text,false,,204,299,60,130,http://localhost:8004/reviews/,1,0,0
1777162231277,2,GET /restaurants?q=ramen,200,OK,Restaurant Search Load Test 2-71,text,true,,587,137,1,132,http://localhost:8002/restaurants/?q=ramen,2,0,0
1777162231279,1,GET /restaurants?q=ramen,200,OK,Restaurant Search Load Test 2-71,text,true,,587,137,1,132,http://localhost:8002/restaurants/?q=ramen,1,0,0
1777162231280,1,GET /restaurants?q=ramen,200,OK,Restaurant Search Load Test 2-71,text,true,,587,137,1,132,http://localhost:8002/restaurants/?q=ramen,1,0,0
1777162231281,2,GET /restaurants?q=ramen,200,OK,Restaurant Search Load Test 2-71,text,true,,587,137,1,132,http://localhost:8002/restaurants/?q=ramen,2,0,0
1777162231283,1,GET /restaurants?q=ramen,200,OK,Restaurant Search Load Test 2-71,text,true,,587,137,1,132,http://localhost:8002/restaurants/?q=ramen,1,0,0
1777162231284,1,GET /restaurants?q=ramen,200,OK,Restaurant Search Load Test 2-71,text,true,,587,137,1,133,http://localhost:8002/restaurants/?q=ramen,1,0,0
1777162231285,1,GET /restaurants?q=ramen,200,OK,Restaurant Search Load Test 2-71,text,true,,587,137,1,133,http://localhost:8002/restaurants/?q=ramen,1,0,0
1777162231286,1,GET /restaurants?q=ramen,200,OK,Restaurant Search Load Test 2-71,text,true,,587,137,1,133,http://localhost:8002/restaurants/?q=ramen,1,0,0
1777162231287,1,GET /restaurants?q=ramen,200,OK,Restaurant Search Load Test 2-71,text,true,,587,137,1,133,http://localhost:8002/restaurants/?q=ramen,1,0,0
1777162231288,1,GET /restaurants?q=ramen,200,OK,Restaurant Search Load Test 2-71,text,true,,587,137,1,133,http://localhost:8002/restaurants/?q=ramen,1,0,0
1777162221366,10001,POST /auth/login,Non HTTP response code: java.net.SocketTimeoutException,Non HTTP response message: Read timed out,Login Load Test 1-38,text,false,"Test failed: code expected to equal /

****** received  : [[[Non HTTP response code: java.net.SocketTimeoutException]]]

****** comparison: [[[200                                                    ]]]

/",2679,0,71,132,http://localhost:8001/auth/login,0,0,0
1777162221382,10001,Login for Token,Non HTTP response code: java.net.SocketTimeoutException,Non HTTP response message: Read timed out,Review Submission Load Test 3-38,text,false,,2679,0,61,132,http://localhost:8001/auth/login,0,0,0
1777162231384,0,POST /reviews/,401,Unauthorized,Review Submission Load Test 3-38,text,false,,204,299,61,132,http://localhost:8004/reviews/,0,0,0
1777162224366,7163,POST /auth/login,200,OK,Login Load Test 1-18,text,true,,316,243,71,132,http://localhost:8001/auth/login,7163,0,0
1777162224366,7163,POST /auth/login,200,OK,Login Load Test 1-12,text,true,,316,243,71,132,http://localhost:8001/auth/login,7163,0,0
1777162224369,7160,Login for Token,200,OK,Review Submission Load Test 3-12,text,true,,316,243,61,132,http://localhost:8001/auth/login,7160,0,0
1777162224369,7160,Login for Token,200,OK,Review Submission Load Test 3-11,text,true,,316,243,61,132,http://localhost:8001/auth/login,7160,0,0
1777162224369,7160,Login for Token,200,OK,Review Submission Load Test 3-18,text,true,,316,243,61,132,http://localhost:8001/auth/login,7160,0,0
1777162231530,2,POST /reviews/,400,Bad Request,Review Submission Load Test 3-11,text,false,,188,440,61,132,http://localhost:8004/reviews/,2,0,0
1777162231529,3,POST /reviews/,400,Bad Request,Review Submission Load Test 3-12,text,false,,188,440,61,132,http://localhost:8004/reviews/,3,0,1
1777162231530,2,POST /reviews/,400,Bad Request,Review Submission Load Test 3-18,text,false,,188,440,61,132,http://localhost:8004/reviews/,2,0,0
1777162231578,2,GET /restaurants?q=ramen,200,OK,Restaurant Search Load Test 2-72,text,true,,587,137,1,132,http://localhost:8002/restaurants/?q=ramen,2,0,0
1777162231580,1,GET /restaurants?q=ramen,200,OK,Restaurant Search Load Test 2-72,text,true,,587,137,1,132,http://localhost:8002/restaurants/?q=ramen,1,0,0
1777162231581,1,GET /restaurants?q=ramen,200,OK,Restaurant Search Load Test 2-72,text,true,,587,137,1,132,http://localhost:8002/restaurants/?q=ramen,1,0,0
1777162231582,1,GET /restaurants?q=ramen,200,OK,Restaurant Search Load Test 2-72,text,true,,587,137,1,132,http://localhost:8002/restaurants/?q=ramen,1,0,0
1777162231583,1,GET /restaurants?q=ramen,200,OK,Restaurant Search Load Test 2-72,text,true,,587,137,1,132,http://localhost:8002/restaurants/?q=ramen,1,0,0
1777162231584,1,GET /restaurants?q=ramen,200,OK,Restaurant Search Load Test 2-72,text,true,,587,137,1,132,http://localhost:8002/restaurants/?q=ramen,1,0,0
1777162231585,1,GET /restaurants?q=ramen,200,OK,Restaurant Search Load Test 2-72,text,true,,587,137,1,132,http://localhost:8002/restaurants/?q=ramen,1,0,0
1777162231586,1,GET /restaurants?q=ramen,200,OK,Restaurant Search Load Test 2-72,text,true,,587,137,1,133,http://localhost:8002/restaurants/?q=ramen,1,0,0
1777162231587,1,GET /restaurants?q=ramen,200,OK,Restaurant Search Load Test 2-72,text,true,,587,137,1,133,http://localhost:8002/restaurants/?q=ramen,1,0,0
1777162231588,1,GET /restaurants?q=ramen,200,OK,Restaurant Search Load Test 2-72,text,true,,587,137,1,133,http://localhost:8002/restaurants/?q=ramen,1,0,0
1777162221667,10000,POST /auth/login,Non HTTP response code: java.net.SocketTimeoutException,Non HTTP response message: Read timed out,Login Load Test 1-39,text,false,"Test failed: code expected to equal /

****** received  : [[[Non HTTP response code: java.net.SocketTimeoutException]]]

****** comparison: [[[200                                                    ]]]

/",2679,0,72,132,http://localhost:8001/auth/login,0,0,0
1777162221687,10000,Login for Token,Non HTTP response code: java.net.SocketTimeoutException,Non HTTP response message: Read timed out,Review Submission Load Test 3-39,text,false,,2679,0,60,132,http://localhost:8001/auth/login,0,0,0
1777162231688,0,POST /reviews/,401,Unauthorized,Review Submission Load Test 3-39,text,false,,204,299,60,132,http://localhost:8004/reviews/,0,0,0
1777162231877,2,GET /restaurants?q=ramen,200,OK,Restaurant Search Load Test 2-73,text,true,,587,137,1,134,http://localhost:8002/restaurants/?q=ramen,2,0,0
1777162231879,1,GET /restaurants?q=ramen,200,OK,Restaurant Search Load Test 2-73,text,true,,587,137,1,134,http://localhost:8002/restaurants/?q=ramen,1,0,0
1777162231880,1,GET /restaurants?q=ramen,200,OK,Restaurant Search Load Test 2-73,text,true,,587,137,1,134,http://localhost:8002/restaurants/?q=ramen,1,0,0
1777162231881,1,GET /restaurants?q=ramen,200,OK,Restaurant Search Load Test 2-73,text,true,,587,137,1,134,http://localhost:8002/restaurants/?q=ramen,1,0,0
1777162231882,0,GET /restaurants?q=ramen,200,OK,Restaurant Search Load Test 2-73,text,true,,587,137,1,134,http://localhost:8002/restaurants/?q=ramen,0,0,0
1777162231882,1,GET /restaurants?q=ramen,200,OK,Restaurant Search Load Test 2-73,text,true,,587,137,1,134,http://localhost:8002/restaurants/?q=ramen,1,0,0
1777162231883,1,GET /restaurants?q=ramen,200,OK,Restaurant Search Load Test 2-73,text,true,,587,137,1,134,http://localhost:8002/restaurants/?q=ramen,1,0,0
1777162231884,1,GET /restaurants?q=ramen,200,OK,Restaurant Search Load Test 2-73,text,true,,587,137,1,134,http://localhost:8002/restaurants/?q=ramen,1,0,0
1777162231885,0,GET /restaurants?q=ramen,200,OK,Restaurant Search Load Test 2-73,text,true,,587,137,1,134,http://localhost:8002/restaurants/?q=ramen,0,0,0
1777162231886,0,GET /restaurants?q=ramen,200,OK,Restaurant Search Load Test 2-73,text,true,,587,137,1,135,http://localhost:8002/restaurants/?q=ramen,0,0,0
1777162221965,10000,POST /auth/login,Non HTTP response code: java.net.SocketTimeoutException,Non HTTP response message: Read timed out,Login Load Test 1-40,text,false,"Test failed: code expected to equal /

****** received  : [[[Non HTTP response code: java.net.SocketTimeoutException]]]

****** comparison: [[[200                                                    ]]]

/",2679,0,73,134,http://localhost:8001/auth/login,0,0,0
1777162221986,10001,Login for Token,Non HTTP response code: java.net.SocketTimeoutException,Non HTTP response message: Read timed out,Review Submission Load Test 3-40,text,false,,2679,0,61,134,http://localhost:8001/auth/login,0,0,0
1777162231987,1,POST /reviews/,401,Unauthorized,Review Submission Load Test 3-40,text,false,,204,299,61,134,http://localhost:8004/reviews/,1,0,1
1777162225362,6664,POST /auth/login,200,OK,Login Load Test 1-7,text,true,,316,243,73,134,http://localhost:8001/auth/login,6664,0,0
1777162225362,6664,POST /auth/login,200,OK,Login Load Test 1-14,text,true,,316,243,73,134,http://localhost:8001/auth/login,6664,0,0
1777162225361,6665,POST /auth/login,200,OK,Login Load Test 1-19,text,true,,316,243,73,134,http://localhost:8001/auth/login,6665,0,0
1777162225365,6661,Login for Token,200,OK,Review Submission Load Test 3-19,text,true,,316,243,61,134,http://localhost:8001/auth/login,6661,0,0
1777162225365,6661,Login for Token,200,OK,Review Submission Load Test 3-13,text,true,,316,243,61,134,http://localhost:8001/auth/login,6661,0,0
1777162232026,2,POST /reviews/,400,Bad Request,Review Submission Load Test 3-19,text,false,,188,440,61,134,http://localhost:8004/reviews/,2,0,1
1777162232026,2,POST /reviews/,400,Bad Request,Review Submission Load Test 3-13,text,false,,188,440,61,134,http://localhost:8004/reviews/,2,0,1
1777162232177,1,GET /restaurants?q=ramen,200,OK,Restaurant Search Load Test 2-74,text,true,,587,137,1,135,http://localhost:8002/restaurants/?q=ramen,1,0,0
1777162232178,2,GET /restaurants?q=ramen,200,OK,Restaurant Search Load Test 2-74,text,true,,587,137,1,135,http://localhost:8002/restaurants/?q=ramen,2,0,0
1777162232180,1,GET /restaurants?q=ramen,200,OK,Restaurant Search Load Test 2-74,text,true,,587,137,1,135,http://localhost:8002/restaurants/?q=ramen,1,0,0
1777162232181,0,GET /restaurants?q=ramen,200,OK,Restaurant Search Load Test 2-74,text,true,,587,137,1,135,http://localhost:8002/restaurants/?q=ramen,0,0,0
1777162232181,1,GET /restaurants?q=ramen,200,OK,Restaurant Search Load Test 2-74,text,true,,587,137,1,135,http://localhost:8002/restaurants/?q=ramen,1,0,0
1777162232182,1,GET /restaurants?q=ramen,200,OK,Restaurant Search Load Test 2-74,text,true,,587,137,1,135,http://localhost:8002/restaurants/?q=ramen,1,0,0
1777162232183,1,GET /restaurants?q=ramen,200,OK,Restaurant Search Load Test 2-74,text,true,,587,137,1,135,http://localhost:8002/restaurants/?q=ramen,1,0,0
1777162232184,1,GET /restaurants?q=ramen,200,OK,Restaurant Search Load Test 2-74,text,true,,587,137,1,135,http://localhost:8002/restaurants/?q=ramen,1,0,0
1777162232185,1,GET /restaurants?q=ramen,200,OK,Restaurant Search Load Test 2-74,text,true,,587,137,1,135,http://localhost:8002/restaurants/?q=ramen,1,0,0
1777162232186,1,GET /restaurants?q=ramen,200,OK,Restaurant Search Load Test 2-74,text,true,,587,137,1,136,http://localhost:8002/restaurants/?q=ramen,1,0,0
1777162222265,10001,POST /auth/login,Non HTTP response code: java.net.SocketTimeoutException,Non HTTP response message: Read timed out,Login Load Test 1-41,text,false,"Test failed: code expected to equal /

****** received  : [[[Non HTTP response code: java.net.SocketTimeoutException]]]

****** comparison: [[[200                                                    ]]]

/",2679,0,74,135,http://localhost:8001/auth/login,0,0,0
1777162222284,10002,Login for Token,Non HTTP response code: java.net.SocketTimeoutException,Non HTTP response message: Read timed out,Review Submission Load Test 3-41,text,false,,2679,0,61,135,http://localhost:8001/auth/login,0,0,1
1777162232286,1,POST /reviews/,401,Unauthorized,Review Submission Load Test 3-41,text,false,,204,299,61,135,http://localhost:8004/reviews/,1,0,0
1777162232477,2,GET /restaurants?q=ramen,200,OK,Restaurant Search Load Test 2-75,text,true,,587,137,1,137,http://localhost:8002/restaurants/?q=ramen,2,0,0
1777162232479,1,GET /restaurants?q=ramen,200,OK,Restaurant Search Load Test 2-75,text,true,,587,137,1,137,http://localhost:8002/restaurants/?q=ramen,1,0,0
1777162232480,1,GET /restaurants?q=ramen,200,OK,Restaurant Search Load Test 2-75,text,true,,587,137,1,137,http://localhost:8002/restaurants/?q=ramen,1,0,0
1777162232481,2,GET /restaurants?q=ramen,200,OK,Restaurant Search Load Test 2-75,text,true,,587,137,1,137,http://localhost:8002/restaurants/?q=ramen,2,0,0
1777162232483,1,GET /restaurants?q=ramen,200,OK,Restaurant Search Load Test 2-75,text,true,,587,137,1,137,http://localhost:8002/restaurants/?q=ramen,1,0,0
1777162232484,1,GET /restaurants?q=ramen,200,OK,Restaurant Search Load Test 2-75,text,true,,587,137,1,137,http://localhost:8002/restaurants/?q=ramen,1,0,0
1777162232485,1,GET /restaurants?q=ramen,200,OK,Restaurant Search Load Test 2-75,text,true,,587,137,1,138,http://localhost:8002/restaurants/?q=ramen,1,0,0
1777162232486,1,GET /restaurants?q=ramen,200,OK,Restaurant Search Load Test 2-75,text,true,,587,137,1,138,http://localhost:8002/restaurants/?q=ramen,1,0,0
1777162232487,1,GET /restaurants?q=ramen,200,OK,Restaurant Search Load Test 2-75,text,true,,587,137,1,138,http://localhost:8002/restaurants/?q=ramen,1,0,0
1777162232488,1,GET /restaurants?q=ramen,200,OK,Restaurant Search Load Test 2-75,text,true,,587,137,1,138,http://localhost:8002/restaurants/?q=ramen,1,0,0
1777162222566,10001,POST /auth/login,Non HTTP response code: java.net.SocketTimeoutException,Non HTTP response message: Read timed out,Login Load Test 1-42,text,false,"Test failed: code expected to equal /

****** received  : [[[Non HTTP response code: java.net.SocketTimeoutException]]]

****** comparison: [[[200                                                    ]]]

/",2679,0,75,137,http://localhost:8001/auth/login,0,0,0
1777162222583,10001,Login for Token,Non HTTP response code: java.net.SocketTimeoutException,Non HTTP response message: Read timed out,Review Submission Load Test 3-42,text,false,,2679,0,62,137,http://localhost:8001/auth/login,0,0,0
1777162232585,0,POST /reviews/,401,Unauthorized,Review Submission Load Test 3-42,text,false,,204,299,62,137,http://localhost:8004/reviews/,0,0,0
1777162232777,2,GET /restaurants?q=ramen,200,OK,Restaurant Search Load Test 2-76,text,true,,587,137,1,139,http://localhost:8002/restaurants/?q=ramen,2,0,0
1777162232779,0,GET /restaurants?q=ramen,200,OK,Restaurant Search Load Test 2-76,text,true,,587,137,1,139,http://localhost:8002/restaurants/?q=ramen,0,0,0
1777162232780,0,GET /restaurants?q=ramen,200,OK,Restaurant Search Load Test 2-76,text,true,,587,137,1,139,http://localhost:8002/restaurants/?q=ramen,0,0,0
1777162232780,1,GET /restaurants?q=ramen,200,OK,Restaurant Search Load Test 2-76,text,true,,587,137,1,140,http://localhost:8002/restaurants/?q=ramen,1,0,0
1777162232781,1,GET /restaurants?q=ramen,200,OK,Restaurant Search Load Test 2-76,text,true,,587,137,1,140,http://localhost:8002/restaurants/?q=ramen,1,0,0
1777162232782,0,GET /restaurants?q=ramen,200,OK,Restaurant Search Load Test 2-76,text,true,,587,137,1,140,http://localhost:8002/restaurants/?q=ramen,0,0,0
1777162232782,1,GET /restaurants?q=ramen,200,OK,Restaurant Search Load Test 2-76,text,true,,587,137,1,140,http://localhost:8002/restaurants/?q=ramen,1,0,0
1777162232783,1,GET /restaurants?q=ramen,200,OK,Restaurant Search Load Test 2-76,text,true,,587,137,1,140,http://localhost:8002/restaurants/?q=ramen,1,0,0
1777162232784,0,GET /restaurants?q=ramen,200,OK,Restaurant Search Load Test 2-76,text,true,,587,137,1,140,http://localhost:8002/restaurants/?q=ramen,0,0,0
1777162232784,1,GET /restaurants?q=ramen,200,OK,Restaurant Search Load Test 2-76,text,true,,587,137,1,140,http://localhost:8002/restaurants/?q=ramen,1,0,0
1777162222865,10001,POST /auth/login,Non HTTP response code: java.net.SocketTimeoutException,Non HTTP response message: Read timed out,Login Load Test 1-43,text,false,"Test failed: code expected to equal /

****** received  : [[[Non HTTP response code: java.net.SocketTimeoutException]]]

****** comparison: [[[200                                                    ]]]

/",2679,0,76,139,http://localhost:8001/auth/login,0,0,0
1777162222886,10001,Login for Token,Non HTTP response code: java.net.SocketTimeoutException,Non HTTP response message: Read timed out,Review Submission Load Test 3-43,text,false,,2679,0,63,139,http://localhost:8001/auth/login,0,0,0
1777162232887,1,POST /reviews/,401,Unauthorized,Review Submission Load Test 3-43,text,false,,204,299,63,139,http://localhost:8004/reviews/,1,0,0
1777162233077,2,GET /restaurants?q=ramen,200,OK,Restaurant Search Load Test 2-77,text,true,,587,137,1,141,http://localhost:8002/restaurants/?q=ramen,2,0,0
1777162233079,1,GET /restaurants?q=ramen,200,OK,Restaurant Search Load Test 2-77,text,true,,587,137,1,141,http://localhost:8002/restaurants/?q=ramen,1,0,0
1777162233080,1,GET /restaurants?q=ramen,200,OK,Restaurant Search Load Test 2-77,text,true,,587,137,1,141,http://localhost:8002/restaurants/?q=ramen,1,0,0
1777162233081,1,GET /restaurants?q=ramen,200,OK,Restaurant Search Load Test 2-77,text,true,,587,137,1,141,http://localhost:8002/restaurants/?q=ramen,1,0,0
1777162233082,1,GET /restaurants?q=ramen,200,OK,Restaurant Search Load Test 2-77,text,true,,587,137,1,141,http://localhost:8002/restaurants/?q=ramen,1,0,0
1777162233083,2,GET /restaurants?q=ramen,200,OK,Restaurant Search Load Test 2-77,text,true,,587,137,1,141,http://localhost:8002/restaurants/?q=ramen,2,0,0
1777162233085,1,GET /restaurants?q=ramen,200,OK,Restaurant Search Load Test 2-77,text,true,,587,137,1,142,http://localhost:8002/restaurants/?q=ramen,1,0,0
1777162233086,1,GET /restaurants?q=ramen,200,OK,Restaurant Search Load Test 2-77,text,true,,587,137,1,142,http://localhost:8002/restaurants/?q=ramen,1,0,0
1777162233087,1,GET /restaurants?q=ramen,200,OK,Restaurant Search Load Test 2-77,text,true,,587,137,1,142,http://localhost:8002/restaurants/?q=ramen,1,0,0
1777162233088,1,GET /restaurants?q=ramen,200,OK,Restaurant Search Load Test 2-77,text,true,,587,137,1,142,http://localhost:8002/restaurants/?q=ramen,1,0,0
1777162223162,10001,POST /auth/login,Non HTTP response code: java.net.SocketTimeoutException,Non HTTP response message: Read timed out,Login Load Test 1-44,text,false,"Test failed: code expected to equal /

****** received  : [[[Non HTTP response code: java.net.SocketTimeoutException]]]

****** comparison: [[[200                                                    ]]]

/",2679,0,77,141,http://localhost:8001/auth/login,0,0,1
1777162223184,10001,Login for Token,Non HTTP response code: java.net.SocketTimeoutException,Non HTTP response message: Read timed out,Review Submission Load Test 3-44,text,false,,2679,0,64,141,http://localhost:8001/auth/login,0,0,0
1777162233186,0,POST /reviews/,401,Unauthorized,Review Submission Load Test 3-44,text,false,,204,299,64,141,http://localhost:8004/reviews/,0,0,0
1777162225362,7985,POST /auth/login,200,OK,Login Load Test 1-13,text,true,,316,243,77,141,http://localhost:8001/auth/login,7985,0,0
1777162233377,2,GET /restaurants?q=ramen,200,OK,Restaurant Search Load Test 2-78,text,true,,587,137,1,143,http://localhost:8002/restaurants/?q=ramen,2,0,0
1777162233379,1,GET /restaurants?q=ramen,200,OK,Restaurant Search Load Test 2-78,text,true,,587,137,1,143,http://localhost:8002/restaurants/?q=ramen,1,0,0
1777162233380,1,GET /restaurants?q=ramen,200,OK,Restaurant Search Load Test 2-78,text,true,,587,137,1,143,http://localhost:8002/restaurants/?q=ramen,1,0,0
1777162233381,1,GET /restaurants?q=ramen,200,OK,Restaurant Search Load Test 2-78,text,true,,587,137,1,143,http://localhost:8002/restaurants/?q=ramen,1,0,0
1777162233382,1,GET /restaurants?q=ramen,200,OK,Restaurant Search Load Test 2-78,text,true,,587,137,1,143,http://localhost:8002/restaurants/?q=ramen,1,0,0
1777162233383,1,GET /restaurants?q=ramen,200,OK,Restaurant Search Load Test 2-78,text,true,,587,137,1,143,http://localhost:8002/restaurants/?q=ramen,1,0,0
1777162233384,2,GET /restaurants?q=ramen,200,OK,Restaurant Search Load Test 2-78,text,true,,587,137,1,143,http://localhost:8002/restaurants/?q=ramen,2,0,0
1777162233386,1,GET /restaurants?q=ramen,200,OK,Restaurant Search Load Test 2-78,text,true,,587,137,1,144,http://localhost:8002/restaurants/?q=ramen,1,0,0
1777162233387,1,GET /restaurants?q=ramen,200,OK,Restaurant Search Load Test 2-78,text,true,,587,137,1,144,http://localhost:8002/restaurants/?q=ramen,1,0,0
1777162233388,1,GET /restaurants?q=ramen,200,OK,Restaurant Search Load Test 2-78,text,true,,587,137,1,144,http://localhost:8002/restaurants/?q=ramen,1,0,0
1777162223466,10001,POST /auth/login,Non HTTP response code: java.net.SocketTimeoutException,Non HTTP response message: Read timed out,Login Load Test 1-45,text,false,"Test failed: code expected to equal /

****** received  : [[[Non HTTP response code: java.net.SocketTimeoutException]]]

****** comparison: [[[200                                                    ]]]

/",2679,0,78,143,http://localhost:8001/auth/login,0,0,1
1777162223481,10001,Login for Token,Non HTTP response code: java.net.SocketTimeoutException,Non HTTP response message: Read timed out,Review Submission Load Test 3-45,text,false,,2679,0,65,143,http://localhost:8001/auth/login,0,0,0
1777162233483,0,POST /reviews/,401,Unauthorized,Review Submission Load Test 3-45,text,false,,204,299,65,143,http://localhost:8004/reviews/,0,0,0
1777162233676,3,GET /restaurants?q=ramen,200,OK,Restaurant Search Load Test 2-79,text,true,,587,137,1,145,http://localhost:8002/restaurants/?q=ramen,3,0,1
1777162233679,1,GET /restaurants?q=ramen,200,OK,Restaurant Search Load Test 2-79,text,true,,587,137,1,145,http://localhost:8002/restaurants/?q=ramen,1,0,0
1777162233680,1,GET /restaurants?q=ramen,200,OK,Restaurant Search Load Test 2-79,text,true,,587,137,1,145,http://localhost:8002/restaurants/?q=ramen,1,0,0
1777162233681,1,GET /restaurants?q=ramen,200,OK,Restaurant Search Load Test 2-79,text,true,,587,137,1,145,http://localhost:8002/restaurants/?q=ramen,1,0,0
1777162233682,1,GET /restaurants?q=ramen,200,OK,Restaurant Search Load Test 2-79,text,true,,587,137,1,145,http://localhost:8002/restaurants/?q=ramen,1,0,0
1777162233683,1,GET /restaurants?q=ramen,200,OK,Restaurant Search Load Test 2-79,text,true,,587,137,1,145,http://localhost:8002/restaurants/?q=ramen,1,0,0
1777162233684,1,GET /restaurants?q=ramen,200,OK,Restaurant Search Load Test 2-79,text,true,,587,137,1,145,http://localhost:8002/restaurants/?q=ramen,1,0,0
1777162233685,0,GET /restaurants?q=ramen,200,OK,Restaurant Search Load Test 2-79,text,true,,587,137,1,145,http://localhost:8002/restaurants/?q=ramen,0,0,0
1777162233685,1,GET /restaurants?q=ramen,200,OK,Restaurant Search Load Test 2-79,text,true,,587,137,1,145,http://localhost:8002/restaurants/?q=ramen,1,0,0
1777162233686,1,GET /restaurants?q=ramen,200,OK,Restaurant Search Load Test 2-79,text,true,,587,137,1,146,http://localhost:8002/restaurants/?q=ramen,1,0,0
1777162223765,10001,POST /auth/login,Non HTTP response code: java.net.SocketTimeoutException,Non HTTP response message: Read timed out,Login Load Test 1-46,text,false,"Test failed: code expected to equal /

****** received  : [[[Non HTTP response code: java.net.SocketTimeoutException]]]

****** comparison: [[[200                                                    ]]]

/",2679,0,79,145,http://localhost:8001/auth/login,0,0,0
1777162223782,10002,Login for Token,Non HTTP response code: java.net.SocketTimeoutException,Non HTTP response message: Read timed out,Review Submission Load Test 3-46,text,false,,2679,0,66,145,http://localhost:8001/auth/login,0,0,1
1777162233784,1,POST /reviews/,401,Unauthorized,Review Submission Load Test 3-46,text,false,,204,299,66,145,http://localhost:8004/reviews/,1,0,0
1777162233977,2,GET /restaurants?q=ramen,200,OK,Restaurant Search Load Test 2-80,text,true,,587,137,1,147,http://localhost:8002/restaurants/?q=ramen,2,0,0
1777162233979,1,GET /restaurants?q=ramen,200,OK,Restaurant Search Load Test 2-80,text,true,,587,137,1,147,http://localhost:8002/restaurants/?q=ramen,1,0,0
1777162233980,1,GET /restaurants?q=ramen,200,OK,Restaurant Search Load Test 2-80,text,true,,587,137,1,147,http://localhost:8002/restaurants/?q=ramen,1,0,0
1777162233981,2,GET /restaurants?q=ramen,200,OK,Restaurant Search Load Test 2-80,text,true,,587,137,1,147,http://localhost:8002/restaurants/?q=ramen,2,0,0
1777162233983,1,GET /restaurants?q=ramen,200,OK,Restaurant Search Load Test 2-80,text,true,,587,137,1,147,http://localhost:8002/restaurants/?q=ramen,1,0,0
1777162233984,1,GET /restaurants?q=ramen,200,OK,Restaurant Search Load Test 2-80,text,true,,587,137,1,148,http://localhost:8002/restaurants/?q=ramen,1,0,0
1777162233985,1,GET /restaurants?q=ramen,200,OK,Restaurant Search Load Test 2-80,text,true,,587,137,1,148,http://localhost:8002/restaurants/?q=ramen,1,0,0
1777162233986,1,GET /restaurants?q=ramen,200,OK,Restaurant Search Load Test 2-80,text,true,,587,137,1,148,http://localhost:8002/restaurants/?q=ramen,1,0,0
1777162233987,1,GET /restaurants?q=ramen,200,OK,Restaurant Search Load Test 2-80,text,true,,587,137,1,148,http://localhost:8002/restaurants/?q=ramen,1,0,0
1777162233988,1,GET /restaurants?q=ramen,200,OK,Restaurant Search Load Test 2-80,text,true,,587,137,1,148,http://localhost:8002/restaurants/?q=ramen,1,0,0
1777162224066,10001,POST /auth/login,Non HTTP response code: java.net.SocketTimeoutException,Non HTTP response message: Read timed out,Login Load Test 1-47,text,false,"Test failed: code expected to equal /

****** received  : [[[Non HTTP response code: java.net.SocketTimeoutException]]]

****** comparison: [[[200                                                    ]]]

/",2679,0,80,147,http://localhost:8001/auth/login,0,0,1
1777162224082,10001,Login for Token,Non HTTP response code: java.net.SocketTimeoutException,Non HTTP response message: Read timed out,Review Submission Load Test 3-47,text,false,,2679,0,67,147,http://localhost:8001/auth/login,0,0,0
1777162234083,0,POST /reviews/,401,Unauthorized,Review Submission Load Test 3-47,text,false,,204,299,67,147,http://localhost:8004/reviews/,0,0,0
1777162234277,2,GET /restaurants?q=ramen,200,OK,Restaurant Search Load Test 2-81,text,true,,587,137,1,149,http://localhost:8002/restaurants/?q=ramen,2,0,0
1777162234279,2,GET /restaurants?q=ramen,200,OK,Restaurant Search Load Test 2-81,text,true,,587,137,1,149,http://localhost:8002/restaurants/?q=ramen,2,0,0
1777162234281,1,GET /restaurants?q=ramen,200,OK,Restaurant Search Load Test 2-81,text,true,,587,137,1,149,http://localhost:8002/restaurants/?q=ramen,1,0,0
1777162234282,1,GET /restaurants?q=ramen,200,OK,Restaurant Search Load Test 2-81,text,true,,587,137,1,149,http://localhost:8002/restaurants/?q=ramen,1,0,0
1777162234283,1,GET /restaurants?q=ramen,200,OK,Restaurant Search Load Test 2-81,text,true,,587,137,1,149,http://localhost:8002/restaurants/?q=ramen,1,0,0
1777162234284,1,GET /restaurants?q=ramen,200,OK,Restaurant Search Load Test 2-81,text,true,,587,137,1,150,http://localhost:8002/restaurants/?q=ramen,1,0,0
1777162234285,1,GET /restaurants?q=ramen,200,OK,Restaurant Search Load Test 2-81,text,true,,587,137,1,150,http://localhost:8002/restaurants/?q=ramen,1,0,0
1777162234286,1,GET /restaurants?q=ramen,200,OK,Restaurant Search Load Test 2-81,text,true,,587,137,1,150,http://localhost:8002/restaurants/?q=ramen,1,0,0
1777162234287,1,GET /restaurants?q=ramen,200,OK,Restaurant Search Load Test 2-81,text,true,,587,137,1,150,http://localhost:8002/restaurants/?q=ramen,1,0,0
1777162234288,1,GET /restaurants?q=ramen,200,OK,Restaurant Search Load Test 2-81,text,true,,587,137,1,150,http://localhost:8002/restaurants/?q=ramen,1,0,0
1777162227679,6659,POST /auth/login,200,OK,Login Load Test 1-1,text,true,,316,243,81,149,http://localhost:8001/auth/login,6659,0,0
1777162227679,6659,POST /auth/login,200,OK,Login Load Test 1-15,text,true,,316,243,81,149,http://localhost:8001/auth/login,6659,0,0
1777162227679,6659,POST /auth/login,200,OK,Login Load Test 1-5,text,true,,316,243,81,149,http://localhost:8001/auth/login,6659,0,0
1777162227679,6659,POST /auth/login,200,OK,Login Load Test 1-3,text,true,,316,243,81,149,http://localhost:8001/auth/login,6659,0,0
1777162227679,6659,POST /auth/login,200,OK,Login Load Test 1-9,text,true,,316,243,81,149,http://localhost:8001/auth/login,6659,0,0
1777162227679,6659,POST /auth/login,200,OK,Login Load Test 1-4,text,true,,316,243,81,149,http://localhost:8001/auth/login,6659,0,0
1777162227016,7322,Login for Token,200,OK,Review Submission Load Test 3-14,text,true,,316,243,68,149,http://localhost:8001/auth/login,7322,0,0
1777162234338,3,POST /reviews/,400,Bad Request,Review Submission Load Test 3-14,text,false,,188,440,68,149,http://localhost:8004/reviews/,3,0,1
1777162224365,10001,POST /auth/login,Non HTTP response code: java.net.SocketTimeoutException,Non HTTP response message: Read timed out,Login Load Test 1-48,text,false,"Test failed: code expected to equal /

****** received  : [[[Non HTTP response code: java.net.SocketTimeoutException]]]

****** comparison: [[[200                                                    ]]]

/",2679,0,81,148,http://localhost:8001/auth/login,0,0,0
1777162224387,10001,Login for Token,Non HTTP response code: java.net.SocketTimeoutException,Non HTTP response message: Read timed out,Review Submission Load Test 3-48,text,false,,2679,0,67,148,http://localhost:8001/auth/login,0,0,0
1777162234388,4,POST /reviews/,401,Unauthorized,Review Submission Load Test 3-48,text,false,,204,299,67,148,http://localhost:8004/reviews/,4,0,0
1777162234577,2,GET /restaurants?q=ramen,200,OK,Restaurant Search Load Test 2-82,text,true,,587,137,1,150,http://localhost:8002/restaurants/?q=ramen,2,0,0
1777162234579,1,GET /restaurants?q=ramen,200,OK,Restaurant Search Load Test 2-82,text,true,,587,137,1,150,http://localhost:8002/restaurants/?q=ramen,1,0,0
1777162234580,1,GET /restaurants?q=ramen,200,OK,Restaurant Search Load Test 2-82,text,true,,587,137,1,150,http://localhost:8002/restaurants/?q=ramen,1,0,0
1777162234581,1,GET /restaurants?q=ramen,200,OK,Restaurant Search Load Test 2-82,text,true,,587,137,1,150,http://localhost:8002/restaurants/?q=ramen,1,0,0
1777162234582,1,GET /restaurants?q=ramen,200,OK,Restaurant Search Load Test 2-82,text,true,,587,137,1,150,http://localhost:8002/restaurants/?q=ramen,1,0,0
1777162234583,1,GET /restaurants?q=ramen,200,OK,Restaurant Search Load Test 2-82,text,true,,587,137,1,150,http://localhost:8002/restaurants/?q=ramen,1,0,0
1777162234584,1,GET /restaurants?q=ramen,200,OK,Restaurant Search Load Test 2-82,text,true,,587,137,1,151,http://localhost:8002/restaurants/?q=ramen,1,0,0
1777162234585,1,GET /restaurants?q=ramen,200,OK,Restaurant Search Load Test 2-82,text,true,,587,137,1,151,http://localhost:8002/restaurants/?q=ramen,1,0,0
1777162234586,1,GET /restaurants?q=ramen,200,OK,Restaurant Search Load Test 2-82,text,true,,587,137,1,151,http://localhost:8002/restaurants/?q=ramen,1,0,0
1777162234587,0,GET /restaurants?q=ramen,200,OK,Restaurant Search Load Test 2-82,text,true,,587,137,1,151,http://localhost:8002/restaurants/?q=ramen,0,0,0
1777162224664,10001,POST /auth/login,Non HTTP response code: java.net.SocketTimeoutException,Non HTTP response message: Read timed out,Login Load Test 1-49,text,false,"Test failed: code expected to equal /

****** received  : [[[Non HTTP response code: java.net.SocketTimeoutException]]]

****** comparison: [[[200                                                    ]]]

/",2679,0,82,150,http://localhost:8001/auth/login,0,0,0
1777162224684,10001,Login for Token,Non HTTP response code: java.net.SocketTimeoutException,Non HTTP response message: Read timed out,Review Submission Load Test 3-49,text,false,,2679,0,68,150,http://localhost:8001/auth/login,0,0,1
1777162234685,1,POST /reviews/,401,Unauthorized,Review Submission Load Test 3-49,text,false,,204,299,68,150,http://localhost:8004/reviews/,1,0,0
1777162234877,1,GET /restaurants?q=ramen,200,OK,Restaurant Search Load Test 2-83,text,true,,587,137,1,152,http://localhost:8002/restaurants/?q=ramen,1,0,0
1777162234878,1,GET /restaurants?q=ramen,200,OK,Restaurant Search Load Test 2-83,text,true,,587,137,1,152,http://localhost:8002/restaurants/?q=ramen,1,0,0
1777162234879,1,GET /restaurants?q=ramen,200,OK,Restaurant Search Load Test 2-83,text,true,,587,137,1,152,http://localhost:8002/restaurants/?q=ramen,1,0,0
1777162234880,1,GET /restaurants?q=ramen,200,OK,Restaurant Search Load Test 2-83,text,true,,587,137,1,152,http://localhost:8002/restaurants/?q=ramen,1,0,0
1777162234881,1,GET /restaurants?q=ramen,200,OK,Restaurant Search Load Test 2-83,text,true,,587,137,1,152,http://localhost:8002/restaurants/?q=ramen,1,0,0
1777162234882,0,GET /restaurants?q=ramen,200,OK,Restaurant Search Load Test 2-83,text,true,,587,137,1,152,http://localhost:8002/restaurants/?q=ramen,0,0,0
1777162234882,1,GET /restaurants?q=ramen,200,OK,Restaurant Search Load Test 2-83,text,true,,587,137,1,152,http://localhost:8002/restaurants/?q=ramen,1,0,0
1777162234883,1,GET /restaurants?q=ramen,200,OK,Restaurant Search Load Test 2-83,text,true,,587,137,1,152,http://localhost:8002/restaurants/?q=ramen,1,0,0
1777162234884,0,GET /restaurants?q=ramen,200,OK,Restaurant Search Load Test 2-83,text,true,,587,137,1,152,http://localhost:8002/restaurants/?q=ramen,0,0,0
1777162234884,1,GET /restaurants?q=ramen,200,OK,Restaurant Search Load Test 2-83,text,true,,587,137,1,152,http://localhost:8002/restaurants/?q=ramen,1,0,0
1777162224964,10000,POST /auth/login,Non HTTP response code: java.net.SocketTimeoutException,Non HTTP response message: Read timed out,Login Load Test 1-50,text,false,"Test failed: code expected to equal /

****** received  : [[[Non HTTP response code: java.net.SocketTimeoutException]]]

****** comparison: [[[200                                                    ]]]

/",2679,0,83,152,http://localhost:8001/auth/login,0,0,0
1777162224984,10002,Login for Token,Non HTTP response code: java.net.SocketTimeoutException,Non HTTP response message: Read timed out,Review Submission Load Test 3-50,text,false,,2679,0,69,152,http://localhost:8001/auth/login,0,0,0
1777162234986,1,POST /reviews/,401,Unauthorized,Review Submission Load Test 3-50,text,false,,204,299,69,152,http://localhost:8004/reviews/,1,0,0
1777162235177,2,GET /restaurants?q=ramen,200,OK,Restaurant Search Load Test 2-84,text,true,,587,137,1,154,http://localhost:8002/restaurants/?q=ramen,2,0,1
1777162235179,1,GET /restaurants?q=ramen,200,OK,Restaurant Search Load Test 2-84,text,true,,587,137,1,154,http://localhost:8002/restaurants/?q=ramen,1,0,0
1777162235180,1,GET /restaurants?q=ramen,200,OK,Restaurant Search Load Test 2-84,text,true,,587,137,1,154,http://localhost:8002/restaurants/?q=ramen,1,0,0
1777162235181,0,GET /restaurants?q=ramen,200,OK,Restaurant Search Load Test 2-84,text,true,,587,137,1,154,http://localhost:8002/restaurants/?q=ramen,0,0,0
1777162235181,1,GET /restaurants?q=ramen,200,OK,Restaurant Search Load Test 2-84,text,true,,587,137,1,154,http://localhost:8002/restaurants/?q=ramen,1,0,0
1777162235182,1,GET /restaurants?q=ramen,200,OK,Restaurant Search Load Test 2-84,text,true,,587,137,1,154,http://localhost:8002/restaurants/?q=ramen,1,0,0
1777162235183,1,GET /restaurants?q=ramen,200,OK,Restaurant Search Load Test 2-84,text,true,,587,137,1,155,http://localhost:8002/restaurants/?q=ramen,1,0,0
1777162235184,0,GET /restaurants?q=ramen,200,OK,Restaurant Search Load Test 2-84,text,true,,587,137,1,155,http://localhost:8002/restaurants/?q=ramen,0,0,0
1777162235184,1,GET /restaurants?q=ramen,200,OK,Restaurant Search Load Test 2-84,text,true,,587,137,1,155,http://localhost:8002/restaurants/?q=ramen,1,0,0
1777162235185,1,GET /restaurants?q=ramen,200,OK,Restaurant Search Load Test 2-84,text,true,,587,137,1,155,http://localhost:8002/restaurants/?q=ramen,1,0,0
1777162225266,10001,POST /auth/login,Non HTTP response code: java.net.SocketTimeoutException,Non HTTP response message: Read timed out,Login Load Test 1-51,text,false,"Test failed: code expected to equal /

****** received  : [[[Non HTTP response code: java.net.SocketTimeoutException]]]

****** comparison: [[[200                                                    ]]]

/",2679,0,84,154,http://localhost:8001/auth/login,0,0,0
1777162225284,10001,Login for Token,Non HTTP response code: java.net.SocketTimeoutException,Non HTTP response message: Read timed out,Review Submission Load Test 3-51,text,false,,2679,0,70,154,http://localhost:8001/auth/login,0,0,0
1777162235286,1,POST /reviews/,401,Unauthorized,Review Submission Load Test 3-51,text,false,,204,299,70,154,http://localhost:8004/reviews/,1,0,0
1777162235479,3,GET /restaurants?q=ramen,200,OK,Restaurant Search Load Test 2-85,text,true,,587,137,1,156,http://localhost:8002/restaurants/?q=ramen,3,0,1
1777162235482,1,GET /restaurants?q=ramen,200,OK,Restaurant Search Load Test 2-85,text,true,,587,137,1,156,http://localhost:8002/restaurants/?q=ramen,1,0,0
1777162235483,1,GET /restaurants?q=ramen,200,OK,Restaurant Search Load Test 2-85,text,true,,587,137,1,156,http://localhost:8002/restaurants/?q=ramen,1,0,0
1777162235484,2,GET /restaurants?q=ramen,200,OK,Restaurant Search Load Test 2-85,text,true,,587,137,1,157,http://localhost:8002/restaurants/?q=ramen,2,0,0
1777162235486,1,GET /restaurants?q=ramen,200,OK,Restaurant Search Load Test 2-85,text,true,,587,137,1,157,http://localhost:8002/restaurants/?q=ramen,1,0,0
1777162235487,1,GET /restaurants?q=ramen,200,OK,Restaurant Search Load Test 2-85,text,true,,587,137,1,157,http://localhost:8002/restaurants/?q=ramen,1,0,0
1777162235488,1,GET /restaurants?q=ramen,200,OK,Restaurant Search Load Test 2-85,text,true,,587,137,1,157,http://localhost:8002/restaurants/?q=ramen,1,0,0
1777162235489,1,GET /restaurants?q=ramen,200,OK,Restaurant Search Load Test 2-85,text,true,,587,137,1,157,http://localhost:8002/restaurants/?q=ramen,1,0,0
1777162235490,1,GET /restaurants?q=ramen,200,OK,Restaurant Search Load Test 2-85,text,true,,587,137,1,157,http://localhost:8002/restaurants/?q=ramen,1,0,0
1777162235491,1,GET /restaurants?q=ramen,200,OK,Restaurant Search Load Test 2-85,text,true,,587,137,1,157,http://localhost:8002/restaurants/?q=ramen,1,0,0
1777162229005,6502,POST /auth/login,200,OK,Login Load Test 1-16,text,true,,316,243,85,156,http://localhost:8001/auth/login,6502,0,0
1777162227679,7828,POST /auth/login,200,OK,Login Load Test 1-8,text,true,,316,243,85,156,http://localhost:8001/auth/login,7828,0,0
1777162229005,6502,POST /auth/login,200,OK,Login Load Test 1-11,text,true,,316,243,85,156,http://localhost:8001/auth/login,6502,0,0
1777162227681,7826,Login for Token,200,OK,Review Submission Load Test 3-15,text,true,,316,243,71,156,http://localhost:8001/auth/login,7826,0,0
1777162229005,6503,POST /auth/login,200,OK,Login Load Test 1-2,text,true,,316,243,85,156,http://localhost:8001/auth/login,6503,0,0
1777162235508,1,POST /reviews/,400,Bad Request,Review Submission Load Test 3-15,text,false,,188,440,71,156,http://localhost:8004/reviews/,1,0,0
1777162225566,10002,POST /auth/login,Non HTTP response code: java.net.SocketTimeoutException,Non HTTP response message: Read timed out,Login Load Test 1-52,text,false,"Test failed: code expected to equal /

****** received  : [[[Non HTTP response code: java.net.SocketTimeoutException]]]

****** comparison: [[[200                                                    ]]]

/",2679,0,85,155,http://localhost:8001/auth/login,0,0,0
1777162225583,10002,Login for Token,Non HTTP response code: java.net.SocketTimeoutException,Non HTTP response message: Read timed out,Review Submission Load Test 3-52,text,false,,2679,0,70,155,http://localhost:8001/auth/login,0,0,0
1777162235586,1,POST /reviews/,401,Unauthorized,Review Submission Load Test 3-52,text,false,,204,299,70,155,http://localhost:8004/reviews/,1,0,0
1777162235778,2,GET /restaurants?q=ramen,200,OK,Restaurant Search Load Test 2-86,text,true,,587,137,1,157,http://localhost:8002/restaurants/?q=ramen,2,0,0
1777162235780,1,GET /restaurants?q=ramen,200,OK,Restaurant Search Load Test 2-86,text,true,,587,137,1,157,http://localhost:8002/restaurants/?q=ramen,1,0,0
1777162235781,2,GET /restaurants?q=ramen,200,OK,Restaurant Search Load Test 2-86,text,true,,587,137,1,157,http://localhost:8002/restaurants/?q=ramen,2,0,0
1777162235783,1,GET /restaurants?q=ramen,200,OK,Restaurant Search Load Test 2-86,text,true,,587,137,1,157,http://localhost:8002/restaurants/?q=ramen,1,0,0
1777162235784,1,GET /restaurants?q=ramen,200,OK,Restaurant Search Load Test 2-86,text,true,,587,137,1,157,http://localhost:8002/restaurants/?q=ramen,1,0,0
1777162235785,0,GET /restaurants?q=ramen,200,OK,Restaurant Search Load Test 2-86,text,true,,587,137,1,158,http://localhost:8002/restaurants/?q=ramen,0,0,0
1777162235785,1,GET /restaurants?q=ramen,200,OK,Restaurant Search Load Test 2-86,text,true,,587,137,1,158,http://localhost:8002/restaurants/?q=ramen,1,0,0
1777162235786,1,GET /restaurants?q=ramen,200,OK,Restaurant Search Load Test 2-86,text,true,,587,137,1,158,http://localhost:8002/restaurants/?q=ramen,1,0,0
1777162235787,1,GET /restaurants?q=ramen,200,OK,Restaurant Search Load Test 2-86,text,true,,587,137,1,158,http://localhost:8002/restaurants/?q=ramen,1,0,0
1777162235788,0,GET /restaurants?q=ramen,200,OK,Restaurant Search Load Test 2-86,text,true,,587,137,1,158,http://localhost:8002/restaurants/?q=ramen,0,0,0
1777162225862,10001,POST /auth/login,Non HTTP response code: java.net.SocketTimeoutException,Non HTTP response message: Read timed out,Login Load Test 1-53,text,false,"Test failed: code expected to equal /

****** received  : [[[Non HTTP response code: java.net.SocketTimeoutException]]]

****** comparison: [[[200                                                    ]]]

/",2679,0,86,157,http://localhost:8001/auth/login,0,0,0
1777162225886,10002,Login for Token,Non HTTP response code: java.net.SocketTimeoutException,Non HTTP response message: Read timed out,Review Submission Load Test 3-53,text,false,,2679,0,71,157,http://localhost:8001/auth/login,0,0,1
1777162235889,1,POST /reviews/,401,Unauthorized,Review Submission Load Test 3-53,text,false,,204,299,71,157,http://localhost:8004/reviews/,1,0,0
1777162225964,10001,POST /auth/login,Non HTTP response code: java.net.SocketTimeoutException,Non HTTP response message: Read timed out,Login Load Test 1-20,text,false,"Test failed: code expected to equal /

****** received  : [[[Non HTTP response code: java.net.SocketTimeoutException]]]

****** comparison: [[[200                                                    ]]]

/",2679,0,86,157,http://localhost:8001/auth/login,0,0,0
1777162225986,10001,Login for Token,Non HTTP response code: java.net.SocketTimeoutException,Non HTTP response message: Read timed out,Review Submission Load Test 3-20,text,false,,2679,0,71,157,http://localhost:8001/auth/login,0,0,0
1777162235988,1,POST /reviews/,401,Unauthorized,Review Submission Load Test 3-20,text,false,,204,299,71,157,http://localhost:8004/reviews/,1,0,1
1777162236078,2,GET /restaurants?q=ramen,200,OK,Restaurant Search Load Test 2-87,text,true,,587,137,1,159,http://localhost:8002/restaurants/?q=ramen,2,0,0
1777162236080,1,GET /restaurants?q=ramen,200,OK,Restaurant Search Load Test 2-87,text,true,,587,137,1,159,http://localhost:8002/restaurants/?q=ramen,1,0,0
1777162236081,1,GET /restaurants?q=ramen,200,OK,Restaurant Search Load Test 2-87,text,true,,587,137,1,159,http://localhost:8002/restaurants/?q=ramen,1,0,0
1777162236082,2,GET /restaurants?q=ramen,200,OK,Restaurant Search Load Test 2-87,text,true,,587,137,1,159,http://localhost:8002/restaurants/?q=ramen,2,0,0
1777162236084,1,GET /restaurants?q=ramen,200,OK,Restaurant Search Load Test 2-87,text,true,,587,137,1,159,http://localhost:8002/restaurants/?q=ramen,1,0,0
1777162236085,1,GET /restaurants?q=ramen,200,OK,Restaurant Search Load Test 2-87,text,true,,587,137,1,159,http://localhost:8002/restaurants/?q=ramen,1,0,0
1777162236086,1,GET /restaurants?q=ramen,200,OK,Restaurant Search Load Test 2-87,text,true,,587,137,1,159,http://localhost:8002/restaurants/?q=ramen,1,0,0
1777162236087,1,GET /restaurants?q=ramen,200,OK,Restaurant Search Load Test 2-87,text,true,,587,137,1,160,http://localhost:8002/restaurants/?q=ramen,1,0,0
1777162236088,1,GET /restaurants?q=ramen,200,OK,Restaurant Search Load Test 2-87,text,true,,587,137,1,160,http://localhost:8002/restaurants/?q=ramen,1,0,0
1777162236089,1,GET /restaurants?q=ramen,200,OK,Restaurant Search Load Test 2-87,text,true,,587,137,1,160,http://localhost:8002/restaurants/?q=ramen,1,0,0
1777162226167,10001,POST /auth/login,Non HTTP response code: java.net.SocketTimeoutException,Non HTTP response message: Read timed out,Login Load Test 1-54,text,false,"Test failed: code expected to equal /

****** received  : [[[Non HTTP response code: java.net.SocketTimeoutException]]]

****** comparison: [[[200                                                    ]]]

/",2679,0,87,159,http://localhost:8001/auth/login,0,0,0
1777162226182,10001,Login for Token,Non HTTP response code: java.net.SocketTimeoutException,Non HTTP response message: Read timed out,Review Submission Load Test 3-54,text,false,,2679,0,72,159,http://localhost:8001/auth/login,0,0,0
1777162236184,1,POST /reviews/,401,Unauthorized,Review Submission Load Test 3-54,text,false,,204,299,72,159,http://localhost:8004/reviews/,1,0,0
1777162226267,10001,POST /auth/login,Non HTTP response code: java.net.SocketTimeoutException,Non HTTP response message: Read timed out,Login Load Test 1-21,text,false,"Test failed: code expected to equal /

****** received  : [[[Non HTTP response code: java.net.SocketTimeoutException]]]

****** comparison: [[[200                                                    ]]]

/",2679,0,87,159,http://localhost:8001/auth/login,0,0,0
1777162226287,10001,Login for Token,Non HTTP response code: java.net.SocketTimeoutException,Non HTTP response message: Read timed out,Review Submission Load Test 3-21,text,false,,2679,0,72,159,http://localhost:8001/auth/login,0,0,0
1777162236289,0,POST /reviews/,401,Unauthorized,Review Submission Load Test 3-21,text,false,,204,299,72,159,http://localhost:8004/reviews/,0,0,0
1777162230192,6140,POST /auth/login,200,OK,Login Load Test 1-6,text,true,,316,243,87,159,http://localhost:8001/auth/login,6140,0,0
1777162230192,6140,POST /auth/login,200,OK,Login Load Test 1-10,text,true,,316,243,87,159,http://localhost:8001/auth/login,6140,0,0
1777162230192,6140,POST /auth/login,200,OK,Login Load Test 1-17,text,true,,316,243,87,159,http://localhost:8001/auth/login,6140,0,0
1777162230194,6138,Login for Token,200,OK,Review Submission Load Test 3-16,text,true,,316,243,72,159,http://localhost:8001/auth/login,6138,0,0
1777162236333,2,POST /reviews/,400,Bad Request,Review Submission Load Test 3-16,text,false,,188,440,72,159,http://localhost:8004/reviews/,2,0,0
1777162236378,2,GET /restaurants?q=ramen,200,OK,Restaurant Search Load Test 2-88,text,true,,587,137,1,160,http://localhost:8002/restaurants/?q=ramen,2,0,0
1777162236380,1,GET /restaurants?q=ramen,200,OK,Restaurant Search Load Test 2-88,text,true,,587,137,1,160,http://localhost:8002/restaurants/?q=ramen,1,0,0
1777162236381,1,GET /restaurants?q=ramen,200,OK,Restaurant Search Load Test 2-88,text,true,,587,137,1,160,http://localhost:8002/restaurants/?q=ramen,1,0,0
1777162236382,2,GET /restaurants?q=ramen,200,OK,Restaurant Search Load Test 2-88,text,true,,587,137,1,160,http://localhost:8002/restaurants/?q=ramen,2,0,0
1777162236384,1,GET /restaurants?q=ramen,200,OK,Restaurant Search Load Test 2-88,text,true,,587,137,1,160,http://localhost:8002/restaurants/?q=ramen,1,0,0
1777162236385,1,GET /restaurants?q=ramen,200,OK,Restaurant Search Load Test 2-88,text,true,,587,137,1,161,http://localhost:8002/restaurants/?q=ramen,1,0,0
1777162236386,1,GET /restaurants?q=ramen,200,OK,Restaurant Search Load Test 2-88,text,true,,587,137,1,161,http://localhost:8002/restaurants/?q=ramen,1,0,0
1777162236387,1,GET /restaurants?q=ramen,200,OK,Restaurant Search Load Test 2-88,text,true,,587,137,1,161,http://localhost:8002/restaurants/?q=ramen,1,0,0
1777162236388,1,GET /restaurants?q=ramen,200,OK,Restaurant Search Load Test 2-88,text,true,,587,137,1,161,http://localhost:8002/restaurants/?q=ramen,1,0,0
1777162236389,1,GET /restaurants?q=ramen,200,OK,Restaurant Search Load Test 2-88,text,true,,587,137,1,161,http://localhost:8002/restaurants/?q=ramen,1,0,0
1777162226467,10000,POST /auth/login,Non HTTP response code: java.net.SocketTimeoutException,Non HTTP response message: Read timed out,Login Load Test 1-55,text,false,"Test failed: code expected to equal /

****** received  : [[[Non HTTP response code: java.net.SocketTimeoutException]]]

****** comparison: [[[200                                                    ]]]

/",2679,0,88,160,http://localhost:8001/auth/login,0,0,0
1777162226486,10000,Login for Token,Non HTTP response code: java.net.SocketTimeoutException,Non HTTP response message: Read timed out,Review Submission Load Test 3-55,text,false,,2679,0,72,160,http://localhost:8001/auth/login,0,0,0
1777162236488,0,POST /reviews/,401,Unauthorized,Review Submission Load Test 3-55,text,false,,204,299,72,160,http://localhost:8004/reviews/,0,0,0
1777162226566,10001,POST /auth/login,Non HTTP response code: java.net.SocketTimeoutException,Non HTTP response message: Read timed out,Login Load Test 1-22,text,false,"Test failed: code expected to equal /

****** received  : [[[Non HTTP response code: java.net.SocketTimeoutException]]]

****** comparison: [[[200                                                    ]]]

/",2679,0,88,160,http://localhost:8001/auth/login,0,0,1
1777162226589,10002,Login for Token,Non HTTP response code: java.net.SocketTimeoutException,Non HTTP response message: Read timed out,Review Submission Load Test 3-22,text,false,,2679,0,72,160,http://localhost:8001/auth/login,0,0,1
1777162236592,1,POST /reviews/,401,Unauthorized,Review Submission Load Test 3-22,text,false,,204,299,72,160,http://localhost:8004/reviews/,1,0,0
1777162230194,6469,Login for Token,200,OK,Review Submission Load Test 3-17,text,true,,316,243,72,160,http://localhost:8001/auth/login,6469,0,0
1777162236664,2,POST /reviews/,400,Bad Request,Review Submission Load Test 3-17,text,false,,188,440,72,160,http://localhost:8004/reviews/,2,0,0
1777162236679,1,GET /restaurants?q=ramen,200,OK,Restaurant Search Load Test 2-89,text,true,,587,137,1,161,http://localhost:8002/restaurants/?q=ramen,1,0,0
1777162236680,1,GET /restaurants?q=ramen,200,OK,Restaurant Search Load Test 2-89,text,true,,587,137,1,161,http://localhost:8002/restaurants/?q=ramen,1,0,0
1777162236681,2,GET /restaurants?q=ramen,200,OK,Restaurant Search Load Test 2-89,text,true,,587,137,1,161,http://localhost:8002/restaurants/?q=ramen,2,0,0
1777162236683,1,GET /restaurants?q=ramen,200,OK,Restaurant Search Load Test 2-89,text,true,,587,137,1,161,http://localhost:8002/restaurants/?q=ramen,1,0,0
1777162236684,1,GET /restaurants?q=ramen,200,OK,Restaurant Search Load Test 2-89,text,true,,587,137,1,161,http://localhost:8002/restaurants/?q=ramen,1,0,0
1777162236685,1,GET /restaurants?q=ramen,200,OK,Restaurant Search Load Test 2-89,text,true,,587,137,1,161,http://localhost:8002/restaurants/?q=ramen,1,0,0
1777162236686,1,GET /restaurants?q=ramen,200,OK,Restaurant Search Load Test 2-89,text,true,,587,137,1,161,http://localhost:8002/restaurants/?q=ramen,1,0,0
1777162236687,1,GET /restaurants?q=ramen,200,OK,Restaurant Search Load Test 2-89,text,true,,587,137,1,162,http://localhost:8002/restaurants/?q=ramen,1,0,0
1777162236688,1,GET /restaurants?q=ramen,200,OK,Restaurant Search Load Test 2-89,text,true,,587,137,1,162,http://localhost:8002/restaurants/?q=ramen,1,0,0
1777162236689,1,GET /restaurants?q=ramen,200,OK,Restaurant Search Load Test 2-89,text,true,,587,137,1,162,http://localhost:8002/restaurants/?q=ramen,1,0,0
1777162226766,10001,POST /auth/login,Non HTTP response code: java.net.SocketTimeoutException,Non HTTP response message: Read timed out,Login Load Test 1-56,text,false,"Test failed: code expected to equal /

****** received  : [[[Non HTTP response code: java.net.SocketTimeoutException]]]

****** comparison: [[[200                                                    ]]]

/",2679,0,89,161,http://localhost:8001/auth/login,0,0,0
1777162226781,10001,Login for Token,Non HTTP response code: java.net.SocketTimeoutException,Non HTTP response message: Read timed out,Review Submission Load Test 3-56,text,false,,2679,0,72,161,http://localhost:8001/auth/login,0,0,0
1777162236783,1,POST /reviews/,401,Unauthorized,Review Submission Load Test 3-56,text,false,,204,299,72,161,http://localhost:8004/reviews/,1,0,0
1777162226868,10001,POST /auth/login,Non HTTP response code: java.net.SocketTimeoutException,Non HTTP response message: Read timed out,Login Load Test 1-23,text,false,"Test failed: code expected to equal /

****** received  : [[[Non HTTP response code: java.net.SocketTimeoutException]]]

****** comparison: [[[200                                                    ]]]

/",2679,0,89,161,http://localhost:8001/auth/login,0,0,1
1777162226888,10000,Login for Token,Non HTTP response code: java.net.SocketTimeoutException,Non HTTP response message: Read timed out,Review Submission Load Test 3-23,text,false,,2679,0,72,161,http://localhost:8001/auth/login,0,0,0
1777162236890,0,POST /reviews/,401,Unauthorized,Review Submission Load Test 3-23,text,false,,204,299,72,161,http://localhost:8004/reviews/,0,0,0
1777162236974,2,GET /restaurants?q=ramen,200,OK,Restaurant Search Load Test 2-90,text,true,,587,137,1,163,http://localhost:8002/restaurants/?q=ramen,2,0,0
1777162236976,2,GET /restaurants?q=ramen,200,OK,Restaurant Search Load Test 2-90,text,true,,587,137,1,163,http://localhost:8002/restaurants/?q=ramen,2,0,0
1777162236978,1,GET /restaurants?q=ramen,200,OK,Restaurant Search Load Test 2-90,text,true,,587,137,1,163,http://localhost:8002/restaurants/?q=ramen,1,0,0
1777162236979,1,GET /restaurants?q=ramen,200,OK,Restaurant Search Load Test 2-90,text,true,,587,137,1,163,http://localhost:8002/restaurants/?q=ramen,1,0,0
1777162236980,1,GET /restaurants?q=ramen,200,OK,Restaurant Search Load Test 2-90,text,true,,587,137,1,163,http://localhost:8002/restaurants/?q=ramen,1,0,0
1777162236981,1,GET /restaurants?q=ramen,200,OK,Restaurant Search Load Test 2-90,text,true,,587,137,1,163,http://localhost:8002/restaurants/?q=ramen,1,0,0
1777162236982,1,GET /restaurants?q=ramen,200,OK,Restaurant Search Load Test 2-90,text,true,,587,137,1,163,http://localhost:8002/restaurants/?q=ramen,1,0,0
1777162236983,1,GET /restaurants?q=ramen,200,OK,Restaurant Search Load Test 2-90,text,true,,587,137,1,163,http://localhost:8002/restaurants/?q=ramen,1,0,0
1777162236984,1,GET /restaurants?q=ramen,200,OK,Restaurant Search Load Test 2-90,text,true,,587,137,1,163,http://localhost:8002/restaurants/?q=ramen,1,0,0
1777162236985,1,GET /restaurants?q=ramen,200,OK,Restaurant Search Load Test 2-90,text,true,,587,137,1,163,http://localhost:8002/restaurants/?q=ramen,1,0,0
1777162227066,10001,POST /auth/login,Non HTTP response code: java.net.SocketTimeoutException,Non HTTP response message: Read timed out,Login Load Test 1-57,text,false,"Test failed: code expected to equal /

****** received  : [[[Non HTTP response code: java.net.SocketTimeoutException]]]

****** comparison: [[[200                                                    ]]]

/",2679,0,90,163,http://localhost:8001/auth/login,0,0,1
1777162227084,10000,Login for Token,Non HTTP response code: java.net.SocketTimeoutException,Non HTTP response message: Read timed out,Review Submission Load Test 3-57,text,false,,2679,0,73,163,http://localhost:8001/auth/login,0,0,0
1777162237085,1,POST /reviews/,401,Unauthorized,Review Submission Load Test 3-57,text,false,,204,299,73,163,http://localhost:8004/reviews/,1,0,0
1777162232162,5002,POST /auth/login,Non HTTP response code: org.apache.http.conn.HttpHostConnectException,"Non HTTP response message: Connect to localhost:8001 [localhost/127.0.0.1, localhost/0:0:0:0:0:0:0:1] failed: Connection refused",Login Load Test 1-74,text,false,"Test failed: code expected to equal /

****** received  : [[[Non HTTP response code: org.apache.http.conn.HttpHostConnectException]]]

****** comparison: [[[200                                                                  ]]]

/",2623,0,90,163,http://localhost:8001/auth/login,0,0,5001
1777162227167,10000,POST /auth/login,Non HTTP response code: java.net.SocketTimeoutException,Non HTTP response message: Read timed out,Login Load Test 1-24,text,false,"Test failed: code expected to equal /

****** received  : [[[Non HTTP response code: java.net.SocketTimeoutException]]]

****** comparison: [[[200                                                    ]]]

/",2679,0,90,163,http://localhost:8001/auth/login,0,0,0
1777162227183,10001,Login for Token,Non HTTP response code: java.net.SocketTimeoutException,Non HTTP response message: Read timed out,Review Submission Load Test 3-24,text,false,,2679,0,73,163,http://localhost:8001/auth/login,0,0,0
1777162237186,0,POST /reviews/,401,Unauthorized,Review Submission Load Test 3-24,text,false,,204,299,73,163,http://localhost:8004/reviews/,0,0,0
1777162232187,5001,Login for Token,Non HTTP response code: org.apache.http.conn.HttpHostConnectException,"Non HTTP response message: Connect to localhost:8001 [localhost/127.0.0.1, localhost/0:0:0:0:0:0:0:1] failed: Connection refused",Review Submission Load Test 3-74,text,false,,2623,0,73,163,http://localhost:8001/auth/login,0,0,5001
1777162237189,1,POST /reviews/,401,Unauthorized,Review Submission Load Test 3-74,text,false,,204,299,73,163,http://localhost:8004/reviews/,1,0,0
1777162232266,5000,POST /auth/login,Non HTTP response code: org.apache.http.conn.HttpHostConnectException,"Non HTTP response message: Connect to localhost:8001 [localhost/127.0.0.1, localhost/0:0:0:0:0:0:0:1] failed: Connection refused",Login Load Test 1-41,text,false,"Test failed: code expected to equal /

****** received  : [[[Non HTTP response code: org.apache.http.conn.HttpHostConnectException]]]

****** comparison: [[[200                                                                  ]]]

/",2623,0,91,164,http://localhost:8001/auth/login,0,0,5000
1777162237278,2,GET /restaurants?q=ramen,200,OK,Restaurant Search Load Test 2-91,text,true,,587,137,1,165,http://localhost:8002/restaurants/?q=ramen,2,0,0
1777162237280,2,GET /restaurants?q=ramen,200,OK,Restaurant Search Load Test 2-91,text,true,,587,137,1,165,http://localhost:8002/restaurants/?q=ramen,2,0,0
1777162237282,1,GET /restaurants?q=ramen,200,OK,Restaurant Search Load Test 2-91,text,true,,587,137,1,165,http://localhost:8002/restaurants/?q=ramen,1,0,0
1777162237283,1,GET /restaurants?q=ramen,200,OK,Restaurant Search Load Test 2-91,text,true,,587,137,1,165,http://localhost:8002/restaurants/?q=ramen,1,0,0
1777162237284,1,GET /restaurants?q=ramen,200,OK,Restaurant Search Load Test 2-91,text,true,,587,137,1,165,http://localhost:8002/restaurants/?q=ramen,1,0,0
1777162237285,2,GET /restaurants?q=ramen,200,OK,Restaurant Search Load Test 2-91,text,true,,587,137,1,165,http://localhost:8002/restaurants/?q=ramen,2,0,0
1777162237287,1,GET /restaurants?q=ramen,200,OK,Restaurant Search Load Test 2-91,text,true,,587,137,1,166,http://localhost:8002/restaurants/?q=ramen,1,0,0
1777162232287,5000,Login for Token,Non HTTP response code: org.apache.http.conn.HttpHostConnectException,"Non HTTP response message: Connect to localhost:8001 [localhost/127.0.0.1, localhost/0:0:0:0:0:0:0:1] failed: Connection refused",Review Submission Load Test 3-41,text,false,,2623,0,74,166,http://localhost:8001/auth/login,0,0,5000
1777162237288,1,GET /restaurants?q=ramen,200,OK,Restaurant Search Load Test 2-91,text,true,,587,137,1,166,http://localhost:8002/restaurants/?q=ramen,1,0,0
1777162237288,1,POST /reviews/,401,Unauthorized,Review Submission Load Test 3-41,text,false,,204,299,74,166,http://localhost:8004/reviews/,1,0,0
1777162237289,1,GET /restaurants?q=ramen,200,OK,Restaurant Search Load Test 2-91,text,true,,587,137,1,166,http://localhost:8002/restaurants/?q=ramen,1,0,0
1777162237290,1,GET /restaurants?q=ramen,200,OK,Restaurant Search Load Test 2-91,text,true,,587,137,1,166,http://localhost:8002/restaurants/?q=ramen,1,0,0
1777162231530,5792,POST /auth/login,200,OK,Login Load Test 1-12,text,true,,316,243,91,165,http://localhost:8001/auth/login,5792,0,0
1777162231532,5790,Login for Token,200,OK,Review Submission Load Test 3-18,text,true,,316,243,74,165,http://localhost:8001/auth/login,5790,0,0
1777162237323,4,POST /reviews/,400,Bad Request,Review Submission Load Test 3-18,text,false,,188,440,74,165,http://localhost:8004/reviews/,4,0,0
1777162227363,10001,POST /auth/login,Non HTTP response code: java.net.SocketTimeoutException,Non HTTP response message: Read timed out,Login Load Test 1-58,text,false,"Test failed: code expected to equal /

****** received  : [[[Non HTTP response code: java.net.SocketTimeoutException]]]

****** comparison: [[[200                                                    ]]]

/",2679,0,91,164,http://localhost:8001/auth/login,0,0,1
1777162227383,10001,Login for Token,Non HTTP response code: java.net.SocketTimeoutException,Non HTTP response message: Read timed out,Review Submission Load Test 3-58,text,false,,2679,0,73,164,http://localhost:8001/auth/login,0,0,0
1777162237385,1,POST /reviews/,401,Unauthorized,Review Submission Load Test 3-58,text,false,,204,299,73,164,http://localhost:8004/reviews/,1,0,1
1777162232466,5001,POST /auth/login,Non HTTP response code: org.apache.http.conn.HttpHostConnectException,"Non HTTP response message: Connect to localhost:8001 [localhost/127.0.0.1, localhost/0:0:0:0:0:0:0:1] failed: Connection refused",Login Load Test 1-75,text,false,"Test failed: code expected to equal /

****** received  : [[[Non HTTP response code: org.apache.http.conn.HttpHostConnectException]]]

****** comparison: [[[200                                                                  ]]]

/",2623,0,91,164,http://localhost:8001/auth/login,0,0,5001
1777162227469,10000,POST /auth/login,Non HTTP response code: java.net.SocketTimeoutException,Non HTTP response message: Read timed out,Login Load Test 1-25,text,false,"Test failed: code expected to equal /

****** received  : [[[Non HTTP response code: java.net.SocketTimeoutException]]]

****** comparison: [[[200                                                    ]]]

/",2679,0,91,164,http://localhost:8001/auth/login,0,0,0
1777162227483,10002,Login for Token,Non HTTP response code: java.net.SocketTimeoutException,Non HTTP response message: Read timed out,Review Submission Load Test 3-25,text,false,,2679,0,73,164,http://localhost:8001/auth/login,0,0,0
1777162237486,1,POST /reviews/,401,Unauthorized,Review Submission Load Test 3-25,text,false,,204,299,73,164,http://localhost:8004/reviews/,1,0,0
1777162232486,5001,Login for Token,Non HTTP response code: org.apache.http.conn.HttpHostConnectException,"Non HTTP response message: Connect to localhost:8001 [localhost/127.0.0.1, localhost/0:0:0:0:0:0:0:1] failed: Connection refused",Review Submission Load Test 3-75,text,false,,2623,0,73,164,http://localhost:8001/auth/login,0,0,5001
1777162237488,1,POST /reviews/,401,Unauthorized,Review Submission Load Test 3-75,text,false,,204,299,73,164,http://localhost:8004/reviews/,1,0,0
1777162232567,5001,POST /auth/login,Non HTTP response code: org.apache.http.conn.HttpHostConnectException,"Non HTTP response message: Connect to localhost:8001 [localhost/127.0.0.1, localhost/0:0:0:0:0:0:0:1] failed: Connection refused",Login Load Test 1-42,text,false,"Test failed: code expected to equal /

****** received  : [[[Non HTTP response code: org.apache.http.conn.HttpHostConnectException]]]

****** comparison: [[[200                                                                  ]]]

/",2623,0,92,165,http://localhost:8001/auth/login,0,0,5001
1777162237573,2,GET /restaurants?q=ramen,200,OK,Restaurant Search Load Test 2-92,text,true,,587,137,1,166,http://localhost:8002/restaurants/?q=ramen,2,0,0
1777162237575,2,GET /restaurants?q=ramen,200,OK,Restaurant Search Load Test 2-92,text,true,,587,137,1,166,http://localhost:8002/restaurants/?q=ramen,2,0,0
1777162237577,1,GET /restaurants?q=ramen,200,OK,Restaurant Search Load Test 2-92,text,true,,587,137,1,166,http://localhost:8002/restaurants/?q=ramen,1,0,0
1777162237578,1,GET /restaurants?q=ramen,200,OK,Restaurant Search Load Test 2-92,text,true,,587,137,1,166,http://localhost:8002/restaurants/?q=ramen,1,0,0
1777162237579,1,GET /restaurants?q=ramen,200,OK,Restaurant Search Load Test 2-92,text,true,,587,137,1,166,http://localhost:8002/restaurants/?q=ramen,1,0,0
1777162237580,1,GET /restaurants?q=ramen,200,OK,Restaurant Search Load Test 2-92,text,true,,587,137,1,166,http://localhost:8002/restaurants/?q=ramen,1,0,0
1777162237581,1,GET /restaurants?q=ramen,200,OK,Restaurant Search Load Test 2-92,text,true,,587,137,1,166,http://localhost:8002/restaurants/?q=ramen,1,0,0
1777162237582,1,GET /restaurants?q=ramen,200,OK,Restaurant Search Load Test 2-92,text,true,,587,137,1,166,http://localhost:8002/restaurants/?q=ramen,1,0,0
1777162237583,1,GET /restaurants?q=ramen,200,OK,Restaurant Search Load Test 2-92,text,true,,587,137,1,166,http://localhost:8002/restaurants/?q=ramen,1,0,0
1777162237584,1,GET /restaurants?q=ramen,200,OK,Restaurant Search Load Test 2-92,text,true,,587,137,1,166,http://localhost:8002/restaurants/?q=ramen,1,0,0
1777162232585,5002,Login for Token,Non HTTP response code: org.apache.http.conn.HttpHostConnectException,"Non HTTP response message: Connect to localhost:8001 [localhost/127.0.0.1, localhost/0:0:0:0:0:0:0:1] failed: Connection refused",Review Submission Load Test 3-42,text,false,,2623,0,74,166,http://localhost:8001/auth/login,0,0,5002
1777162237588,0,POST /reviews/,401,Unauthorized,Review Submission Load Test 3-42,text,false,,204,299,74,166,http://localhost:8004/reviews/,0,0,0
1777162227662,10001,POST /auth/login,Non HTTP response code: java.net.SocketTimeoutException,Non HTTP response message: Read timed out,Login Load Test 1-59,text,false,"Test failed: code expected to equal /

****** received  : [[[Non HTTP response code: java.net.SocketTimeoutException]]]

****** comparison: [[[200                                                    ]]]

/",2679,0,92,166,http://localhost:8001/auth/login,0,0,1
1777162227686,10001,Login for Token,Non HTTP response code: java.net.SocketTimeoutException,Non HTTP response message: Read timed out,Review Submission Load Test 3-59,text,false,,2679,0,74,166,http://localhost:8001/auth/login,0,0,0
1777162237688,1,POST /reviews/,401,Unauthorized,Review Submission Load Test 3-59,text,false,,204,299,74,166,http://localhost:8004/reviews/,1,0,1
1777162232766,5001,POST /auth/login,Non HTTP response code: org.apache.http.conn.HttpHostConnectException,"Non HTTP response message: Connect to localhost:8001 [localhost/127.0.0.1, localhost/0:0:0:0:0:0:0:1] failed: Connection refused",Login Load Test 1-76,text,false,"Test failed: code expected to equal /

****** received  : [[[Non HTTP response code: org.apache.http.conn.HttpHostConnectException]]]

****** comparison: [[[200                                                                  ]]]

/",2623,0,92,166,http://localhost:8001/auth/login,0,0,5001
1777162227766,10001,POST /auth/login,Non HTTP response code: java.net.SocketTimeoutException,Non HTTP response message: Read timed out,Login Load Test 1-26,text,false,"Test failed: code expected to equal /

****** received  : [[[Non HTTP response code: java.net.SocketTimeoutException]]]

****** comparison: [[[200                                                    ]]]

/",2679,0,92,166,http://localhost:8001/auth/login,0,0,1
1777162227789,10001,Login for Token,Non HTTP response code: java.net.SocketTimeoutException,Non HTTP response message: Read timed out,Review Submission Load Test 3-26,text,false,,2679,0,74,166,http://localhost:8001/auth/login,0,0,0
1777162237791,1,POST /reviews/,401,Unauthorized,Review Submission Load Test 3-26,text,false,,204,299,74,166,http://localhost:8004/reviews/,1,0,1
1777162231529,6293,POST /auth/login,200,OK,Login Load Test 1-18,text,true,,316,243,92,166,http://localhost:8001/auth/login,6293,0,0
1777162232026,5796,POST /auth/login,200,OK,Login Load Test 1-19,text,true,,316,243,92,166,http://localhost:8001/auth/login,5796,0,0
1777162232026,5796,POST /auth/login,200,OK,Login Load Test 1-7,text,true,,316,243,92,166,http://localhost:8001/auth/login,5796,0,0
1777162232028,5794,Login for Token,200,OK,Review Submission Load Test 3-19,text,true,,316,243,74,166,http://localhost:8001/auth/login,5794,0,0
1777162237823,2,POST /reviews/,400,Bad Request,Review Submission Load Test 3-19,text,false,,188,440,74,166,http://localhost:8004/reviews/,2,0,1
1777162232866,5002,POST /auth/login,Non HTTP response code: org.apache.http.conn.HttpHostConnectException,"Non HTTP response message: Connect to localhost:8001 [localhost/127.0.0.1, localhost/0:0:0:0:0:0:0:1] failed: Connection refused",Login Load Test 1-43,text,false,"Test failed: code expected to equal /

****** received  : [[[Non HTTP response code: org.apache.http.conn.HttpHostConnectException]]]

****** comparison: [[[200                                                                  ]]]

/",2623,0,93,166,http://localhost:8001/auth/login,0,0,5002
1777162237876,2,GET /restaurants?q=ramen,200,OK,Restaurant Search Load Test 2-93,text,true,,587,137,1,167,http://localhost:8002/restaurants/?q=ramen,2,0,0
1777162237878,1,GET /restaurants?q=ramen,200,OK,Restaurant Search Load Test 2-93,text,true,,587,137,1,167,http://localhost:8002/restaurants/?q=ramen,1,0,0
1777162237879,1,GET /restaurants?q=ramen,200,OK,Restaurant Search Load Test 2-93,text,true,,587,137,1,167,http://localhost:8002/restaurants/?q=ramen,1,0,0
1777162237880,1,GET /restaurants?q=ramen,200,OK,Restaurant Search Load Test 2-93,text,true,,587,137,1,167,http://localhost:8002/restaurants/?q=ramen,1,0,0
1777162237881,1,GET /restaurants?q=ramen,200,OK,Restaurant Search Load Test 2-93,text,true,,587,137,1,167,http://localhost:8002/restaurants/?q=ramen,1,0,0
1777162237882,2,GET /restaurants?q=ramen,200,OK,Restaurant Search Load Test 2-93,text,true,,587,137,1,167,http://localhost:8002/restaurants/?q=ramen,2,0,0
1777162237884,1,GET /restaurants?q=ramen,200,OK,Restaurant Search Load Test 2-93,text,true,,587,137,1,167,http://localhost:8002/restaurants/?q=ramen,1,0,0
1777162237885,1,GET /restaurants?q=ramen,200,OK,Restaurant Search Load Test 2-93,text,true,,587,137,1,167,http://localhost:8002/restaurants/?q=ramen,1,0,0
1777162237886,1,GET /restaurants?q=ramen,200,OK,Restaurant Search Load Test 2-93,text,true,,587,137,1,167,http://localhost:8002/restaurants/?q=ramen,1,0,0
1777162237887,1,GET /restaurants?q=ramen,200,OK,Restaurant Search Load Test 2-93,text,true,,587,137,1,168,http://localhost:8002/restaurants/?q=ramen,1,0,0
1777162232888,5001,Login for Token,Non HTTP response code: org.apache.http.conn.HttpHostConnectException,"Non HTTP response message: Connect to localhost:8001 [localhost/127.0.0.1, localhost/0:0:0:0:0:0:0:1] failed: Connection refused",Review Submission Load Test 3-43,text,false,,2623,0,74,167,http://localhost:8001/auth/login,0,0,5001
1777162237890,1,POST /reviews/,401,Unauthorized,Review Submission Load Test 3-43,text,false,,204,299,74,167,http://localhost:8004/reviews/,1,0,1
1777162227965,10001,POST /auth/login,Non HTTP response code: java.net.SocketTimeoutException,Non HTTP response message: Read timed out,Login Load Test 1-60,text,false,"Test failed: code expected to equal /

****** received  : [[[Non HTTP response code: java.net.SocketTimeoutException]]]

****** comparison: [[[200                                                    ]]]

/",2679,0,93,167,http://localhost:8001/auth/login,0,0,0
1777162227986,10001,Login for Token,Non HTTP response code: java.net.SocketTimeoutException,Non HTTP response message: Read timed out,Review Submission Load Test 3-60,text,false,,2679,0,74,167,http://localhost:8001/auth/login,0,0,0
1777162237989,0,POST /reviews/,401,Unauthorized,Review Submission Load Test 3-60,text,false,,204,299,74,167,http://localhost:8004/reviews/,0,0,0
1777162228066,10001,POST /auth/login,Non HTTP response code: java.net.SocketTimeoutException,Non HTTP response message: Read timed out,Login Load Test 1-27,text,false,"Test failed: code expected to equal /

****** received  : [[[Non HTTP response code: java.net.SocketTimeoutException]]]

****** comparison: [[[200                                                    ]]]

/",2679,0,93,167,http://localhost:8001/auth/login,0,0,1
1777162233066,5001,POST /auth/login,Non HTTP response code: org.apache.http.conn.HttpHostConnectException,"Non HTTP response message: Connect to localhost:8001 [localhost/127.0.0.1, localhost/0:0:0:0:0:0:0:1] failed: Connection refused",Login Load Test 1-77,text,false,"Test failed: code expected to equal /

****** received  : [[[Non HTTP response code: org.apache.http.conn.HttpHostConnectException]]]

****** comparison: [[[200                                                                  ]]]

/",2623,0,93,167,http://localhost:8001/auth/login,0,0,5001
1777162233085,5001,Login for Token,Non HTTP response code: org.apache.http.conn.HttpHostConnectException,"Non HTTP response message: Connect to localhost:8001 [localhost/127.0.0.1, localhost/0:0:0:0:0:0:0:1] failed: Connection refused",Review Submission Load Test 3-77,text,false,,2623,0,74,167,http://localhost:8001/auth/login,0,0,5001
1777162238087,1,POST /reviews/,401,Unauthorized,Review Submission Load Test 3-77,text,false,,204,299,74,167,http://localhost:8004/reviews/,1,0,0
1777162228088,10001,Login for Token,Non HTTP response code: java.net.SocketTimeoutException,Non HTTP response message: Read timed out,Review Submission Load Test 3-27,text,false,,2679,0,74,167,http://localhost:8001/auth/login,0,0,0
1777162238090,0,POST /reviews/,401,Unauthorized,Review Submission Load Test 3-27,text,false,,204,299,74,167,http://localhost:8004/reviews/,0,0,0
1777162233163,5002,POST /auth/login,Non HTTP response code: org.apache.http.conn.HttpHostConnectException,"Non HTTP response message: Connect to localhost:8001 [localhost/127.0.0.1, localhost/0:0:0:0:0:0:0:1] failed: Connection refused",Login Load Test 1-44,text,false,"Test failed: code expected to equal /

****** received  : [[[Non HTTP response code: org.apache.http.conn.HttpHostConnectException]]]

****** comparison: [[[200                                                                  ]]]

/",2623,0,93,167,http://localhost:8001/auth/login,0,0,5002
1777162238178,2,GET /restaurants?q=ramen,200,OK,Restaurant Search Load Test 2-94,text,true,,587,137,1,169,http://localhost:8002/restaurants/?q=ramen,2,0,1
1777162238180,1,GET /restaurants?q=ramen,200,OK,Restaurant Search Load Test 2-94,text,true,,587,137,1,169,http://localhost:8002/restaurants/?q=ramen,1,0,0
1777162238181,1,GET /restaurants?q=ramen,200,OK,Restaurant Search Load Test 2-94,text,true,,587,137,1,169,http://localhost:8002/restaurants/?q=ramen,1,0,0
1777162238182,0,GET /restaurants?q=ramen,200,OK,Restaurant Search Load Test 2-94,text,true,,587,137,1,169,http://localhost:8002/restaurants/?q=ramen,0,0,0
1777162238182,1,GET /restaurants?q=ramen,200,OK,Restaurant Search Load Test 2-94,text,true,,587,137,1,169,http://localhost:8002/restaurants/?q=ramen,1,0,0
1777162238183,1,GET /restaurants?q=ramen,200,OK,Restaurant Search Load Test 2-94,text,true,,587,137,1,169,http://localhost:8002/restaurants/?q=ramen,1,0,0
1777162238184,0,GET /restaurants?q=ramen,200,OK,Restaurant Search Load Test 2-94,text,true,,587,137,1,169,http://localhost:8002/restaurants/?q=ramen,0,0,0
1777162238184,1,GET /restaurants?q=ramen,200,OK,Restaurant Search Load Test 2-94,text,true,,587,137,1,169,http://localhost:8002/restaurants/?q=ramen,1,0,0
1777162238185,1,GET /restaurants?q=ramen,200,OK,Restaurant Search Load Test 2-94,text,true,,587,137,1,170,http://localhost:8002/restaurants/?q=ramen,1,0,0
1777162238186,0,GET /restaurants?q=ramen,200,OK,Restaurant Search Load Test 2-94,text,true,,587,137,1,170,http://localhost:8002/restaurants/?q=ramen,0,0,0
1777162233186,5001,Login for Token,Non HTTP response code: org.apache.http.conn.HttpHostConnectException,"Non HTTP response message: Connect to localhost:8001 [localhost/127.0.0.1, localhost/0:0:0:0:0:0:0:1] failed: Connection refused",Review Submission Load Test 3-44,text,false,,2623,0,75,169,http://localhost:8001/auth/login,0,0,5001
1777162238188,1,POST /reviews/,401,Unauthorized,Review Submission Load Test 3-44,text,false,,204,299,75,169,http://localhost:8004/reviews/,1,0,1
1777162228266,10002,POST /auth/login,Non HTTP response code: java.net.SocketTimeoutException,Non HTTP response message: Read timed out,Login Load Test 1-61,text,false,"Test failed: code expected to equal /

****** received  : [[[Non HTTP response code: java.net.SocketTimeoutException]]]

****** comparison: [[[200                                                    ]]]

/",2679,0,94,169,http://localhost:8001/auth/login,0,0,0
1777162228282,10001,Login for Token,Non HTTP response code: java.net.SocketTimeoutException,Non HTTP response message: Read timed out,Review Submission Load Test 3-61,text,false,,2679,0,75,169,http://localhost:8001/auth/login,0,0,0
1777162238284,1,POST /reviews/,401,Unauthorized,Review Submission Load Test 3-61,text,false,,204,299,75,169,http://localhost:8004/reviews/,1,0,0
1777162228368,10001,POST /auth/login,Non HTTP response code: java.net.SocketTimeoutException,Non HTTP response message: Read timed out,Login Load Test 1-28,text,false,"Test failed: code expected to equal /

****** received  : [[[Non HTTP response code: java.net.SocketTimeoutException]]]

****** comparison: [[[200                                                    ]]]

/",2679,0,94,169,http://localhost:8001/auth/login,0,0,0
1777162228386,10001,Login for Token,Non HTTP response code: java.net.SocketTimeoutException,Non HTTP response message: Read timed out,Review Submission Load Test 3-28,text,false,,2679,0,75,169,http://localhost:8001/auth/login,0,0,0
1777162233386,5001,Login for Token,Non HTTP response code: org.apache.http.conn.HttpHostConnectException,"Non HTTP response message: Connect to localhost:8001 [localhost/127.0.0.1, localhost/0:0:0:0:0:0:0:1] failed: Connection refused",Review Submission Load Test 3-78,text,false,,2623,0,75,169,http://localhost:8001/auth/login,0,0,5001
1777162238388,0,POST /reviews/,401,Unauthorized,Review Submission Load Test 3-28,text,false,,204,299,75,169,http://localhost:8004/reviews/,0,0,0
1777162238388,1,POST /reviews/,401,Unauthorized,Review Submission Load Test 3-78,text,false,,204,299,75,169,http://localhost:8004/reviews/,1,0,0
1777162233468,5001,POST /auth/login,Non HTTP response code: org.apache.http.conn.HttpHostConnectException,"Non HTTP response message: Connect to localhost:8001 [localhost/127.0.0.1, localhost/0:0:0:0:0:0:0:1] failed: Connection refused",Login Load Test 1-45,text,false,"Test failed: code expected to equal /

****** received  : [[[Non HTTP response code: org.apache.http.conn.HttpHostConnectException]]]

****** comparison: [[[200                                                                  ]]]

/",2623,0,95,170,http://localhost:8001/auth/login,0,0,5001
1777162238478,2,GET /restaurants?q=ramen,200,OK,Restaurant Search Load Test 2-95,text,true,,587,137,1,171,http://localhost:8002/restaurants/?q=ramen,2,0,0
1777162238480,1,GET /restaurants?q=ramen,200,OK,Restaurant Search Load Test 2-95,text,true,,587,137,1,171,http://localhost:8002/restaurants/?q=ramen,1,0,0
1777162238481,2,GET /restaurants?q=ramen,200,OK,Restaurant Search Load Test 2-95,text,true,,587,137,1,171,http://localhost:8002/restaurants/?q=ramen,2,0,0
1777162238483,1,GET /restaurants?q=ramen,200,OK,Restaurant Search Load Test 2-95,text,true,,587,137,1,171,http://localhost:8002/restaurants/?q=ramen,1,0,0
1777162238484,1,GET /restaurants?q=ramen,200,OK,Restaurant Search Load Test 2-95,text,true,,587,137,1,171,http://localhost:8002/restaurants/?q=ramen,1,0,0
1777162233483,5001,Login for Token,Non HTTP response code: org.apache.http.conn.HttpHostConnectException,"Non HTTP response message: Connect to localhost:8001 [localhost/127.0.0.1, localhost/0:0:0:0:0:0:0:1] failed: Connection refused",Review Submission Load Test 3-45,text,false,,2623,0,76,172,http://localhost:8001/auth/login,0,0,5001
1777162238485,1,POST /reviews/,401,Unauthorized,Review Submission Load Test 3-45,text,false,,204,299,76,172,http://localhost:8004/reviews/,1,0,1
1777162238485,1,GET /restaurants?q=ramen,200,OK,Restaurant Search Load Test 2-95,text,true,,587,137,1,172,http://localhost:8002/restaurants/?q=ramen,1,0,0
1777162238486,1,GET /restaurants?q=ramen,200,OK,Restaurant Search Load Test 2-95,text,true,,587,137,1,172,http://localhost:8002/restaurants/?q=ramen,1,0,0
1777162238487,1,GET /restaurants?q=ramen,200,OK,Restaurant Search Load Test 2-95,text,true,,587,137,1,172,http://localhost:8002/restaurants/?q=ramen,1,0,0
1777162238488,1,GET /restaurants?q=ramen,200,OK,Restaurant Search Load Test 2-95,text,true,,587,137,1,172,http://localhost:8002/restaurants/?q=ramen,1,0,0
1777162238489,1,GET /restaurants?q=ramen,200,OK,Restaurant Search Load Test 2-95,text,true,,587,137,1,172,http://localhost:8002/restaurants/?q=ramen,1,0,0
1777162228562,10001,POST /auth/login,Non HTTP response code: java.net.SocketTimeoutException,Non HTTP response message: Read timed out,Login Load Test 1-62,text,false,"Test failed: code expected to equal /

****** received  : [[[Non HTTP response code: java.net.SocketTimeoutException]]]

****** comparison: [[[200                                                    ]]]

/",2679,0,95,171,http://localhost:8001/auth/login,0,0,1
1777162228582,10001,Login for Token,Non HTTP response code: java.net.SocketTimeoutException,Non HTTP response message: Read timed out,Review Submission Load Test 3-62,text,false,,2679,0,76,171,http://localhost:8001/auth/login,0,0,0
1777162238584,1,POST /reviews/,401,Unauthorized,Review Submission Load Test 3-62,text,false,,204,299,76,171,http://localhost:8004/reviews/,1,0,1
1777162233666,5002,POST /auth/login,Non HTTP response code: org.apache.http.conn.HttpHostConnectException,"Non HTTP response message: Connect to localhost:8001 [localhost/127.0.0.1, localhost/0:0:0:0:0:0:0:1] failed: Connection refused",Login Load Test 1-79,text,false,"Test failed: code expected to equal /

****** received  : [[[Non HTTP response code: org.apache.http.conn.HttpHostConnectException]]]

****** comparison: [[[200                                                                  ]]]

/",2623,0,95,171,http://localhost:8001/auth/login,0,0,5002
1777162228668,10001,POST /auth/login,Non HTTP response code: java.net.SocketTimeoutException,Non HTTP response message: Read timed out,Login Load Test 1-29,text,false,"Test failed: code expected to equal /

****** received  : [[[Non HTTP response code: java.net.SocketTimeoutException]]]

****** comparison: [[[200                                                    ]]]

/",2679,0,95,171,http://localhost:8001/auth/login,0,0,0
1777162233686,5001,Login for Token,Non HTTP response code: org.apache.http.conn.HttpHostConnectException,"Non HTTP response message: Connect to localhost:8001 [localhost/127.0.0.1, localhost/0:0:0:0:0:0:0:1] failed: Connection refused",Review Submission Load Test 3-79,text,false,,2623,0,76,171,http://localhost:8001/auth/login,0,0,5001
1777162238688,1,POST /reviews/,401,Unauthorized,Review Submission Load Test 3-79,text,false,,204,299,76,171,http://localhost:8004/reviews/,1,0,0
1777162228689,10001,Login for Token,Non HTTP response code: java.net.SocketTimeoutException,Non HTTP response message: Read timed out,Review Submission Load Test 3-29,text,false,,2679,0,76,171,http://localhost:8001/auth/login,0,0,0
1777162238691,0,POST /reviews/,401,Unauthorized,Review Submission Load Test 3-29,text,false,,204,299,76,171,http://localhost:8004/reviews/,0,0,0
1777162238775,2,GET /restaurants?q=ramen,200,OK,Restaurant Search Load Test 2-96,text,true,,587,137,1,173,http://localhost:8002/restaurants/?q=ramen,2,0,0
1777162238777,1,GET /restaurants?q=ramen,200,OK,Restaurant Search Load Test 2-96,text,true,,587,137,1,173,http://localhost:8002/restaurants/?q=ramen,1,0,0
1777162238778,2,GET /restaurants?q=ramen,200,OK,Restaurant Search Load Test 2-96,text,true,,587,137,1,173,http://localhost:8002/restaurants/?q=ramen,2,0,0
1777162238780,1,GET /restaurants?q=ramen,200,OK,Restaurant Search Load Test 2-96,text,true,,587,137,1,173,http://localhost:8002/restaurants/?q=ramen,1,0,0
1777162238781,1,GET /restaurants?q=ramen,200,OK,Restaurant Search Load Test 2-96,text,true,,587,137,1,173,http://localhost:8002/restaurants/?q=ramen,1,0,0
1777162238782,1,GET /restaurants?q=ramen,200,OK,Restaurant Search Load Test 2-96,text,true,,587,137,1,173,http://localhost:8002/restaurants/?q=ramen,1,0,0
1777162238783,1,GET /restaurants?q=ramen,200,OK,Restaurant Search Load Test 2-96,text,true,,587,137,1,173,http://localhost:8002/restaurants/?q=ramen,1,0,0
1777162238784,1,GET /restaurants?q=ramen,200,OK,Restaurant Search Load Test 2-96,text,true,,587,137,1,174,http://localhost:8002/restaurants/?q=ramen,1,0,0
1777162238785,1,GET /restaurants?q=ramen,200,OK,Restaurant Search Load Test 2-96,text,true,,587,137,1,174,http://localhost:8002/restaurants/?q=ramen,1,0,0
1777162233785,5001,Login for Token,Non HTTP response code: org.apache.http.conn.HttpHostConnectException,"Non HTTP response message: Connect to localhost:8001 [localhost/127.0.0.1, localhost/0:0:0:0:0:0:0:1] failed: Connection refused",Review Submission Load Test 3-46,text,false,,2623,0,77,174,http://localhost:8001/auth/login,0,0,5001
1777162238786,1,GET /restaurants?q=ramen,200,OK,Restaurant Search Load Test 2-96,text,true,,587,137,1,174,http://localhost:8002/restaurants/?q=ramen,1,0,0
1777162238787,1,POST /reviews/,401,Unauthorized,Review Submission Load Test 3-46,text,false,,204,299,77,173,http://localhost:8004/reviews/,1,0,0
1777162228866,10000,POST /auth/login,Non HTTP response code: java.net.SocketTimeoutException,Non HTTP response message: Read timed out,Login Load Test 1-63,text,false,"Test failed: code expected to equal /

****** received  : [[[Non HTTP response code: java.net.SocketTimeoutException]]]

****** comparison: [[[200                                                    ]]]

/",2679,0,96,173,http://localhost:8001/auth/login,0,0,0
1777162228885,10001,Login for Token,Non HTTP response code: java.net.SocketTimeoutException,Non HTTP response message: Read timed out,Review Submission Load Test 3-63,text,false,,2679,0,77,173,http://localhost:8001/auth/login,0,0,1
1777162238887,1,POST /reviews/,401,Unauthorized,Review Submission Load Test 3-63,text,false,,204,299,77,173,http://localhost:8004/reviews/,1,0,0
1777162233966,5001,POST /auth/login,Non HTTP response code: org.apache.http.conn.HttpHostConnectException,"Non HTTP response message: Connect to localhost:8001 [localhost/127.0.0.1, localhost/0:0:0:0:0:0:0:1] failed: Connection refused",Login Load Test 1-80,text,false,"Test failed: code expected to equal /

****** received  : [[[Non HTTP response code: org.apache.http.conn.HttpHostConnectException]]]

****** comparison: [[[200                                                                  ]]]

/",2623,0,96,173,http://localhost:8001/auth/login,0,0,5001
1777162228968,10001,POST /auth/login,Non HTTP response code: java.net.SocketTimeoutException,Non HTTP response message: Read timed out,Login Load Test 1-30,text,false,"Test failed: code expected to equal /

****** received  : [[[Non HTTP response code: java.net.SocketTimeoutException]]]

****** comparison: [[[200                                                    ]]]

/",2679,0,96,173,http://localhost:8001/auth/login,0,0,0
1777162232026,6952,POST /auth/login,200,OK,Login Load Test 1-14,text,true,,316,243,96,173,http://localhost:8001/auth/login,6952,0,0
1777162233348,5630,POST /auth/login,200,OK,Login Load Test 1-13,text,true,,316,243,96,173,http://localhost:8001/auth/login,5630,0,0
1777162233985,5001,Login for Token,Non HTTP response code: org.apache.http.conn.HttpHostConnectException,"Non HTTP response message: Connect to localhost:8001 [localhost/127.0.0.1, localhost/0:0:0:0:0:0:0:1] failed: Connection refused",Review Submission Load Test 3-80,text,false,,2623,0,77,173,http://localhost:8001/auth/login,0,0,5001
1777162238987,1,POST /reviews/,401,Unauthorized,Review Submission Load Test 3-80,text,false,,204,299,77,173,http://localhost:8004/reviews/,1,0,0
1777162228987,10001,Login for Token,Non HTTP response code: java.net.SocketTimeoutException,Non HTTP response message: Read timed out,Review Submission Load Test 3-30,text,false,,2679,0,77,173,http://localhost:8001/auth/login,0,0,0
1777162238989,1,POST /reviews/,401,Unauthorized,Review Submission Load Test 3-30,text,false,,204,299,77,173,http://localhost:8004/reviews/,1,0,0
1777162234067,5001,POST /auth/login,Non HTTP response code: org.apache.http.conn.HttpHostConnectException,"Non HTTP response message: Connect to localhost:8001 [localhost/127.0.0.1, localhost/0:0:0:0:0:0:0:1] failed: Connection refused",Login Load Test 1-47,text,false,"Test failed: code expected to equal /

****** received  : [[[Non HTTP response code: org.apache.http.conn.HttpHostConnectException]]]

****** comparison: [[[200                                                                  ]]]

/",2623,0,97,174,http://localhost:8001/auth/login,0,0,5001
1777162239078,2,GET /restaurants?q=ramen,200,OK,Restaurant Search Load Test 2-97,text,true,,587,137,1,175,http://localhost:8002/restaurants/?q=ramen,2,0,1
1777162239080,1,GET /restaurants?q=ramen,200,OK,Restaurant Search Load Test 2-97,text,true,,587,137,1,175,http://localhost:8002/restaurants/?q=ramen,1,0,0
1777162239081,2,GET /restaurants?q=ramen,200,OK,Restaurant Search Load Test 2-97,text,true,,587,137,1,175,http://localhost:8002/restaurants/?q=ramen,2,0,0
1777162239083,1,GET /restaurants?q=ramen,200,OK,Restaurant Search Load Test 2-97,text,true,,587,137,1,175,http://localhost:8002/restaurants/?q=ramen,1,0,0
1777162234084,5000,Login for Token,Non HTTP response code: org.apache.http.conn.HttpHostConnectException,"Non HTTP response message: Connect to localhost:8001 [localhost/127.0.0.1, localhost/0:0:0:0:0:0:0:1] failed: Connection refused",Review Submission Load Test 3-47,text,false,,2623,0,77,175,http://localhost:8001/auth/login,0,0,5000
1777162239084,1,GET /restaurants?q=ramen,200,OK,Restaurant Search Load Test 2-97,text,true,,587,137,1,175,http://localhost:8002/restaurants/?q=ramen,1,0,0
1777162239085,1,GET /restaurants?q=ramen,200,OK,Restaurant Search Load Test 2-97,text,true,,587,137,1,176,http://localhost:8002/restaurants/?q=ramen,1,0,0
1777162239085,1,POST /reviews/,401,Unauthorized,Review Submission Load Test 3-47,text,false,,204,299,78,176,http://localhost:8004/reviews/,1,0,1
1777162239086,1,GET /restaurants?q=ramen,200,OK,Restaurant Search Load Test 2-97,text,true,,587,137,1,176,http://localhost:8002/restaurants/?q=ramen,1,0,0
1777162239087,1,GET /restaurants?q=ramen,200,OK,Restaurant Search Load Test 2-97,text,true,,587,137,1,176,http://localhost:8002/restaurants/?q=ramen,1,0,0
1777162239088,1,GET /restaurants?q=ramen,200,OK,Restaurant Search Load Test 2-97,text,true,,587,137,1,176,http://localhost:8002/restaurants/?q=ramen,1,0,0
1777162239089,1,GET /restaurants?q=ramen,200,OK,Restaurant Search Load Test 2-97,text,true,,587,137,1,176,http://localhost:8002/restaurants/?q=ramen,1,0,0
1777162229166,10001,POST /auth/login,Non HTTP response code: java.net.SocketTimeoutException,Non HTTP response message: Read timed out,Login Load Test 1-64,text,false,"Test failed: code expected to equal /

****** received  : [[[Non HTTP response code: java.net.SocketTimeoutException]]]

****** comparison: [[[200                                                    ]]]

/",2679,0,97,175,http://localhost:8001/auth/login,0,0,0
1777162229181,10001,Login for Token,Non HTTP response code: java.net.SocketTimeoutException,Non HTTP response message: Read timed out,Review Submission Load Test 3-64,text,false,,2679,0,78,175,http://localhost:8001/auth/login,0,0,1
1777162239183,1,POST /reviews/,401,Unauthorized,Review Submission Load Test 3-64,text,false,,204,299,78,175,http://localhost:8004/reviews/,1,0,0
1777162234267,5002,POST /auth/login,Non HTTP response code: org.apache.http.conn.HttpHostConnectException,"Non HTTP response message: Connect to localhost:8001 [localhost/127.0.0.1, localhost/0:0:0:0:0:0:0:1] failed: Connection refused",Login Load Test 1-81,text,false,"Test failed: code expected to equal /

****** received  : [[[Non HTTP response code: org.apache.http.conn.HttpHostConnectException]]]

****** comparison: [[[200                                                                  ]]]

/",2623,0,97,175,http://localhost:8001/auth/login,0,0,5002
1777162229268,10001,POST /auth/login,Non HTTP response code: java.net.SocketTimeoutException,Non HTTP response message: Read timed out,Login Load Test 1-31,text,false,"Test failed: code expected to equal /

****** received  : [[[Non HTTP response code: java.net.SocketTimeoutException]]]

****** comparison: [[[200                                                    ]]]

/",2679,0,97,175,http://localhost:8001/auth/login,0,0,0
1777162229285,10002,Login for Token,Non HTTP response code: java.net.SocketTimeoutException,Non HTTP response message: Read timed out,Review Submission Load Test 3-31,text,false,,2679,0,78,175,http://localhost:8001/auth/login,0,0,0
1777162239288,0,POST /reviews/,401,Unauthorized,Review Submission Load Test 3-31,text,false,,204,299,78,175,http://localhost:8004/reviews/,0,0,0
1777162234366,5002,POST /auth/login,Non HTTP response code: org.apache.http.conn.HttpHostConnectException,"Non HTTP response message: Connect to localhost:8001 [localhost/127.0.0.1, localhost/0:0:0:0:0:0:0:1] failed: Connection refused",Login Load Test 1-48,text,false,"Test failed: code expected to equal /

****** received  : [[[Non HTTP response code: org.apache.http.conn.HttpHostConnectException]]]

****** comparison: [[[200                                                                  ]]]

/",2623,0,98,176,http://localhost:8001/auth/login,0,0,5002
1777162239378,1,GET /restaurants?q=ramen,200,OK,Restaurant Search Load Test 2-98,text,true,,587,137,1,177,http://localhost:8002/restaurants/?q=ramen,1,0,0
1777162239379,1,GET /restaurants?q=ramen,200,OK,Restaurant Search Load Test 2-98,text,true,,587,137,1,177,http://localhost:8002/restaurants/?q=ramen,1,0,0
1777162239380,1,GET /restaurants?q=ramen,200,OK,Restaurant Search Load Test 2-98,text,true,,587,137,1,177,http://localhost:8002/restaurants/?q=ramen,1,0,0
1777162239381,1,GET /restaurants?q=ramen,200,OK,Restaurant Search Load Test 2-98,text,true,,587,137,1,178,http://localhost:8002/restaurants/?q=ramen,1,0,0
1777162239382,1,GET /restaurants?q=ramen,200,OK,Restaurant Search Load Test 2-98,text,true,,587,137,1,178,http://localhost:8002/restaurants/?q=ramen,1,0,0
1777162239383,1,GET /restaurants?q=ramen,200,OK,Restaurant Search Load Test 2-98,text,true,,587,137,1,178,http://localhost:8002/restaurants/?q=ramen,1,0,0
1777162239384,0,GET /restaurants?q=ramen,200,OK,Restaurant Search Load Test 2-98,text,true,,587,137,1,178,http://localhost:8002/restaurants/?q=ramen,0,0,0
1777162239384,1,GET /restaurants?q=ramen,200,OK,Restaurant Search Load Test 2-98,text,true,,587,137,1,178,http://localhost:8002/restaurants/?q=ramen,1,0,0
1777162239385,1,GET /restaurants?q=ramen,200,OK,Restaurant Search Load Test 2-98,text,true,,587,137,1,178,http://localhost:8002/restaurants/?q=ramen,1,0,0
1777162239386,1,GET /restaurants?q=ramen,200,OK,Restaurant Search Load Test 2-98,text,true,,587,137,1,178,http://localhost:8002/restaurants/?q=ramen,1,0,0
1777162234392,5002,Login for Token,Non HTTP response code: org.apache.http.conn.HttpHostConnectException,"Non HTTP response message: Connect to localhost:8001 [localhost/127.0.0.1, localhost/0:0:0:0:0:0:0:1] failed: Connection refused",Review Submission Load Test 3-48,text,false,,2623,0,79,177,http://localhost:8001/auth/login,0,0,5002
1777162239395,1,POST /reviews/,401,Unauthorized,Review Submission Load Test 3-48,text,false,,204,299,79,177,http://localhost:8004/reviews/,1,0,0
1777162229465,10001,POST /auth/login,Non HTTP response code: java.net.SocketTimeoutException,Non HTTP response message: Read timed out,Login Load Test 1-65,text,false,"Test failed: code expected to equal /

****** received  : [[[Non HTTP response code: java.net.SocketTimeoutException]]]

****** comparison: [[[200                                                    ]]]

/",2679,0,98,177,http://localhost:8001/auth/login,0,0,0
1777162229484,10001,Login for Token,Non HTTP response code: java.net.SocketTimeoutException,Non HTTP response message: Read timed out,Review Submission Load Test 3-65,text,false,,2679,0,79,177,http://localhost:8001/auth/login,0,0,0
1777162239486,1,POST /reviews/,401,Unauthorized,Review Submission Load Test 3-65,text,false,,204,299,79,177,http://localhost:8004/reviews/,1,0,1
1777162234567,5001,POST /auth/login,Non HTTP response code: org.apache.http.conn.HttpHostConnectException,"Non HTTP response message: Connect to localhost:8001 [localhost/127.0.0.1, localhost/0:0:0:0:0:0:0:1] failed: Connection refused",Login Load Test 1-82,text,false,"Test failed: code expected to equal /

****** received  : [[[Non HTTP response code: org.apache.http.conn.HttpHostConnectException]]]

****** comparison: [[[200                                                                  ]]]

/",2623,0,98,177,http://localhost:8001/auth/login,0,0,5001
1777162229567,10002,POST /auth/login,Non HTTP response code: java.net.SocketTimeoutException,Non HTTP response message: Read timed out,Login Load Test 1-32,text,false,"Test failed: code expected to equal /

****** received  : [[[Non HTTP response code: java.net.SocketTimeoutException]]]

****** comparison: [[[200                                                    ]]]

/",2679,0,98,177,http://localhost:8001/auth/login,0,0,1
1777162229585,10001,Login for Token,Non HTTP response code: java.net.SocketTimeoutException,Non HTTP response message: Read timed out,Review Submission Load Test 3-32,text,false,,2679,0,79,177,http://localhost:8001/auth/login,0,0,0
1777162234585,5001,Login for Token,Non HTTP response code: org.apache.http.conn.HttpHostConnectException,"Non HTTP response message: Connect to localhost:8001 [localhost/127.0.0.1, localhost/0:0:0:0:0:0:0:1] failed: Connection refused",Review Submission Load Test 3-82,text,false,,2623,0,79,177,http://localhost:8001/auth/login,0,0,5001
1777162239587,1,POST /reviews/,401,Unauthorized,Review Submission Load Test 3-32,text,false,,204,299,79,177,http://localhost:8004/reviews/,1,0,1
1777162239588,0,POST /reviews/,401,Unauthorized,Review Submission Load Test 3-82,text,false,,204,299,79,177,http://localhost:8004/reviews/,0,0,0
1777162234665,5002,POST /auth/login,Non HTTP response code: org.apache.http.conn.HttpHostConnectException,"Non HTTP response message: Connect to localhost:8001 [localhost/127.0.0.1, localhost/0:0:0:0:0:0:0:1] failed: Connection refused",Login Load Test 1-49,text,false,"Test failed: code expected to equal /

****** received  : [[[Non HTTP response code: org.apache.http.conn.HttpHostConnectException]]]

****** comparison: [[[200                                                                  ]]]

/",2623,0,99,178,http://localhost:8001/auth/login,0,0,5002
1777162239678,2,GET /restaurants?q=ramen,200,OK,Restaurant Search Load Test 2-99,text,true,,587,137,1,179,http://localhost:8002/restaurants/?q=ramen,2,0,0
1777162239680,1,GET /restaurants?q=ramen,200,OK,Restaurant Search Load Test 2-99,text,true,,587,137,1,179,http://localhost:8002/restaurants/?q=ramen,1,0,0
1777162239681,1,GET /restaurants?q=ramen,200,OK,Restaurant Search Load Test 2-99,text,true,,587,137,1,179,http://localhost:8002/restaurants/?q=ramen,1,0,0
1777162239682,0,GET /restaurants?q=ramen,200,OK,Restaurant Search Load Test 2-99,text,true,,587,137,1,179,http://localhost:8002/restaurants/?q=ramen,0,0,0
1777162239683,0,GET /restaurants?q=ramen,200,OK,Restaurant Search Load Test 2-99,text,true,,587,137,1,179,http://localhost:8002/restaurants/?q=ramen,0,0,0
1777162239683,1,GET /restaurants?q=ramen,200,OK,Restaurant Search Load Test 2-99,text,true,,587,137,1,179,http://localhost:8002/restaurants/?q=ramen,1,0,0
1777162239684,1,GET /restaurants?q=ramen,200,OK,Restaurant Search Load Test 2-99,text,true,,587,137,1,179,http://localhost:8002/restaurants/?q=ramen,1,0,0
1777162239685,0,GET /restaurants?q=ramen,200,OK,Restaurant Search Load Test 2-99,text,true,,587,137,1,180,http://localhost:8002/restaurants/?q=ramen,0,0,0
1777162239685,1,GET /restaurants?q=ramen,200,OK,Restaurant Search Load Test 2-99,text,true,,587,137,1,180,http://localhost:8002/restaurants/?q=ramen,1,0,0
1777162239686,1,GET /restaurants?q=ramen,200,OK,Restaurant Search Load Test 2-99,text,true,,587,137,1,180,http://localhost:8002/restaurants/?q=ramen,1,0,0
1777162234686,5002,Login for Token,Non HTTP response code: org.apache.http.conn.HttpHostConnectException,"Non HTTP response message: Connect to localhost:8001 [localhost/127.0.0.1, localhost/0:0:0:0:0:0:0:1] failed: Connection refused",Review Submission Load Test 3-49,text,false,,2623,0,80,179,http://localhost:8001/auth/login,0,0,5002
1777162239689,1,POST /reviews/,401,Unauthorized,Review Submission Load Test 3-49,text,false,,204,299,80,179,http://localhost:8004/reviews/,1,0,0
1777162229766,10002,POST /auth/login,Non HTTP response code: java.net.SocketTimeoutException,Non HTTP response message: Read timed out,Login Load Test 1-66,text,false,"Test failed: code expected to equal /

****** received  : [[[Non HTTP response code: java.net.SocketTimeoutException]]]

****** comparison: [[[200                                                    ]]]

/",2679,0,99,179,http://localhost:8001/auth/login,0,0,0
1777162229785,10002,Login for Token,Non HTTP response code: java.net.SocketTimeoutException,Non HTTP response message: Read timed out,Review Submission Load Test 3-66,text,false,,2679,0,80,179,http://localhost:8001/auth/login,0,0,1
1777162239788,1,POST /reviews/,401,Unauthorized,Review Submission Load Test 3-66,text,false,,204,299,80,179,http://localhost:8004/reviews/,1,0,0
1777162234338,5503,POST /auth/login,200,OK,Login Load Test 1-1,text,true,,316,243,99,179,http://localhost:8001/auth/login,5503,0,0
1777162234338,5503,POST /auth/login,200,OK,Login Load Test 1-9,text,true,,316,243,99,179,http://localhost:8001/auth/login,5503,0,0
1777162234338,5503,POST /auth/login,200,OK,Login Load Test 1-3,text,true,,316,243,99,179,http://localhost:8001/auth/login,5503,0,0
1777162234338,5503,POST /auth/login,200,OK,Login Load Test 1-15,text,true,,316,243,99,179,http://localhost:8001/auth/login,5503,0,0
1777162234338,5503,POST /auth/login,200,OK,Login Load Test 1-4,text,true,,316,243,99,179,http://localhost:8001/auth/login,5503,0,0
1777162229865,10002,POST /auth/login,Non HTTP response code: java.net.SocketTimeoutException,Non HTTP response message: Read timed out,Login Load Test 1-33,text,false,"Test failed: code expected to equal /

****** received  : [[[Non HTTP response code: java.net.SocketTimeoutException]]]

****** comparison: [[[200                                                    ]]]

/",2679,0,99,179,http://localhost:8001/auth/login,0,0,1
1777162234866,5001,POST /auth/login,Non HTTP response code: org.apache.http.conn.HttpHostConnectException,"Non HTTP response message: Connect to localhost:8001 [localhost/127.0.0.1, localhost/0:0:0:0:0:0:0:1] failed: Connection refused",Login Load Test 1-83,text,false,"Test failed: code expected to equal /

****** received  : [[[Non HTTP response code: org.apache.http.conn.HttpHostConnectException]]]

****** comparison: [[[200                                                                  ]]]

/",2623,0,99,179,http://localhost:8001/auth/login,0,0,5001
1777162234885,5002,Login for Token,Non HTTP response code: org.apache.http.conn.HttpHostConnectException,"Non HTTP response message: Connect to localhost:8001 [localhost/127.0.0.1, localhost/0:0:0:0:0:0:0:1] failed: Connection refused",Review Submission Load Test 3-83,text,false,,2623,0,80,179,http://localhost:8001/auth/login,0,0,5002
1777162239888,1,POST /reviews/,401,Unauthorized,Review Submission Load Test 3-83,text,false,,204,299,80,179,http://localhost:8004/reviews/,1,0,0
1777162229889,10001,Login for Token,Non HTTP response code: java.net.SocketTimeoutException,Non HTTP response message: Read timed out,Review Submission Load Test 3-33,text,false,,2679,0,80,179,http://localhost:8001/auth/login,0,0,0
1777162239891,0,POST /reviews/,401,Unauthorized,Review Submission Load Test 3-33,text,false,,204,299,80,179,http://localhost:8004/reviews/,0,0,0
1777162234965,5001,POST /auth/login,Non HTTP response code: org.apache.http.conn.HttpHostConnectException,"Non HTTP response message: Connect to localhost:8001 [localhost/127.0.0.1, localhost/0:0:0:0:0:0:0:1] failed: Connection refused",Login Load Test 1-50,text,false,"Test failed: code expected to equal /

****** received  : [[[Non HTTP response code: org.apache.http.conn.HttpHostConnectException]]]

****** comparison: [[[200                                                                  ]]]

/",2623,0,100,180,http://localhost:8001/auth/login,0,0,5001
1777162239978,3,GET /restaurants?q=ramen,200,OK,Restaurant Search Load Test 2-100,text,true,,587,137,1,181,http://localhost:8002/restaurants/?q=ramen,3,0,1
1777162239981,1,GET /restaurants?q=ramen,200,OK,Restaurant Search Load Test 2-100,text,true,,587,137,1,181,http://localhost:8002/restaurants/?q=ramen,1,0,0
1777162239982,1,GET /restaurants?q=ramen,200,OK,Restaurant Search Load Test 2-100,text,true,,587,137,1,182,http://localhost:8002/restaurants/?q=ramen,1,0,0
1777162239983,1,GET /restaurants?q=ramen,200,OK,Restaurant Search Load Test 2-100,text,true,,587,137,1,182,http://localhost:8002/restaurants/?q=ramen,1,0,0
1777162239984,1,GET /restaurants?q=ramen,200,OK,Restaurant Search Load Test 2-100,text,true,,587,137,1,182,http://localhost:8002/restaurants/?q=ramen,1,0,0
1777162239985,1,GET /restaurants?q=ramen,200,OK,Restaurant Search Load Test 2-100,text,true,,587,137,1,182,http://localhost:8002/restaurants/?q=ramen,1,0,0
1777162239986,1,GET /restaurants?q=ramen,200,OK,Restaurant Search Load Test 2-100,text,true,,587,137,1,182,http://localhost:8002/restaurants/?q=ramen,1,0,0
1777162239987,1,GET /restaurants?q=ramen,200,OK,Restaurant Search Load Test 2-100,text,true,,587,137,1,182,http://localhost:8002/restaurants/?q=ramen,1,0,0
1777162234987,5001,Login for Token,Non HTTP response code: org.apache.http.conn.HttpHostConnectException,"Non HTTP response message: Connect to localhost:8001 [localhost/127.0.0.1, localhost/0:0:0:0:0:0:0:1] failed: Connection refused",Review Submission Load Test 3-50,text,false,,2623,0,81,182,http://localhost:8001/auth/login,0,0,5001
1777162239989,0,POST /reviews/,401,Unauthorized,Review Submission Load Test 3-50,text,false,,204,299,81,182,http://localhost:8004/reviews/,0,0,0
1777162239988,1,GET /restaurants?q=ramen,200,OK,Restaurant Search Load Test 2-100,text,true,,587,137,1,182,http://localhost:8002/restaurants/?q=ramen,1,0,0
1777162239989,2,GET /restaurants?q=ramen,200,OK,Restaurant Search Load Test 2-100,text,true,,587,137,1,182,http://localhost:8002/restaurants/?q=ramen,2,0,0
1777162230066,10001,POST /auth/login,Non HTTP response code: java.net.SocketTimeoutException,Non HTTP response message: Read timed out,Login Load Test 1-67,text,false,"Test failed: code expected to equal /

****** received  : [[[Non HTTP response code: java.net.SocketTimeoutException]]]

****** comparison: [[[200                                                    ]]]

/",2679,0,100,181,http://localhost:8001/auth/login,0,0,0
1777162230082,10001,Login for Token,Non HTTP response code: java.net.SocketTimeoutException,Non HTTP response message: Read timed out,Review Submission Load Test 3-67,text,false,,2679,0,81,181,http://localhost:8001/auth/login,0,0,0
1777162240085,0,POST /reviews/,401,Unauthorized,Review Submission Load Test 3-67,text,false,,204,299,81,181,http://localhost:8004/reviews/,0,0,0
1777162235162,5002,POST /auth/login,Non HTTP response code: org.apache.http.conn.HttpHostConnectException,"Non HTTP response message: Connect to localhost:8001 [localhost/127.0.0.1, localhost/0:0:0:0:0:0:0:1] failed: Connection refused",Login Load Test 1-84,text,false,"Test failed: code expected to equal /

****** received  : [[[Non HTTP response code: org.apache.http.conn.HttpHostConnectException]]]

****** comparison: [[[200                                                                  ]]]

/",2623,0,100,181,http://localhost:8001/auth/login,0,0,5002
1777162230166,10001,POST /auth/login,Non HTTP response code: java.net.SocketTimeoutException,Non HTTP response message: Read timed out,Login Load Test 1-34,text,false,"Test failed: code expected to equal /

****** received  : [[[Non HTTP response code: java.net.SocketTimeoutException]]]

****** comparison: [[[200                                                    ]]]

/",2679,0,100,181,http://localhost:8001/auth/login,0,0,0
1777162230185,10001,Login for Token,Non HTTP response code: java.net.SocketTimeoutException,Non HTTP response message: Read timed out,Review Submission Load Test 3-34,text,false,,2679,0,81,181,http://localhost:8001/auth/login,0,0,0
1777162240187,1,POST /reviews/,401,Unauthorized,Review Submission Load Test 3-34,text,false,,204,299,81,181,http://localhost:8004/reviews/,1,0,0
1777162235267,5002,POST /auth/login,Non HTTP response code: org.apache.http.conn.HttpHostConnectException,"Non HTTP response message: Connect to localhost:8001 [localhost/127.0.0.1, localhost/0:0:0:0:0:0:0:1] failed: Connection refused",Login Load Test 1-51,text,false,"Test failed: code expected to equal /

****** received  : [[[Non HTTP response code: org.apache.http.conn.HttpHostConnectException]]]

****** comparison: [[[200                                                                  ]]]

/",2623,0,100,181,http://localhost:8001/auth/login,0,0,5002
1777162235287,5001,Login for Token,Non HTTP response code: org.apache.http.conn.HttpHostConnectException,"Non HTTP response message: Connect to localhost:8001 [localhost/127.0.0.1, localhost/0:0:0:0:0:0:0:1] failed: Connection refused",Review Submission Load Test 3-51,text,false,,2623,0,81,181,http://localhost:8001/auth/login,0,0,5001
1777162240289,1,POST /reviews/,401,Unauthorized,Review Submission Load Test 3-51,text,false,,204,299,81,181,http://localhost:8004/reviews/,1,0,0
1777162230367,10001,POST /auth/login,Non HTTP response code: java.net.SocketTimeoutException,Non HTTP response message: Read timed out,Login Load Test 1-68,text,false,"Test failed: code expected to equal /

****** received  : [[[Non HTTP response code: java.net.SocketTimeoutException]]]

****** comparison: [[[200                                                    ]]]

/",2679,0,100,181,http://localhost:8001/auth/login,0,0,0
1777162230385,10001,Login for Token,Non HTTP response code: java.net.SocketTimeoutException,Non HTTP response message: Read timed out,Review Submission Load Test 3-68,text,false,,2679,0,81,181,http://localhost:8001/auth/login,0,0,1
1777162240387,1,POST /reviews/,401,Unauthorized,Review Submission Load Test 3-68,text,false,,204,299,81,181,http://localhost:8004/reviews/,1,0,0
1777162235464,5002,POST /auth/login,Non HTTP response code: org.apache.http.conn.HttpHostConnectException,"Non HTTP response message: Connect to localhost:8001 [localhost/127.0.0.1, localhost/0:0:0:0:0:0:0:1] failed: Connection refused",Login Load Test 1-85,text,false,"Test failed: code expected to equal /

****** received  : [[[Non HTTP response code: org.apache.http.conn.HttpHostConnectException]]]

****** comparison: [[[200                                                                  ]]]

/",2623,0,100,181,http://localhost:8001/auth/login,0,0,5002
1777162230468,10001,POST /auth/login,Non HTTP response code: java.net.SocketTimeoutException,Non HTTP response message: Read timed out,Login Load Test 1-35,text,false,"Test failed: code expected to equal /

****** received  : [[[Non HTTP response code: java.net.SocketTimeoutException]]]

****** comparison: [[[200                                                    ]]]

/",2679,0,100,181,http://localhost:8001/auth/login,0,0,0
1777162230485,10001,Login for Token,Non HTTP response code: java.net.SocketTimeoutException,Non HTTP response message: Read timed out,Review Submission Load Test 3-35,text,false,,2679,0,81,181,http://localhost:8001/auth/login,0,0,0
1777162240487,0,POST /reviews/,401,Unauthorized,Review Submission Load Test 3-35,text,false,,204,299,81,181,http://localhost:8004/reviews/,0,0,0
1777162235569,5001,POST /auth/login,Non HTTP response code: org.apache.http.conn.HttpHostConnectException,"Non HTTP response message: Connect to localhost:8001 [localhost/127.0.0.1, localhost/0:0:0:0:0:0:0:1] failed: Connection refused",Login Load Test 1-52,text,false,"Test failed: code expected to equal /

****** received  : [[[Non HTTP response code: org.apache.http.conn.HttpHostConnectException]]]

****** comparison: [[[200                                                                  ]]]

/",2623,0,100,181,http://localhost:8001/auth/login,0,0,5001
1777162235587,5001,Login for Token,Non HTTP response code: org.apache.http.conn.HttpHostConnectException,"Non HTTP response message: Connect to localhost:8001 [localhost/127.0.0.1, localhost/0:0:0:0:0:0:0:1] failed: Connection refused",Review Submission Load Test 3-52,text,false,,2623,0,81,181,http://localhost:8001/auth/login,0,0,5001
1777162240587,1,POST /reviews/,401,Unauthorized,Review Submission Load Test 3-52,text,false,,204,299,81,181,http://localhost:8004/reviews/,1,0,0
1777162230662,10002,POST /auth/login,Non HTTP response code: java.net.SocketTimeoutException,Non HTTP response message: Read timed out,Login Load Test 1-69,text,false,"Test failed: code expected to equal /

****** received  : [[[Non HTTP response code: java.net.SocketTimeoutException]]]

****** comparison: [[[200                                                    ]]]

/",2679,0,100,181,http://localhost:8001/auth/login,0,0,0
1777162230686,10000,Login for Token,Non HTTP response code: java.net.SocketTimeoutException,Non HTTP response message: Read timed out,Review Submission Load Test 3-69,text,false,,2679,0,81,181,http://localhost:8001/auth/login,0,0,0
1777162240687,0,POST /reviews/,401,Unauthorized,Review Submission Load Test 3-69,text,false,,204,299,81,181,http://localhost:8004/reviews/,0,0,0
1777162235767,5001,POST /auth/login,Non HTTP response code: org.apache.http.conn.HttpHostConnectException,"Non HTTP response message: Connect to localhost:8001 [localhost/127.0.0.1, localhost/0:0:0:0:0:0:0:1] failed: Connection refused",Login Load Test 1-86,text,false,"Test failed: code expected to equal /

****** received  : [[[Non HTTP response code: org.apache.http.conn.HttpHostConnectException]]]

****** comparison: [[[200                                                                  ]]]

/",2623,0,100,181,http://localhost:8001/auth/login,0,0,5001
1777162230766,10001,POST /auth/login,Non HTTP response code: java.net.SocketTimeoutException,Non HTTP response message: Read timed out,Login Load Test 1-36,text,false,"Test failed: code expected to equal /

****** received  : [[[Non HTTP response code: java.net.SocketTimeoutException]]]

****** comparison: [[[200                                                    ]]]

/",2679,0,100,181,http://localhost:8001/auth/login,0,0,0
1777162235785,5001,Login for Token,Non HTTP response code: org.apache.http.conn.HttpHostConnectException,"Non HTTP response message: Connect to localhost:8001 [localhost/127.0.0.1, localhost/0:0:0:0:0:0:0:1] failed: Connection refused",Review Submission Load Test 3-86,text,false,,2623,0,81,181,http://localhost:8001/auth/login,0,0,5001
1777162240786,0,POST /reviews/,401,Unauthorized,Review Submission Load Test 3-86,text,false,,204,299,81,181,http://localhost:8004/reviews/,0,0,0
1777162230789,10001,Login for Token,Non HTTP response code: java.net.SocketTimeoutException,Non HTTP response message: Read timed out,Review Submission Load Test 3-36,text,false,,2679,0,81,181,http://localhost:8001/auth/login,0,0,0
1777162240790,0,POST /reviews/,401,Unauthorized,Review Submission Load Test 3-36,text,false,,204,299,81,181,http://localhost:8004/reviews/,0,0,0
1777162235864,5002,POST /auth/login,Non HTTP response code: org.apache.http.conn.HttpHostConnectException,"Non HTTP response message: Connect to localhost:8001 [localhost/127.0.0.1, localhost/0:0:0:0:0:0:0:1] failed: Connection refused",Login Load Test 1-53,text,false,"Test failed: code expected to equal /

****** received  : [[[Non HTTP response code: org.apache.http.conn.HttpHostConnectException]]]

****** comparison: [[[200                                                                  ]]]

/",2623,0,100,181,http://localhost:8001/auth/login,0,0,5002
1777162235508,5360,POST /auth/login,200,OK,Login Load Test 1-16,text,true,,316,243,100,181,http://localhost:8001/auth/login,5360,0,0
1777162234338,6529,POST /auth/login,200,OK,Login Load Test 1-5,text,true,,316,243,100,181,http://localhost:8001/auth/login,6529,0,0
1777162235508,5360,POST /auth/login,200,OK,Login Load Test 1-11,text,true,,316,243,100,181,http://localhost:8001/auth/login,5360,0,0
1777162235508,5360,POST /auth/login,200,OK,Login Load Test 1-8,text,true,,316,243,100,181,http://localhost:8001/auth/login,5360,0,0
1777162235890,5001,Login for Token,Non HTTP response code: org.apache.http.conn.HttpHostConnectException,"Non HTTP response message: Connect to localhost:8001 [localhost/127.0.0.1, localhost/0:0:0:0:0:0:0:1] failed: Connection refused",Review Submission Load Test 3-53,text,false,,2623,0,81,181,http://localhost:8001/auth/login,0,0,5001
1777162240890,1,POST /reviews/,401,Unauthorized,Review Submission Load Test 3-53,text,false,,204,299,81,181,http://localhost:8004/reviews/,1,0,0
1777162235966,5001,POST /auth/login,Non HTTP response code: org.apache.http.conn.HttpHostConnectException,"Non HTTP response message: Connect to localhost:8001 [localhost/127.0.0.1, localhost/0:0:0:0:0:0:0:1] failed: Connection refused",Login Load Test 1-20,text,false,"Test failed: code expected to equal /

****** received  : [[[Non HTTP response code: org.apache.http.conn.HttpHostConnectException]]]

****** comparison: [[[200                                                                  ]]]

/",2623,0,100,181,http://localhost:8001/auth/login,0,0,5001
1777162230967,10001,POST /auth/login,Non HTTP response code: java.net.SocketTimeoutException,Non HTTP response message: Read timed out,Login Load Test 1-70,text,false,"Test failed: code expected to equal /

****** received  : [[[Non HTTP response code: java.net.SocketTimeoutException]]]

****** comparison: [[[200                                                    ]]]

/",2679,0,100,181,http://localhost:8001/auth/login,0,0,0
1777162230984,10001,Login for Token,Non HTTP response code: java.net.SocketTimeoutException,Non HTTP response message: Read timed out,Review Submission Load Test 3-70,text,false,,2679,0,81,181,http://localhost:8001/auth/login,0,0,0
1777162240986,0,POST /reviews/,401,Unauthorized,Review Submission Load Test 3-70,text,false,,204,299,81,181,http://localhost:8004/reviews/,0,0,0
1777162235989,5001,Login for Token,Non HTTP response code: org.apache.http.conn.HttpHostConnectException,"Non HTTP response message: Connect to localhost:8001 [localhost/127.0.0.1, localhost/0:0:0:0:0:0:0:1] failed: Connection refused",Review Submission Load Test 3-20,text,false,,2623,0,81,181,http://localhost:8001/auth/login,0,0,5001
1777162240989,0,POST /reviews/,401,Unauthorized,Review Submission Load Test 3-20,text,false,,204,299,81,181,http://localhost:8004/reviews/,0,0,0
1777162236068,5001,POST /auth/login,Non HTTP response code: org.apache.http.conn.HttpHostConnectException,"Non HTTP response message: Connect to localhost:8001 [localhost/127.0.0.1, localhost/0:0:0:0:0:0:0:1] failed: Connection refused",Login Load Test 1-87,text,false,"Test failed: code expected to equal /

****** received  : [[[Non HTTP response code: org.apache.http.conn.HttpHostConnectException]]]

****** comparison: [[[200                                                                  ]]]

/",2623,0,100,180,http://localhost:8001/auth/login,0,0,5001
1777162231068,10001,POST /auth/login,Non HTTP response code: java.net.SocketTimeoutException,Non HTTP response message: Read timed out,Login Load Test 1-37,text,false,"Test failed: code expected to equal /

****** received  : [[[Non HTTP response code: java.net.SocketTimeoutException]]]

****** comparison: [[[200                                                    ]]]

/",2679,0,100,180,http://localhost:8001/auth/login,0,0,0
1777162236087,5002,Login for Token,Non HTTP response code: org.apache.http.conn.HttpHostConnectException,"Non HTTP response message: Connect to localhost:8001 [localhost/127.0.0.1, localhost/0:0:0:0:0:0:0:1] failed: Connection refused",Review Submission Load Test 3-87,text,false,,2623,0,80,180,http://localhost:8001/auth/login,0,0,5001
1777162241088,0,POST /reviews/,401,Unauthorized,Review Submission Load Test 3-87,text,false,,204,299,80,180,http://localhost:8004/reviews/,0,0,0
1777162231089,10001,Login for Token,Non HTTP response code: java.net.SocketTimeoutException,Non HTTP response message: Read timed out,Review Submission Load Test 3-37,text,false,,2679,0,80,180,http://localhost:8001/auth/login,0,0,0
1777162241090,0,POST /reviews/,401,Unauthorized,Review Submission Load Test 3-37,text,false,,204,299,80,180,http://localhost:8004/reviews/,0,0,0
1777162236169,5000,POST /auth/login,Non HTTP response code: org.apache.http.conn.HttpHostConnectException,"Non HTTP response message: Connect to localhost:8001 [localhost/127.0.0.1, localhost/0:0:0:0:0:0:0:1] failed: Connection refused",Login Load Test 1-54,text,false,"Test failed: code expected to equal /

****** received  : [[[Non HTTP response code: org.apache.http.conn.HttpHostConnectException]]]

****** comparison: [[[200                                                                  ]]]

/",2623,0,100,180,http://localhost:8001/auth/login,0,0,5000
1777162231261,10002,POST /auth/login,Non HTTP response code: java.net.SocketTimeoutException,Non HTTP response message: Read timed out,Login Load Test 1-71,text,false,"Test failed: code expected to equal /

****** received  : [[[Non HTTP response code: java.net.SocketTimeoutException]]]

****** comparison: [[[200                                                    ]]]

/",2679,0,100,180,http://localhost:8001/auth/login,0,0,1
1777162236269,5001,POST /auth/login,Non HTTP response code: org.apache.http.conn.HttpHostConnectException,"Non HTTP response message: Connect to localhost:8001 [localhost/127.0.0.1, localhost/0:0:0:0:0:0:0:1] failed: Connection refused",Login Load Test 1-21,text,false,"Test failed: code expected to equal /

****** received  : [[[Non HTTP response code: org.apache.http.conn.HttpHostConnectException]]]

****** comparison: [[[200                                                                  ]]]

/",2623,0,100,180,http://localhost:8001/auth/login,0,0,5001
1777162231284,10001,Login for Token,Non HTTP response code: java.net.SocketTimeoutException,Non HTTP response message: Read timed out,Review Submission Load Test 3-71,text,false,,2679,0,80,180,http://localhost:8001/auth/login,0,0,0
1777162241286,0,POST /reviews/,401,Unauthorized,Review Submission Load Test 3-71,text,false,,204,299,80,180,http://localhost:8004/reviews/,0,0,0
1777162236289,5002,Login for Token,Non HTTP response code: org.apache.http.conn.HttpHostConnectException,"Non HTTP response message: Connect to localhost:8001 [localhost/127.0.0.1, localhost/0:0:0:0:0:0:0:1] failed: Connection refused",Review Submission Load Test 3-21,text,false,,2623,0,80,180,http://localhost:8001/auth/login,0,0,5002
1777162241290,0,POST /reviews/,401,Unauthorized,Review Submission Load Test 3-21,text,false,,204,299,80,180,http://localhost:8004/reviews/,0,0,0
1777162236333,5032,POST /auth/login,200,OK,Login Load Test 1-6,text,true,,316,243,100,179,http://localhost:8001/auth/login,5032,0,0
1777162236333,5032,POST /auth/login,200,OK,Login Load Test 1-10,text,true,,316,243,100,179,http://localhost:8001/auth/login,5032,0,0
1777162236333,5032,POST /auth/login,200,OK,Login Load Test 1-17,text,true,,316,243,100,179,http://localhost:8001/auth/login,5032,0,0
1777162235509,5856,POST /auth/login,200,OK,Login Load Test 1-2,text,true,,316,243,100,179,http://localhost:8001/auth/login,5856,0,0
1777162236367,5001,POST /auth/login,Non HTTP response code: org.apache.http.conn.HttpHostConnectException,"Non HTTP response message: Connect to localhost:8001 [localhost/127.0.0.1, localhost/0:0:0:0:0:0:0:1] failed: Connection refused",Login Load Test 1-88,text,false,"Test failed: code expected to equal /

****** received  : [[[Non HTTP response code: org.apache.http.conn.HttpHostConnectException]]]

****** comparison: [[[200                                                                  ]]]

/",2623,0,100,179,http://localhost:8001/auth/login,0,0,5001
1777162231367,10002,POST /auth/login,Non HTTP response code: java.net.SocketTimeoutException,Non HTTP response message: Read timed out,Login Load Test 1-38,text,false,"Test failed: code expected to equal /

****** received  : [[[Non HTTP response code: java.net.SocketTimeoutException]]]

****** comparison: [[[200                                                    ]]]

/",2679,0,100,179,http://localhost:8001/auth/login,0,0,1
1777162236385,5001,Login for Token,Non HTTP response code: org.apache.http.conn.HttpHostConnectException,"Non HTTP response message: Connect to localhost:8001 [localhost/127.0.0.1, localhost/0:0:0:0:0:0:0:1] failed: Connection refused",Review Submission Load Test 3-88,text,false,,2623,0,79,179,http://localhost:8001/auth/login,0,0,5001
1777162231384,10002,Login for Token,Non HTTP response code: java.net.SocketTimeoutException,Non HTTP response message: Read timed out,Review Submission Load Test 3-38,text,false,,2679,0,79,179,http://localhost:8001/auth/login,0,0,1
1777162241385,1,POST /reviews/,401,Unauthorized,Review Submission Load Test 3-88,text,false,,204,299,79,179,http://localhost:8004/reviews/,1,0,0
1777162241386,0,POST /reviews/,401,Unauthorized,Review Submission Load Test 3-38,text,false,,204,299,79,179,http://localhost:8004/reviews/,0,0,0
1777162236469,5001,POST /auth/login,Non HTTP response code: org.apache.http.conn.HttpHostConnectException,"Non HTTP response message: Connect to localhost:8001 [localhost/127.0.0.1, localhost/0:0:0:0:0:0:0:1] failed: Connection refused",Login Load Test 1-55,text,false,"Test failed: code expected to equal /

****** received  : [[[Non HTTP response code: org.apache.http.conn.HttpHostConnectException]]]

****** comparison: [[[200                                                                  ]]]

/",2623,0,100,179,http://localhost:8001/auth/login,0,0,5001
1777162236488,5002,Login for Token,Non HTTP response code: org.apache.http.conn.HttpHostConnectException,"Non HTTP response message: Connect to localhost:8001 [localhost/127.0.0.1, localhost/0:0:0:0:0:0:0:1] failed: Connection refused",Review Submission Load Test 3-55,text,false,,2623,0,79,179,http://localhost:8001/auth/login,0,0,5002
1777162241489,0,POST /reviews/,401,Unauthorized,Review Submission Load Test 3-55,text,false,,204,299,79,179,http://localhost:8004/reviews/,0,0,0
1777162231566,10000,POST /auth/login,Non HTTP response code: java.net.SocketTimeoutException,Non HTTP response message: Read timed out,Login Load Test 1-72,text,false,"Test failed: code expected to equal /

****** received  : [[[Non HTTP response code: java.net.SocketTimeoutException]]]

****** comparison: [[[200                                                    ]]]

/",2679,0,100,179,http://localhost:8001/auth/login,0,0,0
1777162236568,5001,POST /auth/login,Non HTTP response code: org.apache.http.conn.HttpHostConnectException,"Non HTTP response message: Connect to localhost:8001 [localhost/127.0.0.1, localhost/0:0:0:0:0:0:0:1] failed: Connection refused",Login Load Test 1-22,text,false,"Test failed: code expected to equal /

****** received  : [[[Non HTTP response code: org.apache.http.conn.HttpHostConnectException]]]

****** comparison: [[[200                                                                  ]]]

/",2623,0,100,179,http://localhost:8001/auth/login,0,0,5001
1777162231587,10001,Login for Token,Non HTTP response code: java.net.SocketTimeoutException,Non HTTP response message: Read timed out,Review Submission Load Test 3-72,text,false,,2679,0,79,179,http://localhost:8001/auth/login,0,0,0
1777162241588,1,POST /reviews/,401,Unauthorized,Review Submission Load Test 3-72,text,false,,204,299,79,179,http://localhost:8004/reviews/,1,0,1
1777162236593,5001,Login for Token,Non HTTP response code: org.apache.http.conn.HttpHostConnectException,"Non HTTP response message: Connect to localhost:8001 [localhost/127.0.0.1, localhost/0:0:0:0:0:0:0:1] failed: Connection refused",Review Submission Load Test 3-22,text,false,,2623,0,79,179,http://localhost:8001/auth/login,0,0,5001
1777162241593,0,POST /reviews/,401,Unauthorized,Review Submission Load Test 3-22,text,false,,204,299,79,179,http://localhost:8004/reviews/,0,0,0
1777162231668,10001,POST /auth/login,Non HTTP response code: java.net.SocketTimeoutException,Non HTTP response message: Read timed out,Login Load Test 1-39,text,false,"Test failed: code expected to equal /

****** received  : [[[Non HTTP response code: java.net.SocketTimeoutException]]]

****** comparison: [[[200                                                    ]]]

/",2679,0,100,178,http://localhost:8001/auth/login,0,0,0
1777162236687,5002,Login for Token,Non HTTP response code: org.apache.http.conn.HttpHostConnectException,"Non HTTP response message: Connect to localhost:8001 [localhost/127.0.0.1, localhost/0:0:0:0:0:0:0:1] failed: Connection refused",Review Submission Load Test 3-89,text,false,,2623,0,78,178,http://localhost:8001/auth/login,0,0,5002
1777162231688,10001,Login for Token,Non HTTP response code: java.net.SocketTimeoutException,Non HTTP response message: Read timed out,Review Submission Load Test 3-39,text,false,,2679,0,78,178,http://localhost:8001/auth/login,0,0,0
1777162241688,1,POST /reviews/,401,Unauthorized,Review Submission Load Test 3-89,text,false,,204,299,78,178,http://localhost:8004/reviews/,1,0,0
1777162241689,0,POST /reviews/,401,Unauthorized,Review Submission Load Test 3-39,text,false,,204,299,78,178,http://localhost:8004/reviews/,0,0,0
1777162236784,5001,Login for Token,Non HTTP response code: org.apache.http.conn.HttpHostConnectException,"Non HTTP response message: Connect to localhost:8001 [localhost/127.0.0.1, localhost/0:0:0:0:0:0:0:1] failed: Connection refused",Review Submission Load Test 3-56,text,false,,2623,0,78,178,http://localhost:8001/auth/login,0,0,5001
1777162241784,1,POST /reviews/,401,Unauthorized,Review Submission Load Test 3-56,text,false,,204,299,78,178,http://localhost:8004/reviews/,1,0,1
1777162231862,10001,POST /auth/login,Non HTTP response code: java.net.SocketTimeoutException,Non HTTP response message: Read timed out,Login Load Test 1-73,text,false,"Test failed: code expected to equal /

****** received  : [[[Non HTTP response code: java.net.SocketTimeoutException]]]

****** comparison: [[[200                                                    ]]]

/",2679,0,100,178,http://localhost:8001/auth/login,0,0,0
1777162236870,5001,POST /auth/login,Non HTTP response code: org.apache.http.conn.HttpHostConnectException,"Non HTTP response message: Connect to localhost:8001 [localhost/127.0.0.1, localhost/0:0:0:0:0:0:0:1] failed: Connection refused",Login Load Test 1-23,text,false,"Test failed: code expected to equal /

****** received  : [[[Non HTTP response code: org.apache.http.conn.HttpHostConnectException]]]

****** comparison: [[[200                                                                  ]]]

/",2623,0,100,178,http://localhost:8001/auth/login,0,0,5001
1777162231886,10002,Login for Token,Non HTTP response code: java.net.SocketTimeoutException,Non HTTP response message: Read timed out,Review Submission Load Test 3-73,text,false,,2679,0,78,178,http://localhost:8001/auth/login,0,0,1
1777162241888,1,POST /reviews/,401,Unauthorized,Review Submission Load Test 3-73,text,false,,204,299,78,178,http://localhost:8004/reviews/,1,0,0
1777162236890,5001,Login for Token,Non HTTP response code: org.apache.http.conn.HttpHostConnectException,"Non HTTP response message: Connect to localhost:8001 [localhost/127.0.0.1, localhost/0:0:0:0:0:0:0:1] failed: Connection refused",Review Submission Load Test 3-23,text,false,,2623,0,78,178,http://localhost:8001/auth/login,0,0,5001
1777162241890,1,POST /reviews/,401,Unauthorized,Review Submission Load Test 3-23,text,false,,204,299,78,178,http://localhost:8004/reviews/,1,0,0
1777162236967,5002,POST /auth/login,Non HTTP response code: org.apache.http.conn.HttpHostConnectException,"Non HTTP response message: Connect to localhost:8001 [localhost/127.0.0.1, localhost/0:0:0:0:0:0:0:1] failed: Connection refused",Login Load Test 1-90,text,false,"Test failed: code expected to equal /

****** received  : [[[Non HTTP response code: org.apache.http.conn.HttpHostConnectException]]]

****** comparison: [[[200                                                                  ]]]

/",2623,0,100,177,http://localhost:8001/auth/login,0,0,5001
1777162231966,10062,POST /auth/login,Non HTTP response code: java.net.SocketTimeoutException,Non HTTP response message: Read timed out,Login Load Test 1-40,text,false,"Test failed: code expected to equal /

****** received  : [[[Non HTTP response code: java.net.SocketTimeoutException]]]

****** comparison: [[[200                                                    ]]]

/",2679,0,100,177,http://localhost:8001/auth/login,0,0,61
1777162231988,10063,Login for Token,Non HTTP response code: java.net.SocketTimeoutException,Non HTTP response message: Read timed out,Review Submission Load Test 3-40,text,false,,2679,0,77,177,http://localhost:8001/auth/login,0,0,62
1777162242051,0,POST /reviews/,401,Unauthorized,Review Submission Load Test 3-40,text,false,,204,299,77,177,http://localhost:8004/reviews/,0,0,0
1777162237068,5001,POST /auth/login,Non HTTP response code: org.apache.http.conn.HttpHostConnectException,"Non HTTP response message: Connect to localhost:8001 [localhost/127.0.0.1, localhost/0:0:0:0:0:0:0:1] failed: Connection refused",Login Load Test 1-57,text,false,"Test failed: code expected to equal /

****** received  : [[[Non HTTP response code: org.apache.http.conn.HttpHostConnectException]]]

****** comparison: [[[200                                                                  ]]]

/",2623,0,100,177,http://localhost:8001/auth/login,0,0,5001
1777162237086,5001,Login for Token,Non HTTP response code: org.apache.http.conn.HttpHostConnectException,"Non HTTP response message: Connect to localhost:8001 [localhost/127.0.0.1, localhost/0:0:0:0:0:0:0:1] failed: Connection refused",Review Submission Load Test 3-57,text,false,,2623,0,77,177,http://localhost:8001/auth/login,0,0,5001
1777162242086,1,POST /reviews/,401,Unauthorized,Review Submission Load Test 3-57,text,false,,204,299,77,177,http://localhost:8004/reviews/,1,0,0
1777162237165,5001,POST /auth/login,Non HTTP response code: org.apache.http.conn.HttpHostConnectException,"Non HTTP response message: Connect to localhost:8001 [localhost/127.0.0.1, localhost/0:0:0:0:0:0:0:1] failed: Connection refused",Login Load Test 1-74,text,false,"Test failed: code expected to equal /

****** received  : [[[Non HTTP response code: org.apache.http.conn.HttpHostConnectException]]]

****** comparison: [[[200                                                                  ]]]

/",2623,0,100,177,http://localhost:8001/auth/login,0,0,5001
1777162237168,5001,POST /auth/login,Non HTTP response code: org.apache.http.conn.HttpHostConnectException,"Non HTTP response message: Connect to localhost:8001 [localhost/127.0.0.1, localhost/0:0:0:0:0:0:0:1] failed: Connection refused",Login Load Test 1-24,text,false,"Test failed: code expected to equal /

****** received  : [[[Non HTTP response code: org.apache.http.conn.HttpHostConnectException]]]

****** comparison: [[[200                                                                  ]]]

/",2623,0,100,177,http://localhost:8001/auth/login,0,0,5001
1777162237186,5001,Login for Token,Non HTTP response code: org.apache.http.conn.HttpHostConnectException,"Non HTTP response message: Connect to localhost:8001 [localhost/127.0.0.1, localhost/0:0:0:0:0:0:0:1] failed: Connection refused",Review Submission Load Test 3-24,text,false,,2623,0,77,177,http://localhost:8001/auth/login,0,0,5001
1777162242186,1,POST /reviews/,401,Unauthorized,Review Submission Load Test 3-24,text,false,,204,299,77,177,http://localhost:8004/reviews/,1,0,0
1777162237323,4866,POST /auth/login,200,OK,Login Load Test 1-12,text,true,,316,243,100,176,http://localhost:8001/auth/login,4866,0,0
1777162237190,5001,Login for Token,Non HTTP response code: org.apache.http.conn.HttpHostConnectException,"Non HTTP response message: Connect to localhost:8001 [localhost/127.0.0.1, localhost/0:0:0:0:0:0:0:1] failed: Connection refused",Review Submission Load Test 3-74,text,false,,2623,0,76,176,http://localhost:8001/auth/login,0,0,5001
1777162242190,0,POST /reviews/,401,Unauthorized,Review Submission Load Test 3-74,text,false,,204,299,76,176,http://localhost:8004/reviews/,0,0,0
1777162237267,5001,POST /auth/login,Non HTTP response code: org.apache.http.conn.HttpHostConnectException,"Non HTTP response message: Connect to localhost:8001 [localhost/127.0.0.1, localhost/0:0:0:0:0:0:0:1] failed: Connection refused",Login Load Test 1-91,text,false,"Test failed: code expected to equal /

****** received  : [[[Non HTTP response code: org.apache.http.conn.HttpHostConnectException]]]

****** comparison: [[[200                                                                  ]]]

/",2623,0,100,176,http://localhost:8001/auth/login,0,0,5001
1777162237267,5001,POST /auth/login,Non HTTP response code: org.apache.http.conn.HttpHostConnectException,"Non HTTP response message: Connect to localhost:8001 [localhost/127.0.0.1, localhost/0:0:0:0:0:0:0:1] failed: Connection refused",Login Load Test 1-41,text,false,"Test failed: code expected to equal /

****** received  : [[[Non HTTP response code: org.apache.http.conn.HttpHostConnectException]]]

****** comparison: [[[200                                                                  ]]]

/",2623,0,100,176,http://localhost:8001/auth/login,0,0,5001
1777162237287,5001,Login for Token,Non HTTP response code: org.apache.http.conn.HttpHostConnectException,"Non HTTP response message: Connect to localhost:8001 [localhost/127.0.0.1, localhost/0:0:0:0:0:0:0:1] failed: Connection refused",Review Submission Load Test 3-91,text,false,,2623,0,76,176,http://localhost:8001/auth/login,0,0,5001
1777162237289,5000,Login for Token,Non HTTP response code: org.apache.http.conn.HttpHostConnectException,"Non HTTP response message: Connect to localhost:8001 [localhost/127.0.0.1, localhost/0:0:0:0:0:0:0:1] failed: Connection refused",Review Submission Load Test 3-41,text,false,,2623,0,76,176,http://localhost:8001/auth/login,0,0,5000
1777162242288,0,POST /reviews/,401,Unauthorized,Review Submission Load Test 3-91,text,false,,204,299,76,176,http://localhost:8004/reviews/,0,0,0
1777162242288,1,POST /reviews/,401,Unauthorized,Review Submission Load Test 3-41,text,false,,204,299,76,176,http://localhost:8004/reviews/,1,0,0
1777162237366,5001,POST /auth/login,Non HTTP response code: org.apache.http.conn.HttpHostConnectException,"Non HTTP response message: Connect to localhost:8001 [localhost/127.0.0.1, localhost/0:0:0:0:0:0:0:1] failed: Connection refused",Login Load Test 1-58,text,false,"Test failed: code expected to equal /

****** received  : [[[Non HTTP response code: org.apache.http.conn.HttpHostConnectException]]]

****** comparison: [[[200                                                                  ]]]

/",2623,0,100,175,http://localhost:8001/auth/login,0,0,5001
1777162237386,5002,Login for Token,Non HTTP response code: org.apache.http.conn.HttpHostConnectException,"Non HTTP response message: Connect to localhost:8001 [localhost/127.0.0.1, localhost/0:0:0:0:0:0:0:1] failed: Connection refused",Review Submission Load Test 3-58,text,false,,2623,0,75,175,http://localhost:8001/auth/login,0,0,5002
1777162242387,0,POST /reviews/,401,Unauthorized,Review Submission Load Test 3-58,text,false,,204,299,75,175,http://localhost:8004/reviews/,0,0,0
1777162237469,5000,POST /auth/login,Non HTTP response code: org.apache.http.conn.HttpHostConnectException,"Non HTTP response message: Connect to localhost:8001 [localhost/127.0.0.1, localhost/0:0:0:0:0:0:0:1] failed: Connection refused",Login Load Test 1-75,text,false,"Test failed: code expected to equal /

****** received  : [[[Non HTTP response code: org.apache.http.conn.HttpHostConnectException]]]

****** comparison: [[[200                                                                  ]]]

/",2623,0,100,175,http://localhost:8001/auth/login,0,0,5000
1777162237470,5001,POST /auth/login,Non HTTP response code: org.apache.http.conn.HttpHostConnectException,"Non HTTP response message: Connect to localhost:8001 [localhost/127.0.0.1, localhost/0:0:0:0:0:0:0:1] failed: Connection refused",Login Load Test 1-25,text,false,"Test failed: code expected to equal /

****** received  : [[[Non HTTP response code: org.apache.http.conn.HttpHostConnectException]]]

****** comparison: [[[200                                                                  ]]]

/",2623,0,100,175,http://localhost:8001/auth/login,0,0,5001
1777162237487,5001,Login for Token,Non HTTP response code: org.apache.http.conn.HttpHostConnectException,"Non HTTP response message: Connect to localhost:8001 [localhost/127.0.0.1, localhost/0:0:0:0:0:0:0:1] failed: Connection refused",Review Submission Load Test 3-25,text,false,,2623,0,75,175,http://localhost:8001/auth/login,0,0,5001
1777162242487,0,POST /reviews/,401,Unauthorized,Review Submission Load Test 3-25,text,false,,204,299,75,175,http://localhost:8004/reviews/,0,0,0
1777162237489,5001,Login for Token,Non HTTP response code: org.apache.http.conn.HttpHostConnectException,"Non HTTP response message: Connect to localhost:8001 [localhost/127.0.0.1, localhost/0:0:0:0:0:0:0:1] failed: Connection refused",Review Submission Load Test 3-75,text,false,,2623,0,74,174,http://localhost:8001/auth/login,0,0,5001
1777162242489,0,POST /reviews/,401,Unauthorized,Review Submission Load Test 3-75,text,false,,204,299,74,174,http://localhost:8004/reviews/,0,0,0
1777162237567,5002,POST /auth/login,Non HTTP response code: org.apache.http.conn.HttpHostConnectException,"Non HTTP response message: Connect to localhost:8001 [localhost/127.0.0.1, localhost/0:0:0:0:0:0:0:1] failed: Connection refused",Login Load Test 1-92,text,false,"Test failed: code expected to equal /

****** received  : [[[Non HTTP response code: org.apache.http.conn.HttpHostConnectException]]]

****** comparison: [[[200                                                                  ]]]

/",2623,0,100,174,http://localhost:8001/auth/login,0,0,5002
1777162237569,5001,POST /auth/login,Non HTTP response code: org.apache.http.conn.HttpHostConnectException,"Non HTTP response message: Connect to localhost:8001 [localhost/127.0.0.1, localhost/0:0:0:0:0:0:0:1] failed: Connection refused",Login Load Test 1-42,text,false,"Test failed: code expected to equal /

****** received  : [[[Non HTTP response code: org.apache.http.conn.HttpHostConnectException]]]

****** comparison: [[[200                                                                  ]]]

/",2623,0,100,174,http://localhost:8001/auth/login,0,0,5001
1777162237586,5001,Login for Token,Non HTTP response code: org.apache.http.conn.HttpHostConnectException,"Non HTTP response message: Connect to localhost:8001 [localhost/127.0.0.1, localhost/0:0:0:0:0:0:0:1] failed: Connection refused",Review Submission Load Test 3-92,text,false,,2623,0,74,174,http://localhost:8001/auth/login,0,0,5001
1777162242586,1,POST /reviews/,401,Unauthorized,Review Submission Load Test 3-92,text,false,,204,299,74,174,http://localhost:8004/reviews/,1,0,1
1777162237588,5002,Login for Token,Non HTTP response code: org.apache.http.conn.HttpHostConnectException,"Non HTTP response message: Connect to localhost:8001 [localhost/127.0.0.1, localhost/0:0:0:0:0:0:0:1] failed: Connection refused",Review Submission Load Test 3-42,text,false,,2623,0,74,174,http://localhost:8001/auth/login,0,0,5002
1777162242589,0,POST /reviews/,401,Unauthorized,Review Submission Load Test 3-42,text,false,,204,299,74,174,http://localhost:8004/reviews/,0,0,0
1777162237664,5002,POST /auth/login,Non HTTP response code: org.apache.http.conn.HttpHostConnectException,"Non HTTP response message: Connect to localhost:8001 [localhost/127.0.0.1, localhost/0:0:0:0:0:0:0:1] failed: Connection refused",Login Load Test 1-59,text,false,"Test failed: code expected to equal /

****** received  : [[[Non HTTP response code: org.apache.http.conn.HttpHostConnectException]]]

****** comparison: [[[200                                                                  ]]]

/",2623,0,100,173,http://localhost:8001/auth/login,0,0,5002
1777162237823,4861,POST /auth/login,200,OK,Login Load Test 1-18,text,true,,316,243,100,173,http://localhost:8001/auth/login,4861,0,0
1777162237689,5001,Login for Token,Non HTTP response code: org.apache.http.conn.HttpHostConnectException,"Non HTTP response message: Connect to localhost:8001 [localhost/127.0.0.1, localhost/0:0:0:0:0:0:0:1] failed: Connection refused",Review Submission Load Test 3-59,text,false,,2623,0,73,173,http://localhost:8001/auth/login,0,0,5001
1777162242690,0,POST /reviews/,401,Unauthorized,Review Submission Load Test 3-59,text,false,,204,299,73,173,http://localhost:8004/reviews/,0,0,0
1777162237768,5001,POST /auth/login,Non HTTP response code: org.apache.http.conn.HttpHostConnectException,"Non HTTP response message: Connect to localhost:8001 [localhost/127.0.0.1, localhost/0:0:0:0:0:0:0:1] failed: Connection refused",Login Load Test 1-76,text,false,"Test failed: code expected to equal /

****** received  : [[[Non HTTP response code: org.apache.http.conn.HttpHostConnectException]]]

****** comparison: [[[200                                                                  ]]]

/",2623,0,100,173,http://localhost:8001/auth/login,0,0,5001
1777162237792,5001,Login for Token,Non HTTP response code: org.apache.http.conn.HttpHostConnectException,"Non HTTP response message: Connect to localhost:8001 [localhost/127.0.0.1, localhost/0:0:0:0:0:0:0:1] failed: Connection refused",Review Submission Load Test 3-26,text,false,,2623,0,73,173,http://localhost:8001/auth/login,0,0,5001
1777162242793,0,POST /reviews/,401,Unauthorized,Review Submission Load Test 3-26,text,false,,204,299,73,173,http://localhost:8004/reviews/,0,0,0
1777162237823,5026,POST /auth/login,200,OK,Login Load Test 1-7,text,true,,316,243,100,172,http://localhost:8001/auth/login,5026,0,0
1777162237823,5026,POST /auth/login,200,OK,Login Load Test 1-19,text,true,,316,243,100,172,http://localhost:8001/auth/login,5026,0,0
1777162237868,5001,POST /auth/login,Non HTTP response code: org.apache.http.conn.HttpHostConnectException,"Non HTTP response message: Connect to localhost:8001 [localhost/127.0.0.1, localhost/0:0:0:0:0:0:0:1] failed: Connection refused",Login Load Test 1-93,text,false,"Test failed: code expected to equal /

****** received  : [[[Non HTTP response code: org.apache.http.conn.HttpHostConnectException]]]

****** comparison: [[[200                                                                  ]]]

/",2623,0,100,172,http://localhost:8001/auth/login,0,0,5001
1777162237869,5001,POST /auth/login,Non HTTP response code: org.apache.http.conn.HttpHostConnectException,"Non HTTP response message: Connect to localhost:8001 [localhost/127.0.0.1, localhost/0:0:0:0:0:0:0:1] failed: Connection refused",Login Load Test 1-43,text,false,"Test failed: code expected to equal /

****** received  : [[[Non HTTP response code: org.apache.http.conn.HttpHostConnectException]]]

****** comparison: [[[200                                                                  ]]]

/",2623,0,100,172,http://localhost:8001/auth/login,0,0,5001
1777162237887,5001,Login for Token,Non HTTP response code: org.apache.http.conn.HttpHostConnectException,"Non HTTP response message: Connect to localhost:8001 [localhost/127.0.0.1, localhost/0:0:0:0:0:0:0:1] failed: Connection refused",Review Submission Load Test 3-93,text,false,,2623,0,72,172,http://localhost:8001/auth/login,0,0,5001
1777162242888,0,POST /reviews/,401,Unauthorized,Review Submission Load Test 3-93,text,false,,204,299,72,172,http://localhost:8004/reviews/,0,0,0
1777162237891,5001,Login for Token,Non HTTP response code: org.apache.http.conn.HttpHostConnectException,"Non HTTP response message: Connect to localhost:8001 [localhost/127.0.0.1, localhost/0:0:0:0:0:0:0:1] failed: Connection refused",Review Submission Load Test 3-43,text,false,,2623,0,72,172,http://localhost:8001/auth/login,0,0,5001
1777162242891,0,POST /reviews/,401,Unauthorized,Review Submission Load Test 3-43,text,false,,204,299,72,172,http://localhost:8004/reviews/,0,0,0
1777162237967,5001,POST /auth/login,Non HTTP response code: org.apache.http.conn.HttpHostConnectException,"Non HTTP response message: Connect to localhost:8001 [localhost/127.0.0.1, localhost/0:0:0:0:0:0:0:1] failed: Connection refused",Login Load Test 1-60,text,false,"Test failed: code expected to equal /

****** received  : [[[Non HTTP response code: org.apache.http.conn.HttpHostConnectException]]]

****** comparison: [[[200                                                                  ]]]

/",2623,0,100,171,http://localhost:8001/auth/login,0,0,5001
1777162237989,5001,Login for Token,Non HTTP response code: org.apache.http.conn.HttpHostConnectException,"Non HTTP response message: Connect to localhost:8001 [localhost/127.0.0.1, localhost/0:0:0:0:0:0:0:1] failed: Connection refused",Review Submission Load Test 3-60,text,false,,2623,0,71,171,http://localhost:8001/auth/login,0,0,5001
1777162242989,1,POST /reviews/,401,Unauthorized,Review Submission Load Test 3-60,text,false,,204,299,71,171,http://localhost:8004/reviews/,1,0,1
1777162238068,5001,POST /auth/login,Non HTTP response code: org.apache.http.conn.HttpHostConnectException,"Non HTTP response message: Connect to localhost:8001 [localhost/127.0.0.1, localhost/0:0:0:0:0:0:0:1] failed: Connection refused",Login Load Test 1-77,text,false,"Test failed: code expected to equal /

****** received  : [[[Non HTTP response code: org.apache.http.conn.HttpHostConnectException]]]

****** comparison: [[[200                                                                  ]]]

/",2623,0,100,171,http://localhost:8001/auth/login,0,0,5001
1777162238068,5001,POST /auth/login,Non HTTP response code: org.apache.http.conn.HttpHostConnectException,"Non HTTP response message: Connect to localhost:8001 [localhost/127.0.0.1, localhost/0:0:0:0:0:0:0:1] failed: Connection refused",Login Load Test 1-27,text,false,"Test failed: code expected to equal /

****** received  : [[[Non HTTP response code: org.apache.http.conn.HttpHostConnectException]]]

****** comparison: [[[200                                                                  ]]]

/",2623,0,100,171,http://localhost:8001/auth/login,0,0,5001
1777162238088,5000,Login for Token,Non HTTP response code: org.apache.http.conn.HttpHostConnectException,"Non HTTP response message: Connect to localhost:8001 [localhost/127.0.0.1, localhost/0:0:0:0:0:0:0:1] failed: Connection refused",Review Submission Load Test 3-77,text,false,,2623,0,71,171,http://localhost:8001/auth/login,0,0,5000
1777162243087,1,POST /reviews/,401,Unauthorized,Review Submission Load Test 3-77,text,false,,204,299,71,171,http://localhost:8004/reviews/,1,0,0
1777162238090,5002,Login for Token,Non HTTP response code: org.apache.http.conn.HttpHostConnectException,"Non HTTP response message: Connect to localhost:8001 [localhost/127.0.0.1, localhost/0:0:0:0:0:0:0:1] failed: Connection refused",Review Submission Load Test 3-27,text,false,,2623,0,71,171,http://localhost:8001/auth/login,0,0,5002
1777162243091,0,POST /reviews/,401,Unauthorized,Review Submission Load Test 3-27,text,false,,204,299,71,171,http://localhost:8004/reviews/,0,0,0
1777162238166,5001,POST /auth/login,Non HTTP response code: org.apache.http.conn.HttpHostConnectException,"Non HTTP response message: Connect to localhost:8001 [localhost/127.0.0.1, localhost/0:0:0:0:0:0:0:1] failed: Connection refused",Login Load Test 1-44,text,false,"Test failed: code expected to equal /

****** received  : [[[Non HTTP response code: org.apache.http.conn.HttpHostConnectException]]]

****** comparison: [[[200                                                                  ]]]

/",2623,0,100,170,http://localhost:8001/auth/login,0,0,5001
1777162238168,5001,POST /auth/login,Non HTTP response code: org.apache.http.conn.HttpHostConnectException,"Non HTTP response message: Connect to localhost:8001 [localhost/127.0.0.1, localhost/0:0:0:0:0:0:0:1] failed: Connection refused",Login Load Test 1-94,text,false,"Test failed: code expected to equal /

****** received  : [[[Non HTTP response code: org.apache.http.conn.HttpHostConnectException]]]

****** comparison: [[[200                                                                  ]]]

/",2623,0,100,170,http://localhost:8001/auth/login,0,0,5001
1777162238185,5002,Login for Token,Non HTTP response code: org.apache.http.conn.HttpHostConnectException,"Non HTTP response message: Connect to localhost:8001 [localhost/127.0.0.1, localhost/0:0:0:0:0:0:0:1] failed: Connection refused",Review Submission Load Test 3-94,text,false,,2623,0,70,170,http://localhost:8001/auth/login,0,0,5002
1777162243186,1,POST /reviews/,401,Unauthorized,Review Submission Load Test 3-94,text,false,,204,299,70,170,http://localhost:8004/reviews/,1,0,0
1777162238189,5001,Login for Token,Non HTTP response code: org.apache.http.conn.HttpHostConnectException,"Non HTTP response message: Connect to localhost:8001 [localhost/127.0.0.1, localhost/0:0:0:0:0:0:0:1] failed: Connection refused",Review Submission Load Test 3-44,text,false,,2623,0,70,170,http://localhost:8001/auth/login,0,0,5001
1777162243189,1,POST /reviews/,401,Unauthorized,Review Submission Load Test 3-44,text,false,,204,299,70,170,http://localhost:8004/reviews/,1,0,1
1777162238269,5001,POST /auth/login,Non HTTP response code: org.apache.http.conn.HttpHostConnectException,"Non HTTP response message: Connect to localhost:8001 [localhost/127.0.0.1, localhost/0:0:0:0:0:0:0:1] failed: Connection refused",Login Load Test 1-61,text,false,"Test failed: code expected to equal /

****** received  : [[[Non HTTP response code: org.apache.http.conn.HttpHostConnectException]]]

****** comparison: [[[200                                                                  ]]]

/",2623,0,100,169,http://localhost:8001/auth/login,0,0,5001
1777162238285,5001,Login for Token,Non HTTP response code: org.apache.http.conn.HttpHostConnectException,"Non HTTP response message: Connect to localhost:8001 [localhost/127.0.0.1, localhost/0:0:0:0:0:0:0:1] failed: Connection refused",Review Submission Load Test 3-61,text,false,,2623,0,69,169,http://localhost:8001/auth/login,0,0,5001
1777162243285,1,POST /reviews/,401,Unauthorized,Review Submission Load Test 3-61,text,false,,204,299,69,169,http://localhost:8004/reviews/,1,0,1
1777162232781,10575,Login for Token,Non HTTP response code: java.net.SocketTimeoutException,Non HTTP response message: Read timed out,Review Submission Load Test 3-76,text,false,,2679,0,69,169,http://localhost:8001/auth/login,0,0,575
1777162243357,0,POST /reviews/,401,Unauthorized,Review Submission Load Test 3-76,text,false,,204,299,69,169,http://localhost:8004/reviews/,0,0,0
1777162233363,10001,POST /auth/login,Non HTTP response code: java.net.SocketTimeoutException,Non HTTP response message: Read timed out,Login Load Test 1-78,text,false,"Test failed: code expected to equal /

****** received  : [[[Non HTTP response code: java.net.SocketTimeoutException]]]

****** comparison: [[[200                                                    ]]]

/",2679,0,100,169,http://localhost:8001/auth/login,0,0,0
1777162238370,5001,POST /auth/login,Non HTTP response code: org.apache.http.conn.HttpHostConnectException,"Non HTTP response message: Connect to localhost:8001 [localhost/127.0.0.1, localhost/0:0:0:0:0:0:0:1] failed: Connection refused",Login Load Test 1-28,text,false,"Test failed: code expected to equal /

****** received  : [[[Non HTTP response code: org.apache.http.conn.HttpHostConnectException]]]

****** comparison: [[[200                                                                  ]]]

/",2623,0,100,169,http://localhost:8001/auth/login,0,0,5001
1777162238389,5001,Login for Token,Non HTTP response code: org.apache.http.conn.HttpHostConnectException,"Non HTTP response message: Connect to localhost:8001 [localhost/127.0.0.1, localhost/0:0:0:0:0:0:0:1] failed: Connection refused",Review Submission Load Test 3-78,text,false,,2623,0,69,169,http://localhost:8001/auth/login,0,0,5001
1777162238388,5002,Login for Token,Non HTTP response code: org.apache.http.conn.HttpHostConnectException,"Non HTTP response message: Connect to localhost:8001 [localhost/127.0.0.1, localhost/0:0:0:0:0:0:0:1] failed: Connection refused",Review Submission Load Test 3-28,text,false,,2623,0,69,169,http://localhost:8001/auth/login,0,0,5002
1777162243389,1,POST /reviews/,401,Unauthorized,Review Submission Load Test 3-78,text,false,,204,299,69,169,http://localhost:8004/reviews/,1,0,0
1777162243389,1,POST /reviews/,401,Unauthorized,Review Submission Load Test 3-28,text,false,,204,299,69,169,http://localhost:8004/reviews/,1,0,0
1777162238467,5002,POST /auth/login,Non HTTP response code: org.apache.http.conn.HttpHostConnectException,"Non HTTP response message: Connect to localhost:8001 [localhost/127.0.0.1, localhost/0:0:0:0:0:0:0:1] failed: Connection refused",Login Load Test 1-95,text,false,"Test failed: code expected to equal /

****** received  : [[[Non HTTP response code: org.apache.http.conn.HttpHostConnectException]]]

****** comparison: [[[200                                                                  ]]]

/",2623,0,100,168,http://localhost:8001/auth/login,0,0,5002
1777162238470,5001,POST /auth/login,Non HTTP response code: org.apache.http.conn.HttpHostConnectException,"Non HTTP response message: Connect to localhost:8001 [localhost/127.0.0.1, localhost/0:0:0:0:0:0:0:1] failed: Connection refused",Login Load Test 1-45,text,false,"Test failed: code expected to equal /

****** received  : [[[Non HTTP response code: org.apache.http.conn.HttpHostConnectException]]]

****** comparison: [[[200                                                                  ]]]

/",2623,0,100,168,http://localhost:8001/auth/login,0,0,5001
1777162238485,5002,Login for Token,Non HTTP response code: org.apache.http.conn.HttpHostConnectException,"Non HTTP response message: Connect to localhost:8001 [localhost/127.0.0.1, localhost/0:0:0:0:0:0:0:1] failed: Connection refused",Review Submission Load Test 3-95,text,false,,2623,0,68,168,http://localhost:8001/auth/login,0,0,5002
1777162238486,5001,Login for Token,Non HTTP response code: org.apache.http.conn.HttpHostConnectException,"Non HTTP response message: Connect to localhost:8001 [localhost/127.0.0.1, localhost/0:0:0:0:0:0:0:1] failed: Connection refused",Review Submission Load Test 3-45,text,false,,2623,0,68,168,http://localhost:8001/auth/login,0,0,5001
1777162243486,1,POST /reviews/,401,Unauthorized,Review Submission Load Test 3-95,text,false,,204,299,68,168,http://localhost:8004/reviews/,1,0,0
1777162243486,1,POST /reviews/,401,Unauthorized,Review Submission Load Test 3-45,text,false,,204,299,68,168,http://localhost:8004/reviews/,1,0,0
1777162238564,5001,POST /auth/login,Non HTTP response code: org.apache.http.conn.HttpHostConnectException,"Non HTTP response message: Connect to localhost:8001 [localhost/127.0.0.1, localhost/0:0:0:0:0:0:0:1] failed: Connection refused",Login Load Test 1-62,text,false,"Test failed: code expected to equal /

****** received  : [[[Non HTTP response code: org.apache.http.conn.HttpHostConnectException]]]

****** comparison: [[[200                                                                  ]]]

/",2623,0,100,167,http://localhost:8001/auth/login,0,0,5001
1777162238586,5001,Login for Token,Non HTTP response code: org.apache.http.conn.HttpHostConnectException,"Non HTTP response message: Connect to localhost:8001 [localhost/127.0.0.1, localhost/0:0:0:0:0:0:0:1] failed: Connection refused",Review Submission Load Test 3-62,text,false,,2623,0,67,167,http://localhost:8001/auth/login,0,0,5001
1777162243586,0,POST /reviews/,401,Unauthorized,Review Submission Load Test 3-62,text,false,,204,299,67,167,http://localhost:8004/reviews/,0,0,0
1777162238669,5001,POST /auth/login,Non HTTP response code: org.apache.http.conn.HttpHostConnectException,"Non HTTP response message: Connect to localhost:8001 [localhost/127.0.0.1, localhost/0:0:0:0:0:0:0:1] failed: Connection refused",Login Load Test 1-79,text,false,"Test failed: code expected to equal /

****** received  : [[[Non HTTP response code: org.apache.http.conn.HttpHostConnectException]]]

****** comparison: [[[200                                                                  ]]]

/",2623,0,100,167,http://localhost:8001/auth/login,0,0,5001
1777162238671,5000,POST /auth/login,Non HTTP response code: org.apache.http.conn.HttpHostConnectException,"Non HTTP response message: Connect to localhost:8001 [localhost/127.0.0.1, localhost/0:0:0:0:0:0:0:1] failed: Connection refused",Login Load Test 1-29,text,false,"Test failed: code expected to equal /

****** received  : [[[Non HTTP response code: org.apache.http.conn.HttpHostConnectException]]]

****** comparison: [[[200                                                                  ]]]

/",2623,0,100,167,http://localhost:8001/auth/login,0,0,5000
1777162238689,5001,Login for Token,Non HTTP response code: org.apache.http.conn.HttpHostConnectException,"Non HTTP response message: Connect to localhost:8001 [localhost/127.0.0.1, localhost/0:0:0:0:0:0:0:1] failed: Connection refused",Review Submission Load Test 3-79,text,false,,2623,0,67,167,http://localhost:8001/auth/login,0,0,5001
1777162243689,1,POST /reviews/,401,Unauthorized,Review Submission Load Test 3-79,text,false,,204,299,67,167,http://localhost:8004/reviews/,1,0,0
1777162238691,5001,Login for Token,Non HTTP response code: org.apache.http.conn.HttpHostConnectException,"Non HTTP response message: Connect to localhost:8001 [localhost/127.0.0.1, localhost/0:0:0:0:0:0:0:1] failed: Connection refused",Review Submission Load Test 3-29,text,false,,2623,0,67,167,http://localhost:8001/auth/login,0,0,5001
1777162243691,0,POST /reviews/,401,Unauthorized,Review Submission Load Test 3-29,text,false,,204,299,67,167,http://localhost:8004/reviews/,0,0,0
1777162238785,5002,Login for Token,Non HTTP response code: org.apache.http.conn.HttpHostConnectException,"Non HTTP response message: Connect to localhost:8001 [localhost/127.0.0.1, localhost/0:0:0:0:0:0:0:1] failed: Connection refused",Review Submission Load Test 3-96,text,false,,2623,0,66,166,http://localhost:8001/auth/login,0,0,5002
1777162243786,1,POST /reviews/,401,Unauthorized,Review Submission Load Test 3-96,text,false,,204,299,66,166,http://localhost:8004/reviews/,1,0,0
1777162238788,5001,Login for Token,Non HTTP response code: org.apache.http.conn.HttpHostConnectException,"Non HTTP response message: Connect to localhost:8001 [localhost/127.0.0.1, localhost/0:0:0:0:0:0:0:1] failed: Connection refused",Review Submission Load Test 3-46,text,false,,2623,0,66,166,http://localhost:8001/auth/login,0,0,5001
1777162243788,1,POST /reviews/,401,Unauthorized,Review Submission Load Test 3-46,text,false,,204,299,66,166,http://localhost:8004/reviews/,1,0,0
1777162238867,5001,POST /auth/login,Non HTTP response code: org.apache.http.conn.HttpHostConnectException,"Non HTTP response message: Connect to localhost:8001 [localhost/127.0.0.1, localhost/0:0:0:0:0:0:0:1] failed: Connection refused",Login Load Test 1-63,text,false,"Test failed: code expected to equal /

****** received  : [[[Non HTTP response code: org.apache.http.conn.HttpHostConnectException]]]

****** comparison: [[[200                                                                  ]]]

/",2623,0,100,165,http://localhost:8001/auth/login,0,0,5001
1777162238969,5001,POST /auth/login,Non HTTP response code: org.apache.http.conn.HttpHostConnectException,"Non HTTP response message: Connect to localhost:8001 [localhost/127.0.0.1, localhost/0:0:0:0:0:0:0:1] failed: Connection refused",Login Load Test 1-80,text,false,"Test failed: code expected to equal /

****** received  : [[[Non HTTP response code: org.apache.http.conn.HttpHostConnectException]]]

****** comparison: [[[200                                                                  ]]]

/",2623,0,100,165,http://localhost:8001/auth/login,0,0,5001
1777162238970,5001,POST /auth/login,Non HTTP response code: org.apache.http.conn.HttpHostConnectException,"Non HTTP response message: Connect to localhost:8001 [localhost/127.0.0.1, localhost/0:0:0:0:0:0:0:1] failed: Connection refused",Login Load Test 1-30,text,false,"Test failed: code expected to equal /

****** received  : [[[Non HTTP response code: org.apache.http.conn.HttpHostConnectException]]]

****** comparison: [[[200                                                                  ]]]

/",2623,0,100,165,http://localhost:8001/auth/login,0,0,5001
1777162238988,5001,Login for Token,Non HTTP response code: org.apache.http.conn.HttpHostConnectException,"Non HTTP response message: Connect to localhost:8001 [localhost/127.0.0.1, localhost/0:0:0:0:0:0:0:1] failed: Connection refused",Review Submission Load Test 3-80,text,false,,2623,0,65,165,http://localhost:8001/auth/login,0,0,5001
1777162238990,5002,Login for Token,Non HTTP response code: org.apache.http.conn.HttpHostConnectException,"Non HTTP response message: Connect to localhost:8001 [localhost/127.0.0.1, localhost/0:0:0:0:0:0:0:1] failed: Connection refused",Review Submission Load Test 3-30,text,false,,2623,0,65,165,http://localhost:8001/auth/login,0,0,5002
1777162243991,0,POST /reviews/,401,Unauthorized,Review Submission Load Test 3-80,text,false,,204,299,65,165,http://localhost:8004/reviews/,0,0,0
1777162243991,1,POST /reviews/,401,Unauthorized,Review Submission Load Test 3-30,text,false,,204,299,65,165,http://localhost:8004/reviews/,1,0,0
1777162238979,5024,POST /auth/login,200,OK,Login Load Test 1-14,text,true,,316,243,100,164,http://localhost:8001/auth/login,5024,0,0
1777162238979,5025,POST /auth/login,200,OK,Login Load Test 1-13,text,true,,316,243,100,164,http://localhost:8001/auth/login,5025,0,0
1777162239068,5001,POST /auth/login,Non HTTP response code: org.apache.http.conn.HttpHostConnectException,"Non HTTP response message: Connect to localhost:8001 [localhost/127.0.0.1, localhost/0:0:0:0:0:0:0:1] failed: Connection refused",Login Load Test 1-97,text,false,"Test failed: code expected to equal /

****** received  : [[[Non HTTP response code: org.apache.http.conn.HttpHostConnectException]]]

****** comparison: [[[200                                                                  ]]]

/",2623,0,100,164,http://localhost:8001/auth/login,0,0,5001
1777162239069,5001,POST /auth/login,Non HTTP response code: org.apache.http.conn.HttpHostConnectException,"Non HTTP response message: Connect to localhost:8001 [localhost/127.0.0.1, localhost/0:0:0:0:0:0:0:1] failed: Connection refused",Login Load Test 1-47,text,false,"Test failed: code expected to equal /

****** received  : [[[Non HTTP response code: org.apache.http.conn.HttpHostConnectException]]]

****** comparison: [[[200                                                                  ]]]

/",2623,0,100,164,http://localhost:8001/auth/login,0,0,5001
1777162239086,5001,Login for Token,Non HTTP response code: org.apache.http.conn.HttpHostConnectException,"Non HTTP response message: Connect to localhost:8001 [localhost/127.0.0.1, localhost/0:0:0:0:0:0:0:1] failed: Connection refused",Review Submission Load Test 3-97,text,false,,2623,0,64,164,http://localhost:8001/auth/login,0,0,5001
1777162239086,5001,Login for Token,Non HTTP response code: org.apache.http.conn.HttpHostConnectException,"Non HTTP response message: Connect to localhost:8001 [localhost/127.0.0.1, localhost/0:0:0:0:0:0:0:1] failed: Connection refused",Review Submission Load Test 3-47,text,false,,2623,0,64,164,http://localhost:8001/auth/login,0,0,5001
1777162244086,1,POST /reviews/,401,Unauthorized,Review Submission Load Test 3-97,text,false,,204,299,64,164,http://localhost:8004/reviews/,1,0,0
1777162244086,1,POST /reviews/,401,Unauthorized,Review Submission Load Test 3-47,text,false,,204,299,64,164,http://localhost:8004/reviews/,1,0,1
1777162239168,5001,POST /auth/login,Non HTTP response code: org.apache.http.conn.HttpHostConnectException,"Non HTTP response message: Connect to localhost:8001 [localhost/127.0.0.1, localhost/0:0:0:0:0:0:0:1] failed: Connection refused",Login Load Test 1-64,text,false,"Test failed: code expected to equal /

****** received  : [[[Non HTTP response code: org.apache.http.conn.HttpHostConnectException]]]

****** comparison: [[[200                                                                  ]]]

/",2623,0,100,163,http://localhost:8001/auth/login,0,0,5001
1777162239184,5001,Login for Token,Non HTTP response code: org.apache.http.conn.HttpHostConnectException,"Non HTTP response message: Connect to localhost:8001 [localhost/127.0.0.1, localhost/0:0:0:0:0:0:0:1] failed: Connection refused",Review Submission Load Test 3-64,text,false,,2623,0,63,163,http://localhost:8001/auth/login,0,0,5001
1777162244184,1,POST /reviews/,401,Unauthorized,Review Submission Load Test 3-64,text,false,,204,299,63,163,http://localhost:8004/reviews/,1,0,1
1777162239288,5002,Login for Token,Non HTTP response code: org.apache.http.conn.HttpHostConnectException,"Non HTTP response message: Connect to localhost:8001 [localhost/127.0.0.1, localhost/0:0:0:0:0:0:0:1] failed: Connection refused",Review Submission Load Test 3-31,text,false,,2623,0,63,163,http://localhost:8001/auth/login,0,0,5002
1777162244289,1,POST /reviews/,401,Unauthorized,Review Submission Load Test 3-31,text,false,,204,299,63,163,http://localhost:8004/reviews/,1,0,0
1777162233767,10577,POST /auth/login,Non HTTP response code: java.net.SocketTimeoutException,Non HTTP response message: Read timed out,Login Load Test 1-46,text,false,"Test failed: code expected to equal /

****** received  : [[[Non HTTP response code: java.net.SocketTimeoutException]]]

****** comparison: [[[200                                                    ]]]

/",2679,0,100,162,http://localhost:8001/auth/login,0,0,576
1777162234284,10062,Login for Token,Non HTTP response code: java.net.SocketTimeoutException,Non HTTP response message: Read timed out,Review Submission Load Test 3-81,text,false,,2679,0,62,162,http://localhost:8001/auth/login,0,0,61
1777162244348,0,POST /reviews/,401,Unauthorized,Review Submission Load Test 3-81,text,false,,204,299,62,162,http://localhost:8004/reviews/,0,0,0
1777162239363,5001,POST /auth/login,Non HTTP response code: org.apache.http.conn.HttpHostConnectException,"Non HTTP response message: Connect to localhost:8001 [localhost/127.0.0.1, localhost/0:0:0:0:0:0:0:1] failed: Connection refused",Login Load Test 1-98,text,false,"Test failed: code expected to equal /

****** received  : [[[Non HTTP response code: org.apache.http.conn.HttpHostConnectException]]]

****** comparison: [[[200                                                                  ]]]

/",2623,0,100,162,http://localhost:8001/auth/login,0,0,5001
1777162239369,5000,POST /auth/login,Non HTTP response code: org.apache.http.conn.HttpHostConnectException,"Non HTTP response message: Connect to localhost:8001 [localhost/127.0.0.1, localhost/0:0:0:0:0:0:0:1] failed: Connection refused",Login Load Test 1-48,text,false,"Test failed: code expected to equal /

****** received  : [[[Non HTTP response code: org.apache.http.conn.HttpHostConnectException]]]

****** comparison: [[[200                                                                  ]]]

/",2623,0,100,162,http://localhost:8001/auth/login,0,0,5000
1777162239382,5001,Login for Token,Non HTTP response code: org.apache.http.conn.HttpHostConnectException,"Non HTTP response message: Connect to localhost:8001 [localhost/127.0.0.1, localhost/0:0:0:0:0:0:0:1] failed: Connection refused",Review Submission Load Test 3-98,text,false,,2623,0,62,162,http://localhost:8001/auth/login,0,0,5001
1777162244382,1,POST /reviews/,401,Unauthorized,Review Submission Load Test 3-98,text,false,,204,299,62,162,http://localhost:8004/reviews/,1,0,1
1777162239396,5001,Login for Token,Non HTTP response code: org.apache.http.conn.HttpHostConnectException,"Non HTTP response message: Connect to localhost:8001 [localhost/127.0.0.1, localhost/0:0:0:0:0:0:0:1] failed: Connection refused",Review Submission Load Test 3-48,text,false,,2623,0,62,162,http://localhost:8001/auth/login,0,0,5001
1777162244396,1,POST /reviews/,401,Unauthorized,Review Submission Load Test 3-48,text,false,,204,299,62,162,http://localhost:8004/reviews/,1,0,0
1777162239467,5002,POST /auth/login,Non HTTP response code: org.apache.http.conn.HttpHostConnectException,"Non HTTP response message: Connect to localhost:8001 [localhost/127.0.0.1, localhost/0:0:0:0:0:0:0:1] failed: Connection refused",Login Load Test 1-65,text,false,"Test failed: code expected to equal /

****** received  : [[[Non HTTP response code: org.apache.http.conn.HttpHostConnectException]]]

****** comparison: [[[200                                                                  ]]]

/",2623,0,100,161,http://localhost:8001/auth/login,0,0,5002
1777162239487,5002,Login for Token,Non HTTP response code: org.apache.http.conn.HttpHostConnectException,"Non HTTP response message: Connect to localhost:8001 [localhost/127.0.0.1, localhost/0:0:0:0:0:0:0:1] failed: Connection refused",Review Submission Load Test 3-65,text,false,,2623,0,61,161,http://localhost:8001/auth/login,0,0,5002
1777162244488,1,POST /reviews/,401,Unauthorized,Review Submission Load Test 3-65,text,false,,204,299,61,161,http://localhost:8004/reviews/,1,0,0
1777162239569,5000,POST /auth/login,Non HTTP response code: org.apache.http.conn.HttpHostConnectException,"Non HTTP response message: Connect to localhost:8001 [localhost/127.0.0.1, localhost/0:0:0:0:0:0:0:1] failed: Connection refused",Login Load Test 1-82,text,false,"Test failed: code expected to equal /

****** received  : [[[Non HTTP response code: org.apache.http.conn.HttpHostConnectException]]]

****** comparison: [[[200                                                                  ]]]

/",2623,0,100,161,http://localhost:8001/auth/login,0,0,5000
1777162239570,5001,POST /auth/login,Non HTTP response code: org.apache.http.conn.HttpHostConnectException,"Non HTTP response message: Connect to localhost:8001 [localhost/127.0.0.1, localhost/0:0:0:0:0:0:0:1] failed: Connection refused",Login Load Test 1-32,text,false,"Test failed: code expected to equal /

****** received  : [[[Non HTTP response code: org.apache.http.conn.HttpHostConnectException]]]

****** comparison: [[[200                                                                  ]]]

/",2623,0,100,161,http://localhost:8001/auth/login,0,0,5001
1777162239588,5001,Login for Token,Non HTTP response code: org.apache.http.conn.HttpHostConnectException,"Non HTTP response message: Connect to localhost:8001 [localhost/127.0.0.1, localhost/0:0:0:0:0:0:0:1] failed: Connection refused",Review Submission Load Test 3-32,text,false,,2623,0,61,161,http://localhost:8001/auth/login,0,0,5001
1777162239588,5001,Login for Token,Non HTTP response code: org.apache.http.conn.HttpHostConnectException,"Non HTTP response message: Connect to localhost:8001 [localhost/127.0.0.1, localhost/0:0:0:0:0:0:0:1] failed: Connection refused",Review Submission Load Test 3-82,text,false,,2623,0,61,161,http://localhost:8001/auth/login,0,0,5001
1777162244588,1,POST /reviews/,401,Unauthorized,Review Submission Load Test 3-32,text,false,,204,299,61,161,http://localhost:8004/reviews/,1,0,0
1777162244588,1,POST /reviews/,401,Unauthorized,Review Submission Load Test 3-82,text,false,,204,299,61,161,http://localhost:8004/reviews/,1,0,0
1777162239667,5001,POST /auth/login,Non HTTP response code: org.apache.http.conn.HttpHostConnectException,"Non HTTP response message: Connect to localhost:8001 [localhost/127.0.0.1, localhost/0:0:0:0:0:0:0:1] failed: Connection refused",Login Load Test 1-99,text,false,"Test failed: code expected to equal /

****** received  : [[[Non HTTP response code: org.apache.http.conn.HttpHostConnectException]]]

****** comparison: [[[200                                                                  ]]]

/",2623,0,100,160,http://localhost:8001/auth/login,0,0,5001
1777162239668,5000,POST /auth/login,Non HTTP response code: org.apache.http.conn.HttpHostConnectException,"Non HTTP response message: Connect to localhost:8001 [localhost/127.0.0.1, localhost/0:0:0:0:0:0:0:1] failed: Connection refused",Login Load Test 1-49,text,false,"Test failed: code expected to equal /

****** received  : [[[Non HTTP response code: org.apache.http.conn.HttpHostConnectException]]]

****** comparison: [[[200                                                                  ]]]

/",2623,0,100,160,http://localhost:8001/auth/login,0,0,5000
1777162239685,5002,Login for Token,Non HTTP response code: org.apache.http.conn.HttpHostConnectException,"Non HTTP response message: Connect to localhost:8001 [localhost/127.0.0.1, localhost/0:0:0:0:0:0:0:1] failed: Connection refused",Review Submission Load Test 3-99,text,false,,2623,0,60,160,http://localhost:8001/auth/login,0,0,5002
1777162244686,1,POST /reviews/,401,Unauthorized,Review Submission Load Test 3-99,text,false,,204,299,60,160,http://localhost:8004/reviews/,1,0,0
1777162239690,5001,Login for Token,Non HTTP response code: org.apache.http.conn.HttpHostConnectException,"Non HTTP response message: Connect to localhost:8001 [localhost/127.0.0.1, localhost/0:0:0:0:0:0:0:1] failed: Connection refused",Review Submission Load Test 3-49,text,false,,2623,0,60,160,http://localhost:8001/auth/login,0,0,5001
1777162244690,1,POST /reviews/,401,Unauthorized,Review Submission Load Test 3-49,text,false,,204,299,60,160,http://localhost:8004/reviews/,1,0,0
1777162239769,5001,POST /auth/login,Non HTTP response code: org.apache.http.conn.HttpHostConnectException,"Non HTTP response message: Connect to localhost:8001 [localhost/127.0.0.1, localhost/0:0:0:0:0:0:0:1] failed: Connection refused",Login Load Test 1-66,text,false,"Test failed: code expected to equal /

****** received  : [[[Non HTTP response code: org.apache.http.conn.HttpHostConnectException]]]

****** comparison: [[[200                                                                  ]]]

/",2623,0,100,159,http://localhost:8001/auth/login,0,0,5001
1777162239789,5001,Login for Token,Non HTTP response code: org.apache.http.conn.HttpHostConnectException,"Non HTTP response message: Connect to localhost:8001 [localhost/127.0.0.1, localhost/0:0:0:0:0:0:0:1] failed: Connection refused",Review Submission Load Test 3-66,text,false,,2623,0,59,159,http://localhost:8001/auth/login,0,0,5001
1777162244789,1,POST /reviews/,401,Unauthorized,Review Submission Load Test 3-66,text,false,,204,299,59,159,http://localhost:8004/reviews/,1,0,0
1777162239843,4989,POST /auth/login,200,OK,Login Load Test 1-15,text,true,,316,243,100,159,http://localhost:8001/auth/login,4989,0,0
1777162239843,4989,POST /auth/login,200,OK,Login Load Test 1-3,text,true,,316,243,100,159,http://localhost:8001/auth/login,4989,0,0
1777162239843,4989,POST /auth/login,200,OK,Login Load Test 1-9,text,true,,316,243,100,159,http://localhost:8001/auth/login,4989,0,0
1777162239843,4989,POST /auth/login,200,OK,Login Load Test 1-4,text,true,,316,243,100,159,http://localhost:8001/auth/login,4989,0,0
1777162239843,4989,POST /auth/login,200,OK,Login Load Test 1-1,text,true,,316,243,100,159,http://localhost:8001/auth/login,4989,0,0
1777162239868,5001,POST /auth/login,Non HTTP response code: org.apache.http.conn.HttpHostConnectException,"Non HTTP response message: Connect to localhost:8001 [localhost/127.0.0.1, localhost/0:0:0:0:0:0:0:1] failed: Connection refused",Login Load Test 1-33,text,false,"Test failed: code expected to equal /

****** received  : [[[Non HTTP response code: org.apache.http.conn.HttpHostConnectException]]]

****** comparison: [[[200                                                                  ]]]

/",2623,0,99,158,http://localhost:8001/auth/login,0,0,5001
1777162239868,5001,POST /auth/login,Non HTTP response code: org.apache.http.conn.HttpHostConnectException,"Non HTTP response message: Connect to localhost:8001 [localhost/127.0.0.1, localhost/0:0:0:0:0:0:0:1] failed: Connection refused",Login Load Test 1-83,text,false,"Test failed: code expected to equal /

****** received  : [[[Non HTTP response code: org.apache.http.conn.HttpHostConnectException]]]

****** comparison: [[[200                                                                  ]]]

/",2623,0,99,158,http://localhost:8001/auth/login,0,0,5001
1777162239889,5001,Login for Token,Non HTTP response code: org.apache.http.conn.HttpHostConnectException,"Non HTTP response message: Connect to localhost:8001 [localhost/127.0.0.1, localhost/0:0:0:0:0:0:0:1] failed: Connection refused",Review Submission Load Test 3-83,text,false,,2623,0,59,158,http://localhost:8001/auth/login,0,0,5001
1777162244889,1,POST /reviews/,401,Unauthorized,Review Submission Load Test 3-83,text,false,,204,299,59,158,http://localhost:8004/reviews/,1,0,0
1777162239891,5002,Login for Token,Non HTTP response code: org.apache.http.conn.HttpHostConnectException,"Non HTTP response message: Connect to localhost:8001 [localhost/127.0.0.1, localhost/0:0:0:0:0:0:0:1] failed: Connection refused",Review Submission Load Test 3-33,text,false,,2623,0,59,158,http://localhost:8001/auth/login,0,0,5002
1777162244892,0,POST /reviews/,401,Unauthorized,Review Submission Load Test 3-33,text,false,,204,299,59,158,http://localhost:8004/reviews/,0,0,0
1777162239967,5002,POST /auth/login,Non HTTP response code: org.apache.http.conn.HttpHostConnectException,"Non HTTP response message: Connect to localhost:8001 [localhost/127.0.0.1, localhost/0:0:0:0:0:0:0:1] failed: Connection refused",Login Load Test 1-50,text,false,"Test failed: code expected to equal /

****** received  : [[[Non HTTP response code: org.apache.http.conn.HttpHostConnectException]]]

****** comparison: [[[200                                                                  ]]]

/",2623,0,99,157,http://localhost:8001/auth/login,0,0,5002
1777162239967,5002,POST /auth/login,Non HTTP response code: org.apache.http.conn.HttpHostConnectException,"Non HTTP response message: Connect to localhost:8001 [localhost/127.0.0.1, localhost/0:0:0:0:0:0:0:1] failed: Connection refused",Login Load Test 1-100,text,false,"Test failed: code expected to equal /

****** received  : [[[Non HTTP response code: org.apache.http.conn.HttpHostConnectException]]]

****** comparison: [[[200                                                                  ]]]

/",2623,0,99,157,http://localhost:8001/auth/login,0,0,5002
1777162239982,5002,Login for Token,Non HTTP response code: org.apache.http.conn.HttpHostConnectException,"Non HTTP response message: Connect to localhost:8001 [localhost/127.0.0.1, localhost/0:0:0:0:0:0:0:1] failed: Connection refused",Review Submission Load Test 3-100,text,false,,2623,0,58,157,http://localhost:8001/auth/login,0,0,5002
1777162244983,0,POST /reviews/,401,Unauthorized,Review Submission Load Test 3-100,text,false,,204,299,58,157,http://localhost:8004/reviews/,0,0,0
1777162239989,5001,Login for Token,Non HTTP response code: org.apache.http.conn.HttpHostConnectException,"Non HTTP response message: Connect to localhost:8001 [localhost/127.0.0.1, localhost/0:0:0:0:0:0:0:1] failed: Connection refused",Review Submission Load Test 3-50,text,false,,2623,0,58,157,http://localhost:8001/auth/login,0,0,5001
1777162244989,1,POST /reviews/,401,Unauthorized,Review Submission Load Test 3-50,text,false,,204,299,58,157,http://localhost:8004/reviews/,1,0,0
1777162240068,5002,POST /auth/login,Non HTTP response code: org.apache.http.conn.HttpHostConnectException,"Non HTTP response message: Connect to localhost:8001 [localhost/127.0.0.1, localhost/0:0:0:0:0:0:0:1] failed: Connection refused",Login Load Test 1-67,text,false,"Test failed: code expected to equal /

****** received  : [[[Non HTTP response code: org.apache.http.conn.HttpHostConnectException]]]

****** comparison: [[[200                                                                  ]]]

/",2623,0,99,156,http://localhost:8001/auth/login,0,0,5002
1777162240085,5001,Login for Token,Non HTTP response code: org.apache.http.conn.HttpHostConnectException,"Non HTTP response message: Connect to localhost:8001 [localhost/127.0.0.1, localhost/0:0:0:0:0:0:0:1] failed: Connection refused",Review Submission Load Test 3-67,text,false,,2623,0,57,156,http://localhost:8001/auth/login,0,0,5001
1777162245085,1,POST /reviews/,401,Unauthorized,Review Submission Load Test 3-67,text,false,,204,299,57,156,http://localhost:8004/reviews/,1,0,0
1777162240165,5001,POST /auth/login,Non HTTP response code: org.apache.http.conn.HttpHostConnectException,"Non HTTP response message: Connect to localhost:8001 [localhost/127.0.0.1, localhost/0:0:0:0:0:0:0:1] failed: Connection refused",Login Load Test 1-84,text,false,"Test failed: code expected to equal /

****** received  : [[[Non HTTP response code: org.apache.http.conn.HttpHostConnectException]]]

****** comparison: [[[200                                                                  ]]]

/",2623,0,99,156,http://localhost:8001/auth/login,0,0,5001
1777162240168,5001,POST /auth/login,Non HTTP response code: org.apache.http.conn.HttpHostConnectException,"Non HTTP response message: Connect to localhost:8001 [localhost/127.0.0.1, localhost/0:0:0:0:0:0:0:1] failed: Connection refused",Login Load Test 1-34,text,false,"Test failed: code expected to equal /

****** received  : [[[Non HTTP response code: org.apache.http.conn.HttpHostConnectException]]]

****** comparison: [[[200                                                                  ]]]

/",2623,0,99,156,http://localhost:8001/auth/login,0,0,5001
1777162240188,5001,Login for Token,Non HTTP response code: org.apache.http.conn.HttpHostConnectException,"Non HTTP response message: Connect to localhost:8001 [localhost/127.0.0.1, localhost/0:0:0:0:0:0:0:1] failed: Connection refused",Review Submission Load Test 3-34,text,false,,2623,0,57,156,http://localhost:8001/auth/login,0,0,5001
1777162245188,2,POST /reviews/,401,Unauthorized,Review Submission Load Test 3-34,text,false,,204,299,57,156,http://localhost:8004/reviews/,2,0,1
1777162240270,5001,POST /auth/login,Non HTTP response code: org.apache.http.conn.HttpHostConnectException,"Non HTTP response message: Connect to localhost:8001 [localhost/127.0.0.1, localhost/0:0:0:0:0:0:0:1] failed: Connection refused",Login Load Test 1-51,text,false,"Test failed: code expected to equal /

****** received  : [[[Non HTTP response code: org.apache.http.conn.HttpHostConnectException]]]

****** comparison: [[[200                                                                  ]]]

/",2623,0,99,155,http://localhost:8001/auth/login,0,0,5001
1777162240290,5001,Login for Token,Non HTTP response code: org.apache.http.conn.HttpHostConnectException,"Non HTTP response message: Connect to localhost:8001 [localhost/127.0.0.1, localhost/0:0:0:0:0:0:0:1] failed: Connection refused",Review Submission Load Test 3-51,text,false,,2623,0,56,155,http://localhost:8001/auth/login,0,0,5001
1777162245290,1,POST /reviews/,401,Unauthorized,Review Submission Load Test 3-51,text,false,,204,299,56,155,http://localhost:8004/reviews/,1,0,0
1777162240368,5002,POST /auth/login,Non HTTP response code: org.apache.http.conn.HttpHostConnectException,"Non HTTP response message: Connect to localhost:8001 [localhost/127.0.0.1, localhost/0:0:0:0:0:0:0:1] failed: Connection refused",Login Load Test 1-68,text,false,"Test failed: code expected to equal /

****** received  : [[[Non HTTP response code: org.apache.http.conn.HttpHostConnectException]]]

****** comparison: [[[200                                                                  ]]]

/",2623,0,99,154,http://localhost:8001/auth/login,0,0,5002
1777162240388,5001,Login for Token,Non HTTP response code: org.apache.http.conn.HttpHostConnectException,"Non HTTP response message: Connect to localhost:8001 [localhost/127.0.0.1, localhost/0:0:0:0:0:0:0:1] failed: Connection refused",Review Submission Load Test 3-68,text,false,,2623,0,55,154,http://localhost:8001/auth/login,0,0,5001
1777162245389,1,POST /reviews/,401,Unauthorized,Review Submission Load Test 3-68,text,false,,204,299,55,154,http://localhost:8004/reviews/,1,0,0
1777162240465,5001,POST /auth/login,Non HTTP response code: org.apache.http.conn.HttpHostConnectException,"Non HTTP response message: Connect to localhost:8001 [localhost/127.0.0.1, localhost/0:0:0:0:0:0:0:1] failed: Connection refused",Login Load Test 1-85,text,false,"Test failed: code expected to equal /

****** received  : [[[Non HTTP response code: org.apache.http.conn.HttpHostConnectException]]]

****** comparison: [[[200                                                                  ]]]

/",2623,0,99,154,http://localhost:8001/auth/login,0,0,5001
1777162240470,5001,POST /auth/login,Non HTTP response code: org.apache.http.conn.HttpHostConnectException,"Non HTTP response message: Connect to localhost:8001 [localhost/127.0.0.1, localhost/0:0:0:0:0:0:0:1] failed: Connection refused",Login Load Test 1-35,text,false,"Test failed: code expected to equal /

****** received  : [[[Non HTTP response code: org.apache.http.conn.HttpHostConnectException]]]

****** comparison: [[[200                                                                  ]]]

/",2623,0,99,154,http://localhost:8001/auth/login,0,0,5001
1777162240487,5001,Login for Token,Non HTTP response code: org.apache.http.conn.HttpHostConnectException,"Non HTTP response message: Connect to localhost:8001 [localhost/127.0.0.1, localhost/0:0:0:0:0:0:0:1] failed: Connection refused",Review Submission Load Test 3-35,text,false,,2623,0,55,154,http://localhost:8001/auth/login,0,0,5001
1777162245488,1,POST /reviews/,401,Unauthorized,Review Submission Load Test 3-35,text,false,,204,299,55,154,http://localhost:8004/reviews/,1,0,1
1777162235486,10031,Login for Token,Non HTTP response code: java.net.SocketTimeoutException,Non HTTP response message: Read timed out,Review Submission Load Test 3-85,text,false,,2679,0,54,153,http://localhost:8001/auth/login,0,0,30
1777162245516,1,POST /reviews/,401,Unauthorized,Review Submission Load Test 3-85,text,false,,204,299,54,153,http://localhost:8004/reviews/,1,0,1
1777162235183,10335,Login for Token,Non HTTP response code: java.net.SocketTimeoutException,Non HTTP response message: Read timed out,Review Submission Load Test 3-84,text,false,,2679,0,54,153,http://localhost:8001/auth/login,0,0,334
1777162245518,0,POST /reviews/,401,Unauthorized,Review Submission Load Test 3-84,text,false,,204,299,54,153,http://localhost:8004/reviews/,0,0,0
1777162240569,5002,POST /auth/login,Non HTTP response code: org.apache.http.conn.HttpHostConnectException,"Non HTTP response message: Connect to localhost:8001 [localhost/127.0.0.1, localhost/0:0:0:0:0:0:0:1] failed: Connection refused",Login Load Test 1-52,text,false,"Test failed: code expected to equal /

****** received  : [[[Non HTTP response code: org.apache.http.conn.HttpHostConnectException]]]

****** comparison: [[[200                                                                  ]]]

/",2623,0,99,153,http://localhost:8001/auth/login,0,0,5002
1777162240588,5001,Login for Token,Non HTTP response code: org.apache.http.conn.HttpHostConnectException,"Non HTTP response message: Connect to localhost:8001 [localhost/127.0.0.1, localhost/0:0:0:0:0:0:0:1] failed: Connection refused",Review Submission Load Test 3-52,text,false,,2623,0,54,153,http://localhost:8001/auth/login,0,0,5001
1777162245589,1,POST /reviews/,401,Unauthorized,Review Submission Load Test 3-52,text,false,,204,299,54,153,http://localhost:8004/reviews/,1,0,0
1777162240687,5001,Login for Token,Non HTTP response code: org.apache.http.conn.HttpHostConnectException,"Non HTTP response message: Connect to localhost:8001 [localhost/127.0.0.1, localhost/0:0:0:0:0:0:0:1] failed: Connection refused",Review Submission Load Test 3-69,text,false,,2623,0,53,152,http://localhost:8001/auth/login,0,0,5001
1777162245688,1,POST /reviews/,401,Unauthorized,Review Submission Load Test 3-69,text,false,,204,299,53,152,http://localhost:8004/reviews/,1,0,0
1777162240767,5001,POST /auth/login,Non HTTP response code: org.apache.http.conn.HttpHostConnectException,"Non HTTP response message: Connect to localhost:8001 [localhost/127.0.0.1, localhost/0:0:0:0:0:0:0:1] failed: Connection refused",Login Load Test 1-36,text,false,"Test failed: code expected to equal /

****** received  : [[[Non HTTP response code: org.apache.http.conn.HttpHostConnectException]]]

****** comparison: [[[200                                                                  ]]]

/",2623,0,99,152,http://localhost:8001/auth/login,0,0,5001
1777162240767,5001,POST /auth/login,Non HTTP response code: org.apache.http.conn.HttpHostConnectException,"Non HTTP response message: Connect to localhost:8001 [localhost/127.0.0.1, localhost/0:0:0:0:0:0:0:1] failed: Connection refused",Login Load Test 1-86,text,false,"Test failed: code expected to equal /

****** received  : [[[Non HTTP response code: org.apache.http.conn.HttpHostConnectException]]]

****** comparison: [[[200                                                                  ]]]

/",2623,0,99,152,http://localhost:8001/auth/login,0,0,5001
1777162240790,5002,Login for Token,Non HTTP response code: org.apache.http.conn.HttpHostConnectException,"Non HTTP response message: Connect to localhost:8001 [localhost/127.0.0.1, localhost/0:0:0:0:0:0:0:1] failed: Connection refused",Review Submission Load Test 3-36,text,false,,2623,0,53,152,http://localhost:8001/auth/login,0,0,5002
1777162245792,0,POST /reviews/,401,Unauthorized,Review Submission Load Test 3-36,text,false,,204,299,53,152,http://localhost:8004/reviews/,0,0,0
1777162240867,4954,POST /auth/login,200,OK,Login Load Test 1-11,text,true,,316,243,99,151,http://localhost:8001/auth/login,4954,0,0
1777162240867,4954,POST /auth/login,200,OK,Login Load Test 1-16,text,true,,316,243,99,151,http://localhost:8001/auth/login,4954,0,0
1777162240867,4954,POST /auth/login,200,OK,Login Load Test 1-8,text,true,,316,243,99,151,http://localhost:8001/auth/login,4954,0,0
1777162240867,4954,POST /auth/login,200,OK,Login Load Test 1-5,text,true,,316,243,99,151,http://localhost:8001/auth/login,4954,0,0
1777162240865,5001,POST /auth/login,Non HTTP response code: org.apache.http.conn.HttpHostConnectException,"Non HTTP response message: Connect to localhost:8001 [localhost/127.0.0.1, localhost/0:0:0:0:0:0:0:1] failed: Connection refused",Login Load Test 1-53,text,false,"Test failed: code expected to equal /

****** received  : [[[Non HTTP response code: org.apache.http.conn.HttpHostConnectException]]]

****** comparison: [[[200                                                                  ]]]

/",2623,0,99,151,http://localhost:8001/auth/login,0,0,5001
1777162240891,5001,Login for Token,Non HTTP response code: org.apache.http.conn.HttpHostConnectException,"Non HTTP response message: Connect to localhost:8001 [localhost/127.0.0.1, localhost/0:0:0:0:0:0:0:1] failed: Connection refused",Review Submission Load Test 3-53,text,false,,2623,0,52,151,http://localhost:8001/auth/login,0,0,5001
1777162245892,1,POST /reviews/,401,Unauthorized,Review Submission Load Test 3-53,text,false,,204,299,52,151,http://localhost:8004/reviews/,1,0,1
1777162240966,5002,POST /auth/login,Non HTTP response code: org.apache.http.conn.HttpHostConnectException,"Non HTTP response message: Connect to localhost:8001 [localhost/127.0.0.1, localhost/0:0:0:0:0:0:0:1] failed: Connection refused",Login Load Test 1-20,text,false,"Test failed: code expected to equal /

****** received  : [[[Non HTTP response code: org.apache.http.conn.HttpHostConnectException]]]

****** comparison: [[[200                                                                  ]]]

/",2623,0,99,150,http://localhost:8001/auth/login,0,0,5002
1777162240968,5002,POST /auth/login,Non HTTP response code: org.apache.http.conn.HttpHostConnectException,"Non HTTP response message: Connect to localhost:8001 [localhost/127.0.0.1, localhost/0:0:0:0:0:0:0:1] failed: Connection refused",Login Load Test 1-70,text,false,"Test failed: code expected to equal /

****** received  : [[[Non HTTP response code: org.apache.http.conn.HttpHostConnectException]]]

****** comparison: [[[200                                                                  ]]]

/",2623,0,99,150,http://localhost:8001/auth/login,0,0,5001
1777162240986,5001,Login for Token,Non HTTP response code: org.apache.http.conn.HttpHostConnectException,"Non HTTP response message: Connect to localhost:8001 [localhost/127.0.0.1, localhost/0:0:0:0:0:0:0:1] failed: Connection refused",Review Submission Load Test 3-70,text,false,,2623,0,51,150,http://localhost:8001/auth/login,0,0,5001
1777162245987,1,POST /reviews/,401,Unauthorized,Review Submission Load Test 3-70,text,false,,204,299,51,150,http://localhost:8004/reviews/,1,0,1
1777162241068,5001,POST /auth/login,Non HTTP response code: org.apache.http.conn.HttpHostConnectException,"Non HTTP response message: Connect to localhost:8001 [localhost/127.0.0.1, localhost/0:0:0:0:0:0:0:1] failed: Connection refused",Login Load Test 1-87,text,false,"Test failed: code expected to equal /

****** received  : [[[Non HTTP response code: org.apache.http.conn.HttpHostConnectException]]]

****** comparison: [[[200                                                                  ]]]

/",2623,0,99,150,http://localhost:8001/auth/login,0,0,5001
1777162241069,5000,POST /auth/login,Non HTTP response code: org.apache.http.conn.HttpHostConnectException,"Non HTTP response message: Connect to localhost:8001 [localhost/127.0.0.1, localhost/0:0:0:0:0:0:0:1] failed: Connection refused",Login Load Test 1-37,text,false,"Test failed: code expected to equal /

****** received  : [[[Non HTTP response code: org.apache.http.conn.HttpHostConnectException]]]

****** comparison: [[[200                                                                  ]]]

/",2623,0,99,150,http://localhost:8001/auth/login,0,0,5000
1777162241088,5001,Login for Token,Non HTTP response code: org.apache.http.conn.HttpHostConnectException,"Non HTTP response message: Connect to localhost:8001 [localhost/127.0.0.1, localhost/0:0:0:0:0:0:0:1] failed: Connection refused",Review Submission Load Test 3-87,text,false,,2623,0,51,150,http://localhost:8001/auth/login,0,0,5001
1777162246089,1,POST /reviews/,401,Unauthorized,Review Submission Load Test 3-87,text,false,,204,299,51,150,http://localhost:8004/reviews/,1,0,0
1777162241090,5001,Login for Token,Non HTTP response code: org.apache.http.conn.HttpHostConnectException,"Non HTTP response message: Connect to localhost:8001 [localhost/127.0.0.1, localhost/0:0:0:0:0:0:0:1] failed: Connection refused",Review Submission Load Test 3-37,text,false,,2623,0,51,150,http://localhost:8001/auth/login,0,0,5001
1777162246091,1,POST /reviews/,401,Unauthorized,Review Submission Load Test 3-37,text,false,,204,299,51,150,http://localhost:8004/reviews/,1,0,1
1777162241168,5002,POST /auth/login,Non HTTP response code: org.apache.http.conn.HttpHostConnectException,"Non HTTP response message: Connect to localhost:8001 [localhost/127.0.0.1, localhost/0:0:0:0:0:0:0:1] failed: Connection refused",Login Load Test 1-54,text,false,"Test failed: code expected to equal /

****** received  : [[[Non HTTP response code: org.apache.http.conn.HttpHostConnectException]]]

****** comparison: [[[200                                                                  ]]]

/",2623,0,99,149,http://localhost:8001/auth/login,0,0,5002
1777162241263,5001,POST /auth/login,Non HTTP response code: org.apache.http.conn.HttpHostConnectException,"Non HTTP response message: Connect to localhost:8001 [localhost/127.0.0.1, localhost/0:0:0:0:0:0:0:1] failed: Connection refused",Login Load Test 1-71,text,false,"Test failed: code expected to equal /

****** received  : [[[Non HTTP response code: org.apache.http.conn.HttpHostConnectException]]]

****** comparison: [[[200                                                                  ]]]

/",2623,0,99,149,http://localhost:8001/auth/login,0,0,5001
1777162241269,5001,POST /auth/login,Non HTTP response code: org.apache.http.conn.HttpHostConnectException,"Non HTTP response message: Connect to localhost:8001 [localhost/127.0.0.1, localhost/0:0:0:0:0:0:0:1] failed: Connection refused",Login Load Test 1-21,text,false,"Test failed: code expected to equal /

****** received  : [[[Non HTTP response code: org.apache.http.conn.HttpHostConnectException]]]

****** comparison: [[[200                                                                  ]]]

/",2623,0,99,149,http://localhost:8001/auth/login,0,0,5001
1777162241286,5001,Login for Token,Non HTTP response code: org.apache.http.conn.HttpHostConnectException,"Non HTTP response message: Connect to localhost:8001 [localhost/127.0.0.1, localhost/0:0:0:0:0:0:0:1] failed: Connection refused",Review Submission Load Test 3-71,text,false,,2623,0,50,149,http://localhost:8001/auth/login,0,0,5001
1777162246287,0,POST /reviews/,401,Unauthorized,Review Submission Load Test 3-71,text,false,,204,299,50,149,http://localhost:8004/reviews/,0,0,0
1777162241364,4952,POST /auth/login,200,OK,Login Load Test 1-10,text,true,,316,243,99,149,http://localhost:8001/auth/login,4952,0,0
1777162241364,4952,POST /auth/login,200,OK,Login Load Test 1-17,text,true,,316,243,99,149,http://localhost:8001/auth/login,4952,0,0
1777162241364,4952,POST /auth/login,200,OK,Login Load Test 1-6,text,true,,316,243,99,149,http://localhost:8001/auth/login,4952,0,0
1777162236185,10155,Login for Token,Non HTTP response code: java.net.SocketTimeoutException,Non HTTP response message: Read timed out,Review Submission Load Test 3-54,text,false,,2679,0,50,149,http://localhost:8001/auth/login,0,0,154
1777162246339,1,POST /reviews/,401,Unauthorized,Review Submission Load Test 3-54,text,false,,204,299,50,149,http://localhost:8004/reviews/,1,0,0
1777162241369,5001,POST /auth/login,Non HTTP response code: org.apache.http.conn.HttpHostConnectException,"Non HTTP response message: Connect to localhost:8001 [localhost/127.0.0.1, localhost/0:0:0:0:0:0:0:1] failed: Connection refused",Login Load Test 1-38,text,false,"Test failed: code expected to equal /

****** received  : [[[Non HTTP response code: org.apache.http.conn.HttpHostConnectException]]]

****** comparison: [[[200                                                                  ]]]

/",2623,0,99,149,http://localhost:8001/auth/login,0,0,5001
1777162241386,5001,Login for Token,Non HTTP response code: org.apache.http.conn.HttpHostConnectException,"Non HTTP response message: Connect to localhost:8001 [localhost/127.0.0.1, localhost/0:0:0:0:0:0:0:1] failed: Connection refused",Review Submission Load Test 3-88,text,false,,2623,0,50,149,http://localhost:8001/auth/login,0,0,5001
1777162241386,5001,Login for Token,Non HTTP response code: org.apache.http.conn.HttpHostConnectException,"Non HTTP response message: Connect to localhost:8001 [localhost/127.0.0.1, localhost/0:0:0:0:0:0:0:1] failed: Connection refused",Review Submission Load Test 3-38,text,false,,2623,0,50,149,http://localhost:8001/auth/login,0,0,5001
1777162246387,1,POST /reviews/,401,Unauthorized,Review Submission Load Test 3-88,text,false,,204,299,50,149,http://localhost:8004/reviews/,1,0,0
1777162246387,1,POST /reviews/,401,Unauthorized,Review Submission Load Test 3-38,text,false,,204,299,50,149,http://localhost:8004/reviews/,1,0,1
1777162241469,5001,POST /auth/login,Non HTTP response code: org.apache.http.conn.HttpHostConnectException,"Non HTTP response message: Connect to localhost:8001 [localhost/127.0.0.1, localhost/0:0:0:0:0:0:0:1] failed: Connection refused",Login Load Test 1-55,text,false,"Test failed: code expected to equal /

****** received  : [[[Non HTTP response code: org.apache.http.conn.HttpHostConnectException]]]

****** comparison: [[[200                                                                  ]]]

/",2623,0,99,148,http://localhost:8001/auth/login,0,0,5001
1777162241489,5001,Login for Token,Non HTTP response code: org.apache.http.conn.HttpHostConnectException,"Non HTTP response message: Connect to localhost:8001 [localhost/127.0.0.1, localhost/0:0:0:0:0:0:0:1] failed: Connection refused",Review Submission Load Test 3-55,text,false,,2623,0,49,148,http://localhost:8001/auth/login,0,0,5001
1777162246490,1,POST /reviews/,401,Unauthorized,Review Submission Load Test 3-55,text,false,,204,299,49,148,http://localhost:8004/reviews/,1,0,1
1777162241567,5001,POST /auth/login,Non HTTP response code: org.apache.http.conn.HttpHostConnectException,"Non HTTP response message: Connect to localhost:8001 [localhost/127.0.0.1, localhost/0:0:0:0:0:0:0:1] failed: Connection refused",Login Load Test 1-72,text,false,"Test failed: code expected to equal /

****** received  : [[[Non HTTP response code: org.apache.http.conn.HttpHostConnectException]]]

****** comparison: [[[200                                                                  ]]]

/",2623,0,99,147,http://localhost:8001/auth/login,0,0,5001
1777162241568,5001,POST /auth/login,Non HTTP response code: org.apache.http.conn.HttpHostConnectException,"Non HTTP response message: Connect to localhost:8001 [localhost/127.0.0.1, localhost/0:0:0:0:0:0:0:1] failed: Connection refused",Login Load Test 1-22,text,false,"Test failed: code expected to equal /

****** received  : [[[Non HTTP response code: org.apache.http.conn.HttpHostConnectException]]]

****** comparison: [[[200                                                                  ]]]

/",2623,0,99,147,http://localhost:8001/auth/login,0,0,5001
1777162241589,5001,Login for Token,Non HTTP response code: org.apache.http.conn.HttpHostConnectException,"Non HTTP response message: Connect to localhost:8001 [localhost/127.0.0.1, localhost/0:0:0:0:0:0:0:1] failed: Connection refused",Review Submission Load Test 3-72,text,false,,2623,0,48,147,http://localhost:8001/auth/login,0,0,5001
1777162246591,0,POST /reviews/,401,Unauthorized,Review Submission Load Test 3-72,text,false,,204,299,48,147,http://localhost:8004/reviews/,0,0,0
1777162236668,10001,POST /auth/login,Non HTTP response code: java.net.SocketTimeoutException,Non HTTP response message: Read timed out,Login Load Test 1-89,text,false,"Test failed: code expected to equal /

****** received  : [[[Non HTTP response code: java.net.SocketTimeoutException]]]

****** comparison: [[[200                                                    ]]]

/",2679,0,99,147,http://localhost:8001/auth/login,0,0,0
1777162241689,5001,Login for Token,Non HTTP response code: org.apache.http.conn.HttpHostConnectException,"Non HTTP response message: Connect to localhost:8001 [localhost/127.0.0.1, localhost/0:0:0:0:0:0:0:1] failed: Connection refused",Review Submission Load Test 3-39,text,false,,2623,0,48,147,http://localhost:8001/auth/login,0,0,5001
1777162241689,5001,Login for Token,Non HTTP response code: org.apache.http.conn.HttpHostConnectException,"Non HTTP response message: Connect to localhost:8001 [localhost/127.0.0.1, localhost/0:0:0:0:0:0:0:1] failed: Connection refused",Review Submission Load Test 3-89,text,false,,2623,0,48,147,http://localhost:8001/auth/login,0,0,5001
1777162246690,1,POST /reviews/,401,Unauthorized,Review Submission Load Test 3-89,text,false,,204,299,48,147,http://localhost:8004/reviews/,1,0,0
1777162246690,1,POST /reviews/,401,Unauthorized,Review Submission Load Test 3-39,text,false,,204,299,48,147,http://localhost:8004/reviews/,1,0,0
1777162241785,5001,Login for Token,Non HTTP response code: org.apache.http.conn.HttpHostConnectException,"Non HTTP response message: Connect to localhost:8001 [localhost/127.0.0.1, localhost/0:0:0:0:0:0:0:1] failed: Connection refused",Review Submission Load Test 3-56,text,false,,2623,0,47,146,http://localhost:8001/auth/login,0,0,5001
1777162246787,0,POST /reviews/,401,Unauthorized,Review Submission Load Test 3-56,text,false,,204,299,47,146,http://localhost:8004/reviews/,0,0,0
1777162241863,5002,POST /auth/login,Non HTTP response code: org.apache.http.conn.HttpHostConnectException,"Non HTTP response message: Connect to localhost:8001 [localhost/127.0.0.1, localhost/0:0:0:0:0:0:0:1] failed: Connection refused",Login Load Test 1-73,text,false,"Test failed: code expected to equal /

****** received  : [[[Non HTTP response code: org.apache.http.conn.HttpHostConnectException]]]

****** comparison: [[[200                                                                  ]]]

/",2623,0,99,145,http://localhost:8001/auth/login,0,0,5002
1777162241871,5000,POST /auth/login,Non HTTP response code: org.apache.http.conn.HttpHostConnectException,"Non HTTP response message: Connect to localhost:8001 [localhost/127.0.0.1, localhost/0:0:0:0:0:0:0:1] failed: Connection refused",Login Load Test 1-23,text,false,"Test failed: code expected to equal /

****** received  : [[[Non HTTP response code: org.apache.http.conn.HttpHostConnectException]]]

****** comparison: [[[200                                                                  ]]]

/",2623,0,99,145,http://localhost:8001/auth/login,0,0,5000
1777162241968,5000,POST /auth/login,Non HTTP response code: org.apache.http.conn.HttpHostConnectException,"Non HTTP response message: Connect to localhost:8001 [localhost/127.0.0.1, localhost/0:0:0:0:0:0:0:1] failed: Connection refused",Login Load Test 1-90,text,false,"Test failed: code expected to equal /

****** received  : [[[Non HTTP response code: org.apache.http.conn.HttpHostConnectException]]]

****** comparison: [[[200                                                                  ]]]

/",2623,0,99,145,http://localhost:8001/auth/login,0,0,5000
1777162242028,5002,POST /auth/login,Non HTTP response code: org.apache.http.conn.HttpHostConnectException,"Non HTTP response message: Connect to localhost:8001 [localhost/127.0.0.1, localhost/0:0:0:0:0:0:0:1] failed: Connection refused",Login Load Test 1-40,text,false,"Test failed: code expected to equal /

****** received  : [[[Non HTTP response code: org.apache.http.conn.HttpHostConnectException]]]

****** comparison: [[[200                                                                  ]]]

/",2623,0,99,145,http://localhost:8001/auth/login,0,0,5002
1777162242051,5002,Login for Token,Non HTTP response code: org.apache.http.conn.HttpHostConnectException,"Non HTTP response message: Connect to localhost:8001 [localhost/127.0.0.1, localhost/0:0:0:0:0:0:0:1] failed: Connection refused",Review Submission Load Test 3-40,text,false,,2623,0,46,145,http://localhost:8001/auth/login,0,0,5002
1777162247053,0,POST /reviews/,401,Unauthorized,Review Submission Load Test 3-40,text,false,,204,299,46,145,http://localhost:8004/reviews/,0,0,0
1777162242068,5002,POST /auth/login,Non HTTP response code: org.apache.http.conn.HttpHostConnectException,"Non HTTP response message: Connect to localhost:8001 [localhost/127.0.0.1, localhost/0:0:0:0:0:0:0:1] failed: Connection refused",Login Load Test 1-57,text,false,"Test failed: code expected to equal /

****** received  : [[[Non HTTP response code: org.apache.http.conn.HttpHostConnectException]]]

****** comparison: [[[200                                                                  ]]]

/",2623,0,99,144,http://localhost:8001/auth/login,0,0,5002
1777162242087,5000,Login for Token,Non HTTP response code: org.apache.http.conn.HttpHostConnectException,"Non HTTP response message: Connect to localhost:8001 [localhost/127.0.0.1, localhost/0:0:0:0:0:0:0:1] failed: Connection refused",Review Submission Load Test 3-57,text,false,,2623,0,45,144,http://localhost:8001/auth/login,0,0,5000
1777162247087,1,POST /reviews/,401,Unauthorized,Review Submission Load Test 3-57,text,false,,204,299,45,144,http://localhost:8004/reviews/,1,0,1
1777162241364,5775,POST /auth/login,200,OK,Login Load Test 1-2,text,true,,316,243,99,143,http://localhost:8001/auth/login,5775,0,0
1777162242165,5001,POST /auth/login,Non HTTP response code: org.apache.http.conn.HttpHostConnectException,"Non HTTP response message: Connect to localhost:8001 [localhost/127.0.0.1, localhost/0:0:0:0:0:0:0:1] failed: Connection refused",Login Load Test 1-74,text,false,"Test failed: code expected to equal /

****** received  : [[[Non HTTP response code: org.apache.http.conn.HttpHostConnectException]]]

****** comparison: [[[200                                                                  ]]]

/",2623,0,99,143,http://localhost:8001/auth/login,0,0,5001
1777162242168,5002,POST /auth/login,Non HTTP response code: org.apache.http.conn.HttpHostConnectException,"Non HTTP response message: Connect to localhost:8001 [localhost/127.0.0.1, localhost/0:0:0:0:0:0:0:1] failed: Connection refused",Login Load Test 1-24,text,false,"Test failed: code expected to equal /

****** received  : [[[Non HTTP response code: org.apache.http.conn.HttpHostConnectException]]]

****** comparison: [[[200                                                                  ]]]

/",2623,0,99,143,http://localhost:8001/auth/login,0,0,5002
1777162242267,5002,POST /auth/login,Non HTTP response code: org.apache.http.conn.HttpHostConnectException,"Non HTTP response message: Connect to localhost:8001 [localhost/127.0.0.1, localhost/0:0:0:0:0:0:0:1] failed: Connection refused",Login Load Test 1-91,text,false,"Test failed: code expected to equal /

****** received  : [[[Non HTTP response code: org.apache.http.conn.HttpHostConnectException]]]

****** comparison: [[[200                                                                  ]]]

/",2623,0,99,143,http://localhost:8001/auth/login,0,0,5002
1777162242268,5001,POST /auth/login,Non HTTP response code: org.apache.http.conn.HttpHostConnectException,"Non HTTP response message: Connect to localhost:8001 [localhost/127.0.0.1, localhost/0:0:0:0:0:0:0:1] failed: Connection refused",Login Load Test 1-41,text,false,"Test failed: code expected to equal /

****** received  : [[[Non HTTP response code: org.apache.http.conn.HttpHostConnectException]]]

****** comparison: [[[200                                                                  ]]]

/",2623,0,99,143,http://localhost:8001/auth/login,0,0,5001
1777162242288,5002,Login for Token,Non HTTP response code: org.apache.http.conn.HttpHostConnectException,"Non HTTP response message: Connect to localhost:8001 [localhost/127.0.0.1, localhost/0:0:0:0:0:0:0:1] failed: Connection refused",Review Submission Load Test 3-91,text,false,,2623,0,44,143,http://localhost:8001/auth/login,0,0,5002
1777162247290,0,POST /reviews/,401,Unauthorized,Review Submission Load Test 3-91,text,false,,204,299,44,143,http://localhost:8004/reviews/,0,0,0
1777162236988,10337,Login for Token,Non HTTP response code: java.net.SocketTimeoutException,Non HTTP response message: Read timed out,Review Submission Load Test 3-90,text,false,,2679,0,44,143,http://localhost:8001/auth/login,0,0,336
1777162247324,1,POST /reviews/,401,Unauthorized,Review Submission Load Test 3-90,text,false,,204,299,44,143,http://localhost:8004/reviews/,1,0,0
1777162242366,5001,POST /auth/login,Non HTTP response code: org.apache.http.conn.HttpHostConnectException,"Non HTTP response message: Connect to localhost:8001 [localhost/127.0.0.1, localhost/0:0:0:0:0:0:0:1] failed: Connection refused",Login Load Test 1-58,text,false,"Test failed: code expected to equal /

****** received  : [[[Non HTTP response code: org.apache.http.conn.HttpHostConnectException]]]

****** comparison: [[[200                                                                  ]]]

/",2623,0,99,143,http://localhost:8001/auth/login,0,0,5001
1777162242387,5001,Login for Token,Non HTTP response code: org.apache.http.conn.HttpHostConnectException,"Non HTTP response message: Connect to localhost:8001 [localhost/127.0.0.1, localhost/0:0:0:0:0:0:0:1] failed: Connection refused",Review Submission Load Test 3-58,text,false,,2623,0,44,143,http://localhost:8001/auth/login,0,0,5001
1777162247389,0,POST /reviews/,401,Unauthorized,Review Submission Load Test 3-58,text,false,,204,299,44,143,http://localhost:8004/reviews/,0,0,0
1777162242468,5002,POST /auth/login,Non HTTP response code: org.apache.http.conn.HttpHostConnectException,"Non HTTP response message: Connect to localhost:8001 [localhost/127.0.0.1, localhost/0:0:0:0:0:0:0:1] failed: Connection refused",Login Load Test 1-75,text,false,"Test failed: code expected to equal /

****** received  : [[[Non HTTP response code: org.apache.http.conn.HttpHostConnectException]]]

****** comparison: [[[200                                                                  ]]]

/",2623,0,99,142,http://localhost:8001/auth/login,0,0,5002
1777162242470,5000,POST /auth/login,Non HTTP response code: org.apache.http.conn.HttpHostConnectException,"Non HTTP response message: Connect to localhost:8001 [localhost/127.0.0.1, localhost/0:0:0:0:0:0:0:1] failed: Connection refused",Login Load Test 1-25,text,false,"Test failed: code expected to equal /

****** received  : [[[Non HTTP response code: org.apache.http.conn.HttpHostConnectException]]]

****** comparison: [[[200                                                                  ]]]

/",2623,0,99,142,http://localhost:8001/auth/login,0,0,5000
1777162242489,5002,Login for Token,Non HTTP response code: org.apache.http.conn.HttpHostConnectException,"Non HTTP response message: Connect to localhost:8001 [localhost/127.0.0.1, localhost/0:0:0:0:0:0:0:1] failed: Connection refused",Review Submission Load Test 3-75,text,false,,2623,0,43,142,http://localhost:8001/auth/login,0,0,5002
1777162247491,0,POST /reviews/,401,Unauthorized,Review Submission Load Test 3-75,text,false,,204,299,43,142,http://localhost:8004/reviews/,0,0,0
1777162242568,5001,POST /auth/login,Non HTTP response code: org.apache.http.conn.HttpHostConnectException,"Non HTTP response message: Connect to localhost:8001 [localhost/127.0.0.1, localhost/0:0:0:0:0:0:0:1] failed: Connection refused",Login Load Test 1-92,text,false,"Test failed: code expected to equal /

****** received  : [[[Non HTTP response code: org.apache.http.conn.HttpHostConnectException]]]

****** comparison: [[[200                                                                  ]]]

/",2623,0,99,141,http://localhost:8001/auth/login,0,0,5001
1777162242570,5001,POST /auth/login,Non HTTP response code: org.apache.http.conn.HttpHostConnectException,"Non HTTP response message: Connect to localhost:8001 [localhost/127.0.0.1, localhost/0:0:0:0:0:0:0:1] failed: Connection refused",Login Load Test 1-42,text,false,"Test failed: code expected to equal /

****** received  : [[[Non HTTP response code: org.apache.http.conn.HttpHostConnectException]]]

****** comparison: [[[200                                                                  ]]]

/",2623,0,99,141,http://localhost:8001/auth/login,0,0,5001
1777162242587,5001,Login for Token,Non HTTP response code: org.apache.http.conn.HttpHostConnectException,"Non HTTP response message: Connect to localhost:8001 [localhost/127.0.0.1, localhost/0:0:0:0:0:0:0:1] failed: Connection refused",Review Submission Load Test 3-92,text,false,,2623,0,42,141,http://localhost:8001/auth/login,0,0,5001
1777162247588,1,POST /reviews/,401,Unauthorized,Review Submission Load Test 3-92,text,false,,204,299,42,141,http://localhost:8004/reviews/,1,0,1
1777162242665,5001,POST /auth/login,Non HTTP response code: org.apache.http.conn.HttpHostConnectException,"Non HTTP response message: Connect to localhost:8001 [localhost/127.0.0.1, localhost/0:0:0:0:0:0:0:1] failed: Connection refused",Login Load Test 1-59,text,false,"Test failed: code expected to equal /

****** received  : [[[Non HTTP response code: org.apache.http.conn.HttpHostConnectException]]]

****** comparison: [[[200                                                                  ]]]

/",2623,0,99,141,http://localhost:8001/auth/login,0,0,5001
1777162242683,5119,POST /auth/login,200,OK,Login Load Test 1-18,text,true,,316,243,99,141,http://localhost:8001/auth/login,5119,0,0
1777162242188,5614,POST /auth/login,200,OK,Login Load Test 1-12,text,true,,316,243,99,141,http://localhost:8001/auth/login,5614,0,0
1777162242849,4953,POST /auth/login,200,OK,Login Load Test 1-19,text,true,,316,243,99,141,http://localhost:8001/auth/login,4953,0,0
1777162242849,4953,POST /auth/login,200,OK,Login Load Test 1-7,text,true,,316,243,99,141,http://localhost:8001/auth/login,4953,0,0
1777162236768,11056,POST /auth/login,Non HTTP response code: java.net.SocketTimeoutException,Non HTTP response message: Read timed out,Login Load Test 1-56,text,false,"Test failed: code expected to equal /

****** received  : [[[Non HTTP response code: java.net.SocketTimeoutException]]]

****** comparison: [[[200                                                    ]]]

/",2679,0,99,141,http://localhost:8001/auth/login,0,0,1055
1777162237768,10063,POST /auth/login,Non HTTP response code: java.net.SocketTimeoutException,Non HTTP response message: Read timed out,Login Load Test 1-26,text,false,"Test failed: code expected to equal /

****** received  : [[[Non HTTP response code: java.net.SocketTimeoutException]]]

****** comparison: [[[200                                                    ]]]

/",2679,0,99,141,http://localhost:8001/auth/login,0,0,62
1777162242868,5001,POST /auth/login,Non HTTP response code: org.apache.http.conn.HttpHostConnectException,"Non HTTP response message: Connect to localhost:8001 [localhost/127.0.0.1, localhost/0:0:0:0:0:0:0:1] failed: Connection refused",Login Load Test 1-93,text,false,"Test failed: code expected to equal /

****** received  : [[[Non HTTP response code: org.apache.http.conn.HttpHostConnectException]]]

****** comparison: [[[200                                                                  ]]]

/",2623,0,99,141,http://localhost:8001/auth/login,0,0,5001
1777162242869,5000,POST /auth/login,Non HTTP response code: org.apache.http.conn.HttpHostConnectException,"Non HTTP response message: Connect to localhost:8001 [localhost/127.0.0.1, localhost/0:0:0:0:0:0:0:1] failed: Connection refused",Login Load Test 1-43,text,false,"Test failed: code expected to equal /

****** received  : [[[Non HTTP response code: org.apache.http.conn.HttpHostConnectException]]]

****** comparison: [[[200                                                                  ]]]

/",2623,0,99,141,http://localhost:8001/auth/login,0,0,5000
1777162242888,5001,Login for Token,Non HTTP response code: org.apache.http.conn.HttpHostConnectException,"Non HTTP response message: Connect to localhost:8001 [localhost/127.0.0.1, localhost/0:0:0:0:0:0:0:1] failed: Connection refused",Review Submission Load Test 3-93,text,false,,2623,0,42,141,http://localhost:8001/auth/login,0,0,5001
1777162247889,1,POST /reviews/,401,Unauthorized,Review Submission Load Test 3-93,text,false,,204,299,42,141,http://localhost:8004/reviews/,1,0,0
1777162242967,5001,POST /auth/login,Non HTTP response code: org.apache.http.conn.HttpHostConnectException,"Non HTTP response message: Connect to localhost:8001 [localhost/127.0.0.1, localhost/0:0:0:0:0:0:0:1] failed: Connection refused",Login Load Test 1-60,text,false,"Test failed: code expected to equal /

****** received  : [[[Non HTTP response code: org.apache.http.conn.HttpHostConnectException]]]

****** comparison: [[[200                                                                  ]]]

/",2623,0,99,141,http://localhost:8001/auth/login,0,0,5001
1777162242990,5001,Login for Token,Non HTTP response code: org.apache.http.conn.HttpHostConnectException,"Non HTTP response message: Connect to localhost:8001 [localhost/127.0.0.1, localhost/0:0:0:0:0:0:0:1] failed: Connection refused",Review Submission Load Test 3-60,text,false,,2623,0,42,141,http://localhost:8001/auth/login,0,0,5001
1777162247991,1,POST /reviews/,401,Unauthorized,Review Submission Load Test 3-60,text,false,,204,299,42,141,http://localhost:8004/reviews/,1,0,1
1777162243069,5001,POST /auth/login,Non HTTP response code: org.apache.http.conn.HttpHostConnectException,"Non HTTP response message: Connect to localhost:8001 [localhost/127.0.0.1, localhost/0:0:0:0:0:0:0:1] failed: Connection refused",Login Load Test 1-27,text,false,"Test failed: code expected to equal /

****** received  : [[[Non HTTP response code: org.apache.http.conn.HttpHostConnectException]]]

****** comparison: [[[200                                                                  ]]]

/",2623,0,99,140,http://localhost:8001/auth/login,0,0,5001
1777162243069,5001,POST /auth/login,Non HTTP response code: org.apache.http.conn.HttpHostConnectException,"Non HTTP response message: Connect to localhost:8001 [localhost/127.0.0.1, localhost/0:0:0:0:0:0:0:1] failed: Connection refused",Login Load Test 1-77,text,false,"Test failed: code expected to equal /

****** received  : [[[Non HTTP response code: org.apache.http.conn.HttpHostConnectException]]]

****** comparison: [[[200                                                                  ]]]

/",2623,0,99,140,http://localhost:8001/auth/login,0,0,5001
1777162243088,5002,Login for Token,Non HTTP response code: org.apache.http.conn.HttpHostConnectException,"Non HTTP response message: Connect to localhost:8001 [localhost/127.0.0.1, localhost/0:0:0:0:0:0:0:1] failed: Connection refused",Review Submission Load Test 3-77,text,false,,2623,0,41,140,http://localhost:8001/auth/login,0,0,5001
1777162248090,0,POST /reviews/,401,Unauthorized,Review Submission Load Test 3-77,text,false,,204,299,41,140,http://localhost:8004/reviews/,0,0,0
1777162243166,5001,POST /auth/login,Non HTTP response code: org.apache.http.conn.HttpHostConnectException,"Non HTTP response message: Connect to localhost:8001 [localhost/127.0.0.1, localhost/0:0:0:0:0:0:0:1] failed: Connection refused",Login Load Test 1-44,text,false,"Test failed: code expected to equal /

****** received  : [[[Non HTTP response code: org.apache.http.conn.HttpHostConnectException]]]

****** comparison: [[[200                                                                  ]]]

/",2623,0,99,139,http://localhost:8001/auth/login,0,0,5001
1777162243168,5001,POST /auth/login,Non HTTP response code: org.apache.http.conn.HttpHostConnectException,"Non HTTP response message: Connect to localhost:8001 [localhost/127.0.0.1, localhost/0:0:0:0:0:0:0:1] failed: Connection refused",Login Load Test 1-94,text,false,"Test failed: code expected to equal /

****** received  : [[[Non HTTP response code: org.apache.http.conn.HttpHostConnectException]]]

****** comparison: [[[200                                                                  ]]]

/",2623,0,99,139,http://localhost:8001/auth/login,0,0,5001
1777162243187,5000,Login for Token,Non HTTP response code: org.apache.http.conn.HttpHostConnectException,"Non HTTP response message: Connect to localhost:8001 [localhost/127.0.0.1, localhost/0:0:0:0:0:0:0:1] failed: Connection refused",Review Submission Load Test 3-94,text,false,,2623,0,40,139,http://localhost:8001/auth/login,0,0,5000
1777162248187,1,POST /reviews/,401,Unauthorized,Review Submission Load Test 3-94,text,false,,204,299,40,139,http://localhost:8004/reviews/,1,0,0
1777162243269,5001,POST /auth/login,Non HTTP response code: org.apache.http.conn.HttpHostConnectException,"Non HTTP response message: Connect to localhost:8001 [localhost/127.0.0.1, localhost/0:0:0:0:0:0:0:1] failed: Connection refused",Login Load Test 1-61,text,false,"Test failed: code expected to equal /

****** received  : [[[Non HTTP response code: org.apache.http.conn.HttpHostConnectException]]]

****** comparison: [[[200                                                                  ]]]

/",2623,0,99,139,http://localhost:8001/auth/login,0,0,5001
1777162243286,5001,Login for Token,Non HTTP response code: org.apache.http.conn.HttpHostConnectException,"Non HTTP response message: Connect to localhost:8001 [localhost/127.0.0.1, localhost/0:0:0:0:0:0:0:1] failed: Connection refused",Review Submission Load Test 3-61,text,false,,2623,0,40,139,http://localhost:8001/auth/login,0,0,5001
1777162248287,0,POST /reviews/,401,Unauthorized,Review Submission Load Test 3-61,text,false,,204,299,40,139,http://localhost:8004/reviews/,0,0,0
1777162243357,5001,Login for Token,Non HTTP response code: org.apache.http.conn.HttpHostConnectException,"Non HTTP response message: Connect to localhost:8001 [localhost/127.0.0.1, localhost/0:0:0:0:0:0:0:1] failed: Connection refused",Review Submission Load Test 3-76,text,false,,2623,0,39,138,http://localhost:8001/auth/login,0,0,5001
1777162248359,0,POST /reviews/,401,Unauthorized,Review Submission Load Test 3-76,text,false,,204,299,39,138,http://localhost:8004/reviews/,0,0,0
1777162243364,5001,POST /auth/login,Non HTTP response code: org.apache.http.conn.HttpHostConnectException,"Non HTTP response message: Connect to localhost:8001 [localhost/127.0.0.1, localhost/0:0:0:0:0:0:0:1] failed: Connection refused",Login Load Test 1-78,text,false,"Test failed: code expected to equal /

****** received  : [[[Non HTTP response code: org.apache.http.conn.HttpHostConnectException]]]

****** comparison: [[[200                                                                  ]]]

/",2623,0,99,138,http://localhost:8001/auth/login,0,0,5001
1777162243370,5001,POST /auth/login,Non HTTP response code: org.apache.http.conn.HttpHostConnectException,"Non HTTP response message: Connect to localhost:8001 [localhost/127.0.0.1, localhost/0:0:0:0:0:0:0:1] failed: Connection refused",Login Load Test 1-28,text,false,"Test failed: code expected to equal /

****** received  : [[[Non HTTP response code: org.apache.http.conn.HttpHostConnectException]]]

****** comparison: [[[200                                                                  ]]]

/",2623,0,99,138,http://localhost:8001/auth/login,0,0,5001
1777162243390,5001,Login for Token,Non HTTP response code: org.apache.http.conn.HttpHostConnectException,"Non HTTP response message: Connect to localhost:8001 [localhost/127.0.0.1, localhost/0:0:0:0:0:0:0:1] failed: Connection refused",Review Submission Load Test 3-78,text,false,,2623,0,39,138,http://localhost:8001/auth/login,0,0,5001
1777162248391,0,POST /reviews/,401,Unauthorized,Review Submission Load Test 3-78,text,false,,204,299,39,138,http://localhost:8004/reviews/,0,0,0
1777162243468,5001,POST /auth/login,Non HTTP response code: org.apache.http.conn.HttpHostConnectException,"Non HTTP response message: Connect to localhost:8001 [localhost/127.0.0.1, localhost/0:0:0:0:0:0:0:1] failed: Connection refused",Login Load Test 1-95,text,false,"Test failed: code expected to equal /

****** received  : [[[Non HTTP response code: org.apache.http.conn.HttpHostConnectException]]]

****** comparison: [[[200                                                                  ]]]

/",2623,0,99,137,http://localhost:8001/auth/login,0,0,5001
1777162243470,5002,POST /auth/login,Non HTTP response code: org.apache.http.conn.HttpHostConnectException,"Non HTTP response message: Connect to localhost:8001 [localhost/127.0.0.1, localhost/0:0:0:0:0:0:0:1] failed: Connection refused",Login Load Test 1-45,text,false,"Test failed: code expected to equal /

****** received  : [[[Non HTTP response code: org.apache.http.conn.HttpHostConnectException]]]

****** comparison: [[[200                                                                  ]]]

/",2623,0,99,137,http://localhost:8001/auth/login,0,0,5002
1777162243487,5001,Login for Token,Non HTTP response code: org.apache.http.conn.HttpHostConnectException,"Non HTTP response message: Connect to localhost:8001 [localhost/127.0.0.1, localhost/0:0:0:0:0:0:0:1] failed: Connection refused",Review Submission Load Test 3-95,text,false,,2623,0,38,137,http://localhost:8001/auth/login,0,0,5001
1777162248488,1,POST /reviews/,401,Unauthorized,Review Submission Load Test 3-95,text,false,,204,299,38,137,http://localhost:8004/reviews/,1,0,0
1777162243565,5000,POST /auth/login,Non HTTP response code: org.apache.http.conn.HttpHostConnectException,"Non HTTP response message: Connect to localhost:8001 [localhost/127.0.0.1, localhost/0:0:0:0:0:0:0:1] failed: Connection refused",Login Load Test 1-62,text,false,"Test failed: code expected to equal /

****** received  : [[[Non HTTP response code: org.apache.http.conn.HttpHostConnectException]]]

****** comparison: [[[200                                                                  ]]]

/",2623,0,99,137,http://localhost:8001/auth/login,0,0,5000
1777162243586,5002,Login for Token,Non HTTP response code: org.apache.http.conn.HttpHostConnectException,"Non HTTP response message: Connect to localhost:8001 [localhost/127.0.0.1, localhost/0:0:0:0:0:0:0:1] failed: Connection refused",Review Submission Load Test 3-62,text,false,,2623,0,38,137,http://localhost:8001/auth/login,0,0,5002
1777162248588,0,POST /reviews/,401,Unauthorized,Review Submission Load Test 3-62,text,false,,204,299,38,137,http://localhost:8004/reviews/,0,0,0
1777162243670,5001,POST /auth/login,Non HTTP response code: org.apache.http.conn.HttpHostConnectException,"Non HTTP response message: Connect to localhost:8001 [localhost/127.0.0.1, localhost/0:0:0:0:0:0:0:1] failed: Connection refused",Login Load Test 1-79,text,false,"Test failed: code expected to equal /

****** received  : [[[Non HTTP response code: org.apache.http.conn.HttpHostConnectException]]]

****** comparison: [[[200                                                                  ]]]

/",2623,0,99,136,http://localhost:8001/auth/login,0,0,5001
1777162243690,5001,Login for Token,Non HTTP response code: org.apache.http.conn.HttpHostConnectException,"Non HTTP response message: Connect to localhost:8001 [localhost/127.0.0.1, localhost/0:0:0:0:0:0:0:1] failed: Connection refused",Review Submission Load Test 3-79,text,false,,2623,0,37,136,http://localhost:8001/auth/login,0,0,5001
1777162248691,0,POST /reviews/,401,Unauthorized,Review Submission Load Test 3-79,text,false,,204,299,37,136,http://localhost:8004/reviews/,0,0,0
1777162244002,4792,POST /auth/login,200,OK,Login Load Test 1-14,text,true,,316,243,99,135,http://localhost:8001/auth/login,4792,0,0
1777162244003,4791,POST /auth/login,200,OK,Login Load Test 1-13,text,true,,316,243,99,135,http://localhost:8001/auth/login,4791,0,0
1777162243969,5001,POST /auth/login,Non HTTP response code: org.apache.http.conn.HttpHostConnectException,"Non HTTP response message: Connect to localhost:8001 [localhost/127.0.0.1, localhost/0:0:0:0:0:0:0:1] failed: Connection refused",Login Load Test 1-80,text,false,"Test failed: code expected to equal /

****** received  : [[[Non HTTP response code: org.apache.http.conn.HttpHostConnectException]]]

****** comparison: [[[200                                                                  ]]]

/",2623,0,99,135,http://localhost:8001/auth/login,0,0,5001
1777162243970,5002,POST /auth/login,Non HTTP response code: org.apache.http.conn.HttpHostConnectException,"Non HTTP response message: Connect to localhost:8001 [localhost/127.0.0.1, localhost/0:0:0:0:0:0:0:1] failed: Connection refused",Login Load Test 1-30,text,false,"Test failed: code expected to equal /

****** received  : [[[Non HTTP response code: org.apache.http.conn.HttpHostConnectException]]]

****** comparison: [[[200                                                                  ]]]

/",2623,0,99,135,http://localhost:8001/auth/login,0,0,5002
1777162238767,10214,POST /auth/login,Non HTTP response code: java.net.SocketTimeoutException,Non HTTP response message: Read timed out,Login Load Test 1-96,text,false,"Test failed: code expected to equal /

****** received  : [[[Non HTTP response code: java.net.SocketTimeoutException]]]

****** comparison: [[[200                                                    ]]]

/",2679,0,99,135,http://localhost:8001/auth/login,0,0,214
1777162238888,10093,Login for Token,Non HTTP response code: java.net.SocketTimeoutException,Non HTTP response message: Read timed out,Review Submission Load Test 3-63,text,false,,2679,0,36,135,http://localhost:8001/auth/login,0,0,93
1777162248980,1,POST /reviews/,401,Unauthorized,Review Submission Load Test 3-63,text,false,,204,299,36,135,http://localhost:8004/reviews/,1,0,0
1777162243991,5002,Login for Token,Non HTTP response code: org.apache.http.conn.HttpHostConnectException,"Non HTTP response message: Connect to localhost:8001 [localhost/127.0.0.1, localhost/0:0:0:0:0:0:0:1] failed: Connection refused",Review Submission Load Test 3-80,text,false,,2623,0,36,135,http://localhost:8001/auth/login,0,0,5002
1777162248993,0,POST /reviews/,401,Unauthorized,Review Submission Load Test 3-80,text,false,,204,299,36,135,http://localhost:8004/reviews/,0,0,0
1777162244068,5001,POST /auth/login,Non HTTP response code: org.apache.http.conn.HttpHostConnectException,"Non HTTP response message: Connect to localhost:8001 [localhost/127.0.0.1, localhost/0:0:0:0:0:0:0:1] failed: Connection refused",Login Load Test 1-97,text,false,"Test failed: code expected to equal /

****** received  : [[[Non HTTP response code: org.apache.http.conn.HttpHostConnectException]]]

****** comparison: [[[200                                                                  ]]]

/",2623,0,99,134,http://localhost:8001/auth/login,0,0,5001
1777162244069,5001,POST /auth/login,Non HTTP response code: org.apache.http.conn.HttpHostConnectException,"Non HTTP response message: Connect to localhost:8001 [localhost/127.0.0.1, localhost/0:0:0:0:0:0:0:1] failed: Connection refused",Login Load Test 1-47,text,false,"Test failed: code expected to equal /

****** received  : [[[Non HTTP response code: org.apache.http.conn.HttpHostConnectException]]]

****** comparison: [[[200                                                                  ]]]

/",2623,0,99,134,http://localhost:8001/auth/login,0,0,5001
1777162244087,5001,Login for Token,Non HTTP response code: org.apache.http.conn.HttpHostConnectException,"Non HTTP response message: Connect to localhost:8001 [localhost/127.0.0.1, localhost/0:0:0:0:0:0:0:1] failed: Connection refused",Review Submission Load Test 3-97,text,false,,2623,0,35,134,http://localhost:8001/auth/login,0,0,5001
1777162249089,0,POST /reviews/,401,Unauthorized,Review Submission Load Test 3-97,text,false,,204,299,35,134,http://localhost:8004/reviews/,0,0,0
1777162244168,5001,POST /auth/login,Non HTTP response code: org.apache.http.conn.HttpHostConnectException,"Non HTTP response message: Connect to localhost:8001 [localhost/127.0.0.1, localhost/0:0:0:0:0:0:0:1] failed: Connection refused",Login Load Test 1-64,text,false,"Test failed: code expected to equal /

****** received  : [[[Non HTTP response code: org.apache.http.conn.HttpHostConnectException]]]

****** comparison: [[[200                                                                  ]]]

/",2623,0,99,134,http://localhost:8001/auth/login,0,0,5001
1777162244185,5001,Login for Token,Non HTTP response code: org.apache.http.conn.HttpHostConnectException,"Non HTTP response message: Connect to localhost:8001 [localhost/127.0.0.1, localhost/0:0:0:0:0:0:0:1] failed: Connection refused",Review Submission Load Test 3-64,text,false,,2623,0,35,134,http://localhost:8001/auth/login,0,0,5001
1777162249186,1,POST /reviews/,401,Unauthorized,Review Submission Load Test 3-64,text,false,,204,299,35,134,http://localhost:8004/reviews/,1,0,0
1777162244344,5001,POST /auth/login,Non HTTP response code: org.apache.http.conn.HttpHostConnectException,"Non HTTP response message: Connect to localhost:8001 [localhost/127.0.0.1, localhost/0:0:0:0:0:0:0:1] failed: Connection refused",Login Load Test 1-46,text,false,"Test failed: code expected to equal /

****** received  : [[[Non HTTP response code: org.apache.http.conn.HttpHostConnectException]]]

****** comparison: [[[200                                                                  ]]]

/",2623,0,99,133,http://localhost:8001/auth/login,0,0,5001
1777162244348,5001,Login for Token,Non HTTP response code: org.apache.http.conn.HttpHostConnectException,"Non HTTP response message: Connect to localhost:8001 [localhost/127.0.0.1, localhost/0:0:0:0:0:0:0:1] failed: Connection refused",Review Submission Load Test 3-81,text,false,,2623,0,34,133,http://localhost:8001/auth/login,0,0,5001
1777162249349,1,POST /reviews/,401,Unauthorized,Review Submission Load Test 3-81,text,false,,204,299,34,133,http://localhost:8004/reviews/,1,0,0
1777162244363,5001,POST /auth/login,Non HTTP response code: org.apache.http.conn.HttpHostConnectException,"Non HTTP response message: Connect to localhost:8001 [localhost/127.0.0.1, localhost/0:0:0:0:0:0:0:1] failed: Connection refused",Login Load Test 1-98,text,false,"Test failed: code expected to equal /

****** received  : [[[Non HTTP response code: org.apache.http.conn.HttpHostConnectException]]]

****** comparison: [[[200                                                                  ]]]

/",2623,0,99,133,http://localhost:8001/auth/login,0,0,5001
1777162244368,5001,POST /auth/login,Non HTTP response code: org.apache.http.conn.HttpHostConnectException,"Non HTTP response message: Connect to localhost:8001 [localhost/127.0.0.1, localhost/0:0:0:0:0:0:0:1] failed: Connection refused",Login Load Test 1-48,text,false,"Test failed: code expected to equal /

****** received  : [[[Non HTTP response code: org.apache.http.conn.HttpHostConnectException]]]

****** comparison: [[[200                                                                  ]]]

/",2623,0,99,133,http://localhost:8001/auth/login,0,0,5001
1777162244383,5001,Login for Token,Non HTTP response code: org.apache.http.conn.HttpHostConnectException,"Non HTTP response message: Connect to localhost:8001 [localhost/127.0.0.1, localhost/0:0:0:0:0:0:0:1] failed: Connection refused",Review Submission Load Test 3-98,text,false,,2623,0,34,133,http://localhost:8001/auth/login,0,0,5001
1777162249384,1,POST /reviews/,401,Unauthorized,Review Submission Load Test 3-98,text,false,,204,299,34,133,http://localhost:8004/reviews/,1,0,1
1777162244468,5001,POST /auth/login,Non HTTP response code: org.apache.http.conn.HttpHostConnectException,"Non HTTP response message: Connect to localhost:8001 [localhost/127.0.0.1, localhost/0:0:0:0:0:0:0:1] failed: Connection refused",Login Load Test 1-65,text,false,"Test failed: code expected to equal /

****** received  : [[[Non HTTP response code: org.apache.http.conn.HttpHostConnectException]]]

****** comparison: [[[200                                                                  ]]]

/",2623,0,99,133,http://localhost:8001/auth/login,0,0,5001
1777162244489,5001,Login for Token,Non HTTP response code: org.apache.http.conn.HttpHostConnectException,"Non HTTP response message: Connect to localhost:8001 [localhost/127.0.0.1, localhost/0:0:0:0:0:0:0:1] failed: Connection refused",Review Submission Load Test 3-65,text,false,,2623,0,34,133,http://localhost:8001/auth/login,0,0,5001
1777162249490,1,POST /reviews/,401,Unauthorized,Review Submission Load Test 3-65,text,false,,204,299,34,133,http://localhost:8004/reviews/,1,0,0
1777162244568,5001,POST /auth/login,Non HTTP response code: org.apache.http.conn.HttpHostConnectException,"Non HTTP response message: Connect to localhost:8001 [localhost/127.0.0.1, localhost/0:0:0:0:0:0:0:1] failed: Connection refused",Login Load Test 1-82,text,false,"Test failed: code expected to equal /

****** received  : [[[Non HTTP response code: org.apache.http.conn.HttpHostConnectException]]]

****** comparison: [[[200                                                                  ]]]

/",2623,0,99,132,http://localhost:8001/auth/login,0,0,5001
1777162244570,5001,POST /auth/login,Non HTTP response code: org.apache.http.conn.HttpHostConnectException,"Non HTTP response message: Connect to localhost:8001 [localhost/127.0.0.1, localhost/0:0:0:0:0:0:0:1] failed: Connection refused",Login Load Test 1-32,text,false,"Test failed: code expected to equal /

****** received  : [[[Non HTTP response code: org.apache.http.conn.HttpHostConnectException]]]

****** comparison: [[[200                                                                  ]]]

/",2623,0,99,132,http://localhost:8001/auth/login,0,0,5001
1777162244589,5001,Login for Token,Non HTTP response code: org.apache.http.conn.HttpHostConnectException,"Non HTTP response message: Connect to localhost:8001 [localhost/127.0.0.1, localhost/0:0:0:0:0:0:0:1] failed: Connection refused",Review Submission Load Test 3-82,text,false,,2623,0,33,132,http://localhost:8001/auth/login,0,0,5001
1777162249590,1,POST /reviews/,401,Unauthorized,Review Submission Load Test 3-82,text,false,,204,299,33,132,http://localhost:8004/reviews/,1,0,0
1777162244667,5002,POST /auth/login,Non HTTP response code: org.apache.http.conn.HttpHostConnectException,"Non HTTP response message: Connect to localhost:8001 [localhost/127.0.0.1, localhost/0:0:0:0:0:0:0:1] failed: Connection refused",Login Load Test 1-99,text,false,"Test failed: code expected to equal /

****** received  : [[[Non HTTP response code: org.apache.http.conn.HttpHostConnectException]]]

****** comparison: [[[200                                                                  ]]]

/",2623,0,99,131,http://localhost:8001/auth/login,0,0,5002
1777162244668,5001,POST /auth/login,Non HTTP response code: org.apache.http.conn.HttpHostConnectException,"Non HTTP response message: Connect to localhost:8001 [localhost/127.0.0.1, localhost/0:0:0:0:0:0:0:1] failed: Connection refused",Login Load Test 1-49,text,false,"Test failed: code expected to equal /

****** received  : [[[Non HTTP response code: org.apache.http.conn.HttpHostConnectException]]]

****** comparison: [[[200                                                                  ]]]

/",2623,0,99,131,http://localhost:8001/auth/login,0,0,5001
1777162244831,4953,POST /auth/login,200,OK,Login Load Test 1-4,text,true,,316,243,99,131,http://localhost:8001/auth/login,4953,0,0
1777162244831,4953,POST /auth/login,200,OK,Login Load Test 1-3,text,true,,316,243,99,131,http://localhost:8001/auth/login,4953,0,0
1777162244831,4953,POST /auth/login,200,OK,Login Load Test 1-9,text,true,,316,243,99,131,http://localhost:8001/auth/login,4953,0,0
1777162244831,4953,POST /auth/login,200,OK,Login Load Test 1-15,text,true,,316,243,99,131,http://localhost:8001/auth/login,4953,0,0
1777162244790,5001,Login for Token,Non HTTP response code: org.apache.http.conn.HttpHostConnectException,"Non HTTP response message: Connect to localhost:8001 [localhost/127.0.0.1, localhost/0:0:0:0:0:0:0:1] failed: Connection refused",Review Submission Load Test 3-66,text,false,,2623,0,32,131,http://localhost:8001/auth/login,0,0,5001
1777162249791,1,POST /reviews/,401,Unauthorized,Review Submission Load Test 3-66,text,false,,204,299,32,131,http://localhost:8004/reviews/,1,0,0
1777162239270,10574,POST /auth/login,Non HTTP response code: java.net.SocketTimeoutException,Non HTTP response message: Read timed out,Login Load Test 1-31,text,false,"Test failed: code expected to equal /

****** received  : [[[Non HTTP response code: java.net.SocketTimeoutException]]]

****** comparison: [[[200                                                    ]]]

/",2679,0,99,130,http://localhost:8001/auth/login,0,0,573
1777162239270,10574,POST /auth/login,Non HTTP response code: java.net.SocketTimeoutException,Non HTTP response message: Read timed out,Login Load Test 1-81,text,false,"Test failed: code expected to equal /

****** received  : [[[Non HTTP response code: java.net.SocketTimeoutException]]]

****** comparison: [[[200                                                    ]]]

/",2679,0,99,130,http://localhost:8001/auth/login,0,0,573
1777162244868,5001,POST /auth/login,Non HTTP response code: org.apache.http.conn.HttpHostConnectException,"Non HTTP response message: Connect to localhost:8001 [localhost/127.0.0.1, localhost/0:0:0:0:0:0:0:1] failed: Connection refused",Login Load Test 1-83,text,false,"Test failed: code expected to equal /

****** received  : [[[Non HTTP response code: org.apache.http.conn.HttpHostConnectException]]]

****** comparison: [[[200                                                                  ]]]

/",2623,0,99,130,http://localhost:8001/auth/login,0,0,5001
1777162244868,5001,POST /auth/login,Non HTTP response code: org.apache.http.conn.HttpHostConnectException,"Non HTTP response message: Connect to localhost:8001 [localhost/127.0.0.1, localhost/0:0:0:0:0:0:0:1] failed: Connection refused",Login Load Test 1-33,text,false,"Test failed: code expected to equal /

****** received  : [[[Non HTTP response code: org.apache.http.conn.HttpHostConnectException]]]

****** comparison: [[[200                                                                  ]]]

/",2623,0,99,130,http://localhost:8001/auth/login,0,0,5001
1777162244890,5001,Login for Token,Non HTTP response code: org.apache.http.conn.HttpHostConnectException,"Non HTTP response message: Connect to localhost:8001 [localhost/127.0.0.1, localhost/0:0:0:0:0:0:0:1] failed: Connection refused",Review Submission Load Test 3-83,text,false,,2623,0,31,130,http://localhost:8001/auth/login,0,0,5001
1777162249891,1,POST /reviews/,401,Unauthorized,Review Submission Load Test 3-83,text,false,,204,299,31,130,http://localhost:8004/reviews/,1,0,1
1777162244968,5001,POST /auth/login,Non HTTP response code: org.apache.http.conn.HttpHostConnectException,"Non HTTP response message: Connect to localhost:8001 [localhost/127.0.0.1, localhost/0:0:0:0:0:0:0:1] failed: Connection refused",Login Load Test 1-100,text,false,"Test failed: code expected to equal /

****** received  : [[[Non HTTP response code: org.apache.http.conn.HttpHostConnectException]]]

****** comparison: [[[200                                                                  ]]]

/",2623,0,99,129,http://localhost:8001/auth/login,0,0,5001
1777162244968,5001,POST /auth/login,Non HTTP response code: org.apache.http.conn.HttpHostConnectException,"Non HTTP response message: Connect to localhost:8001 [localhost/127.0.0.1, localhost/0:0:0:0:0:0:0:1] failed: Connection refused",Login Load Test 1-50,text,false,"Test failed: code expected to equal /

****** received  : [[[Non HTTP response code: org.apache.http.conn.HttpHostConnectException]]]

****** comparison: [[[200                                                                  ]]]

/",2623,0,99,129,http://localhost:8001/auth/login,0,0,5001
1777162244983,5001,Login for Token,Non HTTP response code: org.apache.http.conn.HttpHostConnectException,"Non HTTP response message: Connect to localhost:8001 [localhost/127.0.0.1, localhost/0:0:0:0:0:0:0:1] failed: Connection refused",Review Submission Load Test 3-100,text,false,,2623,0,30,129,http://localhost:8001/auth/login,0,0,5001
1777162249984,1,POST /reviews/,401,Unauthorized,Review Submission Load Test 3-100,text,false,,204,299,30,129,http://localhost:8004/reviews/,1,0,1
1777162245070,5001,POST /auth/login,Non HTTP response code: org.apache.http.conn.HttpHostConnectException,"Non HTTP response message: Connect to localhost:8001 [localhost/127.0.0.1, localhost/0:0:0:0:0:0:0:1] failed: Connection refused",Login Load Test 1-67,text,false,"Test failed: code expected to equal /

****** received  : [[[Non HTTP response code: org.apache.http.conn.HttpHostConnectException]]]

****** comparison: [[[200                                                                  ]]]

/",2623,0,99,129,http://localhost:8001/auth/login,0,0,5001
1777162245086,5001,Login for Token,Non HTTP response code: org.apache.http.conn.HttpHostConnectException,"Non HTTP response message: Connect to localhost:8001 [localhost/127.0.0.1, localhost/0:0:0:0:0:0:0:1] failed: Connection refused",Review Submission Load Test 3-67,text,false,,2623,0,30,129,http://localhost:8001/auth/login,0,0,5001
1777162250087,1,POST /reviews/,401,Unauthorized,Review Submission Load Test 3-67,text,false,,204,299,30,129,http://localhost:8004/reviews/,1,0,0
1777162245165,5001,POST /auth/login,Non HTTP response code: org.apache.http.conn.HttpHostConnectException,"Non HTTP response message: Connect to localhost:8001 [localhost/127.0.0.1, localhost/0:0:0:0:0:0:0:1] failed: Connection refused",Login Load Test 1-84,text,false,"Test failed: code expected to equal /

****** received  : [[[Non HTTP response code: org.apache.http.conn.HttpHostConnectException]]]

****** comparison: [[[200                                                                  ]]]

/",2623,0,99,128,http://localhost:8001/auth/login,0,0,5001
1777162245168,5002,POST /auth/login,Non HTTP response code: org.apache.http.conn.HttpHostConnectException,"Non HTTP response message: Connect to localhost:8001 [localhost/127.0.0.1, localhost/0:0:0:0:0:0:0:1] failed: Connection refused",Login Load Test 1-34,text,false,"Test failed: code expected to equal /

****** received  : [[[Non HTTP response code: org.apache.http.conn.HttpHostConnectException]]]

****** comparison: [[[200                                                                  ]]]

/",2623,0,99,128,http://localhost:8001/auth/login,0,0,5002
1777162245270,5002,POST /auth/login,Non HTTP response code: org.apache.http.conn.HttpHostConnectException,"Non HTTP response message: Connect to localhost:8001 [localhost/127.0.0.1, localhost/0:0:0:0:0:0:0:1] failed: Connection refused",Login Load Test 1-51,text,false,"Test failed: code expected to equal /

****** received  : [[[Non HTTP response code: org.apache.http.conn.HttpHostConnectException]]]

****** comparison: [[[200                                                                  ]]]

/",2623,0,99,128,http://localhost:8001/auth/login,0,0,5002
1777162245370,5001,POST /auth/login,Non HTTP response code: org.apache.http.conn.HttpHostConnectException,"Non HTTP response message: Connect to localhost:8001 [localhost/127.0.0.1, localhost/0:0:0:0:0:0:0:1] failed: Connection refused",Login Load Test 1-68,text,false,"Test failed: code expected to equal /

****** received  : [[[Non HTTP response code: org.apache.http.conn.HttpHostConnectException]]]

****** comparison: [[[200                                                                  ]]]

/",2623,0,99,128,http://localhost:8001/auth/login,0,0,5001
1777162245390,5001,Login for Token,Non HTTP response code: org.apache.http.conn.HttpHostConnectException,"Non HTTP response message: Connect to localhost:8001 [localhost/127.0.0.1, localhost/0:0:0:0:0:0:0:1] failed: Connection refused",Review Submission Load Test 3-68,text,false,,2623,0,29,128,http://localhost:8001/auth/login,0,0,5001
1777162250391,1,POST /reviews/,401,Unauthorized,Review Submission Load Test 3-68,text,false,,204,299,29,128,http://localhost:8004/reviews/,1,0,1
1777162245466,5002,POST /auth/login,Non HTTP response code: org.apache.http.conn.HttpHostConnectException,"Non HTTP response message: Connect to localhost:8001 [localhost/127.0.0.1, localhost/0:0:0:0:0:0:0:1] failed: Connection refused",Login Load Test 1-85,text,false,"Test failed: code expected to equal /

****** received  : [[[Non HTTP response code: org.apache.http.conn.HttpHostConnectException]]]

****** comparison: [[[200                                                                  ]]]

/",2623,0,99,127,http://localhost:8001/auth/login,0,0,5002
1777162245471,5001,POST /auth/login,Non HTTP response code: org.apache.http.conn.HttpHostConnectException,"Non HTTP response message: Connect to localhost:8001 [localhost/127.0.0.1, localhost/0:0:0:0:0:0:0:1] failed: Connection refused",Login Load Test 1-35,text,false,"Test failed: code expected to equal /

****** received  : [[[Non HTTP response code: org.apache.http.conn.HttpHostConnectException]]]

****** comparison: [[[200                                                                  ]]]

/",2623,0,99,127,http://localhost:8001/auth/login,0,0,5001
1777162245517,5001,Login for Token,Non HTTP response code: org.apache.http.conn.HttpHostConnectException,"Non HTTP response message: Connect to localhost:8001 [localhost/127.0.0.1, localhost/0:0:0:0:0:0:0:1] failed: Connection refused",Review Submission Load Test 3-85,text,false,,2623,0,28,127,http://localhost:8001/auth/login,0,0,5001
1777162250518,1,POST /reviews/,401,Unauthorized,Review Submission Load Test 3-85,text,false,,204,299,28,127,http://localhost:8004/reviews/,1,0,1
1777162245518,5002,Login for Token,Non HTTP response code: org.apache.http.conn.HttpHostConnectException,"Non HTTP response message: Connect to localhost:8001 [localhost/127.0.0.1, localhost/0:0:0:0:0:0:0:1] failed: Connection refused",Review Submission Load Test 3-84,text,false,,2623,0,28,127,http://localhost:8001/auth/login,0,0,5001
1777162250520,0,POST /reviews/,401,Unauthorized,Review Submission Load Test 3-84,text,false,,204,299,28,127,http://localhost:8004/reviews/,0,0,0
1777162245571,5001,POST /auth/login,Non HTTP response code: org.apache.http.conn.HttpHostConnectException,"Non HTTP response message: Connect to localhost:8001 [localhost/127.0.0.1, localhost/0:0:0:0:0:0:0:1] failed: Connection refused",Login Load Test 1-52,text,false,"Test failed: code expected to equal /

****** received  : [[[Non HTTP response code: org.apache.http.conn.HttpHostConnectException]]]

****** comparison: [[[200                                                                  ]]]

/",2623,0,99,127,http://localhost:8001/auth/login,0,0,5001
1777162245821,4819,POST /auth/login,200,OK,Login Load Test 1-16,text,true,,316,243,99,127,http://localhost:8001/auth/login,4819,0,0
1777162245821,4819,POST /auth/login,200,OK,Login Load Test 1-11,text,true,,316,243,99,127,http://localhost:8001/auth/login,4819,0,0
1777162245821,4819,POST /auth/login,200,OK,Login Load Test 1-8,text,true,,316,243,99,127,http://localhost:8001/auth/login,4819,0,0
1777162245821,4819,POST /auth/login,200,OK,Login Load Test 1-5,text,true,,316,243,99,127,http://localhost:8001/auth/login,4819,0,0
1777162245689,5001,Login for Token,Non HTTP response code: org.apache.http.conn.HttpHostConnectException,"Non HTTP response message: Connect to localhost:8001 [localhost/127.0.0.1, localhost/0:0:0:0:0:0:0:1] failed: Connection refused",Review Submission Load Test 3-69,text,false,,2623,0,28,127,http://localhost:8001/auth/login,0,0,5001
1777162250690,1,POST /reviews/,401,Unauthorized,Review Submission Load Test 3-69,text,false,,204,299,28,127,http://localhost:8004/reviews/,1,0,1
1777162245768,5001,POST /auth/login,Non HTTP response code: org.apache.http.conn.HttpHostConnectException,"Non HTTP response message: Connect to localhost:8001 [localhost/127.0.0.1, localhost/0:0:0:0:0:0:0:1] failed: Connection refused",Login Load Test 1-36,text,false,"Test failed: code expected to equal /

****** received  : [[[Non HTTP response code: org.apache.http.conn.HttpHostConnectException]]]

****** comparison: [[[200                                                                  ]]]

/",2623,0,99,126,http://localhost:8001/auth/login,0,0,5001
1777162245768,5001,POST /auth/login,Non HTTP response code: org.apache.http.conn.HttpHostConnectException,"Non HTTP response message: Connect to localhost:8001 [localhost/127.0.0.1, localhost/0:0:0:0:0:0:0:1] failed: Connection refused",Login Load Test 1-86,text,false,"Test failed: code expected to equal /

****** received  : [[[Non HTTP response code: org.apache.http.conn.HttpHostConnectException]]]

****** comparison: [[[200                                                                  ]]]

/",2623,0,99,126,http://localhost:8001/auth/login,0,0,5001
1777162245866,5001,POST /auth/login,Non HTTP response code: org.apache.http.conn.HttpHostConnectException,"Non HTTP response message: Connect to localhost:8001 [localhost/127.0.0.1, localhost/0:0:0:0:0:0:0:1] failed: Connection refused",Login Load Test 1-53,text,false,"Test failed: code expected to equal /

****** received  : [[[Non HTTP response code: org.apache.http.conn.HttpHostConnectException]]]

****** comparison: [[[200                                                                  ]]]

/",2623,0,99,126,http://localhost:8001/auth/login,0,0,5001
1777162240664,10214,POST /auth/login,Non HTTP response code: java.net.SocketTimeoutException,Non HTTP response message: Read timed out,Login Load Test 1-69,text,false,"Test failed: code expected to equal /

****** received  : [[[Non HTTP response code: java.net.SocketTimeoutException]]]

****** comparison: [[[200                                                    ]]]

/",2679,0,99,126,http://localhost:8001/auth/login,0,0,213
1777162240786,10094,Login for Token,Non HTTP response code: java.net.SocketTimeoutException,Non HTTP response message: Read timed out,Review Submission Load Test 3-86,text,false,,2679,0,27,126,http://localhost:8001/auth/login,0,0,93
1777162250880,0,POST /reviews/,401,Unauthorized,Review Submission Load Test 3-86,text,false,,204,299,27,126,http://localhost:8004/reviews/,0,0,0
1777162245968,5000,POST /auth/login,Non HTTP response code: org.apache.http.conn.HttpHostConnectException,"Non HTTP response message: Connect to localhost:8001 [localhost/127.0.0.1, localhost/0:0:0:0:0:0:0:1] failed: Connection refused",Login Load Test 1-20,text,false,"Test failed: code expected to equal /

****** received  : [[[Non HTTP response code: org.apache.http.conn.HttpHostConnectException]]]

****** comparison: [[[200                                                                  ]]]

/",2623,0,99,126,http://localhost:8001/auth/login,0,0,5000
1777162245970,5001,POST /auth/login,Non HTTP response code: org.apache.http.conn.HttpHostConnectException,"Non HTTP response message: Connect to localhost:8001 [localhost/127.0.0.1, localhost/0:0:0:0:0:0:0:1] failed: Connection refused",Login Load Test 1-70,text,false,"Test failed: code expected to equal /

****** received  : [[[Non HTTP response code: org.apache.http.conn.HttpHostConnectException]]]

****** comparison: [[[200                                                                  ]]]

/",2623,0,99,126,http://localhost:8001/auth/login,0,0,5001
1777162246069,5002,POST /auth/login,Non HTTP response code: org.apache.http.conn.HttpHostConnectException,"Non HTTP response message: Connect to localhost:8001 [localhost/127.0.0.1, localhost/0:0:0:0:0:0:0:1] failed: Connection refused",Login Load Test 1-37,text,false,"Test failed: code expected to equal /

****** received  : [[[Non HTTP response code: org.apache.http.conn.HttpHostConnectException]]]

****** comparison: [[[200                                                                  ]]]

/",2623,0,99,126,http://localhost:8001/auth/login,0,0,5002
1777162246069,5002,POST /auth/login,Non HTTP response code: org.apache.http.conn.HttpHostConnectException,"Non HTTP response message: Connect to localhost:8001 [localhost/127.0.0.1, localhost/0:0:0:0:0:0:0:1] failed: Connection refused",Login Load Test 1-87,text,false,"Test failed: code expected to equal /

****** received  : [[[Non HTTP response code: org.apache.http.conn.HttpHostConnectException]]]

****** comparison: [[[200                                                                  ]]]

/",2623,0,99,126,http://localhost:8001/auth/login,0,0,5002
1777162246090,5001,Login for Token,Non HTTP response code: org.apache.http.conn.HttpHostConnectException,"Non HTTP response message: Connect to localhost:8001 [localhost/127.0.0.1, localhost/0:0:0:0:0:0:0:1] failed: Connection refused",Review Submission Load Test 3-87,text,false,,2623,0,27,126,http://localhost:8001/auth/login,0,0,5001
1777162251091,0,POST /reviews/,401,Unauthorized,Review Submission Load Test 3-87,text,false,,204,299,27,126,http://localhost:8004/reviews/,0,0,0
1777162246316,4828,POST /auth/login,200,OK,Login Load Test 1-17,text,true,,316,243,99,125,http://localhost:8001/auth/login,4828,0,0
1777162246316,4828,POST /auth/login,200,OK,Login Load Test 1-6,text,true,,316,243,99,125,http://localhost:8001/auth/login,4828,0,0
1777162246316,4828,POST /auth/login,200,OK,Login Load Test 1-10,text,true,,316,243,99,125,http://localhost:8001/auth/login,4828,0,0
1777162246170,5001,POST /auth/login,Non HTTP response code: org.apache.http.conn.HttpHostConnectException,"Non HTTP response message: Connect to localhost:8001 [localhost/127.0.0.1, localhost/0:0:0:0:0:0:0:1] failed: Connection refused",Login Load Test 1-54,text,false,"Test failed: code expected to equal /

****** received  : [[[Non HTTP response code: org.apache.http.conn.HttpHostConnectException]]]

****** comparison: [[[200                                                                  ]]]

/",2623,0,99,125,http://localhost:8001/auth/login,0,0,5001
1777162246264,5002,POST /auth/login,Non HTTP response code: org.apache.http.conn.HttpHostConnectException,"Non HTTP response message: Connect to localhost:8001 [localhost/127.0.0.1, localhost/0:0:0:0:0:0:0:1] failed: Connection refused",Login Load Test 1-71,text,false,"Test failed: code expected to equal /

****** received  : [[[Non HTTP response code: org.apache.http.conn.HttpHostConnectException]]]

****** comparison: [[[200                                                                  ]]]

/",2623,0,99,125,http://localhost:8001/auth/login,0,0,5002
1777162246271,5001,POST /auth/login,Non HTTP response code: org.apache.http.conn.HttpHostConnectException,"Non HTTP response message: Connect to localhost:8001 [localhost/127.0.0.1, localhost/0:0:0:0:0:0:0:1] failed: Connection refused",Login Load Test 1-21,text,false,"Test failed: code expected to equal /

****** received  : [[[Non HTTP response code: org.apache.http.conn.HttpHostConnectException]]]

****** comparison: [[[200                                                                  ]]]

/",2623,0,99,125,http://localhost:8001/auth/login,0,0,5001
1777162246340,5001,Login for Token,Non HTTP response code: org.apache.http.conn.HttpHostConnectException,"Non HTTP response message: Connect to localhost:8001 [localhost/127.0.0.1, localhost/0:0:0:0:0:0:0:1] failed: Connection refused",Review Submission Load Test 3-54,text,false,,2623,0,26,125,http://localhost:8001/auth/login,0,0,5001
1777162251341,1,POST /reviews/,401,Unauthorized,Review Submission Load Test 3-54,text,false,,204,299,26,125,http://localhost:8004/reviews/,1,0,0
1777162241367,10001,POST /auth/login,Non HTTP response code: java.net.SocketTimeoutException,Non HTTP response message: Read timed out,Login Load Test 1-88,text,false,"Test failed: code expected to equal /

****** received  : [[[Non HTTP response code: java.net.SocketTimeoutException]]]

****** comparison: [[[200                                                    ]]]

/",2679,0,99,124,http://localhost:8001/auth/login,0,0,0
1777162246370,5001,POST /auth/login,Non HTTP response code: org.apache.http.conn.HttpHostConnectException,"Non HTTP response message: Connect to localhost:8001 [localhost/127.0.0.1, localhost/0:0:0:0:0:0:0:1] failed: Connection refused",Login Load Test 1-38,text,false,"Test failed: code expected to equal /

****** received  : [[[Non HTTP response code: org.apache.http.conn.HttpHostConnectException]]]

****** comparison: [[[200                                                                  ]]]

/",2623,0,99,124,http://localhost:8001/auth/login,0,0,5001
1777162246388,5001,Login for Token,Non HTTP response code: org.apache.http.conn.HttpHostConnectException,"Non HTTP response message: Connect to localhost:8001 [localhost/127.0.0.1, localhost/0:0:0:0:0:0:0:1] failed: Connection refused",Review Submission Load Test 3-88,text,false,,2623,0,25,124,http://localhost:8001/auth/login,0,0,5001
1777162251389,1,POST /reviews/,401,Unauthorized,Review Submission Load Test 3-88,text,false,,204,299,25,124,http://localhost:8004/reviews/,1,0,0
1777162246470,5002,POST /auth/login,Non HTTP response code: org.apache.http.conn.HttpHostConnectException,"Non HTTP response message: Connect to localhost:8001 [localhost/127.0.0.1, localhost/0:0:0:0:0:0:0:1] failed: Connection refused",Login Load Test 1-55,text,false,"Test failed: code expected to equal /

****** received  : [[[Non HTTP response code: org.apache.http.conn.HttpHostConnectException]]]

****** comparison: [[[200                                                                  ]]]

/",2623,0,99,123,http://localhost:8001/auth/login,0,0,5002
1777162246591,5001,Login for Token,Non HTTP response code: org.apache.http.conn.HttpHostConnectException,"Non HTTP response message: Connect to localhost:8001 [localhost/127.0.0.1, localhost/0:0:0:0:0:0:0:1] failed: Connection refused",Review Submission Load Test 3-72,text,false,,2623,0,24,123,http://localhost:8001/auth/login,0,0,5001
1777162251593,1,POST /reviews/,401,Unauthorized,Review Submission Load Test 3-72,text,false,,204,299,24,123,http://localhost:8004/reviews/,1,0,0
1777162246668,5001,POST /auth/login,Non HTTP response code: org.apache.http.conn.HttpHostConnectException,"Non HTTP response message: Connect to localhost:8001 [localhost/127.0.0.1, localhost/0:0:0:0:0:0:0:1] failed: Connection refused",Login Load Test 1-89,text,false,"Test failed: code expected to equal /

****** received  : [[[Non HTTP response code: org.apache.http.conn.HttpHostConnectException]]]

****** comparison: [[[200                                                                  ]]]

/",2623,0,99,122,http://localhost:8001/auth/login,0,0,5001
1777162246691,5001,Login for Token,Non HTTP response code: org.apache.http.conn.HttpHostConnectException,"Non HTTP response message: Connect to localhost:8001 [localhost/127.0.0.1, localhost/0:0:0:0:0:0:0:1] failed: Connection refused",Review Submission Load Test 3-89,text,false,,2623,0,23,122,http://localhost:8001/auth/login,0,0,5001
1777162251692,1,POST /reviews/,401,Unauthorized,Review Submission Load Test 3-89,text,false,,204,299,23,122,http://localhost:8004/reviews/,1,0,1
1777162241669,10032,POST /auth/login,Non HTTP response code: java.net.SocketTimeoutException,Non HTTP response message: Read timed out,Login Load Test 1-39,text,false,"Test failed: code expected to equal /

****** received  : [[[Non HTTP response code: java.net.SocketTimeoutException]]]

****** comparison: [[[200                                                    ]]]

/",2679,0,99,121,http://localhost:8001/auth/login,0,0,31
1777162246865,5001,POST /auth/login,Non HTTP response code: org.apache.http.conn.HttpHostConnectException,"Non HTTP response message: Connect to localhost:8001 [localhost/127.0.0.1, localhost/0:0:0:0:0:0:0:1] failed: Connection refused",Login Load Test 1-73,text,false,"Test failed: code expected to equal /

****** received  : [[[Non HTTP response code: org.apache.http.conn.HttpHostConnectException]]]

****** comparison: [[[200                                                                  ]]]

/",2623,0,99,121,http://localhost:8001/auth/login,0,0,5001
1777162246871,5002,POST /auth/login,Non HTTP response code: org.apache.http.conn.HttpHostConnectException,"Non HTTP response message: Connect to localhost:8001 [localhost/127.0.0.1, localhost/0:0:0:0:0:0:0:1] failed: Connection refused",Login Load Test 1-23,text,false,"Test failed: code expected to equal /

****** received  : [[[Non HTTP response code: org.apache.http.conn.HttpHostConnectException]]]

****** comparison: [[[200                                                                  ]]]

/",2623,0,99,121,http://localhost:8001/auth/login,0,0,5002
1777162246968,5001,POST /auth/login,Non HTTP response code: org.apache.http.conn.HttpHostConnectException,"Non HTTP response message: Connect to localhost:8001 [localhost/127.0.0.1, localhost/0:0:0:0:0:0:0:1] failed: Connection refused",Login Load Test 1-90,text,false,"Test failed: code expected to equal /

****** received  : [[[Non HTTP response code: org.apache.http.conn.HttpHostConnectException]]]

****** comparison: [[[200                                                                  ]]]

/",2623,0,99,121,http://localhost:8001/auth/login,0,0,5001
1777162247030,5001,POST /auth/login,Non HTTP response code: org.apache.http.conn.HttpHostConnectException,"Non HTTP response message: Connect to localhost:8001 [localhost/127.0.0.1, localhost/0:0:0:0:0:0:0:1] failed: Connection refused",Login Load Test 1-40,text,false,"Test failed: code expected to equal /

****** received  : [[[Non HTTP response code: org.apache.http.conn.HttpHostConnectException]]]

****** comparison: [[[200                                                                  ]]]

/",2623,0,99,121,http://localhost:8001/auth/login,0,0,5001
1777162247070,5001,POST /auth/login,Non HTTP response code: org.apache.http.conn.HttpHostConnectException,"Non HTTP response message: Connect to localhost:8001 [localhost/127.0.0.1, localhost/0:0:0:0:0:0:0:1] failed: Connection refused",Login Load Test 1-57,text,false,"Test failed: code expected to equal /

****** received  : [[[Non HTTP response code: org.apache.http.conn.HttpHostConnectException]]]

****** comparison: [[[200                                                                  ]]]

/",2623,0,99,121,http://localhost:8001/auth/login,0,0,5001
1777162247139,4996,POST /auth/login,200,OK,Login Load Test 1-2,text,true,,316,243,99,121,http://localhost:8001/auth/login,4996,0,0
1777162247166,5001,POST /auth/login,Non HTTP response code: org.apache.http.conn.HttpHostConnectException,"Non HTTP response message: Connect to localhost:8001 [localhost/127.0.0.1, localhost/0:0:0:0:0:0:0:1] failed: Connection refused",Login Load Test 1-74,text,false,"Test failed: code expected to equal /

****** received  : [[[Non HTTP response code: org.apache.http.conn.HttpHostConnectException]]]

****** comparison: [[[200                                                                  ]]]

/",2623,0,98,120,http://localhost:8001/auth/login,0,0,5001
1777162247170,5001,POST /auth/login,Non HTTP response code: org.apache.http.conn.HttpHostConnectException,"Non HTTP response message: Connect to localhost:8001 [localhost/127.0.0.1, localhost/0:0:0:0:0:0:0:1] failed: Connection refused",Login Load Test 1-24,text,false,"Test failed: code expected to equal /

****** received  : [[[Non HTTP response code: org.apache.http.conn.HttpHostConnectException]]]

****** comparison: [[[200                                                                  ]]]

/",2623,0,98,120,http://localhost:8001/auth/login,0,0,5001
1777162242190,10002,Login for Token,Non HTTP response code: java.net.SocketTimeoutException,Non HTTP response message: Read timed out,Review Submission Load Test 3-74,text,false,,2679,0,22,120,http://localhost:8001/auth/login,0,0,0
1777162252192,0,POST /reviews/,401,Unauthorized,Review Submission Load Test 3-74,text,false,,204,299,22,120,http://localhost:8004/reviews/,0,0,0
1777162247269,5001,POST /auth/login,Non HTTP response code: org.apache.http.conn.HttpHostConnectException,"Non HTTP response message: Connect to localhost:8001 [localhost/127.0.0.1, localhost/0:0:0:0:0:0:0:1] failed: Connection refused",Login Load Test 1-41,text,false,"Test failed: code expected to equal /

****** received  : [[[Non HTTP response code: org.apache.http.conn.HttpHostConnectException]]]

****** comparison: [[[200                                                                  ]]]

/",2623,0,98,119,http://localhost:8001/auth/login,0,0,5001
1777162247269,5001,POST /auth/login,Non HTTP response code: org.apache.http.conn.HttpHostConnectException,"Non HTTP response message: Connect to localhost:8001 [localhost/127.0.0.1, localhost/0:0:0:0:0:0:0:1] failed: Connection refused",Login Load Test 1-91,text,false,"Test failed: code expected to equal /

****** received  : [[[Non HTTP response code: org.apache.http.conn.HttpHostConnectException]]]

****** comparison: [[[200                                                                  ]]]

/",2623,0,98,119,http://localhost:8001/auth/login,0,0,5001
1777162247290,5001,Login for Token,Non HTTP response code: org.apache.http.conn.HttpHostConnectException,"Non HTTP response message: Connect to localhost:8001 [localhost/127.0.0.1, localhost/0:0:0:0:0:0:0:1] failed: Connection refused",Review Submission Load Test 3-91,text,false,,2623,0,21,119,http://localhost:8001/auth/login,0,0,5001
1777162252292,0,POST /reviews/,401,Unauthorized,Review Submission Load Test 3-91,text,false,,204,299,21,119,http://localhost:8004/reviews/,0,0,0
1777162247325,5001,Login for Token,Non HTTP response code: org.apache.http.conn.HttpHostConnectException,"Non HTTP response message: Connect to localhost:8001 [localhost/127.0.0.1, localhost/0:0:0:0:0:0:0:1] failed: Connection refused",Review Submission Load Test 3-90,text,false,,2623,0,20,118,http://localhost:8001/auth/login,0,0,5001
1777162252326,0,POST /reviews/,401,Unauthorized,Review Submission Load Test 3-90,text,false,,204,299,20,118,http://localhost:8004/reviews/,0,0,0
1777162247367,5002,POST /auth/login,Non HTTP response code: org.apache.http.conn.HttpHostConnectException,"Non HTTP response message: Connect to localhost:8001 [localhost/127.0.0.1, localhost/0:0:0:0:0:0:0:1] failed: Connection refused",Login Load Test 1-58,text,false,"Test failed: code expected to equal /

****** received  : [[[Non HTTP response code: org.apache.http.conn.HttpHostConnectException]]]

****** comparison: [[[200                                                                  ]]]

/",2623,0,98,118,http://localhost:8001/auth/login,0,0,5002
1777162247569,5001,POST /auth/login,Non HTTP response code: org.apache.http.conn.HttpHostConnectException,"Non HTTP response message: Connect to localhost:8001 [localhost/127.0.0.1, localhost/0:0:0:0:0:0:0:1] failed: Connection refused",Login Load Test 1-92,text,false,"Test failed: code expected to equal /

****** received  : [[[Non HTTP response code: org.apache.http.conn.HttpHostConnectException]]]

****** comparison: [[[200                                                                  ]]]

/",2623,0,98,118,http://localhost:8001/auth/login,0,0,5001
1777162247571,5000,POST /auth/login,Non HTTP response code: org.apache.http.conn.HttpHostConnectException,"Non HTTP response message: Connect to localhost:8001 [localhost/127.0.0.1, localhost/0:0:0:0:0:0:0:1] failed: Connection refused",Login Load Test 1-42,text,false,"Test failed: code expected to equal /

****** received  : [[[Non HTTP response code: org.apache.http.conn.HttpHostConnectException]]]

****** comparison: [[[200                                                                  ]]]

/",2623,0,98,118,http://localhost:8001/auth/login,0,0,5000
1777162247589,5001,Login for Token,Non HTTP response code: org.apache.http.conn.HttpHostConnectException,"Non HTTP response message: Connect to localhost:8001 [localhost/127.0.0.1, localhost/0:0:0:0:0:0:0:1] failed: Connection refused",Review Submission Load Test 3-92,text,false,,2623,0,20,118,http://localhost:8001/auth/login,0,0,5001
1777162252591,0,POST /reviews/,401,Unauthorized,Review Submission Load Test 3-92,text,false,,204,299,20,118,http://localhost:8004/reviews/,0,0,0
1777162247666,5002,POST /auth/login,Non HTTP response code: org.apache.http.conn.HttpHostConnectException,"Non HTTP response message: Connect to localhost:8001 [localhost/127.0.0.1, localhost/0:0:0:0:0:0:0:1] failed: Connection refused",Login Load Test 1-59,text,false,"Test failed: code expected to equal /

****** received  : [[[Non HTTP response code: org.apache.http.conn.HttpHostConnectException]]]

****** comparison: [[[200                                                                  ]]]

/",2623,0,98,117,http://localhost:8001/auth/login,0,0,5002
1777162242690,10001,Login for Token,Non HTTP response code: java.net.SocketTimeoutException,Non HTTP response message: Read timed out,Review Submission Load Test 3-59,text,false,,2679,0,19,117,http://localhost:8001/auth/login,0,0,0
1777162252691,1,POST /reviews/,401,Unauthorized,Review Submission Load Test 3-59,text,false,,204,299,19,117,http://localhost:8004/reviews/,1,0,0
1777162247802,5014,POST /auth/login,200,OK,Login Load Test 1-18,text,true,,316,243,98,116,http://localhost:8001/auth/login,5014,0,0
1777162247802,5014,POST /auth/login,200,OK,Login Load Test 1-19,text,true,,316,243,98,116,http://localhost:8001/auth/login,5014,0,0
1777162247802,5014,POST /auth/login,200,OK,Login Load Test 1-12,text,true,,316,243,98,116,http://localhost:8001/auth/login,5014,0,0
1777162247802,5014,POST /auth/login,200,OK,Login Load Test 1-7,text,true,,316,243,98,116,http://localhost:8001/auth/login,5014,0,0
1777162247823,5001,POST /auth/login,Non HTTP response code: org.apache.http.conn.HttpHostConnectException,"Non HTTP response message: Connect to localhost:8001 [localhost/127.0.0.1, localhost/0:0:0:0:0:0:0:1] failed: Connection refused",Login Load Test 1-56,text,false,"Test failed: code expected to equal /

****** received  : [[[Non HTTP response code: org.apache.http.conn.HttpHostConnectException]]]

****** comparison: [[[200                                                                  ]]]

/",2623,0,98,116,http://localhost:8001/auth/login,0,0,5001
1777162247830,5001,POST /auth/login,Non HTTP response code: org.apache.http.conn.HttpHostConnectException,"Non HTTP response message: Connect to localhost:8001 [localhost/127.0.0.1, localhost/0:0:0:0:0:0:0:1] failed: Connection refused",Login Load Test 1-26,text,false,"Test failed: code expected to equal /

****** received  : [[[Non HTTP response code: org.apache.http.conn.HttpHostConnectException]]]

****** comparison: [[[200                                                                  ]]]

/",2623,0,98,116,http://localhost:8001/auth/login,0,0,5001
1777162242768,10093,POST /auth/login,Non HTTP response code: java.net.SocketTimeoutException,Non HTTP response message: Read timed out,Login Load Test 1-76,text,false,"Test failed: code expected to equal /

****** received  : [[[Non HTTP response code: java.net.SocketTimeoutException]]]

****** comparison: [[[200                                                    ]]]

/",2679,0,98,116,http://localhost:8001/auth/login,0,0,93
1777162247869,5001,POST /auth/login,Non HTTP response code: org.apache.http.conn.HttpHostConnectException,"Non HTTP response message: Connect to localhost:8001 [localhost/127.0.0.1, localhost/0:0:0:0:0:0:0:1] failed: Connection refused",Login Load Test 1-93,text,false,"Test failed: code expected to equal /

****** received  : [[[Non HTTP response code: org.apache.http.conn.HttpHostConnectException]]]

****** comparison: [[[200                                                                  ]]]

/",2623,0,98,116,http://localhost:8001/auth/login,0,0,5001
1777162247869,5001,POST /auth/login,Non HTTP response code: org.apache.http.conn.HttpHostConnectException,"Non HTTP response message: Connect to localhost:8001 [localhost/127.0.0.1, localhost/0:0:0:0:0:0:0:1] failed: Connection refused",Login Load Test 1-43,text,false,"Test failed: code expected to equal /

****** received  : [[[Non HTTP response code: org.apache.http.conn.HttpHostConnectException]]]

****** comparison: [[[200                                                                  ]]]

/",2623,0,98,116,http://localhost:8001/auth/login,0,0,5001
1777162247890,5001,Login for Token,Non HTTP response code: org.apache.http.conn.HttpHostConnectException,"Non HTTP response message: Connect to localhost:8001 [localhost/127.0.0.1, localhost/0:0:0:0:0:0:0:1] failed: Connection refused",Review Submission Load Test 3-93,text,false,,2623,0,18,116,http://localhost:8001/auth/login,0,0,5001
1777162252891,1,POST /reviews/,401,Unauthorized,Review Submission Load Test 3-93,text,false,,204,299,18,116,http://localhost:8004/reviews/,1,0,0
1777162247969,5001,POST /auth/login,Non HTTP response code: org.apache.http.conn.HttpHostConnectException,"Non HTTP response message: Connect to localhost:8001 [localhost/127.0.0.1, localhost/0:0:0:0:0:0:0:1] failed: Connection refused",Login Load Test 1-60,text,false,"Test failed: code expected to equal /

****** received  : [[[Non HTTP response code: org.apache.http.conn.HttpHostConnectException]]]

****** comparison: [[[200                                                                  ]]]

/",2623,0,98,115,http://localhost:8001/auth/login,0,0,5001
1777162248070,5001,POST /auth/login,Non HTTP response code: org.apache.http.conn.HttpHostConnectException,"Non HTTP response message: Connect to localhost:8001 [localhost/127.0.0.1, localhost/0:0:0:0:0:0:0:1] failed: Connection refused",Login Load Test 1-27,text,false,"Test failed: code expected to equal /

****** received  : [[[Non HTTP response code: org.apache.http.conn.HttpHostConnectException]]]

****** comparison: [[[200                                                                  ]]]

/",2623,0,98,115,http://localhost:8001/auth/login,0,0,5001
1777162248070,5001,POST /auth/login,Non HTTP response code: org.apache.http.conn.HttpHostConnectException,"Non HTTP response message: Connect to localhost:8001 [localhost/127.0.0.1, localhost/0:0:0:0:0:0:0:1] failed: Connection refused",Login Load Test 1-77,text,false,"Test failed: code expected to equal /

****** received  : [[[Non HTTP response code: org.apache.http.conn.HttpHostConnectException]]]

****** comparison: [[[200                                                                  ]]]

/",2623,0,98,115,http://localhost:8001/auth/login,0,0,5001
1777162248167,5001,POST /auth/login,Non HTTP response code: org.apache.http.conn.HttpHostConnectException,"Non HTTP response message: Connect to localhost:8001 [localhost/127.0.0.1, localhost/0:0:0:0:0:0:0:1] failed: Connection refused",Login Load Test 1-44,text,false,"Test failed: code expected to equal /

****** received  : [[[Non HTTP response code: org.apache.http.conn.HttpHostConnectException]]]

****** comparison: [[[200                                                                  ]]]

/",2623,0,98,115,http://localhost:8001/auth/login,0,0,5001
1777162248169,5001,POST /auth/login,Non HTTP response code: org.apache.http.conn.HttpHostConnectException,"Non HTTP response message: Connect to localhost:8001 [localhost/127.0.0.1, localhost/0:0:0:0:0:0:0:1] failed: Connection refused",Login Load Test 1-94,text,false,"Test failed: code expected to equal /

****** received  : [[[Non HTTP response code: org.apache.http.conn.HttpHostConnectException]]]

****** comparison: [[[200                                                                  ]]]

/",2623,0,98,115,http://localhost:8001/auth/login,0,0,5001
1777162248188,5000,Login for Token,Non HTTP response code: org.apache.http.conn.HttpHostConnectException,"Non HTTP response message: Connect to localhost:8001 [localhost/127.0.0.1, localhost/0:0:0:0:0:0:0:1] failed: Connection refused",Review Submission Load Test 3-94,text,false,,2623,0,17,115,http://localhost:8001/auth/login,0,0,5000
1777162253188,1,POST /reviews/,401,Unauthorized,Review Submission Load Test 3-94,text,false,,204,299,17,115,http://localhost:8004/reviews/,1,0,0
1777162248270,5001,POST /auth/login,Non HTTP response code: org.apache.http.conn.HttpHostConnectException,"Non HTTP response message: Connect to localhost:8001 [localhost/127.0.0.1, localhost/0:0:0:0:0:0:0:1] failed: Connection refused",Login Load Test 1-61,text,false,"Test failed: code expected to equal /

****** received  : [[[Non HTTP response code: org.apache.http.conn.HttpHostConnectException]]]

****** comparison: [[[200                                                                  ]]]

/",2623,0,98,114,http://localhost:8001/auth/login,0,0,5001
1777162248359,5001,Login for Token,Non HTTP response code: org.apache.http.conn.HttpHostConnectException,"Non HTTP response message: Connect to localhost:8001 [localhost/127.0.0.1, localhost/0:0:0:0:0:0:0:1] failed: Connection refused",Review Submission Load Test 3-76,text,false,,2623,0,16,114,http://localhost:8001/auth/login,0,0,5001
1777162253361,0,POST /reviews/,401,Unauthorized,Review Submission Load Test 3-76,text,false,,204,299,16,114,http://localhost:8004/reviews/,0,0,0
1777162248365,5001,POST /auth/login,Non HTTP response code: org.apache.http.conn.HttpHostConnectException,"Non HTTP response message: Connect to localhost:8001 [localhost/127.0.0.1, localhost/0:0:0:0:0:0:0:1] failed: Connection refused",Login Load Test 1-78,text,false,"Test failed: code expected to equal /

****** received  : [[[Non HTTP response code: org.apache.http.conn.HttpHostConnectException]]]

****** comparison: [[[200                                                                  ]]]

/",2623,0,98,113,http://localhost:8001/auth/login,0,0,5001
1777162248371,5001,POST /auth/login,Non HTTP response code: org.apache.http.conn.HttpHostConnectException,"Non HTTP response message: Connect to localhost:8001 [localhost/127.0.0.1, localhost/0:0:0:0:0:0:0:1] failed: Connection refused",Login Load Test 1-28,text,false,"Test failed: code expected to equal /

****** received  : [[[Non HTTP response code: org.apache.http.conn.HttpHostConnectException]]]

****** comparison: [[[200                                                                  ]]]

/",2623,0,98,113,http://localhost:8001/auth/login,0,0,5001
1777162248469,5001,POST /auth/login,Non HTTP response code: org.apache.http.conn.HttpHostConnectException,"Non HTTP response message: Connect to localhost:8001 [localhost/127.0.0.1, localhost/0:0:0:0:0:0:0:1] failed: Connection refused",Login Load Test 1-95,text,false,"Test failed: code expected to equal /

****** received  : [[[Non HTTP response code: org.apache.http.conn.HttpHostConnectException]]]

****** comparison: [[[200                                                                  ]]]

/",2623,0,98,113,http://localhost:8001/auth/login,0,0,5001
1777162248489,5001,Login for Token,Non HTTP response code: org.apache.http.conn.HttpHostConnectException,"Non HTTP response message: Connect to localhost:8001 [localhost/127.0.0.1, localhost/0:0:0:0:0:0:0:1] failed: Connection refused",Review Submission Load Test 3-95,text,false,,2623,0,15,113,http://localhost:8001/auth/login,0,0,5001
1777162253490,1,POST /reviews/,401,Unauthorized,Review Submission Load Test 3-95,text,false,,204,299,15,113,http://localhost:8004/reviews/,1,0,0
1777162248565,5000,POST /auth/login,Non HTTP response code: org.apache.http.conn.HttpHostConnectException,"Non HTTP response message: Connect to localhost:8001 [localhost/127.0.0.1, localhost/0:0:0:0:0:0:0:1] failed: Connection refused",Login Load Test 1-62,text,false,"Test failed: code expected to equal /

****** received  : [[[Non HTTP response code: org.apache.http.conn.HttpHostConnectException]]]

****** comparison: [[[200                                                                  ]]]

/",2623,0,98,112,http://localhost:8001/auth/login,0,0,5000
1777162248794,5042,POST /auth/login,200,OK,Login Load Test 1-13,text,true,,316,243,98,112,http://localhost:8001/auth/login,5042,0,0
1777162248794,5042,POST /auth/login,200,OK,Login Load Test 1-14,text,true,,316,243,98,112,http://localhost:8001/auth/login,5042,0,0
1777162248971,5001,POST /auth/login,Non HTTP response code: org.apache.http.conn.HttpHostConnectException,"Non HTTP response message: Connect to localhost:8001 [localhost/127.0.0.1, localhost/0:0:0:0:0:0:0:1] failed: Connection refused",Login Load Test 1-80,text,false,"Test failed: code expected to equal /

****** received  : [[[Non HTTP response code: org.apache.http.conn.HttpHostConnectException]]]

****** comparison: [[[200                                                                  ]]]

/",2623,0,98,112,http://localhost:8001/auth/login,0,0,5001
1777162248972,5000,POST /auth/login,Non HTTP response code: org.apache.http.conn.HttpHostConnectException,"Non HTTP response message: Connect to localhost:8001 [localhost/127.0.0.1, localhost/0:0:0:0:0:0:0:1] failed: Connection refused",Login Load Test 1-30,text,false,"Test failed: code expected to equal /

****** received  : [[[Non HTTP response code: org.apache.http.conn.HttpHostConnectException]]]

****** comparison: [[[200                                                                  ]]]

/",2623,0,98,112,http://localhost:8001/auth/login,0,0,5000
1777162248980,5001,POST /auth/login,Non HTTP response code: org.apache.http.conn.HttpHostConnectException,"Non HTTP response message: Connect to localhost:8001 [localhost/127.0.0.1, localhost/0:0:0:0:0:0:0:1] failed: Connection refused",Login Load Test 1-96,text,false,"Test failed: code expected to equal /

****** received  : [[[Non HTTP response code: org.apache.http.conn.HttpHostConnectException]]]

****** comparison: [[[200                                                                  ]]]

/",2623,0,98,112,http://localhost:8001/auth/login,0,0,5001
1777162248981,5001,Login for Token,Non HTTP response code: org.apache.http.conn.HttpHostConnectException,"Non HTTP response message: Connect to localhost:8001 [localhost/127.0.0.1, localhost/0:0:0:0:0:0:0:1] failed: Connection refused",Review Submission Load Test 3-63,text,false,,2623,0,14,112,http://localhost:8001/auth/login,0,0,5001
1777162253982,1,POST /reviews/,401,Unauthorized,Review Submission Load Test 3-63,text,false,,204,299,14,112,http://localhost:8004/reviews/,1,0,0
1777162243670,10333,POST /auth/login,Non HTTP response code: java.net.SocketTimeoutException,Non HTTP response message: Read timed out,Login Load Test 1-29,text,false,"Test failed: code expected to equal /

****** received  : [[[Non HTTP response code: java.net.SocketTimeoutException]]]

****** comparison: [[[200                                                    ]]]

/",2679,0,98,111,http://localhost:8001/auth/login,0,0,333
1777162243867,10156,POST /auth/login,Non HTTP response code: java.net.SocketTimeoutException,Non HTTP response message: Read timed out,Login Load Test 1-63,text,false,"Test failed: code expected to equal /

****** received  : [[[Non HTTP response code: java.net.SocketTimeoutException]]]

****** comparison: [[[200                                                    ]]]

/",2679,0,98,111,http://localhost:8001/auth/login,0,0,154
1777162249069,5001,POST /auth/login,Non HTTP response code: org.apache.http.conn.HttpHostConnectException,"Non HTTP response message: Connect to localhost:8001 [localhost/127.0.0.1, localhost/0:0:0:0:0:0:0:1] failed: Connection refused",Login Load Test 1-97,text,false,"Test failed: code expected to equal /

****** received  : [[[Non HTTP response code: org.apache.http.conn.HttpHostConnectException]]]

****** comparison: [[[200                                                                  ]]]

/",2623,0,98,111,http://localhost:8001/auth/login,0,0,5001
1777162249070,5002,POST /auth/login,Non HTTP response code: org.apache.http.conn.HttpHostConnectException,"Non HTTP response message: Connect to localhost:8001 [localhost/127.0.0.1, localhost/0:0:0:0:0:0:0:1] failed: Connection refused",Login Load Test 1-47,text,false,"Test failed: code expected to equal /

****** received  : [[[Non HTTP response code: org.apache.http.conn.HttpHostConnectException]]]

****** comparison: [[[200                                                                  ]]]

/",2623,0,98,111,http://localhost:8001/auth/login,0,0,5002
1777162249089,5001,Login for Token,Non HTTP response code: org.apache.http.conn.HttpHostConnectException,"Non HTTP response message: Connect to localhost:8001 [localhost/127.0.0.1, localhost/0:0:0:0:0:0:0:1] failed: Connection refused",Review Submission Load Test 3-97,text,false,,2623,0,13,111,http://localhost:8001/auth/login,0,0,5001
1777162254090,1,POST /reviews/,401,Unauthorized,Review Submission Load Test 3-97,text,false,,204,299,13,111,http://localhost:8004/reviews/,1,0,1
1777162249169,5001,POST /auth/login,Non HTTP response code: org.apache.http.conn.HttpHostConnectException,"Non HTTP response message: Connect to localhost:8001 [localhost/127.0.0.1, localhost/0:0:0:0:0:0:0:1] failed: Connection refused",Login Load Test 1-64,text,false,"Test failed: code expected to equal /

****** received  : [[[Non HTTP response code: org.apache.http.conn.HttpHostConnectException]]]

****** comparison: [[[200                                                                  ]]]

/",2623,0,98,110,http://localhost:8001/auth/login,0,0,5001
1777162249345,5002,POST /auth/login,Non HTTP response code: org.apache.http.conn.HttpHostConnectException,"Non HTTP response message: Connect to localhost:8001 [localhost/127.0.0.1, localhost/0:0:0:0:0:0:0:1] failed: Connection refused",Login Load Test 1-46,text,false,"Test failed: code expected to equal /

****** received  : [[[Non HTTP response code: org.apache.http.conn.HttpHostConnectException]]]

****** comparison: [[[200                                                                  ]]]

/",2623,0,98,110,http://localhost:8001/auth/login,0,0,5002
1777162249350,5000,Login for Token,Non HTTP response code: org.apache.http.conn.HttpHostConnectException,"Non HTTP response message: Connect to localhost:8001 [localhost/127.0.0.1, localhost/0:0:0:0:0:0:0:1] failed: Connection refused",Review Submission Load Test 3-81,text,false,,2623,0,12,110,http://localhost:8001/auth/login,0,0,5000
1777162254350,1,POST /reviews/,401,Unauthorized,Review Submission Load Test 3-81,text,false,,204,299,12,110,http://localhost:8004/reviews/,1,0,1
1777162249364,5001,POST /auth/login,Non HTTP response code: org.apache.http.conn.HttpHostConnectException,"Non HTTP response message: Connect to localhost:8001 [localhost/127.0.0.1, localhost/0:0:0:0:0:0:0:1] failed: Connection refused",Login Load Test 1-98,text,false,"Test failed: code expected to equal /

****** received  : [[[Non HTTP response code: org.apache.http.conn.HttpHostConnectException]]]

****** comparison: [[[200                                                                  ]]]

/",2623,0,98,109,http://localhost:8001/auth/login,0,0,5001
1777162249370,5001,POST /auth/login,Non HTTP response code: org.apache.http.conn.HttpHostConnectException,"Non HTTP response message: Connect to localhost:8001 [localhost/127.0.0.1, localhost/0:0:0:0:0:0:0:1] failed: Connection refused",Login Load Test 1-48,text,false,"Test failed: code expected to equal /

****** received  : [[[Non HTTP response code: org.apache.http.conn.HttpHostConnectException]]]

****** comparison: [[[200                                                                  ]]]

/",2623,0,98,109,http://localhost:8001/auth/login,0,0,5001
1777162249385,5001,Login for Token,Non HTTP response code: org.apache.http.conn.HttpHostConnectException,"Non HTTP response message: Connect to localhost:8001 [localhost/127.0.0.1, localhost/0:0:0:0:0:0:0:1] failed: Connection refused",Review Submission Load Test 3-98,text,false,,2623,0,11,109,http://localhost:8001/auth/login,0,0,5001
1777162254386,1,POST /reviews/,401,Unauthorized,Review Submission Load Test 3-98,text,false,,204,299,11,109,http://localhost:8004/reviews/,1,0,1
1777162249470,5001,POST /auth/login,Non HTTP response code: org.apache.http.conn.HttpHostConnectException,"Non HTTP response message: Connect to localhost:8001 [localhost/127.0.0.1, localhost/0:0:0:0:0:0:0:1] failed: Connection refused",Login Load Test 1-65,text,false,"Test failed: code expected to equal /

****** received  : [[[Non HTTP response code: org.apache.http.conn.HttpHostConnectException]]]

****** comparison: [[[200                                                                  ]]]

/",2623,0,98,108,http://localhost:8001/auth/login,0,0,5001
1777162249569,5002,POST /auth/login,Non HTTP response code: org.apache.http.conn.HttpHostConnectException,"Non HTTP response message: Connect to localhost:8001 [localhost/127.0.0.1, localhost/0:0:0:0:0:0:0:1] failed: Connection refused",Login Load Test 1-82,text,false,"Test failed: code expected to equal /

****** received  : [[[Non HTTP response code: org.apache.http.conn.HttpHostConnectException]]]

****** comparison: [[[200                                                                  ]]]

/",2623,0,98,108,http://localhost:8001/auth/login,0,0,5002
1777162249571,5002,POST /auth/login,Non HTTP response code: org.apache.http.conn.HttpHostConnectException,"Non HTTP response message: Connect to localhost:8001 [localhost/127.0.0.1, localhost/0:0:0:0:0:0:0:1] failed: Connection refused",Login Load Test 1-32,text,false,"Test failed: code expected to equal /

****** received  : [[[Non HTTP response code: org.apache.http.conn.HttpHostConnectException]]]

****** comparison: [[[200                                                                  ]]]

/",2623,0,98,108,http://localhost:8001/auth/login,0,0,5002
1777162249784,4878,POST /auth/login,200,OK,Login Load Test 1-3,text,true,,316,243,98,108,http://localhost:8001/auth/login,4878,0,0
1777162249784,4878,POST /auth/login,200,OK,Login Load Test 1-15,text,true,,316,243,98,108,http://localhost:8001/auth/login,4878,0,0
1777162249784,4878,POST /auth/login,200,OK,Login Load Test 1-4,text,true,,316,243,98,108,http://localhost:8001/auth/login,4878,0,0
1777162249784,4878,POST /auth/login,200,OK,Login Load Test 1-9,text,true,,316,243,98,108,http://localhost:8001/auth/login,4878,0,0
1777162244687,10154,Login for Token,Non HTTP response code: java.net.SocketTimeoutException,Non HTTP response message: Read timed out,Review Submission Load Test 3-99,text,false,,2679,0,10,107,http://localhost:8001/auth/login,0,0,154
1777162254842,0,POST /reviews/,401,Unauthorized,Review Submission Load Test 3-99,text,false,,204,299,10,107,http://localhost:8004/reviews/,0,0,0
1777162243787,11057,Login for Token,Non HTTP response code: java.net.SocketTimeoutException,Non HTTP response message: Read timed out,Review Submission Load Test 3-96,text,false,,2679,0,10,107,http://localhost:8001/auth/login,0,0,1056
1777162249843,5001,POST /auth/login,Non HTTP response code: org.apache.http.conn.HttpHostConnectException,"Non HTTP response message: Connect to localhost:8001 [localhost/127.0.0.1, localhost/0:0:0:0:0:0:0:1] failed: Connection refused",Login Load Test 1-81,text,false,"Test failed: code expected to equal /

****** received  : [[[Non HTTP response code: org.apache.http.conn.HttpHostConnectException]]]

****** comparison: [[[200                                                                  ]]]

/",2623,0,97,107,http://localhost:8001/auth/login,0,0,5001
1777162249843,5001,POST /auth/login,Non HTTP response code: org.apache.http.conn.HttpHostConnectException,"Non HTTP response message: Connect to localhost:8001 [localhost/127.0.0.1, localhost/0:0:0:0:0:0:0:1] failed: Connection refused",Login Load Test 1-31,text,false,"Test failed: code expected to equal /

****** received  : [[[Non HTTP response code: org.apache.http.conn.HttpHostConnectException]]]

****** comparison: [[[200                                                                  ]]]

/",2623,0,97,107,http://localhost:8001/auth/login,0,0,5001
1777162254844,0,POST /reviews/,401,Unauthorized,Review Submission Load Test 3-96,text,false,,204,299,10,107,http://localhost:8004/reviews/,0,0,0
1777162249869,5001,POST /auth/login,Non HTTP response code: org.apache.http.conn.HttpHostConnectException,"Non HTTP response message: Connect to localhost:8001 [localhost/127.0.0.1, localhost/0:0:0:0:0:0:0:1] failed: Connection refused",Login Load Test 1-83,text,false,"Test failed: code expected to equal /

****** received  : [[[Non HTTP response code: org.apache.http.conn.HttpHostConnectException]]]

****** comparison: [[[200                                                                  ]]]

/",2623,0,97,107,http://localhost:8001/auth/login,0,0,5001
1777162249869,5001,POST /auth/login,Non HTTP response code: org.apache.http.conn.HttpHostConnectException,"Non HTTP response message: Connect to localhost:8001 [localhost/127.0.0.1, localhost/0:0:0:0:0:0:0:1] failed: Connection refused",Login Load Test 1-33,text,false,"Test failed: code expected to equal /

****** received  : [[[Non HTTP response code: org.apache.http.conn.HttpHostConnectException]]]

****** comparison: [[[200                                                                  ]]]

/",2623,0,97,107,http://localhost:8001/auth/login,0,0,5001
1777162249969,5002,POST /auth/login,Non HTTP response code: org.apache.http.conn.HttpHostConnectException,"Non HTTP response message: Connect to localhost:8001 [localhost/127.0.0.1, localhost/0:0:0:0:0:0:0:1] failed: Connection refused",Login Load Test 1-100,text,false,"Test failed: code expected to equal /

****** received  : [[[Non HTTP response code: org.apache.http.conn.HttpHostConnectException]]]

****** comparison: [[[200                                                                  ]]]

/",2623,0,97,107,http://localhost:8001/auth/login,0,0,5002
1777162249969,5002,POST /auth/login,Non HTTP response code: org.apache.http.conn.HttpHostConnectException,"Non HTTP response message: Connect to localhost:8001 [localhost/127.0.0.1, localhost/0:0:0:0:0:0:0:1] failed: Connection refused",Login Load Test 1-50,text,false,"Test failed: code expected to equal /

****** received  : [[[Non HTTP response code: org.apache.http.conn.HttpHostConnectException]]]

****** comparison: [[[200                                                                  ]]]

/",2623,0,97,107,http://localhost:8001/auth/login,0,0,5002
1777162249985,5001,Login for Token,Non HTTP response code: org.apache.http.conn.HttpHostConnectException,"Non HTTP response message: Connect to localhost:8001 [localhost/127.0.0.1, localhost/0:0:0:0:0:0:0:1] failed: Connection refused",Review Submission Load Test 3-100,text,false,,2623,0,10,107,http://localhost:8001/auth/login,0,0,5001
1777162254986,1,POST /reviews/,401,Unauthorized,Review Submission Load Test 3-100,text,false,,204,299,10,107,http://localhost:8004/reviews/,1,0,1
1777162250071,5001,POST /auth/login,Non HTTP response code: org.apache.http.conn.HttpHostConnectException,"Non HTTP response message: Connect to localhost:8001 [localhost/127.0.0.1, localhost/0:0:0:0:0:0:0:1] failed: Connection refused",Login Load Test 1-67,text,false,"Test failed: code expected to equal /

****** received  : [[[Non HTTP response code: org.apache.http.conn.HttpHostConnectException]]]

****** comparison: [[[200                                                                  ]]]

/",2623,0,97,106,http://localhost:8001/auth/login,0,0,5001
1777162250166,5002,POST /auth/login,Non HTTP response code: org.apache.http.conn.HttpHostConnectException,"Non HTTP response message: Connect to localhost:8001 [localhost/127.0.0.1, localhost/0:0:0:0:0:0:0:1] failed: Connection refused",Login Load Test 1-84,text,false,"Test failed: code expected to equal /

****** received  : [[[Non HTTP response code: org.apache.http.conn.HttpHostConnectException]]]

****** comparison: [[[200                                                                  ]]]

/",2623,0,97,106,http://localhost:8001/auth/login,0,0,5002
1777162250170,5001,POST /auth/login,Non HTTP response code: org.apache.http.conn.HttpHostConnectException,"Non HTTP response message: Connect to localhost:8001 [localhost/127.0.0.1, localhost/0:0:0:0:0:0:0:1] failed: Connection refused",Login Load Test 1-34,text,false,"Test failed: code expected to equal /

****** received  : [[[Non HTTP response code: org.apache.http.conn.HttpHostConnectException]]]

****** comparison: [[[200                                                                  ]]]

/",2623,0,97,106,http://localhost:8001/auth/login,0,0,5001
1777162250272,5001,POST /auth/login,Non HTTP response code: org.apache.http.conn.HttpHostConnectException,"Non HTTP response message: Connect to localhost:8001 [localhost/127.0.0.1, localhost/0:0:0:0:0:0:0:1] failed: Connection refused",Login Load Test 1-51,text,false,"Test failed: code expected to equal /

****** received  : [[[Non HTTP response code: org.apache.http.conn.HttpHostConnectException]]]

****** comparison: [[[200                                                                  ]]]

/",2623,0,97,106,http://localhost:8001/auth/login,0,0,5001
1777162250372,5001,POST /auth/login,Non HTTP response code: org.apache.http.conn.HttpHostConnectException,"Non HTTP response message: Connect to localhost:8001 [localhost/127.0.0.1, localhost/0:0:0:0:0:0:0:1] failed: Connection refused",Login Load Test 1-68,text,false,"Test failed: code expected to equal /

****** received  : [[[Non HTTP response code: org.apache.http.conn.HttpHostConnectException]]]

****** comparison: [[[200                                                                  ]]]

/",2623,0,97,106,http://localhost:8001/auth/login,0,0,5001
1777162250468,5001,POST /auth/login,Non HTTP response code: org.apache.http.conn.HttpHostConnectException,"Non HTTP response message: Connect to localhost:8001 [localhost/127.0.0.1, localhost/0:0:0:0:0:0:0:1] failed: Connection refused",Login Load Test 1-85,text,false,"Test failed: code expected to equal /

****** received  : [[[Non HTTP response code: org.apache.http.conn.HttpHostConnectException]]]

****** comparison: [[[200                                                                  ]]]

/",2623,0,97,106,http://localhost:8001/auth/login,0,0,5001
1777162250472,5001,POST /auth/login,Non HTTP response code: org.apache.http.conn.HttpHostConnectException,"Non HTTP response message: Connect to localhost:8001 [localhost/127.0.0.1, localhost/0:0:0:0:0:0:0:1] failed: Connection refused",Login Load Test 1-35,text,false,"Test failed: code expected to equal /

****** received  : [[[Non HTTP response code: org.apache.http.conn.HttpHostConnectException]]]

****** comparison: [[[200                                                                  ]]]

/",2623,0,97,106,http://localhost:8001/auth/login,0,0,5001
1777162250640,4876,POST /auth/login,200,OK,Login Load Test 1-8,text,true,,316,243,97,106,http://localhost:8001/auth/login,4876,0,0
1777162250640,4876,POST /auth/login,200,OK,Login Load Test 1-16,text,true,,316,243,97,106,http://localhost:8001/auth/login,4876,0,0
1777162250640,4876,POST /auth/login,200,OK,Login Load Test 1-5,text,true,,316,243,97,106,http://localhost:8001/auth/login,4876,0,0
1777162250770,5001,POST /auth/login,Non HTTP response code: org.apache.http.conn.HttpHostConnectException,"Non HTTP response message: Connect to localhost:8001 [localhost/127.0.0.1, localhost/0:0:0:0:0:0:0:1] failed: Connection refused",Login Load Test 1-36,text,false,"Test failed: code expected to equal /

****** received  : [[[Non HTTP response code: org.apache.http.conn.HttpHostConnectException]]]

****** comparison: [[[200                                                                  ]]]

/",2623,0,97,106,http://localhost:8001/auth/login,0,0,5001
1777162250770,5001,POST /auth/login,Non HTTP response code: org.apache.http.conn.HttpHostConnectException,"Non HTTP response message: Connect to localhost:8001 [localhost/127.0.0.1, localhost/0:0:0:0:0:0:0:1] failed: Connection refused",Login Load Test 1-86,text,false,"Test failed: code expected to equal /

****** received  : [[[Non HTTP response code: org.apache.http.conn.HttpHostConnectException]]]

****** comparison: [[[200                                                                  ]]]

/",2623,0,97,106,http://localhost:8001/auth/login,0,0,5001
1777162244769,11056,POST /auth/login,Non HTTP response code: java.net.SocketTimeoutException,Non HTTP response message: Read timed out,Login Load Test 1-66,text,false,"Test failed: code expected to equal /

****** received  : [[[Non HTTP response code: java.net.SocketTimeoutException]]]

****** comparison: [[[200                                                    ]]]

/",2679,0,97,106,http://localhost:8001/auth/login,0,0,1056
1777162241889,13938,Login for Token,Non HTTP response code: java.net.SocketTimeoutException,Non HTTP response message: Read timed out,Review Submission Load Test 3-73,text,false,,2679,0,9,106,http://localhost:8001/auth/login,0,0,3937
1777162255827,1,POST /reviews/,401,Unauthorized,Review Submission Load Test 3-73,text,false,,204,299,9,106,http://localhost:8004/reviews/,1,0,0
1777162251144,4711,POST /auth/login,200,OK,Login Load Test 1-10,text,true,,316,243,97,106,http://localhost:8001/auth/login,4711,0,0
1777162251144,4711,POST /auth/login,200,OK,Login Load Test 1-6,text,true,,316,243,97,106,http://localhost:8001/auth/login,4711,0,0
1777162250640,5215,POST /auth/login,200,OK,Login Load Test 1-11,text,true,,316,243,97,106,http://localhost:8001/auth/login,5215,0,0
1777162251144,4711,POST /auth/login,200,OK,Login Load Test 1-17,text,true,,316,243,97,106,http://localhost:8001/auth/login,4711,0,0
1777162250867,5002,POST /auth/login,Non HTTP response code: org.apache.http.conn.HttpHostConnectException,"Non HTTP response message: Connect to localhost:8001 [localhost/127.0.0.1, localhost/0:0:0:0:0:0:0:1] failed: Connection refused",Login Load Test 1-53,text,false,"Test failed: code expected to equal /

****** received  : [[[Non HTTP response code: org.apache.http.conn.HttpHostConnectException]]]

****** comparison: [[[200                                                                  ]]]

/",2623,0,97,106,http://localhost:8001/auth/login,0,0,5002
1777162250878,5001,POST /auth/login,Non HTTP response code: org.apache.http.conn.HttpHostConnectException,"Non HTTP response message: Connect to localhost:8001 [localhost/127.0.0.1, localhost/0:0:0:0:0:0:0:1] failed: Connection refused",Login Load Test 1-69,text,false,"Test failed: code expected to equal /

****** received  : [[[Non HTTP response code: org.apache.http.conn.HttpHostConnectException]]]

****** comparison: [[[200                                                                  ]]]

/",2623,0,97,106,http://localhost:8001/auth/login,0,0,5001
1777162250880,5002,Login for Token,Non HTTP response code: org.apache.http.conn.HttpHostConnectException,"Non HTTP response message: Connect to localhost:8001 [localhost/127.0.0.1, localhost/0:0:0:0:0:0:0:1] failed: Connection refused",Review Submission Load Test 3-86,text,false,,2623,0,9,106,http://localhost:8001/auth/login,0,0,5002
1777162255882,1,POST /reviews/,401,Unauthorized,Review Submission Load Test 3-86,text,false,,204,299,9,106,http://localhost:8004/reviews/,1,0,0
1777162250969,5000,POST /auth/login,Non HTTP response code: org.apache.http.conn.HttpHostConnectException,"Non HTTP response message: Connect to localhost:8001 [localhost/127.0.0.1, localhost/0:0:0:0:0:0:0:1] failed: Connection refused",Login Load Test 1-20,text,false,"Test failed: code expected to equal /

****** received  : [[[Non HTTP response code: org.apache.http.conn.HttpHostConnectException]]]

****** comparison: [[[200                                                                  ]]]

/",2623,0,97,105,http://localhost:8001/auth/login,0,0,5000
1777162250971,5000,POST /auth/login,Non HTTP response code: org.apache.http.conn.HttpHostConnectException,"Non HTTP response message: Connect to localhost:8001 [localhost/127.0.0.1, localhost/0:0:0:0:0:0:0:1] failed: Connection refused",Login Load Test 1-70,text,false,"Test failed: code expected to equal /

****** received  : [[[Non HTTP response code: org.apache.http.conn.HttpHostConnectException]]]

****** comparison: [[[200                                                                  ]]]

/",2623,0,97,105,http://localhost:8001/auth/login,0,0,5000
1777162251071,5001,POST /auth/login,Non HTTP response code: org.apache.http.conn.HttpHostConnectException,"Non HTTP response message: Connect to localhost:8001 [localhost/127.0.0.1, localhost/0:0:0:0:0:0:0:1] failed: Connection refused",Login Load Test 1-37,text,false,"Test failed: code expected to equal /

****** received  : [[[Non HTTP response code: org.apache.http.conn.HttpHostConnectException]]]

****** comparison: [[[200                                                                  ]]]

/",2623,0,97,105,http://localhost:8001/auth/login,0,0,5001
1777162251071,5001,POST /auth/login,Non HTTP response code: org.apache.http.conn.HttpHostConnectException,"Non HTTP response message: Connect to localhost:8001 [localhost/127.0.0.1, localhost/0:0:0:0:0:0:0:1] failed: Connection refused",Login Load Test 1-87,text,false,"Test failed: code expected to equal /

****** received  : [[[Non HTTP response code: org.apache.http.conn.HttpHostConnectException]]]

****** comparison: [[[200                                                                  ]]]

/",2623,0,97,105,http://localhost:8001/auth/login,0,0,5001
1777162251171,5002,POST /auth/login,Non HTTP response code: org.apache.http.conn.HttpHostConnectException,"Non HTTP response message: Connect to localhost:8001 [localhost/127.0.0.1, localhost/0:0:0:0:0:0:0:1] failed: Connection refused",Login Load Test 1-54,text,false,"Test failed: code expected to equal /

****** received  : [[[Non HTTP response code: org.apache.http.conn.HttpHostConnectException]]]

****** comparison: [[[200                                                                  ]]]

/",2623,0,97,105,http://localhost:8001/auth/login,0,0,5002
1777162251266,5000,POST /auth/login,Non HTTP response code: org.apache.http.conn.HttpHostConnectException,"Non HTTP response message: Connect to localhost:8001 [localhost/127.0.0.1, localhost/0:0:0:0:0:0:0:1] failed: Connection refused",Login Load Test 1-71,text,false,"Test failed: code expected to equal /

****** received  : [[[Non HTTP response code: org.apache.http.conn.HttpHostConnectException]]]

****** comparison: [[[200                                                                  ]]]

/",2623,0,97,105,http://localhost:8001/auth/login,0,0,5000
1777162251272,5000,POST /auth/login,Non HTTP response code: org.apache.http.conn.HttpHostConnectException,"Non HTTP response message: Connect to localhost:8001 [localhost/127.0.0.1, localhost/0:0:0:0:0:0:0:1] failed: Connection refused",Login Load Test 1-21,text,false,"Test failed: code expected to equal /

****** received  : [[[Non HTTP response code: org.apache.http.conn.HttpHostConnectException]]]

****** comparison: [[[200                                                                  ]]]

/",2623,0,97,105,http://localhost:8001/auth/login,0,0,5000
1777162246288,10032,Login for Token,Non HTTP response code: java.net.SocketTimeoutException,Non HTTP response message: Read timed out,Review Submission Load Test 3-71,text,false,,2679,0,8,105,http://localhost:8001/auth/login,0,0,31
1777162256320,1,POST /reviews/,401,Unauthorized,Review Submission Load Test 3-71,text,false,,204,299,8,105,http://localhost:8004/reviews/,1,0,0
1777162245988,10334,Login for Token,Non HTTP response code: java.net.SocketTimeoutException,Non HTTP response message: Read timed out,Review Submission Load Test 3-70,text,false,,2679,0,7,104,http://localhost:8001/auth/login,0,0,333
1777162256322,1,POST /reviews/,401,Unauthorized,Review Submission Load Test 3-70,text,false,,204,299,7,104,http://localhost:8004/reviews/,1,0,0
1777162251368,5002,POST /auth/login,Non HTTP response code: org.apache.http.conn.HttpHostConnectException,"Non HTTP response message: Connect to localhost:8001 [localhost/127.0.0.1, localhost/0:0:0:0:0:0:0:1] failed: Connection refused",Login Load Test 1-88,text,false,"Test failed: code expected to equal /

****** received  : [[[Non HTTP response code: org.apache.http.conn.HttpHostConnectException]]]

****** comparison: [[[200                                                                  ]]]

/",2623,0,97,103,http://localhost:8001/auth/login,0,0,5002
1777162251371,5002,POST /auth/login,Non HTTP response code: org.apache.http.conn.HttpHostConnectException,"Non HTTP response message: Connect to localhost:8001 [localhost/127.0.0.1, localhost/0:0:0:0:0:0:0:1] failed: Connection refused",Login Load Test 1-38,text,false,"Test failed: code expected to equal /

****** received  : [[[Non HTTP response code: org.apache.http.conn.HttpHostConnectException]]]

****** comparison: [[[200                                                                  ]]]

/",2623,0,97,103,http://localhost:8001/auth/login,0,0,5002
1777162251472,5001,POST /auth/login,Non HTTP response code: org.apache.http.conn.HttpHostConnectException,"Non HTTP response message: Connect to localhost:8001 [localhost/127.0.0.1, localhost/0:0:0:0:0:0:0:1] failed: Connection refused",Login Load Test 1-55,text,false,"Test failed: code expected to equal /

****** received  : [[[Non HTTP response code: org.apache.http.conn.HttpHostConnectException]]]

****** comparison: [[[200                                                                  ]]]

/",2623,0,97,103,http://localhost:8001/auth/login,0,0,5001
1777162251670,5000,POST /auth/login,Non HTTP response code: org.apache.http.conn.HttpHostConnectException,"Non HTTP response message: Connect to localhost:8001 [localhost/127.0.0.1, localhost/0:0:0:0:0:0:0:1] failed: Connection refused",Login Load Test 1-89,text,false,"Test failed: code expected to equal /

****** received  : [[[Non HTTP response code: org.apache.http.conn.HttpHostConnectException]]]

****** comparison: [[[200                                                                  ]]]

/",2623,0,97,103,http://localhost:8001/auth/login,0,0,5000
1777162251701,5001,POST /auth/login,Non HTTP response code: org.apache.http.conn.HttpHostConnectException,"Non HTTP response message: Connect to localhost:8001 [localhost/127.0.0.1, localhost/0:0:0:0:0:0:0:1] failed: Connection refused",Login Load Test 1-39,text,false,"Test failed: code expected to equal /

****** received  : [[[Non HTTP response code: org.apache.http.conn.HttpHostConnectException]]]

****** comparison: [[[200                                                                  ]]]

/",2623,0,97,103,http://localhost:8001/auth/login,0,0,5001
1777162251873,5001,POST /auth/login,Non HTTP response code: org.apache.http.conn.HttpHostConnectException,"Non HTTP response message: Connect to localhost:8001 [localhost/127.0.0.1, localhost/0:0:0:0:0:0:0:1] failed: Connection refused",Login Load Test 1-23,text,false,"Test failed: code expected to equal /

****** received  : [[[Non HTTP response code: org.apache.http.conn.HttpHostConnectException]]]

****** comparison: [[[200                                                                  ]]]

/",2623,0,97,103,http://localhost:8001/auth/login,0,0,5001
1777162251969,5001,POST /auth/login,Non HTTP response code: org.apache.http.conn.HttpHostConnectException,"Non HTTP response message: Connect to localhost:8001 [localhost/127.0.0.1, localhost/0:0:0:0:0:0:0:1] failed: Connection refused",Login Load Test 1-90,text,false,"Test failed: code expected to equal /

****** received  : [[[Non HTTP response code: org.apache.http.conn.HttpHostConnectException]]]

****** comparison: [[[200                                                                  ]]]

/",2623,0,97,103,http://localhost:8001/auth/login,0,0,5001
1777162246568,10576,POST /auth/login,Non HTTP response code: java.net.SocketTimeoutException,Non HTTP response message: Read timed out,Login Load Test 1-72,text,false,"Test failed: code expected to equal /

****** received  : [[[Non HTTP response code: java.net.SocketTimeoutException]]]

****** comparison: [[[200                                                    ]]]

/",2679,0,97,103,http://localhost:8001/auth/login,0,0,575
1777162246569,10575,POST /auth/login,Non HTTP response code: java.net.SocketTimeoutException,Non HTTP response message: Read timed out,Login Load Test 1-22,text,false,"Test failed: code expected to equal /

****** received  : [[[Non HTTP response code: java.net.SocketTimeoutException]]]

****** comparison: [[[200                                                    ]]]

/",2679,0,97,103,http://localhost:8001/auth/login,0,0,574
1777162252167,5001,POST /auth/login,Non HTTP response code: org.apache.http.conn.HttpHostConnectException,"Non HTTP response message: Connect to localhost:8001 [localhost/127.0.0.1, localhost/0:0:0:0:0:0:0:1] failed: Connection refused",Login Load Test 1-74,text,false,"Test failed: code expected to equal /

****** received  : [[[Non HTTP response code: org.apache.http.conn.HttpHostConnectException]]]

****** comparison: [[[200                                                                  ]]]

/",2623,0,97,103,http://localhost:8001/auth/login,0,0,5001
1777162252171,5000,POST /auth/login,Non HTTP response code: org.apache.http.conn.HttpHostConnectException,"Non HTTP response message: Connect to localhost:8001 [localhost/127.0.0.1, localhost/0:0:0:0:0:0:0:1] failed: Connection refused",Login Load Test 1-24,text,false,"Test failed: code expected to equal /

****** received  : [[[Non HTTP response code: org.apache.http.conn.HttpHostConnectException]]]

****** comparison: [[[200                                                                  ]]]

/",2623,0,97,103,http://localhost:8001/auth/login,0,0,5000
1777162252270,5002,POST /auth/login,Non HTTP response code: org.apache.http.conn.HttpHostConnectException,"Non HTTP response message: Connect to localhost:8001 [localhost/127.0.0.1, localhost/0:0:0:0:0:0:0:1] failed: Connection refused",Login Load Test 1-91,text,false,"Test failed: code expected to equal /

****** received  : [[[Non HTTP response code: org.apache.http.conn.HttpHostConnectException]]]

****** comparison: [[[200                                                                  ]]]

/",2623,0,97,103,http://localhost:8001/auth/login,0,0,5002
1777162252270,5002,POST /auth/login,Non HTTP response code: org.apache.http.conn.HttpHostConnectException,"Non HTTP response message: Connect to localhost:8001 [localhost/127.0.0.1, localhost/0:0:0:0:0:0:0:1] failed: Connection refused",Login Load Test 1-41,text,false,"Test failed: code expected to equal /

****** received  : [[[Non HTTP response code: org.apache.http.conn.HttpHostConnectException]]]

****** comparison: [[[200                                                                  ]]]

/",2623,0,97,103,http://localhost:8001/auth/login,0,0,5002
1777162252326,5002,Login for Token,Non HTTP response code: org.apache.http.conn.HttpHostConnectException,"Non HTTP response message: Connect to localhost:8001 [localhost/127.0.0.1, localhost/0:0:0:0:0:0:0:1] failed: Connection refused",Review Submission Load Test 3-90,text,false,,2623,0,6,103,http://localhost:8001/auth/login,0,0,5002
1777162257328,1,POST /reviews/,401,Unauthorized,Review Submission Load Test 3-90,text,false,,204,299,6,103,http://localhost:8004/reviews/,1,0,0
1777162252369,5000,POST /auth/login,Non HTTP response code: org.apache.http.conn.HttpHostConnectException,"Non HTTP response message: Connect to localhost:8001 [localhost/127.0.0.1, localhost/0:0:0:0:0:0:0:1] failed: Connection refused",Login Load Test 1-58,text,false,"Test failed: code expected to equal /

****** received  : [[[Non HTTP response code: org.apache.http.conn.HttpHostConnectException]]]

****** comparison: [[[200                                                                  ]]]

/",2623,0,97,102,http://localhost:8001/auth/login,0,0,5000
1777162252816,4689,POST /auth/login,200,OK,Login Load Test 1-7,text,true,,316,243,97,102,http://localhost:8001/auth/login,4689,0,0
1777162252816,4689,POST /auth/login,200,OK,Login Load Test 1-18,text,true,,316,243,97,102,http://localhost:8001/auth/login,4689,0,0
1777162252816,4689,POST /auth/login,200,OK,Login Load Test 1-19,text,true,,316,243,97,102,http://localhost:8001/auth/login,4689,0,0
1777162252571,5000,POST /auth/login,Non HTTP response code: org.apache.http.conn.HttpHostConnectException,"Non HTTP response message: Connect to localhost:8001 [localhost/127.0.0.1, localhost/0:0:0:0:0:0:0:1] failed: Connection refused",Login Load Test 1-92,text,false,"Test failed: code expected to equal /

****** received  : [[[Non HTTP response code: org.apache.http.conn.HttpHostConnectException]]]

****** comparison: [[[200                                                                  ]]]

/",2623,0,97,102,http://localhost:8001/auth/login,0,0,5000
1777162252571,5001,POST /auth/login,Non HTTP response code: org.apache.http.conn.HttpHostConnectException,"Non HTTP response message: Connect to localhost:8001 [localhost/127.0.0.1, localhost/0:0:0:0:0:0:0:1] failed: Connection refused",Login Load Test 1-42,text,false,"Test failed: code expected to equal /

****** received  : [[[Non HTTP response code: org.apache.http.conn.HttpHostConnectException]]]

****** comparison: [[[200                                                                  ]]]

/",2623,0,97,102,http://localhost:8001/auth/login,0,0,5001
1777162247470,10334,POST /auth/login,Non HTTP response code: java.net.SocketTimeoutException,Non HTTP response message: Read timed out,Login Load Test 1-75,text,false,"Test failed: code expected to equal /

****** received  : [[[Non HTTP response code: java.net.SocketTimeoutException]]]

****** comparison: [[[200                                                    ]]]

/",2679,0,97,102,http://localhost:8001/auth/login,0,0,333
1777162247470,10334,POST /auth/login,Non HTTP response code: java.net.SocketTimeoutException,Non HTTP response message: Read timed out,Login Load Test 1-25,text,false,"Test failed: code expected to equal /

****** received  : [[[Non HTTP response code: java.net.SocketTimeoutException]]]

****** comparison: [[[200                                                    ]]]

/",2679,0,97,102,http://localhost:8001/auth/login,0,0,333
1777162252831,5001,POST /auth/login,Non HTTP response code: org.apache.http.conn.HttpHostConnectException,"Non HTTP response message: Connect to localhost:8001 [localhost/127.0.0.1, localhost/0:0:0:0:0:0:0:1] failed: Connection refused",Login Load Test 1-26,text,false,"Test failed: code expected to equal /

****** received  : [[[Non HTTP response code: org.apache.http.conn.HttpHostConnectException]]]

****** comparison: [[[200                                                                  ]]]

/",2623,0,97,102,http://localhost:8001/auth/login,0,0,5001
1777162252862,5001,POST /auth/login,Non HTTP response code: org.apache.http.conn.HttpHostConnectException,"Non HTTP response message: Connect to localhost:8001 [localhost/127.0.0.1, localhost/0:0:0:0:0:0:0:1] failed: Connection refused",Login Load Test 1-76,text,false,"Test failed: code expected to equal /

****** received  : [[[Non HTTP response code: org.apache.http.conn.HttpHostConnectException]]]

****** comparison: [[[200                                                                  ]]]

/",2623,0,97,102,http://localhost:8001/auth/login,0,0,5001
1777162252870,5001,POST /auth/login,Non HTTP response code: org.apache.http.conn.HttpHostConnectException,"Non HTTP response message: Connect to localhost:8001 [localhost/127.0.0.1, localhost/0:0:0:0:0:0:0:1] failed: Connection refused",Login Load Test 1-93,text,false,"Test failed: code expected to equal /

****** received  : [[[Non HTTP response code: org.apache.http.conn.HttpHostConnectException]]]

****** comparison: [[[200                                                                  ]]]

/",2623,0,97,102,http://localhost:8001/auth/login,0,0,5001
1777162252870,5001,POST /auth/login,Non HTTP response code: org.apache.http.conn.HttpHostConnectException,"Non HTTP response message: Connect to localhost:8001 [localhost/127.0.0.1, localhost/0:0:0:0:0:0:0:1] failed: Connection refused",Login Load Test 1-43,text,false,"Test failed: code expected to equal /

****** received  : [[[Non HTTP response code: org.apache.http.conn.HttpHostConnectException]]]

****** comparison: [[[200                                                                  ]]]

/",2623,0,97,102,http://localhost:8001/auth/login,0,0,5001
1777162252970,5001,POST /auth/login,Non HTTP response code: org.apache.http.conn.HttpHostConnectException,"Non HTTP response message: Connect to localhost:8001 [localhost/127.0.0.1, localhost/0:0:0:0:0:0:0:1] failed: Connection refused",Login Load Test 1-60,text,false,"Test failed: code expected to equal /

****** received  : [[[Non HTTP response code: org.apache.http.conn.HttpHostConnectException]]]

****** comparison: [[[200                                                                  ]]]

/",2623,0,97,102,http://localhost:8001/auth/login,0,0,5001
1777162253071,5002,POST /auth/login,Non HTTP response code: org.apache.http.conn.HttpHostConnectException,"Non HTTP response message: Connect to localhost:8001 [localhost/127.0.0.1, localhost/0:0:0:0:0:0:0:1] failed: Connection refused",Login Load Test 1-27,text,false,"Test failed: code expected to equal /

****** received  : [[[Non HTTP response code: org.apache.http.conn.HttpHostConnectException]]]

****** comparison: [[[200                                                                  ]]]

/",2623,0,97,102,http://localhost:8001/auth/login,0,0,5002
1777162253071,5002,POST /auth/login,Non HTTP response code: org.apache.http.conn.HttpHostConnectException,"Non HTTP response message: Connect to localhost:8001 [localhost/127.0.0.1, localhost/0:0:0:0:0:0:0:1] failed: Connection refused",Login Load Test 1-77,text,false,"Test failed: code expected to equal /

****** received  : [[[Non HTTP response code: org.apache.http.conn.HttpHostConnectException]]]

****** comparison: [[[200                                                                  ]]]

/",2623,0,97,102,http://localhost:8001/auth/login,0,0,5002
1777162253169,5001,POST /auth/login,Non HTTP response code: org.apache.http.conn.HttpHostConnectException,"Non HTTP response message: Connect to localhost:8001 [localhost/127.0.0.1, localhost/0:0:0:0:0:0:0:1] failed: Connection refused",Login Load Test 1-44,text,false,"Test failed: code expected to equal /

****** received  : [[[Non HTTP response code: org.apache.http.conn.HttpHostConnectException]]]

****** comparison: [[[200                                                                  ]]]

/",2623,0,97,102,http://localhost:8001/auth/login,0,0,5001
1777162253170,5001,POST /auth/login,Non HTTP response code: org.apache.http.conn.HttpHostConnectException,"Non HTTP response message: Connect to localhost:8001 [localhost/127.0.0.1, localhost/0:0:0:0:0:0:0:1] failed: Connection refused",Login Load Test 1-94,text,false,"Test failed: code expected to equal /

****** received  : [[[Non HTTP response code: org.apache.http.conn.HttpHostConnectException]]]

****** comparison: [[[200                                                                  ]]]

/",2623,0,97,102,http://localhost:8001/auth/login,0,0,5001
1777162253836,4493,POST /auth/login,200,OK,Login Load Test 1-13,text,true,,316,243,97,102,http://localhost:8001/auth/login,4493,0,0
1777162253836,4493,POST /auth/login,200,OK,Login Load Test 1-14,text,true,,316,243,97,102,http://localhost:8001/auth/login,4493,0,0
1777162252816,5513,POST /auth/login,200,OK,Login Load Test 1-12,text,true,,316,243,97,102,http://localhost:8001/auth/login,5513,0,0
1777162253366,5001,POST /auth/login,Non HTTP response code: org.apache.http.conn.HttpHostConnectException,"Non HTTP response message: Connect to localhost:8001 [localhost/127.0.0.1, localhost/0:0:0:0:0:0:0:1] failed: Connection refused",Login Load Test 1-78,text,false,"Test failed: code expected to equal /

****** received  : [[[Non HTTP response code: org.apache.http.conn.HttpHostConnectException]]]

****** comparison: [[[200                                                                  ]]]

/",2623,0,97,102,http://localhost:8001/auth/login,0,0,5001
1777162253372,5001,POST /auth/login,Non HTTP response code: org.apache.http.conn.HttpHostConnectException,"Non HTTP response message: Connect to localhost:8001 [localhost/127.0.0.1, localhost/0:0:0:0:0:0:0:1] failed: Connection refused",Login Load Test 1-28,text,false,"Test failed: code expected to equal /

****** received  : [[[Non HTTP response code: org.apache.http.conn.HttpHostConnectException]]]

****** comparison: [[[200                                                                  ]]]

/",2623,0,97,102,http://localhost:8001/auth/login,0,0,5001
1777162253470,5002,POST /auth/login,Non HTTP response code: org.apache.http.conn.HttpHostConnectException,"Non HTTP response message: Connect to localhost:8001 [localhost/127.0.0.1, localhost/0:0:0:0:0:0:0:1] failed: Connection refused",Login Load Test 1-95,text,false,"Test failed: code expected to equal /

****** received  : [[[Non HTTP response code: org.apache.http.conn.HttpHostConnectException]]]

****** comparison: [[[200                                                                  ]]]

/",2623,0,97,102,http://localhost:8001/auth/login,0,0,5002
1777162253566,5001,POST /auth/login,Non HTTP response code: org.apache.http.conn.HttpHostConnectException,"Non HTTP response message: Connect to localhost:8001 [localhost/127.0.0.1, localhost/0:0:0:0:0:0:0:1] failed: Connection refused",Login Load Test 1-62,text,false,"Test failed: code expected to equal /

****** received  : [[[Non HTTP response code: org.apache.http.conn.HttpHostConnectException]]]

****** comparison: [[[200                                                                  ]]]

/",2623,0,97,102,http://localhost:8001/auth/login,0,0,5001
1777162248671,10124,POST /auth/login,Non HTTP response code: java.net.SocketTimeoutException,Non HTTP response message: Read timed out,Login Load Test 1-79,text,false,"Test failed: code expected to equal /

****** received  : [[[Non HTTP response code: java.net.SocketTimeoutException]]]

****** comparison: [[[200                                                    ]]]

/",2679,0,97,102,http://localhost:8001/auth/login,0,0,124
1777162248472,10333,POST /auth/login,Non HTTP response code: java.net.SocketTimeoutException,Non HTTP response message: Read timed out,Login Load Test 1-45,text,false,"Test failed: code expected to equal /

****** received  : [[[Non HTTP response code: java.net.SocketTimeoutException]]]

****** comparison: [[[200                                                    ]]]

/",2679,0,97,102,http://localhost:8001/auth/login,0,0,333
1777162253972,5001,POST /auth/login,Non HTTP response code: org.apache.http.conn.HttpHostConnectException,"Non HTTP response message: Connect to localhost:8001 [localhost/127.0.0.1, localhost/0:0:0:0:0:0:0:1] failed: Connection refused",Login Load Test 1-30,text,false,"Test failed: code expected to equal /

****** received  : [[[Non HTTP response code: org.apache.http.conn.HttpHostConnectException]]]

****** comparison: [[[200                                                                  ]]]

/",2623,0,97,102,http://localhost:8001/auth/login,0,0,5001
1777162253972,5001,POST /auth/login,Non HTTP response code: org.apache.http.conn.HttpHostConnectException,"Non HTTP response message: Connect to localhost:8001 [localhost/127.0.0.1, localhost/0:0:0:0:0:0:0:1] failed: Connection refused",Login Load Test 1-80,text,false,"Test failed: code expected to equal /

****** received  : [[[Non HTTP response code: org.apache.http.conn.HttpHostConnectException]]]

****** comparison: [[[200                                                                  ]]]

/",2623,0,97,102,http://localhost:8001/auth/login,0,0,5001
1777162253981,5001,POST /auth/login,Non HTTP response code: org.apache.http.conn.HttpHostConnectException,"Non HTTP response message: Connect to localhost:8001 [localhost/127.0.0.1, localhost/0:0:0:0:0:0:0:1] failed: Connection refused",Login Load Test 1-96,text,false,"Test failed: code expected to equal /

****** received  : [[[Non HTTP response code: org.apache.http.conn.HttpHostConnectException]]]

****** comparison: [[[200                                                                  ]]]

/",2623,0,97,102,http://localhost:8001/auth/login,0,0,5001
1777162254003,5001,POST /auth/login,Non HTTP response code: org.apache.http.conn.HttpHostConnectException,"Non HTTP response message: Connect to localhost:8001 [localhost/127.0.0.1, localhost/0:0:0:0:0:0:0:1] failed: Connection refused",Login Load Test 1-29,text,false,"Test failed: code expected to equal /

****** received  : [[[Non HTTP response code: org.apache.http.conn.HttpHostConnectException]]]

****** comparison: [[[200                                                                  ]]]

/",2623,0,97,102,http://localhost:8001/auth/login,0,0,5001
1777162254023,5001,POST /auth/login,Non HTTP response code: org.apache.http.conn.HttpHostConnectException,"Non HTTP response message: Connect to localhost:8001 [localhost/127.0.0.1, localhost/0:0:0:0:0:0:0:1] failed: Connection refused",Login Load Test 1-63,text,false,"Test failed: code expected to equal /

****** received  : [[[Non HTTP response code: org.apache.http.conn.HttpHostConnectException]]]

****** comparison: [[[200                                                                  ]]]

/",2623,0,97,102,http://localhost:8001/auth/login,0,0,5001
1777162254070,5001,POST /auth/login,Non HTTP response code: org.apache.http.conn.HttpHostConnectException,"Non HTTP response message: Connect to localhost:8001 [localhost/127.0.0.1, localhost/0:0:0:0:0:0:0:1] failed: Connection refused",Login Load Test 1-97,text,false,"Test failed: code expected to equal /

****** received  : [[[Non HTTP response code: org.apache.http.conn.HttpHostConnectException]]]

****** comparison: [[[200                                                                  ]]]

/",2623,0,97,102,http://localhost:8001/auth/login,0,0,5001
1777162254072,5001,POST /auth/login,Non HTTP response code: org.apache.http.conn.HttpHostConnectException,"Non HTTP response message: Connect to localhost:8001 [localhost/127.0.0.1, localhost/0:0:0:0:0:0:0:1] failed: Connection refused",Login Load Test 1-47,text,false,"Test failed: code expected to equal /

****** received  : [[[Non HTTP response code: org.apache.http.conn.HttpHostConnectException]]]

****** comparison: [[[200                                                                  ]]]

/",2623,0,97,102,http://localhost:8001/auth/login,0,0,5001
1777162254662,4491,POST /auth/login,200,OK,Login Load Test 1-9,text,true,,316,243,97,102,http://localhost:8001/auth/login,4491,0,0
1777162254662,4491,POST /auth/login,200,OK,Login Load Test 1-15,text,true,,316,243,97,102,http://localhost:8001/auth/login,4491,0,0
1777162254662,4491,POST /auth/login,200,OK,Login Load Test 1-4,text,true,,316,243,97,102,http://localhost:8001/auth/login,4491,0,0
1777162254170,5001,POST /auth/login,Non HTTP response code: org.apache.http.conn.HttpHostConnectException,"Non HTTP response message: Connect to localhost:8001 [localhost/127.0.0.1, localhost/0:0:0:0:0:0:0:1] failed: Connection refused",Login Load Test 1-64,text,false,"Test failed: code expected to equal /

****** received  : [[[Non HTTP response code: org.apache.http.conn.HttpHostConnectException]]]

****** comparison: [[[200                                                                  ]]]

/",2623,0,96,101,http://localhost:8001/auth/login,0,0,5001
1777162254347,5001,POST /auth/login,Non HTTP response code: org.apache.http.conn.HttpHostConnectException,"Non HTTP response message: Connect to localhost:8001 [localhost/127.0.0.1, localhost/0:0:0:0:0:0:0:1] failed: Connection refused",Login Load Test 1-46,text,false,"Test failed: code expected to equal /

****** received  : [[[Non HTTP response code: org.apache.http.conn.HttpHostConnectException]]]

****** comparison: [[[200                                                                  ]]]

/",2623,0,96,101,http://localhost:8001/auth/login,0,0,5001
1777162254365,5001,POST /auth/login,Non HTTP response code: org.apache.http.conn.HttpHostConnectException,"Non HTTP response message: Connect to localhost:8001 [localhost/127.0.0.1, localhost/0:0:0:0:0:0:0:1] failed: Connection refused",Login Load Test 1-98,text,false,"Test failed: code expected to equal /

****** received  : [[[Non HTTP response code: org.apache.http.conn.HttpHostConnectException]]]

****** comparison: [[[200                                                                  ]]]

/",2623,0,96,101,http://localhost:8001/auth/login,0,0,5001
1777162254371,5000,POST /auth/login,Non HTTP response code: org.apache.http.conn.HttpHostConnectException,"Non HTTP response message: Connect to localhost:8001 [localhost/127.0.0.1, localhost/0:0:0:0:0:0:0:1] failed: Connection refused",Login Load Test 1-48,text,false,"Test failed: code expected to equal /

****** received  : [[[Non HTTP response code: org.apache.http.conn.HttpHostConnectException]]]

****** comparison: [[[200                                                                  ]]]

/",2623,0,96,101,http://localhost:8001/auth/login,0,0,5000
1777162249669,10123,POST /auth/login,Non HTTP response code: java.net.SocketTimeoutException,Non HTTP response message: Read timed out,Login Load Test 1-99,text,false,"Test failed: code expected to equal /

****** received  : [[[Non HTTP response code: java.net.SocketTimeoutException]]]

****** comparison: [[[200                                                    ]]]

/",2679,0,96,101,http://localhost:8001/auth/login,0,0,123
1777162249669,10123,POST /auth/login,Non HTTP response code: java.net.SocketTimeoutException,Non HTTP response message: Read timed out,Login Load Test 1-49,text,false,"Test failed: code expected to equal /

****** received  : [[[Non HTTP response code: java.net.SocketTimeoutException]]]

****** comparison: [[[200                                                    ]]]

/",2679,0,96,101,http://localhost:8001/auth/login,0,0,123
1777162254842,5001,Login for Token,Non HTTP response code: org.apache.http.conn.HttpHostConnectException,"Non HTTP response message: Connect to localhost:8001 [localhost/127.0.0.1, localhost/0:0:0:0:0:0:0:1] failed: Connection refused",Review Submission Load Test 3-99,text,false,,2623,0,5,101,http://localhost:8001/auth/login,0,0,5001
1777162259844,0,POST /reviews/,401,Unauthorized,Review Submission Load Test 3-99,text,false,,204,299,5,101,http://localhost:8004/reviews/,0,0,0
1777162254844,5001,POST /auth/login,Non HTTP response code: org.apache.http.conn.HttpHostConnectException,"Non HTTP response message: Connect to localhost:8001 [localhost/127.0.0.1, localhost/0:0:0:0:0:0:0:1] failed: Connection refused",Login Load Test 1-81,text,false,"Test failed: code expected to equal /

****** received  : [[[Non HTTP response code: org.apache.http.conn.HttpHostConnectException]]]

****** comparison: [[[200                                                                  ]]]

/",2623,0,96,100,http://localhost:8001/auth/login,0,0,5001
1777162254844,5001,Login for Token,Non HTTP response code: org.apache.http.conn.HttpHostConnectException,"Non HTTP response message: Connect to localhost:8001 [localhost/127.0.0.1, localhost/0:0:0:0:0:0:0:1] failed: Connection refused",Review Submission Load Test 3-96,text,false,,2623,0,4,100,http://localhost:8001/auth/login,0,0,5001
1777162254844,5001,POST /auth/login,Non HTTP response code: org.apache.http.conn.HttpHostConnectException,"Non HTTP response message: Connect to localhost:8001 [localhost/127.0.0.1, localhost/0:0:0:0:0:0:0:1] failed: Connection refused",Login Load Test 1-31,text,false,"Test failed: code expected to equal /

****** received  : [[[Non HTTP response code: org.apache.http.conn.HttpHostConnectException]]]

****** comparison: [[[200                                                                  ]]]

/",2623,0,96,100,http://localhost:8001/auth/login,0,0,5001
1777162259845,1,POST /reviews/,401,Unauthorized,Review Submission Load Test 3-96,text,false,,204,299,4,100,http://localhost:8004/reviews/,1,0,1
1777162254870,5001,POST /auth/login,Non HTTP response code: org.apache.http.conn.HttpHostConnectException,"Non HTTP response message: Connect to localhost:8001 [localhost/127.0.0.1, localhost/0:0:0:0:0:0:0:1] failed: Connection refused",Login Load Test 1-83,text,false,"Test failed: code expected to equal /

****** received  : [[[Non HTTP response code: org.apache.http.conn.HttpHostConnectException]]]

****** comparison: [[[200                                                                  ]]]

/",2623,0,96,99,http://localhost:8001/auth/login,0,0,5001
1777162254870,5001,POST /auth/login,Non HTTP response code: org.apache.http.conn.HttpHostConnectException,"Non HTTP response message: Connect to localhost:8001 [localhost/127.0.0.1, localhost/0:0:0:0:0:0:0:1] failed: Connection refused",Login Load Test 1-33,text,false,"Test failed: code expected to equal /

****** received  : [[[Non HTTP response code: org.apache.http.conn.HttpHostConnectException]]]

****** comparison: [[[200                                                                  ]]]

/",2623,0,96,99,http://localhost:8001/auth/login,0,0,5001
1777162254971,5001,POST /auth/login,Non HTTP response code: org.apache.http.conn.HttpHostConnectException,"Non HTTP response message: Connect to localhost:8001 [localhost/127.0.0.1, localhost/0:0:0:0:0:0:0:1] failed: Connection refused",Login Load Test 1-100,text,false,"Test failed: code expected to equal /

****** received  : [[[Non HTTP response code: org.apache.http.conn.HttpHostConnectException]]]

****** comparison: [[[200                                                                  ]]]

/",2623,0,96,99,http://localhost:8001/auth/login,0,0,5001
1777162254971,5001,POST /auth/login,Non HTTP response code: org.apache.http.conn.HttpHostConnectException,"Non HTTP response message: Connect to localhost:8001 [localhost/127.0.0.1, localhost/0:0:0:0:0:0:0:1] failed: Connection refused",Login Load Test 1-50,text,false,"Test failed: code expected to equal /

****** received  : [[[Non HTTP response code: org.apache.http.conn.HttpHostConnectException]]]

****** comparison: [[[200                                                                  ]]]

/",2623,0,96,99,http://localhost:8001/auth/login,0,0,5001
1777162255072,5001,POST /auth/login,Non HTTP response code: org.apache.http.conn.HttpHostConnectException,"Non HTTP response message: Connect to localhost:8001 [localhost/127.0.0.1, localhost/0:0:0:0:0:0:0:1] failed: Connection refused",Login Load Test 1-67,text,false,"Test failed: code expected to equal /

****** received  : [[[Non HTTP response code: org.apache.http.conn.HttpHostConnectException]]]

****** comparison: [[[200                                                                  ]]]

/",2623,0,96,99,http://localhost:8001/auth/login,0,0,5001
1777162255516,4630,POST /auth/login,200,OK,Login Load Test 1-16,text,true,,316,243,96,99,http://localhost:8001/auth/login,4630,0,0
1777162255516,4630,POST /auth/login,200,OK,Login Load Test 1-8,text,true,,316,243,96,99,http://localhost:8001/auth/login,4630,0,0
1777162255516,4630,POST /auth/login,200,OK,Login Load Test 1-5,text,true,,316,243,96,99,http://localhost:8001/auth/login,4630,0,0
1777162255168,5001,POST /auth/login,Non HTTP response code: org.apache.http.conn.HttpHostConnectException,"Non HTTP response message: Connect to localhost:8001 [localhost/127.0.0.1, localhost/0:0:0:0:0:0:0:1] failed: Connection refused",Login Load Test 1-84,text,false,"Test failed: code expected to equal /

****** received  : [[[Non HTTP response code: org.apache.http.conn.HttpHostConnectException]]]

****** comparison: [[[200                                                                  ]]]

/",2623,0,95,98,http://localhost:8001/auth/login,0,0,5001
1777162255171,5001,POST /auth/login,Non HTTP response code: org.apache.http.conn.HttpHostConnectException,"Non HTTP response message: Connect to localhost:8001 [localhost/127.0.0.1, localhost/0:0:0:0:0:0:0:1] failed: Connection refused",Login Load Test 1-34,text,false,"Test failed: code expected to equal /

****** received  : [[[Non HTTP response code: org.apache.http.conn.HttpHostConnectException]]]

****** comparison: [[[200                                                                  ]]]

/",2623,0,95,98,http://localhost:8001/auth/login,0,0,5001
1777162255273,5001,POST /auth/login,Non HTTP response code: org.apache.http.conn.HttpHostConnectException,"Non HTTP response message: Connect to localhost:8001 [localhost/127.0.0.1, localhost/0:0:0:0:0:0:0:1] failed: Connection refused",Login Load Test 1-51,text,false,"Test failed: code expected to equal /

****** received  : [[[Non HTTP response code: org.apache.http.conn.HttpHostConnectException]]]

****** comparison: [[[200                                                                  ]]]

/",2623,0,95,98,http://localhost:8001/auth/login,0,0,5001
1777162255470,5001,POST /auth/login,Non HTTP response code: org.apache.http.conn.HttpHostConnectException,"Non HTTP response message: Connect to localhost:8001 [localhost/127.0.0.1, localhost/0:0:0:0:0:0:0:1] failed: Connection refused",Login Load Test 1-85,text,false,"Test failed: code expected to equal /

****** received  : [[[Non HTTP response code: org.apache.http.conn.HttpHostConnectException]]]

****** comparison: [[[200                                                                  ]]]

/",2623,0,95,98,http://localhost:8001/auth/login,0,0,5001
1777162255473,5002,POST /auth/login,Non HTTP response code: org.apache.http.conn.HttpHostConnectException,"Non HTTP response message: Connect to localhost:8001 [localhost/127.0.0.1, localhost/0:0:0:0:0:0:0:1] failed: Connection refused",Login Load Test 1-35,text,false,"Test failed: code expected to equal /

****** received  : [[[Non HTTP response code: org.apache.http.conn.HttpHostConnectException]]]

****** comparison: [[[200                                                                  ]]]

/",2623,0,95,98,http://localhost:8001/auth/login,0,0,5002
1777162255855,4621,POST /auth/login,200,OK,Login Load Test 1-10,text,true,,316,243,95,98,http://localhost:8001/auth/login,4621,0,0
1777162255855,4621,POST /auth/login,200,OK,Login Load Test 1-11,text,true,,316,243,95,98,http://localhost:8001/auth/login,4621,0,0
1777162255855,4621,POST /auth/login,200,OK,Login Load Test 1-6,text,true,,316,243,95,98,http://localhost:8001/auth/login,4621,0,0
1777162250520,10122,Login for Token,Non HTTP response code: java.net.SocketTimeoutException,Non HTTP response message: Read timed out,Review Submission Load Test 3-85,text,false,,2679,0,3,97,http://localhost:8001/auth/login,0,0,122
1777162250520,10122,Login for Token,Non HTTP response code: java.net.SocketTimeoutException,Non HTTP response message: Read timed out,Review Submission Load Test 3-84,text,false,,2679,0,3,97,http://localhost:8001/auth/login,0,0,122
1777162260642,1,POST /reviews/,401,Unauthorized,Review Submission Load Test 3-84,text,false,,204,299,3,97,http://localhost:8004/reviews/,1,0,1
1777162260642,2,POST /reviews/,401,Unauthorized,Review Submission Load Test 3-85,text,false,,204,299,3,97,http://localhost:8004/reviews/,2,0,1
1777162255771,5000,POST /auth/login,Non HTTP response code: org.apache.http.conn.HttpHostConnectException,"Non HTTP response message: Connect to localhost:8001 [localhost/127.0.0.1, localhost/0:0:0:0:0:0:0:1] failed: Connection refused",Login Load Test 1-36,text,false,"Test failed: code expected to equal /

****** received  : [[[Non HTTP response code: org.apache.http.conn.HttpHostConnectException]]]

****** comparison: [[[200                                                                  ]]]

/",2623,0,94,95,http://localhost:8001/auth/login,0,0,5000
1777162255771,5000,POST /auth/login,Non HTTP response code: org.apache.http.conn.HttpHostConnectException,"Non HTTP response message: Connect to localhost:8001 [localhost/127.0.0.1, localhost/0:0:0:0:0:0:0:1] failed: Connection refused",Login Load Test 1-86,text,false,"Test failed: code expected to equal /

****** received  : [[[Non HTTP response code: org.apache.http.conn.HttpHostConnectException]]]

****** comparison: [[[200                                                                  ]]]

/",2623,0,94,95,http://localhost:8001/auth/login,0,0,5000
1777162255869,5001,POST /auth/login,Non HTTP response code: org.apache.http.conn.HttpHostConnectException,"Non HTTP response message: Connect to localhost:8001 [localhost/127.0.0.1, localhost/0:0:0:0:0:0:0:1] failed: Connection refused",Login Load Test 1-53,text,false,"Test failed: code expected to equal /

****** received  : [[[Non HTTP response code: org.apache.http.conn.HttpHostConnectException]]]

****** comparison: [[[200                                                                  ]]]

/",2623,0,94,95,http://localhost:8001/auth/login,0,0,5001
1777162255879,5001,POST /auth/login,Non HTTP response code: org.apache.http.conn.HttpHostConnectException,"Non HTTP response message: Connect to localhost:8001 [localhost/127.0.0.1, localhost/0:0:0:0:0:0:0:1] failed: Connection refused",Login Load Test 1-69,text,false,"Test failed: code expected to equal /

****** received  : [[[Non HTTP response code: org.apache.http.conn.HttpHostConnectException]]]

****** comparison: [[[200                                                                  ]]]

/",2623,0,94,95,http://localhost:8001/auth/login,0,0,5001
1777162255969,5002,POST /auth/login,Non HTTP response code: org.apache.http.conn.HttpHostConnectException,"Non HTTP response message: Connect to localhost:8001 [localhost/127.0.0.1, localhost/0:0:0:0:0:0:0:1] failed: Connection refused",Login Load Test 1-20,text,false,"Test failed: code expected to equal /

****** received  : [[[Non HTTP response code: org.apache.http.conn.HttpHostConnectException]]]

****** comparison: [[[200                                                                  ]]]

/",2623,0,94,95,http://localhost:8001/auth/login,0,0,5002
1777162255971,5001,POST /auth/login,Non HTTP response code: org.apache.http.conn.HttpHostConnectException,"Non HTTP response message: Connect to localhost:8001 [localhost/127.0.0.1, localhost/0:0:0:0:0:0:0:1] failed: Connection refused",Login Load Test 1-70,text,false,"Test failed: code expected to equal /

****** received  : [[[Non HTTP response code: org.apache.http.conn.HttpHostConnectException]]]

****** comparison: [[[200                                                                  ]]]

/",2623,0,94,95,http://localhost:8001/auth/login,0,0,5001
1777162256072,5001,POST /auth/login,Non HTTP response code: org.apache.http.conn.HttpHostConnectException,"Non HTTP response message: Connect to localhost:8001 [localhost/127.0.0.1, localhost/0:0:0:0:0:0:0:1] failed: Connection refused",Login Load Test 1-87,text,false,"Test failed: code expected to equal /

****** received  : [[[Non HTTP response code: org.apache.http.conn.HttpHostConnectException]]]

****** comparison: [[[200                                                                  ]]]

/",2623,0,94,95,http://localhost:8001/auth/login,0,0,5001
1777162256072,5001,POST /auth/login,Non HTTP response code: org.apache.http.conn.HttpHostConnectException,"Non HTTP response message: Connect to localhost:8001 [localhost/127.0.0.1, localhost/0:0:0:0:0:0:0:1] failed: Connection refused",Login Load Test 1-37,text,false,"Test failed: code expected to equal /

****** received  : [[[Non HTTP response code: org.apache.http.conn.HttpHostConnectException]]]

****** comparison: [[[200                                                                  ]]]

/",2623,0,94,95,http://localhost:8001/auth/login,0,0,5001
1777162250572,10578,POST /auth/login,Non HTTP response code: java.net.SocketTimeoutException,Non HTTP response message: Read timed out,Login Load Test 1-52,text,false,"Test failed: code expected to equal /

****** received  : [[[Non HTTP response code: java.net.SocketTimeoutException]]]

****** comparison: [[[200                                                    ]]]

/",2679,0,94,95,http://localhost:8001/auth/login,0,0,578
1777162256173,5001,POST /auth/login,Non HTTP response code: org.apache.http.conn.HttpHostConnectException,"Non HTTP response message: Connect to localhost:8001 [localhost/127.0.0.1, localhost/0:0:0:0:0:0:0:1] failed: Connection refused",Login Load Test 1-54,text,false,"Test failed: code expected to equal /

****** received  : [[[Non HTTP response code: org.apache.http.conn.HttpHostConnectException]]]

****** comparison: [[[200                                                                  ]]]

/",2623,0,94,95,http://localhost:8001/auth/login,0,0,5001
1777162256266,5002,POST /auth/login,Non HTTP response code: org.apache.http.conn.HttpHostConnectException,"Non HTTP response message: Connect to localhost:8001 [localhost/127.0.0.1, localhost/0:0:0:0:0:0:0:1] failed: Connection refused",Login Load Test 1-71,text,false,"Test failed: code expected to equal /

****** received  : [[[Non HTTP response code: org.apache.http.conn.HttpHostConnectException]]]

****** comparison: [[[200                                                                  ]]]

/",2623,0,94,95,http://localhost:8001/auth/login,0,0,5002
1777162255855,5476,POST /auth/login,200,OK,Login Load Test 1-17,text,true,,316,243,94,95,http://localhost:8001/auth/login,5476,0,0
1777162256370,5001,POST /auth/login,Non HTTP response code: org.apache.http.conn.HttpHostConnectException,"Non HTTP response message: Connect to localhost:8001 [localhost/127.0.0.1, localhost/0:0:0:0:0:0:0:1] failed: Connection refused",Login Load Test 1-88,text,false,"Test failed: code expected to equal /

****** received  : [[[Non HTTP response code: org.apache.http.conn.HttpHostConnectException]]]

****** comparison: [[[200                                                                  ]]]

/",2623,0,94,95,http://localhost:8001/auth/login,0,0,5001
1777162256373,5001,POST /auth/login,Non HTTP response code: org.apache.http.conn.HttpHostConnectException,"Non HTTP response message: Connect to localhost:8001 [localhost/127.0.0.1, localhost/0:0:0:0:0:0:0:1] failed: Connection refused",Login Load Test 1-38,text,false,"Test failed: code expected to equal /

****** received  : [[[Non HTTP response code: org.apache.http.conn.HttpHostConnectException]]]

****** comparison: [[[200                                                                  ]]]

/",2623,0,94,95,http://localhost:8001/auth/login,0,0,5001
1777162256670,5002,POST /auth/login,Non HTTP response code: org.apache.http.conn.HttpHostConnectException,"Non HTTP response message: Connect to localhost:8001 [localhost/127.0.0.1, localhost/0:0:0:0:0:0:0:1] failed: Connection refused",Login Load Test 1-89,text,false,"Test failed: code expected to equal /

****** received  : [[[Non HTTP response code: org.apache.http.conn.HttpHostConnectException]]]

****** comparison: [[[200                                                                  ]]]

/",2623,0,94,95,http://localhost:8001/auth/login,0,0,5002
1777162256874,5001,POST /auth/login,Non HTTP response code: org.apache.http.conn.HttpHostConnectException,"Non HTTP response message: Connect to localhost:8001 [localhost/127.0.0.1, localhost/0:0:0:0:0:0:0:1] failed: Connection refused",Login Load Test 1-23,text,false,"Test failed: code expected to equal /

****** received  : [[[Non HTTP response code: org.apache.http.conn.HttpHostConnectException]]]

****** comparison: [[[200                                                                  ]]]

/",2623,0,94,95,http://localhost:8001/auth/login,0,0,5001
1777162256970,5002,POST /auth/login,Non HTTP response code: org.apache.http.conn.HttpHostConnectException,"Non HTTP response message: Connect to localhost:8001 [localhost/127.0.0.1, localhost/0:0:0:0:0:0:0:1] failed: Connection refused",Login Load Test 1-90,text,false,"Test failed: code expected to equal /

****** received  : [[[Non HTTP response code: org.apache.http.conn.HttpHostConnectException]]]

****** comparison: [[[200                                                                  ]]]

/",2623,0,94,95,http://localhost:8001/auth/login,0,0,5002
1777162257144,5001,POST /auth/login,Non HTTP response code: org.apache.http.conn.HttpHostConnectException,"Non HTTP response message: Connect to localhost:8001 [localhost/127.0.0.1, localhost/0:0:0:0:0:0:0:1] failed: Connection refused",Login Load Test 1-72,text,false,"Test failed: code expected to equal /

****** received  : [[[Non HTTP response code: org.apache.http.conn.HttpHostConnectException]]]

****** comparison: [[[200                                                                  ]]]

/",2623,0,94,95,http://localhost:8001/auth/login,0,0,5001
1777162257144,5001,POST /auth/login,Non HTTP response code: org.apache.http.conn.HttpHostConnectException,"Non HTTP response message: Connect to localhost:8001 [localhost/127.0.0.1, localhost/0:0:0:0:0:0:0:1] failed: Connection refused",Login Load Test 1-22,text,false,"Test failed: code expected to equal /

****** received  : [[[Non HTTP response code: org.apache.http.conn.HttpHostConnectException]]]

****** comparison: [[[200                                                                  ]]]

/",2623,0,94,95,http://localhost:8001/auth/login,0,0,5001
1777162252031,10121,POST /auth/login,Non HTTP response code: java.net.SocketTimeoutException,Non HTTP response message: Read timed out,Login Load Test 1-40,text,false,"Test failed: code expected to equal /

****** received  : [[[Non HTTP response code: java.net.SocketTimeoutException]]]

****** comparison: [[[200                                                    ]]]

/",2679,0,94,95,http://localhost:8001/auth/login,0,0,120
1777162257505,4648,POST /auth/login,200,OK,Login Load Test 1-19,text,true,,316,243,94,95,http://localhost:8001/auth/login,4648,0,0
1777162257505,4648,POST /auth/login,200,OK,Login Load Test 1-7,text,true,,316,243,94,95,http://localhost:8001/auth/login,4648,0,0
1777162257505,4648,POST /auth/login,200,OK,Login Load Test 1-18,text,true,,316,243,94,95,http://localhost:8001/auth/login,4648,0,0
1777162252071,10094,POST /auth/login,Non HTTP response code: java.net.SocketTimeoutException,Non HTTP response message: Read timed out,Login Load Test 1-57,text,false,"Test failed: code expected to equal /

****** received  : [[[Non HTTP response code: java.net.SocketTimeoutException]]]

****** comparison: [[[200                                                    ]]]

/",2679,0,93,94,http://localhost:8001/auth/login,0,0,93
1777162257168,5001,POST /auth/login,Non HTTP response code: org.apache.http.conn.HttpHostConnectException,"Non HTTP response message: Connect to localhost:8001 [localhost/127.0.0.1, localhost/0:0:0:0:0:0:0:1] failed: Connection refused",Login Load Test 1-74,text,false,"Test failed: code expected to equal /

****** received  : [[[Non HTTP response code: org.apache.http.conn.HttpHostConnectException]]]

****** comparison: [[[200                                                                  ]]]

/",2623,0,93,94,http://localhost:8001/auth/login,0,0,5001
1777162257171,5001,POST /auth/login,Non HTTP response code: org.apache.http.conn.HttpHostConnectException,"Non HTTP response message: Connect to localhost:8001 [localhost/127.0.0.1, localhost/0:0:0:0:0:0:0:1] failed: Connection refused",Login Load Test 1-24,text,false,"Test failed: code expected to equal /

****** received  : [[[Non HTTP response code: org.apache.http.conn.HttpHostConnectException]]]

****** comparison: [[[200                                                                  ]]]

/",2623,0,93,94,http://localhost:8001/auth/login,0,0,5001
1777162257572,5000,POST /auth/login,Non HTTP response code: org.apache.http.conn.HttpHostConnectException,"Non HTTP response message: Connect to localhost:8001 [localhost/127.0.0.1, localhost/0:0:0:0:0:0:0:1] failed: Connection refused",Login Load Test 1-92,text,false,"Test failed: code expected to equal /

****** received  : [[[Non HTTP response code: org.apache.http.conn.HttpHostConnectException]]]

****** comparison: [[[200                                                                  ]]]

/",2623,0,93,94,http://localhost:8001/auth/login,0,0,5000
1777162257572,5002,POST /auth/login,Non HTTP response code: org.apache.http.conn.HttpHostConnectException,"Non HTTP response message: Connect to localhost:8001 [localhost/127.0.0.1, localhost/0:0:0:0:0:0:0:1] failed: Connection refused",Login Load Test 1-42,text,false,"Test failed: code expected to equal /

****** received  : [[[Non HTTP response code: org.apache.http.conn.HttpHostConnectException]]]

****** comparison: [[[200                                                                  ]]]

/",2623,0,93,94,http://localhost:8001/auth/login,0,0,5002
1777162257805,5001,POST /auth/login,Non HTTP response code: org.apache.http.conn.HttpHostConnectException,"Non HTTP response message: Connect to localhost:8001 [localhost/127.0.0.1, localhost/0:0:0:0:0:0:0:1] failed: Connection refused",Login Load Test 1-75,text,false,"Test failed: code expected to equal /

****** received  : [[[Non HTTP response code: org.apache.http.conn.HttpHostConnectException]]]

****** comparison: [[[200                                                                  ]]]

/",2623,0,93,94,http://localhost:8001/auth/login,0,0,5001
1777162257805,5001,POST /auth/login,Non HTTP response code: org.apache.http.conn.HttpHostConnectException,"Non HTTP response message: Connect to localhost:8001 [localhost/127.0.0.1, localhost/0:0:0:0:0:0:0:1] failed: Connection refused",Login Load Test 1-25,text,false,"Test failed: code expected to equal /

****** received  : [[[Non HTTP response code: org.apache.http.conn.HttpHostConnectException]]]

****** comparison: [[[200                                                                  ]]]

/",2623,0,93,94,http://localhost:8001/auth/login,0,0,5001
1777162258329,4482,POST /auth/login,200,OK,Login Load Test 1-13,text,true,,316,243,93,94,http://localhost:8001/auth/login,4482,0,0
1777162258329,4482,POST /auth/login,200,OK,Login Load Test 1-12,text,true,,316,243,93,94,http://localhost:8001/auth/login,4482,0,0
1777162258329,4482,POST /auth/login,200,OK,Login Load Test 1-14,text,true,,316,243,93,94,http://localhost:8001/auth/login,4482,0,0
1777162252668,10153,POST /auth/login,Non HTTP response code: java.net.SocketTimeoutException,Non HTTP response message: Read timed out,Login Load Test 1-59,text,false,"Test failed: code expected to equal /

****** received  : [[[Non HTTP response code: java.net.SocketTimeoutException]]]

****** comparison: [[[200                                                    ]]]

/",2679,0,93,94,http://localhost:8001/auth/login,0,0,151
1777162252824,10001,POST /auth/login,Non HTTP response code: java.net.SocketTimeoutException,Non HTTP response message: Read timed out,Login Load Test 1-56,text,false,"Test failed: code expected to equal /

****** received  : [[[Non HTTP response code: java.net.SocketTimeoutException]]]

****** comparison: [[[200                                                    ]]]

/",2679,0,93,94,http://localhost:8001/auth/login,0,0,0
1777162257832,5002,POST /auth/login,Non HTTP response code: org.apache.http.conn.HttpHostConnectException,"Non HTTP response message: Connect to localhost:8001 [localhost/127.0.0.1, localhost/0:0:0:0:0:0:0:1] failed: Connection refused",Login Load Test 1-26,text,false,"Test failed: code expected to equal /

****** received  : [[[Non HTTP response code: org.apache.http.conn.HttpHostConnectException]]]

****** comparison: [[[200                                                                  ]]]

/",2623,0,93,94,http://localhost:8001/auth/login,0,0,5002
1777162257863,5001,POST /auth/login,Non HTTP response code: org.apache.http.conn.HttpHostConnectException,"Non HTTP response message: Connect to localhost:8001 [localhost/127.0.0.1, localhost/0:0:0:0:0:0:0:1] failed: Connection refused",Login Load Test 1-76,text,false,"Test failed: code expected to equal /

****** received  : [[[Non HTTP response code: org.apache.http.conn.HttpHostConnectException]]]

****** comparison: [[[200                                                                  ]]]

/",2623,0,93,94,http://localhost:8001/auth/login,0,0,5001
1777162257871,5001,POST /auth/login,Non HTTP response code: org.apache.http.conn.HttpHostConnectException,"Non HTTP response message: Connect to localhost:8001 [localhost/127.0.0.1, localhost/0:0:0:0:0:0:0:1] failed: Connection refused",Login Load Test 1-43,text,false,"Test failed: code expected to equal /

****** received  : [[[Non HTTP response code: org.apache.http.conn.HttpHostConnectException]]]

****** comparison: [[[200                                                                  ]]]

/",2623,0,93,94,http://localhost:8001/auth/login,0,0,5001
1777162257871,5001,POST /auth/login,Non HTTP response code: org.apache.http.conn.HttpHostConnectException,"Non HTTP response message: Connect to localhost:8001 [localhost/127.0.0.1, localhost/0:0:0:0:0:0:0:1] failed: Connection refused",Login Load Test 1-93,text,false,"Test failed: code expected to equal /

****** received  : [[[Non HTTP response code: org.apache.http.conn.HttpHostConnectException]]]

****** comparison: [[[200                                                                  ]]]

/",2623,0,93,94,http://localhost:8001/auth/login,0,0,5001
1777162257971,5001,POST /auth/login,Non HTTP response code: org.apache.http.conn.HttpHostConnectException,"Non HTTP response message: Connect to localhost:8001 [localhost/127.0.0.1, localhost/0:0:0:0:0:0:0:1] failed: Connection refused",Login Load Test 1-60,text,false,"Test failed: code expected to equal /

****** received  : [[[Non HTTP response code: org.apache.http.conn.HttpHostConnectException]]]

****** comparison: [[[200                                                                  ]]]

/",2623,0,93,94,http://localhost:8001/auth/login,0,0,5001
1777162258073,5001,POST /auth/login,Non HTTP response code: org.apache.http.conn.HttpHostConnectException,"Non HTTP response message: Connect to localhost:8001 [localhost/127.0.0.1, localhost/0:0:0:0:0:0:0:1] failed: Connection refused",Login Load Test 1-27,text,false,"Test failed: code expected to equal /

****** received  : [[[Non HTTP response code: org.apache.http.conn.HttpHostConnectException]]]

****** comparison: [[[200                                                                  ]]]

/",2623,0,93,94,http://localhost:8001/auth/login,0,0,5001
1777162258073,5001,POST /auth/login,Non HTTP response code: org.apache.http.conn.HttpHostConnectException,"Non HTTP response message: Connect to localhost:8001 [localhost/127.0.0.1, localhost/0:0:0:0:0:0:0:1] failed: Connection refused",Login Load Test 1-77,text,false,"Test failed: code expected to equal /

****** received  : [[[Non HTTP response code: org.apache.http.conn.HttpHostConnectException]]]

****** comparison: [[[200                                                                  ]]]

/",2623,0,93,94,http://localhost:8001/auth/login,0,0,5001
1777162258170,5001,POST /auth/login,Non HTTP response code: org.apache.http.conn.HttpHostConnectException,"Non HTTP response message: Connect to localhost:8001 [localhost/127.0.0.1, localhost/0:0:0:0:0:0:0:1] failed: Connection refused",Login Load Test 1-44,text,false,"Test failed: code expected to equal /

****** received  : [[[Non HTTP response code: org.apache.http.conn.HttpHostConnectException]]]

****** comparison: [[[200                                                                  ]]]

/",2623,0,93,94,http://localhost:8001/auth/login,0,0,5001
1777162258171,5001,POST /auth/login,Non HTTP response code: org.apache.http.conn.HttpHostConnectException,"Non HTTP response message: Connect to localhost:8001 [localhost/127.0.0.1, localhost/0:0:0:0:0:0:0:1] failed: Connection refused",Login Load Test 1-94,text,false,"Test failed: code expected to equal /

****** received  : [[[Non HTTP response code: org.apache.http.conn.HttpHostConnectException]]]

****** comparison: [[[200                                                                  ]]]

/",2623,0,93,94,http://localhost:8001/auth/login,0,0,5001
1777162258367,5002,POST /auth/login,Non HTTP response code: org.apache.http.conn.HttpHostConnectException,"Non HTTP response message: Connect to localhost:8001 [localhost/127.0.0.1, localhost/0:0:0:0:0:0:0:1] failed: Connection refused",Login Load Test 1-78,text,false,"Test failed: code expected to equal /

****** received  : [[[Non HTTP response code: org.apache.http.conn.HttpHostConnectException]]]

****** comparison: [[[200                                                                  ]]]

/",2623,0,93,94,http://localhost:8001/auth/login,0,0,5002
1777162258373,5001,POST /auth/login,Non HTTP response code: org.apache.http.conn.HttpHostConnectException,"Non HTTP response message: Connect to localhost:8001 [localhost/127.0.0.1, localhost/0:0:0:0:0:0:0:1] failed: Connection refused",Login Load Test 1-28,text,false,"Test failed: code expected to equal /

****** received  : [[[Non HTTP response code: org.apache.http.conn.HttpHostConnectException]]]

****** comparison: [[[200                                                                  ]]]

/",2623,0,93,94,http://localhost:8001/auth/login,0,0,5001
1777162259153,4315,POST /auth/login,200,OK,Login Load Test 1-9,text,true,,316,243,93,94,http://localhost:8001/auth/login,4315,0,0
1777162259153,4315,POST /auth/login,200,OK,Login Load Test 1-15,text,true,,316,243,93,94,http://localhost:8001/auth/login,4315,0,0
1777162258567,5001,POST /auth/login,Non HTTP response code: org.apache.http.conn.HttpHostConnectException,"Non HTTP response message: Connect to localhost:8001 [localhost/127.0.0.1, localhost/0:0:0:0:0:0:0:1] failed: Connection refused",Login Load Test 1-62,text,false,"Test failed: code expected to equal /

****** received  : [[[Non HTTP response code: org.apache.http.conn.HttpHostConnectException]]]

****** comparison: [[[200                                                                  ]]]

/",2623,0,92,93,http://localhost:8001/auth/login,0,0,5001
1777162258796,5001,POST /auth/login,Non HTTP response code: org.apache.http.conn.HttpHostConnectException,"Non HTTP response message: Connect to localhost:8001 [localhost/127.0.0.1, localhost/0:0:0:0:0:0:0:1] failed: Connection refused",Login Load Test 1-79,text,false,"Test failed: code expected to equal /

****** received  : [[[Non HTTP response code: org.apache.http.conn.HttpHostConnectException]]]

****** comparison: [[[200                                                                  ]]]

/",2623,0,92,93,http://localhost:8001/auth/login,0,0,5001
1777162258805,5001,POST /auth/login,Non HTTP response code: org.apache.http.conn.HttpHostConnectException,"Non HTTP response message: Connect to localhost:8001 [localhost/127.0.0.1, localhost/0:0:0:0:0:0:0:1] failed: Connection refused",Login Load Test 1-45,text,false,"Test failed: code expected to equal /

****** received  : [[[Non HTTP response code: org.apache.http.conn.HttpHostConnectException]]]

****** comparison: [[[200                                                                  ]]]

/",2623,0,92,93,http://localhost:8001/auth/login,0,0,5001
1777162253271,10577,POST /auth/login,Non HTTP response code: java.net.SocketTimeoutException,Non HTTP response message: Read timed out,Login Load Test 1-61,text,false,"Test failed: code expected to equal /

****** received  : [[[Non HTTP response code: java.net.SocketTimeoutException]]]

****** comparison: [[[200                                                    ]]]

/",2679,0,92,93,http://localhost:8001/auth/login,0,0,576
1777162251866,12018,POST /auth/login,Non HTTP response code: java.net.SocketTimeoutException,Non HTTP response message: Read timed out,Login Load Test 1-73,text,false,"Test failed: code expected to equal /

****** received  : [[[Non HTTP response code: java.net.SocketTimeoutException]]]

****** comparison: [[[200                                                    ]]]

/",2679,0,92,93,http://localhost:8001/auth/login,0,0,2017
1777162258974,5001,POST /auth/login,Non HTTP response code: org.apache.http.conn.HttpHostConnectException,"Non HTTP response message: Connect to localhost:8001 [localhost/127.0.0.1, localhost/0:0:0:0:0:0:0:1] failed: Connection refused",Login Load Test 1-30,text,false,"Test failed: code expected to equal /

****** received  : [[[Non HTTP response code: org.apache.http.conn.HttpHostConnectException]]]

****** comparison: [[[200                                                                  ]]]

/",2623,0,92,93,http://localhost:8001/auth/login,0,0,5001
1777162258974,5001,POST /auth/login,Non HTTP response code: org.apache.http.conn.HttpHostConnectException,"Non HTTP response message: Connect to localhost:8001 [localhost/127.0.0.1, localhost/0:0:0:0:0:0:0:1] failed: Connection refused",Login Load Test 1-80,text,false,"Test failed: code expected to equal /

****** received  : [[[Non HTTP response code: org.apache.http.conn.HttpHostConnectException]]]

****** comparison: [[[200                                                                  ]]]

/",2623,0,92,93,http://localhost:8001/auth/login,0,0,5001
1777162258982,5001,POST /auth/login,Non HTTP response code: org.apache.http.conn.HttpHostConnectException,"Non HTTP response message: Connect to localhost:8001 [localhost/127.0.0.1, localhost/0:0:0:0:0:0:0:1] failed: Connection refused",Login Load Test 1-96,text,false,"Test failed: code expected to equal /

****** received  : [[[Non HTTP response code: org.apache.http.conn.HttpHostConnectException]]]

****** comparison: [[[200                                                                  ]]]

/",2623,0,92,93,http://localhost:8001/auth/login,0,0,5001
1777162259024,5000,POST /auth/login,Non HTTP response code: org.apache.http.conn.HttpHostConnectException,"Non HTTP response message: Connect to localhost:8001 [localhost/127.0.0.1, localhost/0:0:0:0:0:0:0:1] failed: Connection refused",Login Load Test 1-63,text,false,"Test failed: code expected to equal /

****** received  : [[[Non HTTP response code: org.apache.http.conn.HttpHostConnectException]]]

****** comparison: [[[200                                                                  ]]]

/",2623,0,92,93,http://localhost:8001/auth/login,0,0,5000
1777162259073,5001,POST /auth/login,Non HTTP response code: org.apache.http.conn.HttpHostConnectException,"Non HTTP response message: Connect to localhost:8001 [localhost/127.0.0.1, localhost/0:0:0:0:0:0:0:1] failed: Connection refused",Login Load Test 1-47,text,false,"Test failed: code expected to equal /

****** received  : [[[Non HTTP response code: org.apache.http.conn.HttpHostConnectException]]]

****** comparison: [[[200                                                                  ]]]

/",2623,0,92,93,http://localhost:8001/auth/login,0,0,5001
1777162260146,3980,POST /auth/login,200,OK,Login Load Test 1-16,text,true,,316,243,92,93,http://localhost:8001/auth/login,3980,0,0
1777162259171,5001,POST /auth/login,Non HTTP response code: org.apache.http.conn.HttpHostConnectException,"Non HTTP response message: Connect to localhost:8001 [localhost/127.0.0.1, localhost/0:0:0:0:0:0:0:1] failed: Connection refused",Login Load Test 1-64,text,false,"Test failed: code expected to equal /

****** received  : [[[Non HTTP response code: org.apache.http.conn.HttpHostConnectException]]]

****** comparison: [[[200                                                                  ]]]

/",2623,0,92,93,http://localhost:8001/auth/login,0,0,5001
1777162259348,5002,POST /auth/login,Non HTTP response code: org.apache.http.conn.HttpHostConnectException,"Non HTTP response message: Connect to localhost:8001 [localhost/127.0.0.1, localhost/0:0:0:0:0:0:0:1] failed: Connection refused",Login Load Test 1-46,text,false,"Test failed: code expected to equal /

****** received  : [[[Non HTTP response code: org.apache.http.conn.HttpHostConnectException]]]

****** comparison: [[[200                                                                  ]]]

/",2623,0,92,93,http://localhost:8001/auth/login,0,0,5002
1777162259366,5002,POST /auth/login,Non HTTP response code: org.apache.http.conn.HttpHostConnectException,"Non HTTP response message: Connect to localhost:8001 [localhost/127.0.0.1, localhost/0:0:0:0:0:0:0:1] failed: Connection refused",Login Load Test 1-98,text,false,"Test failed: code expected to equal /

****** received  : [[[Non HTTP response code: org.apache.http.conn.HttpHostConnectException]]]

****** comparison: [[[200                                                                  ]]]

/",2623,0,92,93,http://localhost:8001/auth/login,0,0,5002
1777162259371,5002,POST /auth/login,Non HTTP response code: org.apache.http.conn.HttpHostConnectException,"Non HTTP response message: Connect to localhost:8001 [localhost/127.0.0.1, localhost/0:0:0:0:0:0:0:1] failed: Connection refused",Login Load Test 1-48,text,false,"Test failed: code expected to equal /

****** received  : [[[Non HTTP response code: org.apache.http.conn.HttpHostConnectException]]]

****** comparison: [[[200                                                                  ]]]

/",2623,0,92,93,http://localhost:8001/auth/login,0,0,5002
1777162260476,4144,POST /auth/login,200,OK,Login Load Test 1-10,text,true,,316,243,92,93,http://localhost:8001/auth/login,4144,0,0
1777162260146,4474,POST /auth/login,200,OK,Login Load Test 1-8,text,true,,316,243,92,93,http://localhost:8001/auth/login,4474,0,0
1777162254571,10094,POST /auth/login,Non HTTP response code: java.net.SocketTimeoutException,Non HTTP response message: Read timed out,Login Load Test 1-82,text,false,"Test failed: code expected to equal /

****** received  : [[[Non HTTP response code: java.net.SocketTimeoutException]]]

****** comparison: [[[200                                                    ]]]

/",2679,0,90,91,http://localhost:8001/auth/login,0,0,93
1777162254573,10092,POST /auth/login,Non HTTP response code: java.net.SocketTimeoutException,Non HTTP response message: Read timed out,Login Load Test 1-32,text,false,"Test failed: code expected to equal /

****** received  : [[[Non HTTP response code: java.net.SocketTimeoutException]]]

****** comparison: [[[200                                                    ]]]

/",2679,0,90,91,http://localhost:8001/auth/login,0,0,91
1777162259792,5001,POST /auth/login,Non HTTP response code: org.apache.http.conn.HttpHostConnectException,"Non HTTP response message: Connect to localhost:8001 [localhost/127.0.0.1, localhost/0:0:0:0:0:0:0:1] failed: Connection refused",Login Load Test 1-99,text,false,"Test failed: code expected to equal /

****** received  : [[[Non HTTP response code: org.apache.http.conn.HttpHostConnectException]]]

****** comparison: [[[200                                                                  ]]]

/",2623,0,90,91,http://localhost:8001/auth/login,0,0,5001
1777162259792,5001,POST /auth/login,Non HTTP response code: org.apache.http.conn.HttpHostConnectException,"Non HTTP response message: Connect to localhost:8001 [localhost/127.0.0.1, localhost/0:0:0:0:0:0:0:1] failed: Connection refused",Login Load Test 1-49,text,false,"Test failed: code expected to equal /

****** received  : [[[Non HTTP response code: org.apache.http.conn.HttpHostConnectException]]]

****** comparison: [[[200                                                                  ]]]

/",2623,0,90,91,http://localhost:8001/auth/login,0,0,5001
1777162259845,5002,POST /auth/login,Non HTTP response code: org.apache.http.conn.HttpHostConnectException,"Non HTTP response message: Connect to localhost:8001 [localhost/127.0.0.1, localhost/0:0:0:0:0:0:0:1] failed: Connection refused",Login Load Test 1-31,text,false,"Test failed: code expected to equal /

****** received  : [[[Non HTTP response code: org.apache.http.conn.HttpHostConnectException]]]

****** comparison: [[[200                                                                  ]]]

/",2623,0,90,91,http://localhost:8001/auth/login,0,0,5002
1777162259845,5002,POST /auth/login,Non HTTP response code: org.apache.http.conn.HttpHostConnectException,"Non HTTP response message: Connect to localhost:8001 [localhost/127.0.0.1, localhost/0:0:0:0:0:0:0:1] failed: Connection refused",Login Load Test 1-81,text,false,"Test failed: code expected to equal /

****** received  : [[[Non HTTP response code: org.apache.http.conn.HttpHostConnectException]]]

****** comparison: [[[200                                                                  ]]]

/",2623,0,90,91,http://localhost:8001/auth/login,0,0,5002
1777162259871,5001,POST /auth/login,Non HTTP response code: org.apache.http.conn.HttpHostConnectException,"Non HTTP response message: Connect to localhost:8001 [localhost/127.0.0.1, localhost/0:0:0:0:0:0:0:1] failed: Connection refused",Login Load Test 1-83,text,false,"Test failed: code expected to equal /

****** received  : [[[Non HTTP response code: org.apache.http.conn.HttpHostConnectException]]]

****** comparison: [[[200                                                                  ]]]

/",2623,0,90,91,http://localhost:8001/auth/login,0,0,5001
1777162259871,5001,POST /auth/login,Non HTTP response code: org.apache.http.conn.HttpHostConnectException,"Non HTTP response message: Connect to localhost:8001 [localhost/127.0.0.1, localhost/0:0:0:0:0:0:0:1] failed: Connection refused",Login Load Test 1-33,text,false,"Test failed: code expected to equal /

****** received  : [[[Non HTTP response code: org.apache.http.conn.HttpHostConnectException]]]

****** comparison: [[[200                                                                  ]]]

/",2623,0,90,91,http://localhost:8001/auth/login,0,0,5001
1777162259972,5002,POST /auth/login,Non HTTP response code: org.apache.http.conn.HttpHostConnectException,"Non HTTP response message: Connect to localhost:8001 [localhost/127.0.0.1, localhost/0:0:0:0:0:0:0:1] failed: Connection refused",Login Load Test 1-100,text,false,"Test failed: code expected to equal /

****** received  : [[[Non HTTP response code: org.apache.http.conn.HttpHostConnectException]]]

****** comparison: [[[200                                                                  ]]]

/",2623,0,90,91,http://localhost:8001/auth/login,0,0,5002
1777162259972,5002,POST /auth/login,Non HTTP response code: org.apache.http.conn.HttpHostConnectException,"Non HTTP response message: Connect to localhost:8001 [localhost/127.0.0.1, localhost/0:0:0:0:0:0:0:1] failed: Connection refused",Login Load Test 1-50,text,false,"Test failed: code expected to equal /

****** received  : [[[Non HTTP response code: org.apache.http.conn.HttpHostConnectException]]]

****** comparison: [[[200                                                                  ]]]

/",2623,0,90,91,http://localhost:8001/auth/login,0,0,5002
1777162260172,5001,POST /auth/login,Non HTTP response code: org.apache.http.conn.HttpHostConnectException,"Non HTTP response message: Connect to localhost:8001 [localhost/127.0.0.1, localhost/0:0:0:0:0:0:0:1] failed: Connection refused",Login Load Test 1-34,text,false,"Test failed: code expected to equal /

****** received  : [[[Non HTTP response code: org.apache.http.conn.HttpHostConnectException]]]

****** comparison: [[[200                                                                  ]]]

/",2623,0,90,91,http://localhost:8001/auth/login,0,0,5001
1777162261331,3953,POST /auth/login,200,OK,Login Load Test 1-17,text,true,,316,243,90,91,http://localhost:8001/auth/login,3953,0,0
1777162260476,4808,POST /auth/login,200,OK,Login Load Test 1-11,text,true,,316,243,90,91,http://localhost:8001/auth/login,4808,0,0
1777162260471,5001,POST /auth/login,Non HTTP response code: org.apache.http.conn.HttpHostConnectException,"Non HTTP response message: Connect to localhost:8001 [localhost/127.0.0.1, localhost/0:0:0:0:0:0:0:1] failed: Connection refused",Login Load Test 1-85,text,false,"Test failed: code expected to equal /

****** received  : [[[Non HTTP response code: org.apache.http.conn.HttpHostConnectException]]]

****** comparison: [[[200                                                                  ]]]

/",2623,0,89,90,http://localhost:8001/auth/login,0,0,5001
1777162260475,5000,POST /auth/login,Non HTTP response code: org.apache.http.conn.HttpHostConnectException,"Non HTTP response message: Connect to localhost:8001 [localhost/127.0.0.1, localhost/0:0:0:0:0:0:0:1] failed: Connection refused",Login Load Test 1-35,text,false,"Test failed: code expected to equal /

****** received  : [[[Non HTTP response code: org.apache.http.conn.HttpHostConnectException]]]

****** comparison: [[[200                                                                  ]]]

/",2623,0,89,90,http://localhost:8001/auth/login,0,0,5000
1777162255373,10155,POST /auth/login,Non HTTP response code: java.net.SocketTimeoutException,Non HTTP response message: Read timed out,Login Load Test 1-68,text,false,"Test failed: code expected to equal /

****** received  : [[[Non HTTP response code: java.net.SocketTimeoutException]]]

****** comparison: [[[200                                                    ]]]

/",2679,0,89,90,http://localhost:8001/auth/login,0,0,154
1777162254471,11057,POST /auth/login,Non HTTP response code: java.net.SocketTimeoutException,Non HTTP response message: Read timed out,Login Load Test 1-65,text,false,"Test failed: code expected to equal /

****** received  : [[[Non HTTP response code: java.net.SocketTimeoutException]]]

****** comparison: [[[200                                                    ]]]

/",2679,0,89,90,http://localhost:8001/auth/login,0,0,1056
1777162255825,10031,POST /auth/login,Non HTTP response code: java.net.SocketTimeoutException,Non HTTP response message: Read timed out,Login Load Test 1-66,text,false,"Test failed: code expected to equal /

****** received  : [[[Non HTTP response code: java.net.SocketTimeoutException]]]

****** comparison: [[[200                                                    ]]]

/",2679,0,89,90,http://localhost:8001/auth/login,0,0,30
1777162255828,10031,Login for Token,Non HTTP response code: java.net.SocketTimeoutException,Non HTTP response message: Read timed out,Review Submission Load Test 3-73,text,false,,2679,0,1,90,http://localhost:8001/auth/login,0,0,30
1777162265860,0,POST /reviews/,401,Unauthorized,Review Submission Load Test 3-73,text,false,,204,299,1,90,http://localhost:8004/reviews/,0,0,0
1777162260870,5001,POST /auth/login,Non HTTP response code: org.apache.http.conn.HttpHostConnectException,"Non HTTP response message: Connect to localhost:8001 [localhost/127.0.0.1, localhost/0:0:0:0:0:0:0:1] failed: Connection refused",Login Load Test 1-53,text,false,"Test failed: code expected to equal /

****** received  : [[[Non HTTP response code: org.apache.http.conn.HttpHostConnectException]]]

****** comparison: [[[200                                                                  ]]]

/",2623,0,89,89,http://localhost:8001/auth/login,0,0,5001
1777162260880,5001,POST /auth/login,Non HTTP response code: org.apache.http.conn.HttpHostConnectException,"Non HTTP response message: Connect to localhost:8001 [localhost/127.0.0.1, localhost/0:0:0:0:0:0:0:1] failed: Connection refused",Login Load Test 1-69,text,false,"Test failed: code expected to equal /

****** received  : [[[Non HTTP response code: org.apache.http.conn.HttpHostConnectException]]]

****** comparison: [[[200                                                                  ]]]

/",2623,0,89,89,http://localhost:8001/auth/login,0,0,5001
1777162260971,5000,POST /auth/login,Non HTTP response code: org.apache.http.conn.HttpHostConnectException,"Non HTTP response message: Connect to localhost:8001 [localhost/127.0.0.1, localhost/0:0:0:0:0:0:0:1] failed: Connection refused",Login Load Test 1-20,text,false,"Test failed: code expected to equal /

****** received  : [[[Non HTTP response code: org.apache.http.conn.HttpHostConnectException]]]

****** comparison: [[[200                                                                  ]]]

/",2623,0,89,89,http://localhost:8001/auth/login,0,0,5000
1777162260972,5001,POST /auth/login,Non HTTP response code: org.apache.http.conn.HttpHostConnectException,"Non HTTP response message: Connect to localhost:8001 [localhost/127.0.0.1, localhost/0:0:0:0:0:0:0:1] failed: Connection refused",Login Load Test 1-70,text,false,"Test failed: code expected to equal /

****** received  : [[[Non HTTP response code: org.apache.http.conn.HttpHostConnectException]]]

****** comparison: [[[200                                                                  ]]]

/",2623,0,89,89,http://localhost:8001/auth/login,0,0,5001
1777162261074,5000,POST /auth/login,Non HTTP response code: org.apache.http.conn.HttpHostConnectException,"Non HTTP response message: Connect to localhost:8001 [localhost/127.0.0.1, localhost/0:0:0:0:0:0:0:1] failed: Connection refused",Login Load Test 1-87,text,false,"Test failed: code expected to equal /

****** received  : [[[Non HTTP response code: org.apache.http.conn.HttpHostConnectException]]]

****** comparison: [[[200                                                                  ]]]

/",2623,0,89,89,http://localhost:8001/auth/login,0,0,5000
1777162261074,5000,POST /auth/login,Non HTTP response code: org.apache.http.conn.HttpHostConnectException,"Non HTTP response message: Connect to localhost:8001 [localhost/127.0.0.1, localhost/0:0:0:0:0:0:0:1] failed: Connection refused",Login Load Test 1-37,text,false,"Test failed: code expected to equal /

****** received  : [[[Non HTTP response code: org.apache.http.conn.HttpHostConnectException]]]

****** comparison: [[[200                                                                  ]]]

/",2623,0,89,89,http://localhost:8001/auth/login,0,0,5000
1777162262153,3953,POST /auth/login,200,OK,Login Load Test 1-18,text,true,,316,243,89,89,http://localhost:8001/auth/login,3953,0,0
1777162262153,3953,POST /auth/login,200,OK,Login Load Test 1-19,text,true,,316,243,89,89,http://localhost:8001/auth/login,3953,0,0
1777162261151,5000,POST /auth/login,Non HTTP response code: org.apache.http.conn.HttpHostConnectException,"Non HTTP response message: Connect to localhost:8001 [localhost/127.0.0.1, localhost/0:0:0:0:0:0:0:1] failed: Connection refused",Login Load Test 1-52,text,false,"Test failed: code expected to equal /

****** received  : [[[Non HTTP response code: org.apache.http.conn.HttpHostConnectException]]]

****** comparison: [[[200                                                                  ]]]

/",2623,0,89,89,http://localhost:8001/auth/login,0,0,5000
1777162261174,5001,POST /auth/login,Non HTTP response code: org.apache.http.conn.HttpHostConnectException,"Non HTTP response message: Connect to localhost:8001 [localhost/127.0.0.1, localhost/0:0:0:0:0:0:0:1] failed: Connection refused",Login Load Test 1-54,text,false,"Test failed: code expected to equal /

****** received  : [[[Non HTTP response code: org.apache.http.conn.HttpHostConnectException]]]

****** comparison: [[[200                                                                  ]]]

/",2623,0,89,89,http://localhost:8001/auth/login,0,0,5001
1777162261268,5001,POST /auth/login,Non HTTP response code: org.apache.http.conn.HttpHostConnectException,"Non HTTP response message: Connect to localhost:8001 [localhost/127.0.0.1, localhost/0:0:0:0:0:0:0:1] failed: Connection refused",Login Load Test 1-71,text,false,"Test failed: code expected to equal /

****** received  : [[[Non HTTP response code: org.apache.http.conn.HttpHostConnectException]]]

****** comparison: [[[200                                                                  ]]]

/",2623,0,89,89,http://localhost:8001/auth/login,0,0,5001
1777162261371,5001,POST /auth/login,Non HTTP response code: org.apache.http.conn.HttpHostConnectException,"Non HTTP response message: Connect to localhost:8001 [localhost/127.0.0.1, localhost/0:0:0:0:0:0:0:1] failed: Connection refused",Login Load Test 1-88,text,false,"Test failed: code expected to equal /

****** received  : [[[Non HTTP response code: org.apache.http.conn.HttpHostConnectException]]]

****** comparison: [[[200                                                                  ]]]

/",2623,0,89,89,http://localhost:8001/auth/login,0,0,5001
1777162261374,5001,POST /auth/login,Non HTTP response code: org.apache.http.conn.HttpHostConnectException,"Non HTTP response message: Connect to localhost:8001 [localhost/127.0.0.1, localhost/0:0:0:0:0:0:0:1] failed: Connection refused",Login Load Test 1-38,text,false,"Test failed: code expected to equal /

****** received  : [[[Non HTTP response code: org.apache.http.conn.HttpHostConnectException]]]

****** comparison: [[[200                                                                  ]]]

/",2623,0,89,89,http://localhost:8001/auth/login,0,0,5001
1777162262811,3792,POST /auth/login,200,OK,Login Load Test 1-12,text,true,,316,243,89,89,http://localhost:8001/auth/login,3792,0,0
1777162262811,3793,POST /auth/login,200,OK,Login Load Test 1-14,text,true,,316,243,88,88,http://localhost:8001/auth/login,3793,0,0
1777162261672,5001,POST /auth/login,Non HTTP response code: org.apache.http.conn.HttpHostConnectException,"Non HTTP response message: Connect to localhost:8001 [localhost/127.0.0.1, localhost/0:0:0:0:0:0:0:1] failed: Connection refused",Login Load Test 1-89,text,false,"Test failed: code expected to equal /

****** received  : [[[Non HTTP response code: org.apache.http.conn.HttpHostConnectException]]]

****** comparison: [[[200                                                                  ]]]

/",2623,0,87,87,http://localhost:8001/auth/login,0,0,5001
1777162256272,10575,POST /auth/login,Non HTTP response code: java.net.SocketTimeoutException,Non HTTP response message: Read timed out,Login Load Test 1-21,text,false,"Test failed: code expected to equal /

****** received  : [[[Non HTTP response code: java.net.SocketTimeoutException]]]

****** comparison: [[[200                                                    ]]]

/",2679,0,87,87,http://localhost:8001/auth/login,0,0,574
1777162256702,10155,POST /auth/login,Non HTTP response code: java.net.SocketTimeoutException,Non HTTP response message: Read timed out,Login Load Test 1-39,text,false,"Test failed: code expected to equal /

****** received  : [[[Non HTTP response code: java.net.SocketTimeoutException]]]

****** comparison: [[[200                                                    ]]]

/",2679,0,87,87,http://localhost:8001/auth/login,0,0,154
1777162261972,5001,POST /auth/login,Non HTTP response code: org.apache.http.conn.HttpHostConnectException,"Non HTTP response message: Connect to localhost:8001 [localhost/127.0.0.1, localhost/0:0:0:0:0:0:0:1] failed: Connection refused",Login Load Test 1-90,text,false,"Test failed: code expected to equal /

****** received  : [[[Non HTTP response code: org.apache.http.conn.HttpHostConnectException]]]

****** comparison: [[[200                                                                  ]]]

/",2623,0,87,87,http://localhost:8001/auth/login,0,0,5001
1777162263468,3631,POST /auth/login,200,OK,Login Load Test 1-15,text,true,,316,243,87,87,http://localhost:8001/auth/login,3631,0,0
1777162262811,4288,POST /auth/login,200,OK,Login Load Test 1-13,text,true,,316,243,87,87,http://localhost:8001/auth/login,4288,0,0
1777162262145,5001,POST /auth/login,Non HTTP response code: org.apache.http.conn.HttpHostConnectException,"Non HTTP response message: Connect to localhost:8001 [localhost/127.0.0.1, localhost/0:0:0:0:0:0:0:1] failed: Connection refused",Login Load Test 1-72,text,false,"Test failed: code expected to equal /

****** received  : [[[Non HTTP response code: org.apache.http.conn.HttpHostConnectException]]]

****** comparison: [[[200                                                                  ]]]

/",2623,0,85,85,http://localhost:8001/auth/login,0,0,5001
1777162262145,5001,POST /auth/login,Non HTTP response code: org.apache.http.conn.HttpHostConnectException,"Non HTTP response message: Connect to localhost:8001 [localhost/127.0.0.1, localhost/0:0:0:0:0:0:0:1] failed: Connection refused",Login Load Test 1-22,text,false,"Test failed: code expected to equal /

****** received  : [[[Non HTTP response code: org.apache.http.conn.HttpHostConnectException]]]

****** comparison: [[[200                                                                  ]]]

/",2623,0,85,85,http://localhost:8001/auth/login,0,0,5001
1777162262152,5001,POST /auth/login,Non HTTP response code: org.apache.http.conn.HttpHostConnectException,"Non HTTP response message: Connect to localhost:8001 [localhost/127.0.0.1, localhost/0:0:0:0:0:0:0:1] failed: Connection refused",Login Load Test 1-40,text,false,"Test failed: code expected to equal /

****** received  : [[[Non HTTP response code: org.apache.http.conn.HttpHostConnectException]]]

****** comparison: [[[200                                                                  ]]]

/",2623,0,85,85,http://localhost:8001/auth/login,0,0,5001
1777162264126,3140,POST /auth/login,200,OK,Login Load Test 1-16,text,true,,316,243,85,85,http://localhost:8001/auth/login,3140,0,0
1777162257369,10154,POST /auth/login,Non HTTP response code: java.net.SocketTimeoutException,Non HTTP response message: Read timed out,Login Load Test 1-58,text,false,"Test failed: code expected to equal /

****** received  : [[[Non HTTP response code: java.net.SocketTimeoutException]]]

****** comparison: [[[200                                                    ]]]

/",2679,0,84,84,http://localhost:8001/auth/login,0,0,153
1777162256473,11058,POST /auth/login,Non HTTP response code: java.net.SocketTimeoutException,Non HTTP response message: Read timed out,Login Load Test 1-55,text,false,"Test failed: code expected to equal /

****** received  : [[[Non HTTP response code: java.net.SocketTimeoutException]]]

****** comparison: [[[200                                                    ]]]

/",2679,0,84,84,http://localhost:8001/auth/login,0,0,1057
1777162262572,5002,POST /auth/login,Non HTTP response code: org.apache.http.conn.HttpHostConnectException,"Non HTTP response message: Connect to localhost:8001 [localhost/127.0.0.1, localhost/0:0:0:0:0:0:0:1] failed: Connection refused",Login Load Test 1-92,text,false,"Test failed: code expected to equal /

****** received  : [[[Non HTTP response code: org.apache.http.conn.HttpHostConnectException]]]

****** comparison: [[[200                                                                  ]]]

/",2623,0,84,84,http://localhost:8001/auth/login,0,0,5002
1777162262574,5001,POST /auth/login,Non HTTP response code: org.apache.http.conn.HttpHostConnectException,"Non HTTP response message: Connect to localhost:8001 [localhost/127.0.0.1, localhost/0:0:0:0:0:0:0:1] failed: Connection refused",Login Load Test 1-42,text,false,"Test failed: code expected to equal /

****** received  : [[[Non HTTP response code: org.apache.http.conn.HttpHostConnectException]]]

****** comparison: [[[200                                                                  ]]]

/",2623,0,84,84,http://localhost:8001/auth/login,0,0,5001
1777162262806,5001,POST /auth/login,Non HTTP response code: org.apache.http.conn.HttpHostConnectException,"Non HTTP response message: Connect to localhost:8001 [localhost/127.0.0.1, localhost/0:0:0:0:0:0:0:1] failed: Connection refused",Login Load Test 1-75,text,false,"Test failed: code expected to equal /

****** received  : [[[Non HTTP response code: org.apache.http.conn.HttpHostConnectException]]]

****** comparison: [[[200                                                                  ]]]

/",2623,0,84,84,http://localhost:8001/auth/login,0,0,5001
1777162262806,5001,POST /auth/login,Non HTTP response code: org.apache.http.conn.HttpHostConnectException,"Non HTTP response message: Connect to localhost:8001 [localhost/127.0.0.1, localhost/0:0:0:0:0:0:0:1] failed: Connection refused",Login Load Test 1-25,text,false,"Test failed: code expected to equal /

****** received  : [[[Non HTTP response code: org.apache.http.conn.HttpHostConnectException]]]

****** comparison: [[[200                                                                  ]]]

/",2623,0,84,84,http://localhost:8001/auth/login,0,0,5001
1777162262834,5001,POST /auth/login,Non HTTP response code: org.apache.http.conn.HttpHostConnectException,"Non HTTP response message: Connect to localhost:8001 [localhost/127.0.0.1, localhost/0:0:0:0:0:0:0:1] failed: Connection refused",Login Load Test 1-26,text,false,"Test failed: code expected to equal /

****** received  : [[[Non HTTP response code: org.apache.http.conn.HttpHostConnectException]]]

****** comparison: [[[200                                                                  ]]]

/",2623,0,84,84,http://localhost:8001/auth/login,0,0,5001
1777162262864,5001,POST /auth/login,Non HTTP response code: org.apache.http.conn.HttpHostConnectException,"Non HTTP response message: Connect to localhost:8001 [localhost/127.0.0.1, localhost/0:0:0:0:0:0:0:1] failed: Connection refused",Login Load Test 1-76,text,false,"Test failed: code expected to equal /

****** received  : [[[Non HTTP response code: org.apache.http.conn.HttpHostConnectException]]]

****** comparison: [[[200                                                                  ]]]

/",2623,0,84,84,http://localhost:8001/auth/login,0,0,5001
1777162262873,5001,POST /auth/login,Non HTTP response code: org.apache.http.conn.HttpHostConnectException,"Non HTTP response message: Connect to localhost:8001 [localhost/127.0.0.1, localhost/0:0:0:0:0:0:0:1] failed: Connection refused",Login Load Test 1-93,text,false,"Test failed: code expected to equal /

****** received  : [[[Non HTTP response code: org.apache.http.conn.HttpHostConnectException]]]

****** comparison: [[[200                                                                  ]]]

/",2623,0,84,84,http://localhost:8001/auth/login,0,0,5001
1777162262873,5001,POST /auth/login,Non HTTP response code: org.apache.http.conn.HttpHostConnectException,"Non HTTP response message: Connect to localhost:8001 [localhost/127.0.0.1, localhost/0:0:0:0:0:0:0:1] failed: Connection refused",Login Load Test 1-43,text,false,"Test failed: code expected to equal /

****** received  : [[[Non HTTP response code: org.apache.http.conn.HttpHostConnectException]]]

****** comparison: [[[200                                                                  ]]]

/",2623,0,84,84,http://localhost:8001/auth/login,0,0,5001
1777162262972,5002,POST /auth/login,Non HTTP response code: org.apache.http.conn.HttpHostConnectException,"Non HTTP response message: Connect to localhost:8001 [localhost/127.0.0.1, localhost/0:0:0:0:0:0:0:1] failed: Connection refused",Login Load Test 1-60,text,false,"Test failed: code expected to equal /

****** received  : [[[Non HTTP response code: org.apache.http.conn.HttpHostConnectException]]]

****** comparison: [[[200                                                                  ]]]

/",2623,0,84,84,http://localhost:8001/auth/login,0,0,5002
1777162263074,5001,POST /auth/login,Non HTTP response code: org.apache.http.conn.HttpHostConnectException,"Non HTTP response message: Connect to localhost:8001 [localhost/127.0.0.1, localhost/0:0:0:0:0:0:0:1] failed: Connection refused",Login Load Test 1-27,text,false,"Test failed: code expected to equal /

****** received  : [[[Non HTTP response code: org.apache.http.conn.HttpHostConnectException]]]

****** comparison: [[[200                                                                  ]]]

/",2623,0,84,84,http://localhost:8001/auth/login,0,0,5001
1777162263074,5001,POST /auth/login,Non HTTP response code: org.apache.http.conn.HttpHostConnectException,"Non HTTP response message: Connect to localhost:8001 [localhost/127.0.0.1, localhost/0:0:0:0:0:0:0:1] failed: Connection refused",Login Load Test 1-77,text,false,"Test failed: code expected to equal /

****** received  : [[[Non HTTP response code: org.apache.http.conn.HttpHostConnectException]]]

****** comparison: [[[200                                                                  ]]]

/",2623,0,84,84,http://localhost:8001/auth/login,0,0,5001
1777162257272,11058,POST /auth/login,Non HTTP response code: java.net.SocketTimeoutException,Non HTTP response message: Read timed out,Login Load Test 1-41,text,false,"Test failed: code expected to equal /

****** received  : [[[Non HTTP response code: java.net.SocketTimeoutException]]]

****** comparison: [[[200                                                    ]]]

/",2679,0,84,84,http://localhost:8001/auth/login,0,0,1058
1777162257272,11058,POST /auth/login,Non HTTP response code: java.net.SocketTimeoutException,Non HTTP response message: Read timed out,Login Load Test 1-91,text,false,"Test failed: code expected to equal /

****** received  : [[[Non HTTP response code: java.net.SocketTimeoutException]]]

****** comparison: [[[200                                                    ]]]

/",2679,0,84,84,http://localhost:8001/auth/login,0,0,1058
1777162265284,3137,POST /auth/login,200,OK,Login Load Test 1-17,text,true,,316,243,84,84,http://localhost:8001/auth/login,3137,0,0
1777162266107,2644,POST /auth/login,200,OK,Login Load Test 1-18,text,true,,316,243,83,83,http://localhost:8001/auth/login,2644,0,0
1777162266107,2644,POST /auth/login,200,OK,Login Load Test 1-19,text,true,,316,243,83,83,http://localhost:8001/auth/login,2644,0,0
1777162263797,5001,POST /auth/login,Non HTTP response code: org.apache.http.conn.HttpHostConnectException,"Non HTTP response message: Connect to localhost:8001 [localhost/127.0.0.1, localhost/0:0:0:0:0:0:0:1] failed: Connection refused",Login Load Test 1-79,text,false,"Test failed: code expected to equal /

****** received  : [[[Non HTTP response code: org.apache.http.conn.HttpHostConnectException]]]

****** comparison: [[[200                                                                  ]]]

/",2623,0,81,81,http://localhost:8001/auth/login,0,0,5001
1777162263806,5000,POST /auth/login,Non HTTP response code: org.apache.http.conn.HttpHostConnectException,"Non HTTP response message: Connect to localhost:8001 [localhost/127.0.0.1, localhost/0:0:0:0:0:0:0:1] failed: Connection refused",Login Load Test 1-45,text,false,"Test failed: code expected to equal /

****** received  : [[[Non HTTP response code: org.apache.http.conn.HttpHostConnectException]]]

****** comparison: [[[200                                                                  ]]]

/",2623,0,81,81,http://localhost:8001/auth/login,0,0,5000
1777162263884,5001,POST /auth/login,Non HTTP response code: org.apache.http.conn.HttpHostConnectException,"Non HTTP response message: Connect to localhost:8001 [localhost/127.0.0.1, localhost/0:0:0:0:0:0:0:1] failed: Connection refused",Login Load Test 1-73,text,false,"Test failed: code expected to equal /

****** received  : [[[Non HTTP response code: org.apache.http.conn.HttpHostConnectException]]]

****** comparison: [[[200                                                                  ]]]

/",2623,0,81,81,http://localhost:8001/auth/login,0,0,5001
1777162263983,5001,POST /auth/login,Non HTTP response code: org.apache.http.conn.HttpHostConnectException,"Non HTTP response message: Connect to localhost:8001 [localhost/127.0.0.1, localhost/0:0:0:0:0:0:0:1] failed: Connection refused",Login Load Test 1-96,text,false,"Test failed: code expected to equal /

****** received  : [[[Non HTTP response code: org.apache.http.conn.HttpHostConnectException]]]

****** comparison: [[[200                                                                  ]]]

/",2623,0,81,81,http://localhost:8001/auth/login,0,0,5001
1777162264024,5001,POST /auth/login,Non HTTP response code: org.apache.http.conn.HttpHostConnectException,"Non HTTP response message: Connect to localhost:8001 [localhost/127.0.0.1, localhost/0:0:0:0:0:0:0:1] failed: Connection refused",Login Load Test 1-63,text,false,"Test failed: code expected to equal /

****** received  : [[[Non HTTP response code: org.apache.http.conn.HttpHostConnectException]]]

****** comparison: [[[200                                                                  ]]]

/",2623,0,81,81,http://localhost:8001/auth/login,0,0,5001
1777162259004,10155,POST /auth/login,Non HTTP response code: java.net.SocketTimeoutException,Non HTTP response message: Read timed out,Login Load Test 1-29,text,false,"Test failed: code expected to equal /

****** received  : [[[Non HTTP response code: java.net.SocketTimeoutException]]]

****** comparison: [[[200                                                    ]]]

/",2679,0,81,81,http://localhost:8001/auth/login,0,0,154
1777162259071,10092,POST /auth/login,Non HTTP response code: java.net.SocketTimeoutException,Non HTTP response message: Read timed out,Login Load Test 1-97,text,false,"Test failed: code expected to equal /

****** received  : [[[Non HTTP response code: java.net.SocketTimeoutException]]]

****** comparison: [[[200                                                    ]]]

/",2679,0,81,81,http://localhost:8001/auth/login,0,0,91
1777162264172,5002,POST /auth/login,Non HTTP response code: org.apache.http.conn.HttpHostConnectException,"Non HTTP response message: Connect to localhost:8001 [localhost/127.0.0.1, localhost/0:0:0:0:0:0:0:1] failed: Connection refused",Login Load Test 1-64,text,false,"Test failed: code expected to equal /

****** received  : [[[Non HTTP response code: org.apache.http.conn.HttpHostConnectException]]]

****** comparison: [[[200                                                                  ]]]

/",2623,0,81,81,http://localhost:8001/auth/login,0,0,5002
1777162264350,5001,POST /auth/login,Non HTTP response code: org.apache.http.conn.HttpHostConnectException,"Non HTTP response message: Connect to localhost:8001 [localhost/127.0.0.1, localhost/0:0:0:0:0:0:0:1] failed: Connection refused",Login Load Test 1-46,text,false,"Test failed: code expected to equal /

****** received  : [[[Non HTTP response code: org.apache.http.conn.HttpHostConnectException]]]

****** comparison: [[[200                                                                  ]]]

/",2623,0,81,81,http://localhost:8001/auth/login,0,0,5001
1777162264368,5001,POST /auth/login,Non HTTP response code: org.apache.http.conn.HttpHostConnectException,"Non HTTP response message: Connect to localhost:8001 [localhost/127.0.0.1, localhost/0:0:0:0:0:0:0:1] failed: Connection refused",Login Load Test 1-98,text,false,"Test failed: code expected to equal /

****** received  : [[[Non HTTP response code: org.apache.http.conn.HttpHostConnectException]]]

****** comparison: [[[200                                                                  ]]]

/",2623,0,81,81,http://localhost:8001/auth/login,0,0,5001
1777162264373,5001,POST /auth/login,Non HTTP response code: org.apache.http.conn.HttpHostConnectException,"Non HTTP response message: Connect to localhost:8001 [localhost/127.0.0.1, localhost/0:0:0:0:0:0:0:1] failed: Connection refused",Login Load Test 1-48,text,false,"Test failed: code expected to equal /

****** received  : [[[Non HTTP response code: org.apache.http.conn.HttpHostConnectException]]]

****** comparison: [[[200                                                                  ]]]

/",2623,0,81,81,http://localhost:8001/auth/login,0,0,5001
1777162264665,5002,POST /auth/login,Non HTTP response code: org.apache.http.conn.HttpHostConnectException,"Non HTTP response message: Connect to localhost:8001 [localhost/127.0.0.1, localhost/0:0:0:0:0:0:0:1] failed: Connection refused",Login Load Test 1-32,text,false,"Test failed: code expected to equal /

****** received  : [[[Non HTTP response code: org.apache.http.conn.HttpHostConnectException]]]

****** comparison: [[[200                                                                  ]]]

/",2623,0,81,81,http://localhost:8001/auth/login,0,0,5002
1777162264665,5002,POST /auth/login,Non HTTP response code: org.apache.http.conn.HttpHostConnectException,"Non HTTP response message: Connect to localhost:8001 [localhost/127.0.0.1, localhost/0:0:0:0:0:0:0:1] failed: Connection refused",Login Load Test 1-82,text,false,"Test failed: code expected to equal /

****** received  : [[[Non HTTP response code: org.apache.http.conn.HttpHostConnectException]]]

****** comparison: [[[200                                                                  ]]]

/",2623,0,81,81,http://localhost:8001/auth/login,0,0,5002
1777162264793,5002,POST /auth/login,Non HTTP response code: org.apache.http.conn.HttpHostConnectException,"Non HTTP response message: Connect to localhost:8001 [localhost/127.0.0.1, localhost/0:0:0:0:0:0:0:1] failed: Connection refused",Login Load Test 1-99,text,false,"Test failed: code expected to equal /

****** received  : [[[Non HTTP response code: org.apache.http.conn.HttpHostConnectException]]]

****** comparison: [[[200                                                                  ]]]

/",2623,0,81,81,http://localhost:8001/auth/login,0,0,5002
1777162264793,5002,POST /auth/login,Non HTTP response code: org.apache.http.conn.HttpHostConnectException,"Non HTTP response message: Connect to localhost:8001 [localhost/127.0.0.1, localhost/0:0:0:0:0:0:0:1] failed: Connection refused",Login Load Test 1-49,text,false,"Test failed: code expected to equal /

****** received  : [[[Non HTTP response code: org.apache.http.conn.HttpHostConnectException]]]

****** comparison: [[[200                                                                  ]]]

/",2623,0,81,81,http://localhost:8001/auth/login,0,0,5002
1777162264873,5001,POST /auth/login,Non HTTP response code: org.apache.http.conn.HttpHostConnectException,"Non HTTP response message: Connect to localhost:8001 [localhost/127.0.0.1, localhost/0:0:0:0:0:0:0:1] failed: Connection refused",Login Load Test 1-83,text,false,"Test failed: code expected to equal /

****** received  : [[[Non HTTP response code: org.apache.http.conn.HttpHostConnectException]]]

****** comparison: [[[200                                                                  ]]]

/",2623,0,81,81,http://localhost:8001/auth/login,0,0,5001
1777162264873,5001,POST /auth/login,Non HTTP response code: org.apache.http.conn.HttpHostConnectException,"Non HTTP response message: Connect to localhost:8001 [localhost/127.0.0.1, localhost/0:0:0:0:0:0:0:1] failed: Connection refused",Login Load Test 1-33,text,false,"Test failed: code expected to equal /

****** received  : [[[Non HTTP response code: org.apache.http.conn.HttpHostConnectException]]]

****** comparison: [[[200                                                                  ]]]

/",2623,0,81,81,http://localhost:8001/auth/login,0,0,5001
1777162264974,5001,POST /auth/login,Non HTTP response code: org.apache.http.conn.HttpHostConnectException,"Non HTTP response message: Connect to localhost:8001 [localhost/127.0.0.1, localhost/0:0:0:0:0:0:0:1] failed: Connection refused",Login Load Test 1-100,text,false,"Test failed: code expected to equal /

****** received  : [[[Non HTTP response code: org.apache.http.conn.HttpHostConnectException]]]

****** comparison: [[[200                                                                  ]]]

/",2623,0,81,81,http://localhost:8001/auth/login,0,0,5001
1777162264974,5001,POST /auth/login,Non HTTP response code: org.apache.http.conn.HttpHostConnectException,"Non HTTP response message: Connect to localhost:8001 [localhost/127.0.0.1, localhost/0:0:0:0:0:0:0:1] failed: Connection refused",Login Load Test 1-50,text,false,"Test failed: code expected to equal /

****** received  : [[[Non HTTP response code: org.apache.http.conn.HttpHostConnectException]]]

****** comparison: [[[200                                                                  ]]]

/",2623,0,81,81,http://localhost:8001/auth/login,0,0,5001
1777162260074,10094,POST /auth/login,Non HTTP response code: java.net.SocketTimeoutException,Non HTTP response message: Read timed out,Login Load Test 1-67,text,false,"Test failed: code expected to equal /

****** received  : [[[Non HTTP response code: java.net.SocketTimeoutException]]]

****** comparison: [[[200                                                    ]]]

/",2679,0,81,81,http://localhost:8001/auth/login,0,0,93
1777162260169,10001,POST /auth/login,Non HTTP response code: java.net.SocketTimeoutException,Non HTTP response message: Read timed out,Login Load Test 1-84,text,false,"Test failed: code expected to equal /

****** received  : [[[Non HTTP response code: java.net.SocketTimeoutException]]]

****** comparison: [[[200                                                    ]]]

/",2679,0,81,81,http://localhost:8001/auth/login,0,0,0
1777162265474,5001,POST /auth/login,Non HTTP response code: org.apache.http.conn.HttpHostConnectException,"Non HTTP response message: Connect to localhost:8001 [localhost/127.0.0.1, localhost/0:0:0:0:0:0:0:1] failed: Connection refused",Login Load Test 1-85,text,false,"Test failed: code expected to equal /

****** received  : [[[Non HTTP response code: org.apache.http.conn.HttpHostConnectException]]]

****** comparison: [[[200                                                                  ]]]

/",2623,0,81,81,http://localhost:8001/auth/login,0,0,5001
1777162265476,5002,POST /auth/login,Non HTTP response code: org.apache.http.conn.HttpHostConnectException,"Non HTTP response message: Connect to localhost:8001 [localhost/127.0.0.1, localhost/0:0:0:0:0:0:0:1] failed: Connection refused",Login Load Test 1-35,text,false,"Test failed: code expected to equal /

****** received  : [[[Non HTTP response code: org.apache.http.conn.HttpHostConnectException]]]

****** comparison: [[[200                                                                  ]]]

/",2623,0,81,81,http://localhost:8001/auth/login,0,0,5002
1777162260274,10213,POST /auth/login,Non HTTP response code: java.net.SocketTimeoutException,Non HTTP response message: Read timed out,Login Load Test 1-51,text,false,"Test failed: code expected to equal /

****** received  : [[[Non HTTP response code: java.net.SocketTimeoutException]]]

****** comparison: [[[200                                                    ]]]

/",2679,0,81,81,http://localhost:8001/auth/login,0,0,212
1777162258472,12018,POST /auth/login,Non HTTP response code: java.net.SocketTimeoutException,Non HTTP response message: Read timed out,Login Load Test 1-95,text,false,"Test failed: code expected to equal /

****** received  : [[[Non HTTP response code: java.net.SocketTimeoutException]]]

****** comparison: [[[200                                                    ]]]

/",2679,0,81,81,http://localhost:8001/auth/login,0,0,2018
1777162265529,5001,POST /auth/login,Non HTTP response code: org.apache.http.conn.HttpHostConnectException,"Non HTTP response message: Connect to localhost:8001 [localhost/127.0.0.1, localhost/0:0:0:0:0:0:0:1] failed: Connection refused",Login Load Test 1-68,text,false,"Test failed: code expected to equal /

****** received  : [[[Non HTTP response code: org.apache.http.conn.HttpHostConnectException]]]

****** comparison: [[[200                                                                  ]]]

/",2623,0,81,81,http://localhost:8001/auth/login,0,0,5001
1777162265529,5001,POST /auth/login,Non HTTP response code: org.apache.http.conn.HttpHostConnectException,"Non HTTP response message: Connect to localhost:8001 [localhost/127.0.0.1, localhost/0:0:0:0:0:0:0:1] failed: Connection refused",Login Load Test 1-65,text,false,"Test failed: code expected to equal /

****** received  : [[[Non HTTP response code: org.apache.http.conn.HttpHostConnectException]]]

****** comparison: [[[200                                                                  ]]]

/",2623,0,81,81,http://localhost:8001/auth/login,0,0,5001
1777162265857,5001,POST /auth/login,Non HTTP response code: org.apache.http.conn.HttpHostConnectException,"Non HTTP response message: Connect to localhost:8001 [localhost/127.0.0.1, localhost/0:0:0:0:0:0:0:1] failed: Connection refused",Login Load Test 1-66,text,false,"Test failed: code expected to equal /

****** received  : [[[Non HTTP response code: org.apache.http.conn.HttpHostConnectException]]]

****** comparison: [[[200                                                                  ]]]

/",2623,0,81,81,http://localhost:8001/auth/login,0,0,5001
1777162265872,5001,POST /auth/login,Non HTTP response code: org.apache.http.conn.HttpHostConnectException,"Non HTTP response message: Connect to localhost:8001 [localhost/127.0.0.1, localhost/0:0:0:0:0:0:0:1] failed: Connection refused",Login Load Test 1-53,text,false,"Test failed: code expected to equal /

****** received  : [[[Non HTTP response code: org.apache.http.conn.HttpHostConnectException]]]

****** comparison: [[[200                                                                  ]]]

/",2623,0,81,81,http://localhost:8001/auth/login,0,0,5001
1777162265882,5001,POST /auth/login,Non HTTP response code: org.apache.http.conn.HttpHostConnectException,"Non HTTP response message: Connect to localhost:8001 [localhost/127.0.0.1, localhost/0:0:0:0:0:0:0:1] failed: Connection refused",Login Load Test 1-69,text,false,"Test failed: code expected to equal /

****** received  : [[[Non HTTP response code: org.apache.http.conn.HttpHostConnectException]]]

****** comparison: [[[200                                                                  ]]]

/",2623,0,81,81,http://localhost:8001/auth/login,0,0,5001
1777162265972,5001,POST /auth/login,Non HTTP response code: org.apache.http.conn.HttpHostConnectException,"Non HTTP response message: Connect to localhost:8001 [localhost/127.0.0.1, localhost/0:0:0:0:0:0:0:1] failed: Connection refused",Login Load Test 1-20,text,false,"Test failed: code expected to equal /

****** received  : [[[Non HTTP response code: org.apache.http.conn.HttpHostConnectException]]]

****** comparison: [[[200                                                                  ]]]

/",2623,0,81,81,http://localhost:8001/auth/login,0,0,5001
1777162265974,5000,POST /auth/login,Non HTTP response code: org.apache.http.conn.HttpHostConnectException,"Non HTTP response message: Connect to localhost:8001 [localhost/127.0.0.1, localhost/0:0:0:0:0:0:0:1] failed: Connection refused",Login Load Test 1-70,text,false,"Test failed: code expected to equal /

****** received  : [[[Non HTTP response code: org.apache.http.conn.HttpHostConnectException]]]

****** comparison: [[[200                                                                  ]]]

/",2623,0,81,81,http://localhost:8001/auth/login,0,0,5000
1777162266075,5001,POST /auth/login,Non HTTP response code: org.apache.http.conn.HttpHostConnectException,"Non HTTP response message: Connect to localhost:8001 [localhost/127.0.0.1, localhost/0:0:0:0:0:0:0:1] failed: Connection refused",Login Load Test 1-37,text,false,"Test failed: code expected to equal /

****** received  : [[[Non HTTP response code: org.apache.http.conn.HttpHostConnectException]]]

****** comparison: [[[200                                                                  ]]]

/",2623,0,81,81,http://localhost:8001/auth/login,0,0,5001
1777162266152,5001,POST /auth/login,Non HTTP response code: org.apache.http.conn.HttpHostConnectException,"Non HTTP response message: Connect to localhost:8001 [localhost/127.0.0.1, localhost/0:0:0:0:0:0:0:1] failed: Connection refused",Login Load Test 1-52,text,false,"Test failed: code expected to equal /

****** received  : [[[Non HTTP response code: org.apache.http.conn.HttpHostConnectException]]]

****** comparison: [[[200                                                                  ]]]

/",2623,0,81,81,http://localhost:8001/auth/login,0,0,5001
1777162266176,5002,POST /auth/login,Non HTTP response code: org.apache.http.conn.HttpHostConnectException,"Non HTTP response message: Connect to localhost:8001 [localhost/127.0.0.1, localhost/0:0:0:0:0:0:0:1] failed: Connection refused",Login Load Test 1-54,text,false,"Test failed: code expected to equal /

****** received  : [[[Non HTTP response code: org.apache.http.conn.HttpHostConnectException]]]

****** comparison: [[[200                                                                  ]]]

/",2623,0,81,81,http://localhost:8001/auth/login,0,0,5002
1777162260772,10583,POST /auth/login,Non HTTP response code: java.net.SocketTimeoutException,Non HTTP response message: Read timed out,Login Load Test 1-86,text,false,"Test failed: code expected to equal /

****** received  : [[[Non HTTP response code: java.net.SocketTimeoutException]]]

****** comparison: [[[200                                                    ]]]

/",2679,0,81,81,http://localhost:8001/auth/login,0,0,581
1777162260772,10583,POST /auth/login,Non HTTP response code: java.net.SocketTimeoutException,Non HTTP response message: Read timed out,Login Load Test 1-36,text,false,"Test failed: code expected to equal /

****** received  : [[[Non HTTP response code: java.net.SocketTimeoutException]]]

****** comparison: [[[200                                                    ]]]

/",2679,0,81,81,http://localhost:8001/auth/login,0,0,581
1777162266373,5002,POST /auth/login,Non HTTP response code: org.apache.http.conn.HttpHostConnectException,"Non HTTP response message: Connect to localhost:8001 [localhost/127.0.0.1, localhost/0:0:0:0:0:0:0:1] failed: Connection refused",Login Load Test 1-88,text,false,"Test failed: code expected to equal /

****** received  : [[[Non HTTP response code: org.apache.http.conn.HttpHostConnectException]]]

****** comparison: [[[200                                                                  ]]]

/",2623,0,81,81,http://localhost:8001/auth/login,0,0,5002
1777162266376,5001,POST /auth/login,Non HTTP response code: org.apache.http.conn.HttpHostConnectException,"Non HTTP response message: Connect to localhost:8001 [localhost/127.0.0.1, localhost/0:0:0:0:0:0:0:1] failed: Connection refused",Login Load Test 1-38,text,false,"Test failed: code expected to equal /

****** received  : [[[Non HTTP response code: org.apache.http.conn.HttpHostConnectException]]]

****** comparison: [[[200                                                                  ]]]

/",2623,0,81,81,http://localhost:8001/auth/login,0,0,5001
1777162266675,5001,POST /auth/login,Non HTTP response code: org.apache.http.conn.HttpHostConnectException,"Non HTTP response message: Connect to localhost:8001 [localhost/127.0.0.1, localhost/0:0:0:0:0:0:0:1] failed: Connection refused",Login Load Test 1-89,text,false,"Test failed: code expected to equal /

****** received  : [[[Non HTTP response code: org.apache.http.conn.HttpHostConnectException]]]

****** comparison: [[[200                                                                  ]]]

/",2623,0,81,81,http://localhost:8001/auth/login,0,0,5001
1777162266849,5001,POST /auth/login,Non HTTP response code: org.apache.http.conn.HttpHostConnectException,"Non HTTP response message: Connect to localhost:8001 [localhost/127.0.0.1, localhost/0:0:0:0:0:0:0:1] failed: Connection refused",Login Load Test 1-21,text,false,"Test failed: code expected to equal /

****** received  : [[[Non HTTP response code: org.apache.http.conn.HttpHostConnectException]]]

****** comparison: [[[200                                                                  ]]]

/",2623,0,81,81,http://localhost:8001/auth/login,0,0,5001
1777162266858,5001,POST /auth/login,Non HTTP response code: org.apache.http.conn.HttpHostConnectException,"Non HTTP response message: Connect to localhost:8001 [localhost/127.0.0.1, localhost/0:0:0:0:0:0:0:1] failed: Connection refused",Login Load Test 1-39,text,false,"Test failed: code expected to equal /

****** received  : [[[Non HTTP response code: org.apache.http.conn.HttpHostConnectException]]]

****** comparison: [[[200                                                                  ]]]

/",2623,0,81,81,http://localhost:8001/auth/login,0,0,5001
1777162266974,5001,POST /auth/login,Non HTTP response code: org.apache.http.conn.HttpHostConnectException,"Non HTTP response message: Connect to localhost:8001 [localhost/127.0.0.1, localhost/0:0:0:0:0:0:0:1] failed: Connection refused",Login Load Test 1-90,text,false,"Test failed: code expected to equal /

****** received  : [[[Non HTTP response code: org.apache.http.conn.HttpHostConnectException]]]

****** comparison: [[[200                                                                  ]]]

/",2623,0,81,81,http://localhost:8001/auth/login,0,0,5001
1777162267147,5001,POST /auth/login,Non HTTP response code: org.apache.http.conn.HttpHostConnectException,"Non HTTP response message: Connect to localhost:8001 [localhost/127.0.0.1, localhost/0:0:0:0:0:0:0:1] failed: Connection refused",Login Load Test 1-22,text,false,"Test failed: code expected to equal /

****** received  : [[[Non HTTP response code: org.apache.http.conn.HttpHostConnectException]]]

****** comparison: [[[200                                                                  ]]]

/",2623,0,81,81,http://localhost:8001/auth/login,0,0,5001
1777162262165,10001,POST /auth/login,Non HTTP response code: java.net.SocketTimeoutException,Non HTTP response message: Read timed out,Login Load Test 1-57,text,false,"Test failed: code expected to equal /

****** received  : [[[Non HTTP response code: java.net.SocketTimeoutException]]]

****** comparison: [[[200                                                    ]]]

/",2679,0,81,81,http://localhost:8001/auth/login,0,0,0
1777162262169,10001,POST /auth/login,Non HTTP response code: java.net.SocketTimeoutException,Non HTTP response message: Read timed out,Login Load Test 1-74,text,false,"Test failed: code expected to equal /

****** received  : [[[Non HTTP response code: java.net.SocketTimeoutException]]]

****** comparison: [[[200                                                    ]]]

/",2679,0,81,81,http://localhost:8001/auth/login,0,0,0
1777162267532,5002,POST /auth/login,Non HTTP response code: org.apache.http.conn.HttpHostConnectException,"Non HTTP response message: Connect to localhost:8001 [localhost/127.0.0.1, localhost/0:0:0:0:0:0:0:1] failed: Connection refused",Login Load Test 1-55,text,false,"Test failed: code expected to equal /

****** received  : [[[Non HTTP response code: org.apache.http.conn.HttpHostConnectException]]]

****** comparison: [[[200                                                                  ]]]

/",2623,0,81,81,http://localhost:8001/auth/login,0,0,5002
1777162267575,5001,POST /auth/login,Non HTTP response code: org.apache.http.conn.HttpHostConnectException,"Non HTTP response message: Connect to localhost:8001 [localhost/127.0.0.1, localhost/0:0:0:0:0:0:0:1] failed: Connection refused",Login Load Test 1-92,text,false,"Test failed: code expected to equal /

****** received  : [[[Non HTTP response code: org.apache.http.conn.HttpHostConnectException]]]

****** comparison: [[[200                                                                  ]]]

/",2623,0,81,81,http://localhost:8001/auth/login,0,0,5001
1777162267809,5001,POST /auth/login,Non HTTP response code: org.apache.http.conn.HttpHostConnectException,"Non HTTP response message: Connect to localhost:8001 [localhost/127.0.0.1, localhost/0:0:0:0:0:0:0:1] failed: Connection refused",Login Load Test 1-25,text,false,"Test failed: code expected to equal /

****** received  : [[[Non HTTP response code: org.apache.http.conn.HttpHostConnectException]]]

****** comparison: [[[200                                                                  ]]]

/",2623,0,81,81,http://localhost:8001/auth/login,0,0,5001
1777162267809,5001,POST /auth/login,Non HTTP response code: org.apache.http.conn.HttpHostConnectException,"Non HTTP response message: Connect to localhost:8001 [localhost/127.0.0.1, localhost/0:0:0:0:0:0:0:1] failed: Connection refused",Login Load Test 1-75,text,false,"Test failed: code expected to equal /

****** received  : [[[Non HTTP response code: org.apache.http.conn.HttpHostConnectException]]]

****** comparison: [[[200                                                                  ]]]

/",2623,0,81,81,http://localhost:8001/auth/login,0,0,5001
1777162262821,10000,POST /auth/login,Non HTTP response code: java.net.SocketTimeoutException,Non HTTP response message: Read timed out,Login Load Test 1-59,text,false,"Test failed: code expected to equal /

****** received  : [[[Non HTTP response code: java.net.SocketTimeoutException]]]

****** comparison: [[[200                                                    ]]]

/",2679,0,81,81,http://localhost:8001/auth/login,0,0,0
1777162262825,10001,POST /auth/login,Non HTTP response code: java.net.SocketTimeoutException,Non HTTP response message: Read timed out,Login Load Test 1-56,text,false,"Test failed: code expected to equal /

****** received  : [[[Non HTTP response code: java.net.SocketTimeoutException]]]

****** comparison: [[[200                                                    ]]]

/",2679,0,81,81,http://localhost:8001/auth/login,0,0,0
1777162267836,5001,POST /auth/login,Non HTTP response code: org.apache.http.conn.HttpHostConnectException,"Non HTTP response message: Connect to localhost:8001 [localhost/127.0.0.1, localhost/0:0:0:0:0:0:0:1] failed: Connection refused",Login Load Test 1-26,text,false,"Test failed: code expected to equal /

****** received  : [[[Non HTTP response code: org.apache.http.conn.HttpHostConnectException]]]

****** comparison: [[[200                                                                  ]]]

/",2623,0,81,81,http://localhost:8001/auth/login,0,0,5001
1777162267875,5001,POST /auth/login,Non HTTP response code: org.apache.http.conn.HttpHostConnectException,"Non HTTP response message: Connect to localhost:8001 [localhost/127.0.0.1, localhost/0:0:0:0:0:0:0:1] failed: Connection refused",Login Load Test 1-93,text,false,"Test failed: code expected to equal /

****** received  : [[[Non HTTP response code: org.apache.http.conn.HttpHostConnectException]]]

****** comparison: [[[200                                                                  ]]]

/",2623,0,81,81,http://localhost:8001/auth/login,0,0,5001
1777162267875,5001,POST /auth/login,Non HTTP response code: org.apache.http.conn.HttpHostConnectException,"Non HTTP response message: Connect to localhost:8001 [localhost/127.0.0.1, localhost/0:0:0:0:0:0:0:1] failed: Connection refused",Login Load Test 1-43,text,false,"Test failed: code expected to equal /

****** received  : [[[Non HTTP response code: org.apache.http.conn.HttpHostConnectException]]]

****** comparison: [[[200                                                                  ]]]

/",2623,0,81,81,http://localhost:8001/auth/login,0,0,5001
1777162267975,5001,POST /auth/login,Non HTTP response code: org.apache.http.conn.HttpHostConnectException,"Non HTTP response message: Connect to localhost:8001 [localhost/127.0.0.1, localhost/0:0:0:0:0:0:0:1] failed: Connection refused",Login Load Test 1-60,text,false,"Test failed: code expected to equal /

****** received  : [[[Non HTTP response code: org.apache.http.conn.HttpHostConnectException]]]

****** comparison: [[[200                                                                  ]]]

/",2623,0,81,81,http://localhost:8001/auth/login,0,0,5001
1777162268076,5002,POST /auth/login,Non HTTP response code: org.apache.http.conn.HttpHostConnectException,"Non HTTP response message: Connect to localhost:8001 [localhost/127.0.0.1, localhost/0:0:0:0:0:0:0:1] failed: Connection refused",Login Load Test 1-77,text,false,"Test failed: code expected to equal /

****** received  : [[[Non HTTP response code: org.apache.http.conn.HttpHostConnectException]]]

****** comparison: [[[200                                                                  ]]]

/",2623,0,81,81,http://localhost:8001/auth/login,0,0,5002
1777162268076,5002,POST /auth/login,Non HTTP response code: org.apache.http.conn.HttpHostConnectException,"Non HTTP response message: Connect to localhost:8001 [localhost/127.0.0.1, localhost/0:0:0:0:0:0:0:1] failed: Connection refused",Login Load Test 1-27,text,false,"Test failed: code expected to equal /

****** received  : [[[Non HTTP response code: org.apache.http.conn.HttpHostConnectException]]]

****** comparison: [[[200                                                                  ]]]

/",2623,0,81,81,http://localhost:8001/auth/login,0,0,5002
1777162263369,10124,POST /auth/login,Non HTTP response code: java.net.SocketTimeoutException,Non HTTP response message: Read timed out,Login Load Test 1-78,text,false,"Test failed: code expected to equal /

****** received  : [[[Non HTTP response code: java.net.SocketTimeoutException]]]

****** comparison: [[[200                                                    ]]]

/",2679,0,81,81,http://localhost:8001/auth/login,0,0,123
1777162263374,10122,POST /auth/login,Non HTTP response code: java.net.SocketTimeoutException,Non HTTP response message: Read timed out,Login Load Test 1-28,text,false,"Test failed: code expected to equal /

****** received  : [[[Non HTTP response code: java.net.SocketTimeoutException]]]

****** comparison: [[[200                                                    ]]]

/",2679,0,81,81,http://localhost:8001/auth/login,0,0,121
1777162268800,5001,POST /auth/login,Non HTTP response code: org.apache.http.conn.HttpHostConnectException,"Non HTTP response message: Connect to localhost:8001 [localhost/127.0.0.1, localhost/0:0:0:0:0:0:0:1] failed: Connection refused",Login Load Test 1-79,text,false,"Test failed: code expected to equal /

****** received  : [[[Non HTTP response code: org.apache.http.conn.HttpHostConnectException]]]

****** comparison: [[[200                                                                  ]]]

/",2623,0,81,81,http://localhost:8001/auth/login,0,0,5001
1777162268807,5002,POST /auth/login,Non HTTP response code: org.apache.http.conn.HttpHostConnectException,"Non HTTP response message: Connect to localhost:8001 [localhost/127.0.0.1, localhost/0:0:0:0:0:0:0:1] failed: Connection refused",Login Load Test 1-45,text,false,"Test failed: code expected to equal /

****** received  : [[[Non HTTP response code: org.apache.http.conn.HttpHostConnectException]]]

****** comparison: [[[200                                                                  ]]]

/",2623,0,81,81,http://localhost:8001/auth/login,0,0,5002
1777162268985,5001,POST /auth/login,Non HTTP response code: org.apache.http.conn.HttpHostConnectException,"Non HTTP response message: Connect to localhost:8001 [localhost/127.0.0.1, localhost/0:0:0:0:0:0:0:1] failed: Connection refused",Login Load Test 1-96,text,false,"Test failed: code expected to equal /

****** received  : [[[Non HTTP response code: org.apache.http.conn.HttpHostConnectException]]]

****** comparison: [[[200                                                                  ]]]

/",2623,0,81,81,http://localhost:8001/auth/login,0,0,5001
1777162263975,10155,POST /auth/login,Non HTTP response code: java.net.SocketTimeoutException,Non HTTP response message: Read timed out,Login Load Test 1-30,text,false,"Test failed: code expected to equal /

****** received  : [[[Non HTTP response code: java.net.SocketTimeoutException]]]

****** comparison: [[[200                                                    ]]]

/",2679,0,81,81,http://localhost:8001/auth/login,0,0,154
1777162263975,10155,POST /auth/login,Non HTTP response code: java.net.SocketTimeoutException,Non HTTP response message: Read timed out,Login Load Test 1-80,text,false,"Test failed: code expected to equal /

****** received  : [[[Non HTTP response code: java.net.SocketTimeoutException]]]

****** comparison: [[[200                                                    ]]]

/",2679,0,81,81,http://localhost:8001/auth/login,0,0,154
1777162269160,5001,POST /auth/login,Non HTTP response code: org.apache.http.conn.HttpHostConnectException,"Non HTTP response message: Connect to localhost:8001 [localhost/127.0.0.1, localhost/0:0:0:0:0:0:0:1] failed: Connection refused",Login Load Test 1-29,text,false,"Test failed: code expected to equal /

****** received  : [[[Non HTTP response code: org.apache.http.conn.HttpHostConnectException]]]

****** comparison: [[[200                                                                  ]]]

/",2623,0,81,81,http://localhost:8001/auth/login,0,0,5001
1777162269164,5001,POST /auth/login,Non HTTP response code: org.apache.http.conn.HttpHostConnectException,"Non HTTP response message: Connect to localhost:8001 [localhost/127.0.0.1, localhost/0:0:0:0:0:0:0:1] failed: Connection refused",Login Load Test 1-97,text,false,"Test failed: code expected to equal /

****** received  : [[[Non HTTP response code: org.apache.http.conn.HttpHostConnectException]]]

****** comparison: [[[200                                                                  ]]]

/",2623,0,81,81,http://localhost:8001/auth/login,0,0,5001
1777162264074,10575,POST /auth/login,Non HTTP response code: java.net.SocketTimeoutException,Non HTTP response message: Read timed out,Login Load Test 1-47,text,false,"Test failed: code expected to equal /

****** received  : [[[Non HTTP response code: java.net.SocketTimeoutException]]]

****** comparison: [[[200                                                    ]]]

/",2679,0,81,81,http://localhost:8001/auth/login,0,0,574
1777162263568,11085,POST /auth/login,Non HTTP response code: java.net.SocketTimeoutException,Non HTTP response message: Read timed out,Login Load Test 1-62,text,false,"Test failed: code expected to equal /

****** received  : [[[Non HTTP response code: java.net.SocketTimeoutException]]]

****** comparison: [[[200                                                    ]]]

/",2679,0,81,81,http://localhost:8001/auth/login,0,0,1084
1777162269668,5001,POST /auth/login,Non HTTP response code: org.apache.http.conn.HttpHostConnectException,"Non HTTP response message: Connect to localhost:8001 [localhost/127.0.0.1, localhost/0:0:0:0:0:0:0:1] failed: Connection refused",Login Load Test 1-82,text,false,"Test failed: code expected to equal /

****** received  : [[[Non HTTP response code: org.apache.http.conn.HttpHostConnectException]]]

****** comparison: [[[200                                                                  ]]]

/",2623,0,81,81,http://localhost:8001/auth/login,0,0,5001
1777162269796,5000,POST /auth/login,Non HTTP response code: org.apache.http.conn.HttpHostConnectException,"Non HTTP response message: Connect to localhost:8001 [localhost/127.0.0.1, localhost/0:0:0:0:0:0:0:1] failed: Connection refused",Login Load Test 1-99,text,false,"Test failed: code expected to equal /

****** received  : [[[Non HTTP response code: org.apache.http.conn.HttpHostConnectException]]]

****** comparison: [[[200                                                                  ]]]

/",2623,0,81,81,http://localhost:8001/auth/login,0,0,5000
1777162269796,5000,POST /auth/login,Non HTTP response code: org.apache.http.conn.HttpHostConnectException,"Non HTTP response message: Connect to localhost:8001 [localhost/127.0.0.1, localhost/0:0:0:0:0:0:0:1] failed: Connection refused",Login Load Test 1-49,text,false,"Test failed: code expected to equal /

****** received  : [[[Non HTTP response code: org.apache.http.conn.HttpHostConnectException]]]

****** comparison: [[[200                                                                  ]]]

/",2623,0,81,81,http://localhost:8001/auth/login,0,0,5000
1777162269976,5002,POST /auth/login,Non HTTP response code: org.apache.http.conn.HttpHostConnectException,"Non HTTP response message: Connect to localhost:8001 [localhost/127.0.0.1, localhost/0:0:0:0:0:0:0:1] failed: Connection refused",Login Load Test 1-50,text,false,"Test failed: code expected to equal /

****** received  : [[[Non HTTP response code: org.apache.http.conn.HttpHostConnectException]]]

****** comparison: [[[200                                                                  ]]]

/",2623,0,81,81,http://localhost:8001/auth/login,0,0,5002
1777162269976,5002,POST /auth/login,Non HTTP response code: org.apache.http.conn.HttpHostConnectException,"Non HTTP response message: Connect to localhost:8001 [localhost/127.0.0.1, localhost/0:0:0:0:0:0:0:1] failed: Connection refused",Login Load Test 1-100,text,false,"Test failed: code expected to equal /

****** received  : [[[Non HTTP response code: org.apache.http.conn.HttpHostConnectException]]]

****** comparison: [[[200                                                                  ]]]

/",2623,0,81,81,http://localhost:8001/auth/login,0,0,5002
1777162270169,5002,POST /auth/login,Non HTTP response code: org.apache.http.conn.HttpHostConnectException,"Non HTTP response message: Connect to localhost:8001 [localhost/127.0.0.1, localhost/0:0:0:0:0:0:0:1] failed: Connection refused",Login Load Test 1-67,text,false,"Test failed: code expected to equal /

****** received  : [[[Non HTTP response code: org.apache.http.conn.HttpHostConnectException]]]

****** comparison: [[[200                                                                  ]]]

/",2623,0,81,81,http://localhost:8001/auth/login,0,0,5002
1777162270171,5001,POST /auth/login,Non HTTP response code: org.apache.http.conn.HttpHostConnectException,"Non HTTP response message: Connect to localhost:8001 [localhost/127.0.0.1, localhost/0:0:0:0:0:0:0:1] failed: Connection refused",Login Load Test 1-84,text,false,"Test failed: code expected to equal /

****** received  : [[[Non HTTP response code: org.apache.http.conn.HttpHostConnectException]]]

****** comparison: [[[200                                                                  ]]]

/",2623,0,81,81,http://localhost:8001/auth/login,0,0,5001
1777162265174,10125,POST /auth/login,Non HTTP response code: java.net.SocketTimeoutException,Non HTTP response message: Read timed out,Login Load Test 1-34,text,false,"Test failed: code expected to equal /

****** received  : [[[Non HTTP response code: java.net.SocketTimeoutException]]]

****** comparison: [[[200                                                    ]]]

/",2679,0,81,81,http://localhost:8001/auth/login,0,0,123
1777162270477,5001,POST /auth/login,Non HTTP response code: org.apache.http.conn.HttpHostConnectException,"Non HTTP response message: Connect to localhost:8001 [localhost/127.0.0.1, localhost/0:0:0:0:0:0:0:1] failed: Connection refused",Login Load Test 1-35,text,false,"Test failed: code expected to equal /

****** received  : [[[Non HTTP response code: org.apache.http.conn.HttpHostConnectException]]]

****** comparison: [[[200                                                                  ]]]

/",2623,0,81,81,http://localhost:8001/auth/login,0,0,5001
1777162261876,13937,POST /auth/login,Non HTTP response code: java.net.SocketTimeoutException,Non HTTP response message: Read timed out,Login Load Test 1-23,text,false,"Test failed: code expected to equal /

****** received  : [[[Non HTTP response code: java.net.SocketTimeoutException]]]

****** comparison: [[[200                                                    ]]]

/",2679,0,81,81,http://localhost:8001/auth/login,0,0,3936
1777162270857,5002,POST /auth/login,Non HTTP response code: org.apache.http.conn.HttpHostConnectException,"Non HTTP response message: Connect to localhost:8001 [localhost/127.0.0.1, localhost/0:0:0:0:0:0:0:1] failed: Connection refused",Login Load Test 1-66,text,false,"Test failed: code expected to equal /

****** received  : [[[Non HTTP response code: org.apache.http.conn.HttpHostConnectException]]]

****** comparison: [[[200                                                                  ]]]

/",2623,0,81,81,http://localhost:8001/auth/login,0,0,5002
1777162270872,5001,POST /auth/login,Non HTTP response code: org.apache.http.conn.HttpHostConnectException,"Non HTTP response message: Connect to localhost:8001 [localhost/127.0.0.1, localhost/0:0:0:0:0:0:0:1] failed: Connection refused",Login Load Test 1-53,text,false,"Test failed: code expected to equal /

****** received  : [[[Non HTTP response code: org.apache.http.conn.HttpHostConnectException]]]

****** comparison: [[[200                                                                  ]]]

/",2623,0,81,81,http://localhost:8001/auth/login,0,0,5001
1777162270882,5001,POST /auth/login,Non HTTP response code: org.apache.http.conn.HttpHostConnectException,"Non HTTP response message: Connect to localhost:8001 [localhost/127.0.0.1, localhost/0:0:0:0:0:0:0:1] failed: Connection refused",Login Load Test 1-69,text,false,"Test failed: code expected to equal /

****** received  : [[[Non HTTP response code: org.apache.http.conn.HttpHostConnectException]]]

****** comparison: [[[200                                                                  ]]]

/",2623,0,81,81,http://localhost:8001/auth/login,0,0,5001
1777162270972,5002,POST /auth/login,Non HTTP response code: org.apache.http.conn.HttpHostConnectException,"Non HTTP response message: Connect to localhost:8001 [localhost/127.0.0.1, localhost/0:0:0:0:0:0:0:1] failed: Connection refused",Login Load Test 1-20,text,false,"Test failed: code expected to equal /

****** received  : [[[Non HTTP response code: org.apache.http.conn.HttpHostConnectException]]]

****** comparison: [[[200                                                                  ]]]

/",2623,0,81,81,http://localhost:8001/auth/login,0,0,5002
1777162262172,13937,POST /auth/login,Non HTTP response code: java.net.SocketTimeoutException,Non HTTP response message: Read timed out,Login Load Test 1-24,text,false,"Test failed: code expected to equal /

****** received  : [[[Non HTTP response code: java.net.SocketTimeoutException]]]

****** comparison: [[[200                                                    ]]]

/",2679,0,80,80,http://localhost:8001/auth/login,0,0,3936
1777162271177,5001,POST /auth/login,Non HTTP response code: org.apache.http.conn.HttpHostConnectException,"Non HTTP response message: Connect to localhost:8001 [localhost/127.0.0.1, localhost/0:0:0:0:0:0:0:1] failed: Connection refused",Login Load Test 1-54,text,false,"Test failed: code expected to equal /

****** received  : [[[Non HTTP response code: org.apache.http.conn.HttpHostConnectException]]]

****** comparison: [[[200                                                                  ]]]

/",2623,0,80,80,http://localhost:8001/auth/login,0,0,5001
1777162271355,5001,POST /auth/login,Non HTTP response code: org.apache.http.conn.HttpHostConnectException,"Non HTTP response message: Connect to localhost:8001 [localhost/127.0.0.1, localhost/0:0:0:0:0:0:0:1] failed: Connection refused",Login Load Test 1-86,text,false,"Test failed: code expected to equal /

****** received  : [[[Non HTTP response code: org.apache.http.conn.HttpHostConnectException]]]

****** comparison: [[[200                                                                  ]]]

/",2623,0,80,80,http://localhost:8001/auth/login,0,0,5001
1777162271355,5001,POST /auth/login,Non HTTP response code: org.apache.http.conn.HttpHostConnectException,"Non HTTP response message: Connect to localhost:8001 [localhost/127.0.0.1, localhost/0:0:0:0:0:0:0:1] failed: Connection refused",Login Load Test 1-36,text,false,"Test failed: code expected to equal /

****** received  : [[[Non HTTP response code: org.apache.http.conn.HttpHostConnectException]]]

****** comparison: [[[200                                                                  ]]]

/",2623,0,80,80,http://localhost:8001/auth/login,0,0,5001
1777162271374,5001,POST /auth/login,Non HTTP response code: org.apache.http.conn.HttpHostConnectException,"Non HTTP response message: Connect to localhost:8001 [localhost/127.0.0.1, localhost/0:0:0:0:0:0:0:1] failed: Connection refused",Login Load Test 1-88,text,false,"Test failed: code expected to equal /

****** received  : [[[Non HTTP response code: org.apache.http.conn.HttpHostConnectException]]]

****** comparison: [[[200                                                                  ]]]

/",2623,0,80,80,http://localhost:8001/auth/login,0,0,5001
1777162266270,10336,POST /auth/login,Non HTTP response code: java.net.SocketTimeoutException,Non HTTP response message: Read timed out,Login Load Test 1-71,text,false,"Test failed: code expected to equal /

****** received  : [[[Non HTTP response code: java.net.SocketTimeoutException]]]

****** comparison: [[[200                                                    ]]]

/",2679,0,80,80,http://localhost:8001/auth/login,0,0,335
1777162266075,10576,POST /auth/login,Non HTTP response code: java.net.SocketTimeoutException,Non HTTP response message: Read timed out,Login Load Test 1-87,text,false,"Test failed: code expected to equal /

****** received  : [[[Non HTTP response code: java.net.SocketTimeoutException]]]

****** comparison: [[[200                                                    ]]]

/",2679,0,80,80,http://localhost:8001/auth/login,0,0,574
1777162263172,13940,POST /auth/login,Non HTTP response code: java.net.SocketTimeoutException,Non HTTP response message: Read timed out,Login Load Test 1-94,text,false,"Test failed: code expected to equal /

****** received  : [[[Non HTTP response code: java.net.SocketTimeoutException]]]

****** comparison: [[[200                                                    ]]]

/",2679,0,80,80,http://localhost:8001/auth/login,0,0,3939
1777162263171,13941,POST /auth/login,Non HTTP response code: java.net.SocketTimeoutException,Non HTTP response message: Read timed out,Login Load Test 1-44,text,false,"Test failed: code expected to equal /

****** received  : [[[Non HTTP response code: java.net.SocketTimeoutException]]]

****** comparison: [[[200                                                    ]]]

/",2679,0,80,80,http://localhost:8001/auth/login,0,0,3940
1777162272166,5001,POST /auth/login,Non HTTP response code: org.apache.http.conn.HttpHostConnectException,"Non HTTP response message: Connect to localhost:8001 [localhost/127.0.0.1, localhost/0:0:0:0:0:0:0:1] failed: Connection refused",Login Load Test 1-57,text,false,"Test failed: code expected to equal /

****** received  : [[[Non HTTP response code: org.apache.http.conn.HttpHostConnectException]]]

****** comparison: [[[200                                                                  ]]]

/",2623,0,80,80,http://localhost:8001/auth/login,0,0,5001
1777162272170,5001,POST /auth/login,Non HTTP response code: org.apache.http.conn.HttpHostConnectException,"Non HTTP response message: Connect to localhost:8001 [localhost/127.0.0.1, localhost/0:0:0:0:0:0:0:1] failed: Connection refused",Login Load Test 1-74,text,false,"Test failed: code expected to equal /

****** received  : [[[Non HTTP response code: org.apache.http.conn.HttpHostConnectException]]]

****** comparison: [[[200                                                                  ]]]

/",2623,0,80,80,http://localhost:8001/auth/login,0,0,5001
1777162267154,10122,POST /auth/login,Non HTTP response code: java.net.SocketTimeoutException,Non HTTP response message: Read timed out,Login Load Test 1-40,text,false,"Test failed: code expected to equal /

****** received  : [[[Non HTTP response code: java.net.SocketTimeoutException]]]

****** comparison: [[[200                                                    ]]]

/",2679,0,80,80,http://localhost:8001/auth/login,0,0,121
1777162267147,10129,POST /auth/login,Non HTTP response code: java.net.SocketTimeoutException,Non HTTP response message: Read timed out,Login Load Test 1-72,text,false,"Test failed: code expected to equal /

****** received  : [[[Non HTTP response code: java.net.SocketTimeoutException]]]

****** comparison: [[[200                                                    ]]]

/",2679,0,80,80,http://localhost:8001/auth/login,0,0,128
1777162272533,5001,POST /auth/login,Non HTTP response code: org.apache.http.conn.HttpHostConnectException,"Non HTTP response message: Connect to localhost:8001 [localhost/127.0.0.1, localhost/0:0:0:0:0:0:0:1] failed: Connection refused",Login Load Test 1-55,text,false,"Test failed: code expected to equal /

****** received  : [[[Non HTTP response code: org.apache.http.conn.HttpHostConnectException]]]

****** comparison: [[[200                                                                  ]]]

/",2623,0,80,80,http://localhost:8001/auth/login,0,0,5001
1777162263848,13936,POST /auth/login,Non HTTP response code: java.net.SocketTimeoutException,Non HTTP response message: Read timed out,Login Load Test 1-61,text,false,"Test failed: code expected to equal /

****** received  : [[[Non HTTP response code: java.net.SocketTimeoutException]]]

****** comparison: [[[200                                                    ]]]

/",2679,0,80,80,http://localhost:8001/auth/login,0,0,3936
1777162267576,10212,POST /auth/login,Non HTTP response code: java.net.SocketTimeoutException,Non HTTP response message: Read timed out,Login Load Test 1-42,text,false,"Test failed: code expected to equal /

****** received  : [[[Non HTTP response code: java.net.SocketTimeoutException]]]

****** comparison: [[[200                                                    ]]]

/",2679,0,80,80,http://localhost:8001/auth/login,0,0,212
1777162272809,5001,POST /auth/login,Non HTTP response code: org.apache.http.conn.HttpHostConnectException,"Non HTTP response message: Connect to localhost:8001 [localhost/127.0.0.1, localhost/0:0:0:0:0:0:0:1] failed: Connection refused",Login Load Test 1-25,text,false,"Test failed: code expected to equal /

****** received  : [[[Non HTTP response code: org.apache.http.conn.HttpHostConnectException]]]

****** comparison: [[[200                                                                  ]]]

/",2623,0,80,80,http://localhost:8001/auth/login,0,0,5001
1777162272821,5001,POST /auth/login,Non HTTP response code: org.apache.http.conn.HttpHostConnectException,"Non HTTP response message: Connect to localhost:8001 [localhost/127.0.0.1, localhost/0:0:0:0:0:0:0:1] failed: Connection refused",Login Load Test 1-59,text,false,"Test failed: code expected to equal /

****** received  : [[[Non HTTP response code: org.apache.http.conn.HttpHostConnectException]]]

****** comparison: [[[200                                                                  ]]]

/",2623,0,80,80,http://localhost:8001/auth/login,0,0,5001
1777162272826,5001,POST /auth/login,Non HTTP response code: org.apache.http.conn.HttpHostConnectException,"Non HTTP response message: Connect to localhost:8001 [localhost/127.0.0.1, localhost/0:0:0:0:0:0:0:1] failed: Connection refused",Login Load Test 1-56,text,false,"Test failed: code expected to equal /

****** received  : [[[Non HTTP response code: org.apache.http.conn.HttpHostConnectException]]]

****** comparison: [[[200                                                                  ]]]

/",2623,0,80,80,http://localhost:8001/auth/login,0,0,5001
1777162272836,5001,POST /auth/login,Non HTTP response code: org.apache.http.conn.HttpHostConnectException,"Non HTTP response message: Connect to localhost:8001 [localhost/127.0.0.1, localhost/0:0:0:0:0:0:0:1] failed: Connection refused",Login Load Test 1-26,text,false,"Test failed: code expected to equal /

****** received  : [[[Non HTTP response code: org.apache.http.conn.HttpHostConnectException]]]

****** comparison: [[[200                                                                  ]]]

/",2623,0,80,80,http://localhost:8001/auth/login,0,0,5001
1777162272975,5001,POST /auth/login,Non HTTP response code: org.apache.http.conn.HttpHostConnectException,"Non HTTP response message: Connect to localhost:8001 [localhost/127.0.0.1, localhost/0:0:0:0:0:0:0:1] failed: Connection refused",Login Load Test 1-60,text,false,"Test failed: code expected to equal /

****** received  : [[[Non HTTP response code: org.apache.http.conn.HttpHostConnectException]]]

****** comparison: [[[200                                                                  ]]]

/",2623,0,80,80,http://localhost:8001/auth/login,0,0,5001
1777162268331,10093,POST /auth/login,Non HTTP response code: java.net.SocketTimeoutException,Non HTTP response message: Read timed out,Login Load Test 1-91,text,false,"Test failed: code expected to equal /

****** received  : [[[Non HTTP response code: java.net.SocketTimeoutException]]]

****** comparison: [[[200                                                    ]]]

/",2679,0,80,80,http://localhost:8001/auth/login,0,0,91
1777162268331,10093,POST /auth/login,Non HTTP response code: java.net.SocketTimeoutException,Non HTTP response message: Read timed out,Login Load Test 1-41,text,false,"Test failed: code expected to equal /

****** received  : [[[Non HTTP response code: java.net.SocketTimeoutException]]]

****** comparison: [[[200                                                    ]]]

/",2679,0,80,80,http://localhost:8001/auth/login,0,0,91
1777162273493,5001,POST /auth/login,Non HTTP response code: org.apache.http.conn.HttpHostConnectException,"Non HTTP response message: Connect to localhost:8001 [localhost/127.0.0.1, localhost/0:0:0:0:0:0:0:1] failed: Connection refused",Login Load Test 1-78,text,false,"Test failed: code expected to equal /

****** received  : [[[Non HTTP response code: org.apache.http.conn.HttpHostConnectException]]]

****** comparison: [[[200                                                                  ]]]

/",2623,0,80,80,http://localhost:8001/auth/login,0,0,5001
1777162264847,13938,POST /auth/login,Non HTTP response code: java.net.SocketTimeoutException,Non HTTP response message: Read timed out,Login Load Test 1-81,text,false,"Test failed: code expected to equal /

****** received  : [[[Non HTTP response code: java.net.SocketTimeoutException]]]

****** comparison: [[[200                                                    ]]]

/",2679,0,80,80,http://localhost:8001/auth/login,0,0,3938
1777162264847,13938,POST /auth/login,Non HTTP response code: java.net.SocketTimeoutException,Non HTTP response message: Read timed out,Login Load Test 1-31,text,false,"Test failed: code expected to equal /

****** received  : [[[Non HTTP response code: java.net.SocketTimeoutException]]]

****** comparison: [[[200                                                    ]]]

/",2679,0,80,80,http://localhost:8001/auth/login,0,0,3938
1777162269026,10064,POST /auth/login,Non HTTP response code: java.net.SocketTimeoutException,Non HTTP response message: Read timed out,Login Load Test 1-63,text,false,"Test failed: code expected to equal /

****** received  : [[[Non HTTP response code: java.net.SocketTimeoutException]]]

****** comparison: [[[200                                                    ]]]

/",2679,0,80,80,http://localhost:8001/auth/login,0,0,62
1777162268886,10215,POST /auth/login,Non HTTP response code: java.net.SocketTimeoutException,Non HTTP response message: Read timed out,Login Load Test 1-73,text,false,"Test failed: code expected to equal /

****** received  : [[[Non HTTP response code: java.net.SocketTimeoutException]]]

****** comparison: [[[200                                                    ]]]

/",2679,0,80,80,http://localhost:8001/auth/login,0,0,213
1777162274130,5001,POST /auth/login,Non HTTP response code: org.apache.http.conn.HttpHostConnectException,"Non HTTP response message: Connect to localhost:8001 [localhost/127.0.0.1, localhost/0:0:0:0:0:0:0:1] failed: Connection refused",Login Load Test 1-30,text,false,"Test failed: code expected to equal /

****** received  : [[[Non HTTP response code: org.apache.http.conn.HttpHostConnectException]]]

****** comparison: [[[200                                                                  ]]]

/",2623,0,80,80,http://localhost:8001/auth/login,0,0,5001
1777162274130,5001,POST /auth/login,Non HTTP response code: org.apache.http.conn.HttpHostConnectException,"Non HTTP response message: Connect to localhost:8001 [localhost/127.0.0.1, localhost/0:0:0:0:0:0:0:1] failed: Connection refused",Login Load Test 1-80,text,false,"Test failed: code expected to equal /

****** received  : [[[Non HTTP response code: org.apache.http.conn.HttpHostConnectException]]]

****** comparison: [[[200                                                                  ]]]

/",2623,0,80,80,http://localhost:8001/auth/login,0,0,5001
1777162274160,5002,POST /auth/login,Non HTTP response code: org.apache.http.conn.HttpHostConnectException,"Non HTTP response message: Connect to localhost:8001 [localhost/127.0.0.1, localhost/0:0:0:0:0:0:0:1] failed: Connection refused",Login Load Test 1-29,text,false,"Test failed: code expected to equal /

****** received  : [[[Non HTTP response code: org.apache.http.conn.HttpHostConnectException]]]

****** comparison: [[[200                                                                  ]]]

/",2623,0,80,80,http://localhost:8001/auth/login,0,0,5002
1777162274164,5000,POST /auth/login,Non HTTP response code: org.apache.http.conn.HttpHostConnectException,"Non HTTP response message: Connect to localhost:8001 [localhost/127.0.0.1, localhost/0:0:0:0:0:0:0:1] failed: Connection refused",Login Load Test 1-97,text,false,"Test failed: code expected to equal /

****** received  : [[[Non HTTP response code: org.apache.http.conn.HttpHostConnectException]]]

****** comparison: [[[200                                                                  ]]]

/",2623,0,80,80,http://localhost:8001/auth/login,0,0,5000
1777162269352,10063,POST /auth/login,Non HTTP response code: java.net.SocketTimeoutException,Non HTTP response message: Read timed out,Login Load Test 1-46,text,false,"Test failed: code expected to equal /

****** received  : [[[Non HTTP response code: java.net.SocketTimeoutException]]]

****** comparison: [[[200                                                    ]]]

/",2679,0,80,80,http://localhost:8001/auth/login,0,0,61
1777162269370,10064,POST /auth/login,Non HTTP response code: java.net.SocketTimeoutException,Non HTTP response message: Read timed out,Login Load Test 1-98,text,false,"Test failed: code expected to equal /

****** received  : [[[Non HTTP response code: java.net.SocketTimeoutException]]]

****** comparison: [[[200                                                    ]]]

/",2679,0,80,80,http://localhost:8001/auth/login,0,0,62
1777162274649,5002,POST /auth/login,Non HTTP response code: org.apache.http.conn.HttpHostConnectException,"Non HTTP response message: Connect to localhost:8001 [localhost/127.0.0.1, localhost/0:0:0:0:0:0:0:1] failed: Connection refused",Login Load Test 1-47,text,false,"Test failed: code expected to equal /

****** received  : [[[Non HTTP response code: org.apache.http.conn.HttpHostConnectException]]]

****** comparison: [[[200                                                                  ]]]

/",2623,0,80,80,http://localhost:8001/auth/login,0,0,5002
1777162269175,10575,POST /auth/login,Non HTTP response code: java.net.SocketTimeoutException,Non HTTP response message: Read timed out,Login Load Test 1-64,text,false,"Test failed: code expected to equal /

****** received  : [[[Non HTTP response code: java.net.SocketTimeoutException]]]

****** comparison: [[[200                                                    ]]]

/",2679,0,80,80,http://localhost:8001/auth/login,0,0,574
1777162269668,10103,POST /auth/login,Non HTTP response code: java.net.SocketTimeoutException,Non HTTP response message: Read timed out,Login Load Test 1-32,text,false,"Test failed: code expected to equal /

****** received  : [[[Non HTTP response code: java.net.SocketTimeoutException]]]

****** comparison: [[[200                                                    ]]]

/",2679,0,80,80,http://localhost:8001/auth/login,0,0,102
1777162274977,5001,POST /auth/login,Non HTTP response code: org.apache.http.conn.HttpHostConnectException,"Non HTTP response message: Connect to localhost:8001 [localhost/127.0.0.1, localhost/0:0:0:0:0:0:0:1] failed: Connection refused",Login Load Test 1-100,text,false,"Test failed: code expected to equal /

****** received  : [[[Non HTTP response code: org.apache.http.conn.HttpHostConnectException]]]

****** comparison: [[[200                                                                  ]]]

/",2623,0,80,80,http://localhost:8001/auth/login,0,0,5001
1777162269875,10214,POST /auth/login,Non HTTP response code: java.net.SocketTimeoutException,Non HTTP response message: Read timed out,Login Load Test 1-33,text,false,"Test failed: code expected to equal /

****** received  : [[[Non HTTP response code: java.net.SocketTimeoutException]]]

****** comparison: [[[200                                                    ]]]

/",2679,0,80,80,http://localhost:8001/auth/login,0,0,214
1777162269875,10214,POST /auth/login,Non HTTP response code: java.net.SocketTimeoutException,Non HTTP response message: Read timed out,Login Load Test 1-83,text,false,"Test failed: code expected to equal /

****** received  : [[[Non HTTP response code: java.net.SocketTimeoutException]]]

****** comparison: [[[200                                                    ]]]

/",2679,0,80,80,http://localhost:8001/auth/login,0,0,214
1777162269375,11055,POST /auth/login,Non HTTP response code: java.net.SocketTimeoutException,Non HTTP response message: Read timed out,Login Load Test 1-48,text,false,"Test failed: code expected to equal /

****** received  : [[[Non HTTP response code: java.net.SocketTimeoutException]]]

****** comparison: [[[200                                                    ]]]

/",2679,0,80,80,http://localhost:8001/auth/login,0,0,1055
1777162270474,10001,POST /auth/login,Non HTTP response code: java.net.SocketTimeoutException,Non HTTP response message: Read timed out,Login Load Test 1-85,text,false,"Test failed: code expected to equal /

****** received  : [[[Non HTTP response code: java.net.SocketTimeoutException]]]

****** comparison: [[[200                                                    ]]]

/",2679,0,80,80,http://localhost:8001/auth/login,0,0,0
1777162270529,10217,POST /auth/login,Non HTTP response code: java.net.SocketTimeoutException,Non HTTP response message: Read timed out,Login Load Test 1-68,text,false,"Test failed: code expected to equal /

****** received  : [[[Non HTTP response code: java.net.SocketTimeoutException]]]

****** comparison: [[[200                                                    ]]]

/",2679,0,80,80,http://localhost:8001/auth/login,0,0,216
1777162270529,10217,POST /auth/login,Non HTTP response code: java.net.SocketTimeoutException,Non HTTP response message: Read timed out,Login Load Test 1-65,text,false,"Test failed: code expected to equal /

****** received  : [[[Non HTTP response code: java.net.SocketTimeoutException]]]

****** comparison: [[[200                                                    ]]]

/",2679,0,80,80,http://localhost:8001/auth/login,0,0,216
1777162275813,5002,POST /auth/login,Non HTTP response code: org.apache.http.conn.HttpHostConnectException,"Non HTTP response message: Connect to localhost:8001 [localhost/127.0.0.1, localhost/0:0:0:0:0:0:0:1] failed: Connection refused",Login Load Test 1-23,text,false,"Test failed: code expected to equal /

****** received  : [[[Non HTTP response code: org.apache.http.conn.HttpHostConnectException]]]

****** comparison: [[[200                                                                  ]]]

/",2623,0,80,80,http://localhost:8001/auth/login,0,0,5002
1777162275883,5001,POST /auth/login,Non HTTP response code: org.apache.http.conn.HttpHostConnectException,"Non HTTP response message: Connect to localhost:8001 [localhost/127.0.0.1, localhost/0:0:0:0:0:0:0:1] failed: Connection refused",Login Load Test 1-69,text,false,"Test failed: code expected to equal /

****** received  : [[[Non HTTP response code: org.apache.http.conn.HttpHostConnectException]]]

****** comparison: [[[200                                                                  ]]]

/",2623,0,80,80,http://localhost:8001/auth/login,0,0,5001
1777162271076,10032,POST /auth/login,Non HTTP response code: java.net.SocketTimeoutException,Non HTTP response message: Read timed out,Login Load Test 1-37,text,false,"Test failed: code expected to equal /

****** received  : [[[Non HTTP response code: java.net.SocketTimeoutException]]]

****** comparison: [[[200                                                    ]]]

/",2679,0,80,80,http://localhost:8001/auth/login,0,0,30
1777162270973,10152,POST /auth/login,Non HTTP response code: java.net.SocketTimeoutException,Non HTTP response message: Read timed out,Login Load Test 1-70,text,false,"Test failed: code expected to equal /

****** received  : [[[Non HTTP response code: java.net.SocketTimeoutException]]]

****** comparison: [[[200                                                    ]]]

/",2679,0,80,80,http://localhost:8001/auth/login,0,0,152
1777162276356,5001,POST /auth/login,Non HTTP response code: org.apache.http.conn.HttpHostConnectException,"Non HTTP response message: Connect to localhost:8001 [localhost/127.0.0.1, localhost/0:0:0:0:0:0:0:1] failed: Connection refused",Login Load Test 1-86,text,false,"Test failed: code expected to equal /

****** received  : [[[Non HTTP response code: org.apache.http.conn.HttpHostConnectException]]]

****** comparison: [[[200                                                                  ]]]

/",2623,0,80,80,http://localhost:8001/auth/login,0,0,5001
1777162267525,13937,POST /auth/login,Non HTTP response code: java.net.SocketTimeoutException,Non HTTP response message: Read timed out,Login Load Test 1-58,text,false,"Test failed: code expected to equal /

****** received  : [[[Non HTTP response code: java.net.SocketTimeoutException]]]

****** comparison: [[[200                                                    ]]]

/",2679,0,80,80,http://localhost:8001/auth/login,0,0,3936
1777162271376,10093,POST /auth/login,Non HTTP response code: java.net.SocketTimeoutException,Non HTTP response message: Read timed out,Login Load Test 1-38,text,false,"Test failed: code expected to equal /

****** received  : [[[Non HTTP response code: java.net.SocketTimeoutException]]]

****** comparison: [[[200                                                    ]]]

/",2679,0,80,80,http://localhost:8001/auth/login,0,0,92
1777162276606,5001,POST /auth/login,Non HTTP response code: org.apache.http.conn.HttpHostConnectException,"Non HTTP response message: Connect to localhost:8001 [localhost/127.0.0.1, localhost/0:0:0:0:0:0:0:1] failed: Connection refused",Login Load Test 1-71,text,false,"Test failed: code expected to equal /

****** received  : [[[Non HTTP response code: org.apache.http.conn.HttpHostConnectException]]]

****** comparison: [[[200                                                                  ]]]

/",2623,0,80,80,http://localhost:8001/auth/login,0,0,5001
1777162271675,10126,POST /auth/login,Non HTTP response code: java.net.SocketTimeoutException,Non HTTP response message: Read timed out,Login Load Test 1-89,text,false,"Test failed: code expected to equal /

****** received  : [[[Non HTTP response code: java.net.SocketTimeoutException]]]

****** comparison: [[[200                                                    ]]]

/",2679,0,80,80,http://localhost:8001/auth/login,0,0,125
1777162267866,13939,POST /auth/login,Non HTTP response code: java.net.SocketTimeoutException,Non HTTP response message: Read timed out,Login Load Test 1-76,text,false,"Test failed: code expected to equal /

****** received  : [[[Non HTTP response code: java.net.SocketTimeoutException]]]

****** comparison: [[[200                                                    ]]]

/",2679,0,80,80,http://localhost:8001/auth/login,0,0,3938
1777162271975,10155,POST /auth/login,Non HTTP response code: java.net.SocketTimeoutException,Non HTTP response message: Read timed out,Login Load Test 1-90,text,false,"Test failed: code expected to equal /

****** received  : [[[Non HTTP response code: java.net.SocketTimeoutException]]]

****** comparison: [[[200                                                    ]]]

/",2679,0,80,80,http://localhost:8001/auth/login,0,0,154
1777162272147,10001,POST /auth/login,Non HTTP response code: java.net.SocketTimeoutException,Non HTTP response message: Read timed out,Login Load Test 1-22,text,false,"Test failed: code expected to equal /

****** received  : [[[Non HTTP response code: java.net.SocketTimeoutException]]]

****** comparison: [[[200                                                    ]]]

/",2679,0,80,80,http://localhost:8001/auth/login,0,0,0
1777162271858,10596,POST /auth/login,Non HTTP response code: java.net.SocketTimeoutException,Non HTTP response message: Read timed out,Login Load Test 1-39,text,false,"Test failed: code expected to equal /

****** received  : [[[Non HTTP response code: java.net.SocketTimeoutException]]]

****** comparison: [[[200                                                    ]]]

/",2679,0,80,80,http://localhost:8001/auth/login,0,0,595
1777162271851,10603,POST /auth/login,Non HTTP response code: java.net.SocketTimeoutException,Non HTTP response message: Read timed out,Login Load Test 1-21,text,false,"Test failed: code expected to equal /

****** received  : [[[Non HTTP response code: java.net.SocketTimeoutException]]]

****** comparison: [[[200                                                    ]]]

/",2679,0,80,80,http://localhost:8001/auth/login,0,0,602
1777162277534,5002,POST /auth/login,Non HTTP response code: org.apache.http.conn.HttpHostConnectException,"Non HTTP response message: Connect to localhost:8001 [localhost/127.0.0.1, localhost/0:0:0:0:0:0:0:1] failed: Connection refused",Login Load Test 1-55,text,false,"Test failed: code expected to equal /

****** received  : [[[Non HTTP response code: org.apache.http.conn.HttpHostConnectException]]]

****** comparison: [[[200                                                                  ]]]

/",2623,0,80,80,http://localhost:8001/auth/login,0,0,5002
1777162277785,5001,POST /auth/login,Non HTTP response code: org.apache.http.conn.HttpHostConnectException,"Non HTTP response message: Connect to localhost:8001 [localhost/127.0.0.1, localhost/0:0:0:0:0:0:0:1] failed: Connection refused",Login Load Test 1-61,text,false,"Test failed: code expected to equal /

****** received  : [[[Non HTTP response code: org.apache.http.conn.HttpHostConnectException]]]

****** comparison: [[[200                                                                  ]]]

/",2623,0,80,80,http://localhost:8001/auth/login,0,0,5001
1777162277788,5000,POST /auth/login,Non HTTP response code: org.apache.http.conn.HttpHostConnectException,"Non HTTP response message: Connect to localhost:8001 [localhost/127.0.0.1, localhost/0:0:0:0:0:0:0:1] failed: Connection refused",Login Load Test 1-42,text,false,"Test failed: code expected to equal /

****** received  : [[[Non HTTP response code: org.apache.http.conn.HttpHostConnectException]]]

****** comparison: [[[200                                                                  ]]]

/",2623,0,80,80,http://localhost:8001/auth/login,0,0,5000
1777162272575,10217,POST /auth/login,Non HTTP response code: java.net.SocketTimeoutException,Non HTTP response message: Read timed out,Login Load Test 1-92,text,false,"Test failed: code expected to equal /

****** received  : [[[Non HTTP response code: java.net.SocketTimeoutException]]]

****** comparison: [[[200                                                    ]]]

/",2679,0,79,79,http://localhost:8001/auth/login,0,0,216
1777162272809,10001,POST /auth/login,Non HTTP response code: java.net.SocketTimeoutException,Non HTTP response message: Read timed out,Login Load Test 1-75,text,false,"Test failed: code expected to equal /

****** received  : [[[Non HTTP response code: java.net.SocketTimeoutException]]]

****** comparison: [[[200                                                    ]]]

/",2679,0,79,79,http://localhost:8001/auth/login,0,0,0
1777162273077,10032,POST /auth/login,Non HTTP response code: java.net.SocketTimeoutException,Non HTTP response message: Read timed out,Login Load Test 1-77,text,false,"Test failed: code expected to equal /

****** received  : [[[Non HTTP response code: java.net.SocketTimeoutException]]]

****** comparison: [[[200                                                    ]]]

/",2679,0,79,79,http://localhost:8001/auth/login,0,0,31
1777162273077,10032,POST /auth/login,Non HTTP response code: java.net.SocketTimeoutException,Non HTTP response message: Read timed out,Login Load Test 1-27,text,false,"Test failed: code expected to equal /

****** received  : [[[Non HTTP response code: java.net.SocketTimeoutException]]]

****** comparison: [[[200                                                    ]]]

/",2679,0,79,79,http://localhost:8001/auth/login,0,0,31
1777162278423,5001,POST /auth/login,Non HTTP response code: org.apache.http.conn.HttpHostConnectException,"Non HTTP response message: Connect to localhost:8001 [localhost/127.0.0.1, localhost/0:0:0:0:0:0:0:1] failed: Connection refused",Login Load Test 1-41,text,false,"Test failed: code expected to equal /

****** received  : [[[Non HTTP response code: org.apache.http.conn.HttpHostConnectException]]]

****** comparison: [[[200                                                                  ]]]

/",2623,0,78,78,http://localhost:8001/auth/login,0,0,5001
1777162278423,5001,POST /auth/login,Non HTTP response code: org.apache.http.conn.HttpHostConnectException,"Non HTTP response message: Connect to localhost:8001 [localhost/127.0.0.1, localhost/0:0:0:0:0:0:0:1] failed: Connection refused",Login Load Test 1-91,text,false,"Test failed: code expected to equal /

****** received  : [[[Non HTTP response code: org.apache.http.conn.HttpHostConnectException]]]

****** comparison: [[[200                                                                  ]]]

/",2623,0,78,78,http://localhost:8001/auth/login,0,0,5001
1777162272875,10578,POST /auth/login,Non HTTP response code: java.net.SocketTimeoutException,Non HTTP response message: Read timed out,Login Load Test 1-43,text,false,"Test failed: code expected to equal /

****** received  : [[[Non HTTP response code: java.net.SocketTimeoutException]]]

****** comparison: [[[200                                                    ]]]

/",2679,0,78,78,http://localhost:8001/auth/login,0,0,577
1777162272875,10578,POST /auth/login,Non HTTP response code: java.net.SocketTimeoutException,Non HTTP response message: Read timed out,Login Load Test 1-93,text,false,"Test failed: code expected to equal /

****** received  : [[[Non HTTP response code: java.net.SocketTimeoutException]]]

****** comparison: [[[200                                                    ]]]

/",2679,0,78,78,http://localhost:8001/auth/login,0,0,577
1777162278785,5001,POST /auth/login,Non HTTP response code: org.apache.http.conn.HttpHostConnectException,"Non HTTP response message: Connect to localhost:8001 [localhost/127.0.0.1, localhost/0:0:0:0:0:0:0:1] failed: Connection refused",Login Load Test 1-81,text,false,"Test failed: code expected to equal /

****** received  : [[[Non HTTP response code: org.apache.http.conn.HttpHostConnectException]]]

****** comparison: [[[200                                                                  ]]]

/",2623,0,77,77,http://localhost:8001/auth/login,0,0,5001
1777162273800,10001,POST /auth/login,Non HTTP response code: java.net.SocketTimeoutException,Non HTTP response message: Read timed out,Login Load Test 1-79,text,false,"Test failed: code expected to equal /

****** received  : [[[Non HTTP response code: java.net.SocketTimeoutException]]]

****** comparison: [[[200                                                    ]]]

/",2679,0,77,77,http://localhost:8001/auth/login,0,0,0
1777162273808,10001,POST /auth/login,Non HTTP response code: java.net.SocketTimeoutException,Non HTTP response message: Read timed out,Login Load Test 1-45,text,false,"Test failed: code expected to equal /

****** received  : [[[Non HTTP response code: java.net.SocketTimeoutException]]]

****** comparison: [[[200                                                    ]]]

/",2679,0,77,77,http://localhost:8001/auth/login,0,0,0
1777162273985,10111,POST /auth/login,Non HTTP response code: java.net.SocketTimeoutException,Non HTTP response message: Read timed out,Login Load Test 1-96,text,false,"Test failed: code expected to equal /

****** received  : [[[Non HTTP response code: java.net.SocketTimeoutException]]]

****** comparison: [[[200                                                    ]]]

/",2679,0,77,77,http://localhost:8001/auth/login,0,0,110
1777162273496,10601,POST /auth/login,Non HTTP response code: java.net.SocketTimeoutException,Non HTTP response message: Read timed out,Login Load Test 1-28,text,false,"Test failed: code expected to equal /

****** received  : [[[Non HTTP response code: java.net.SocketTimeoutException]]]

****** comparison: [[[200                                                    ]]]

/",2679,0,77,77,http://localhost:8001/auth/login,0,0,600
1777162279100,5001,POST /auth/login,Non HTTP response code: org.apache.http.conn.HttpHostConnectException,"Non HTTP response message: Connect to localhost:8001 [localhost/127.0.0.1, localhost/0:0:0:0:0:0:0:1] failed: Connection refused",Login Load Test 1-73,text,false,"Test failed: code expected to equal /

****** received  : [[[Non HTTP response code: org.apache.http.conn.HttpHostConnectException]]]

****** comparison: [[[200                                                                  ]]]

/",2623,0,77,77,http://localhost:8001/auth/login,0,0,5001
1777162279162,5001,POST /auth/login,Non HTTP response code: org.apache.http.conn.HttpHostConnectException,"Non HTTP response message: Connect to localhost:8001 [localhost/127.0.0.1, localhost/0:0:0:0:0:0:0:1] failed: Connection refused",Login Load Test 1-29,text,false,"Test failed: code expected to equal /

****** received  : [[[Non HTTP response code: org.apache.http.conn.HttpHostConnectException]]]

****** comparison: [[[200                                                                  ]]]

/",2623,0,77,77,http://localhost:8001/auth/login,0,0,5001
1777162270490,13935,POST /auth/login,Non HTTP response code: java.net.SocketTimeoutException,Non HTTP response message: Read timed out,Login Load Test 1-95,text,false,"Test failed: code expected to equal /

****** received  : [[[Non HTTP response code: java.net.SocketTimeoutException]]]

****** comparison: [[[200                                                    ]]]

/",2679,0,77,77,http://localhost:8001/auth/login,0,0,3934
1777162270487,13938,POST /auth/login,Non HTTP response code: java.net.SocketTimeoutException,Non HTTP response message: Read timed out,Login Load Test 1-51,text,false,"Test failed: code expected to equal /

****** received  : [[[Non HTTP response code: java.net.SocketTimeoutException]]]

****** comparison: [[[200                                                    ]]]

/",2679,0,77,77,http://localhost:8001/auth/login,0,0,3937
1777162279749,5001,POST /auth/login,Non HTTP response code: org.apache.http.conn.HttpHostConnectException,"Non HTTP response message: Connect to localhost:8001 [localhost/127.0.0.1, localhost/0:0:0:0:0:0:0:1] failed: Connection refused",Login Load Test 1-64,text,false,"Test failed: code expected to equal /

****** received  : [[[Non HTTP response code: org.apache.http.conn.HttpHostConnectException]]]

****** comparison: [[[200                                                                  ]]]

/",2623,0,77,77,http://localhost:8001/auth/login,0,0,5001
1777162274654,10110,POST /auth/login,Non HTTP response code: java.net.SocketTimeoutException,Non HTTP response message: Read timed out,Login Load Test 1-62,text,false,"Test failed: code expected to equal /

****** received  : [[[Non HTTP response code: java.net.SocketTimeoutException]]]

****** comparison: [[[200                                                    ]]]

/",2679,0,77,77,http://localhost:8001/auth/login,0,0,109
1777162274668,10096,POST /auth/login,Non HTTP response code: java.net.SocketTimeoutException,Non HTTP response message: Read timed out,Login Load Test 1-82,text,false,"Test failed: code expected to equal /

****** received  : [[[Non HTTP response code: java.net.SocketTimeoutException]]]

****** comparison: [[[200                                                    ]]]

/",2679,0,77,77,http://localhost:8001/auth/login,0,0,95
1777162279770,5002,POST /auth/login,Non HTTP response code: org.apache.http.conn.HttpHostConnectException,"Non HTTP response message: Connect to localhost:8001 [localhost/127.0.0.1, localhost/0:0:0:0:0:0:0:1] failed: Connection refused",Login Load Test 1-32,text,false,"Test failed: code expected to equal /

****** received  : [[[Non HTTP response code: org.apache.http.conn.HttpHostConnectException]]]

****** comparison: [[[200                                                                  ]]]

/",2623,0,77,77,http://localhost:8001/auth/login,0,0,5002
1777162271153,13940,POST /auth/login,Non HTTP response code: java.net.SocketTimeoutException,Non HTTP response message: Read timed out,Login Load Test 1-52,text,false,"Test failed: code expected to equal /

****** received  : [[[Non HTTP response code: java.net.SocketTimeoutException]]]

****** comparison: [[[200                                                    ]]]

/",2679,0,77,77,http://localhost:8001/auth/login,0,0,3939
1777162274977,10123,POST /auth/login,Non HTTP response code: java.net.SocketTimeoutException,Non HTTP response message: Read timed out,Login Load Test 1-50,text,false,"Test failed: code expected to equal /

****** received  : [[[Non HTTP response code: java.net.SocketTimeoutException]]]

****** comparison: [[[200                                                    ]]]

/",2679,0,77,77,http://localhost:8001/auth/login,0,0,122
1777162275299,10123,POST /auth/login,Non HTTP response code: java.net.SocketTimeoutException,Non HTTP response message: Read timed out,Login Load Test 1-34,text,false,"Test failed: code expected to equal /

****** received  : [[[Non HTTP response code: java.net.SocketTimeoutException]]]

****** comparison: [[[200                                                    ]]]

/",2679,0,76,76,http://localhost:8001/auth/login,0,0,122
1777162275478,10001,POST /auth/login,Non HTTP response code: java.net.SocketTimeoutException,Non HTTP response message: Read timed out,Login Load Test 1-35,text,false,"Test failed: code expected to equal /

****** received  : [[[Non HTTP response code: java.net.SocketTimeoutException]]]

****** comparison: [[[200                                                    ]]]

/",2679,0,76,76,http://localhost:8001/auth/login,0,0,0
1777162275170,10576,POST /auth/login,Non HTTP response code: java.net.SocketTimeoutException,Non HTTP response message: Read timed out,Login Load Test 1-67,text,false,"Test failed: code expected to equal /

****** received  : [[[Non HTTP response code: java.net.SocketTimeoutException]]]

****** comparison: [[[200                                                    ]]]

/",2679,0,75,75,http://localhost:8001/auth/login,0,0,576
1777162275171,10575,POST /auth/login,Non HTTP response code: java.net.SocketTimeoutException,Non HTTP response message: Read timed out,Login Load Test 1-84,text,false,"Test failed: code expected to equal /

****** received  : [[[Non HTTP response code: java.net.SocketTimeoutException]]]

****** comparison: [[[200                                                    ]]]

/",2679,0,75,75,http://localhost:8001/auth/login,0,0,575
1777162280815,5001,POST /auth/login,Non HTTP response code: org.apache.http.conn.HttpHostConnectException,"Non HTTP response message: Connect to localhost:8001 [localhost/127.0.0.1, localhost/0:0:0:0:0:0:0:1] failed: Connection refused",Login Load Test 1-23,text,false,"Test failed: code expected to equal /

****** received  : [[[Non HTTP response code: org.apache.http.conn.HttpHostConnectException]]]

****** comparison: [[[200                                                                  ]]]

/",2623,0,75,75,http://localhost:8001/auth/login,0,0,5001
1777162275859,10217,POST /auth/login,Non HTTP response code: java.net.SocketTimeoutException,Non HTTP response message: Read timed out,Login Load Test 1-66,text,false,"Test failed: code expected to equal /

****** received  : [[[Non HTTP response code: java.net.SocketTimeoutException]]]

****** comparison: [[[200                                                    ]]]

/",2679,0,74,74,http://localhost:8001/auth/login,0,0,216
1777162275873,10218,POST /auth/login,Non HTTP response code: java.net.SocketTimeoutException,Non HTTP response message: Read timed out,Login Load Test 1-53,text,false,"Test failed: code expected to equal /

****** received  : [[[Non HTTP response code: java.net.SocketTimeoutException]]]

****** comparison: [[[200                                                    ]]]

/",2679,0,74,74,http://localhost:8001/auth/login,0,0,217
1777162276375,10032,POST /auth/login,Non HTTP response code: java.net.SocketTimeoutException,Non HTTP response message: Read timed out,Login Load Test 1-88,text,false,"Test failed: code expected to equal /

****** received  : [[[Non HTTP response code: java.net.SocketTimeoutException]]]

****** comparison: [[[200                                                    ]]]

/",2679,0,73,73,http://localhost:8001/auth/login,0,0,31
1777162276356,10070,POST /auth/login,Non HTTP response code: java.net.SocketTimeoutException,Non HTTP response message: Read timed out,Login Load Test 1-36,text,false,"Test failed: code expected to equal /

****** received  : [[[Non HTTP response code: java.net.SocketTimeoutException]]]

****** comparison: [[[200                                                    ]]]

/",2679,0,73,73,http://localhost:8001/auth/login,0,0,69
1777162276178,10579,POST /auth/login,Non HTTP response code: java.net.SocketTimeoutException,Non HTTP response message: Read timed out,Login Load Test 1-54,text,false,"Test failed: code expected to equal /

****** received  : [[[Non HTTP response code: java.net.SocketTimeoutException]]]

****** comparison: [[[200                                                    ]]]

/",2679,0,73,73,http://localhost:8001/auth/login,0,0,578
1777162276650,10109,POST /auth/login,Non HTTP response code: java.net.SocketTimeoutException,Non HTTP response message: Read timed out,Login Load Test 1-87,text,false,"Test failed: code expected to equal /

****** received  : [[[Non HTTP response code: java.net.SocketTimeoutException]]]

****** comparison: [[[200                                                    ]]]

/",2679,0,72,72,http://localhost:8001/auth/login,0,0,108
1777162277112,10001,POST /auth/login,Non HTTP response code: java.net.SocketTimeoutException,Non HTTP response message: Read timed out,Login Load Test 1-44,text,false,"Test failed: code expected to equal /

****** received  : [[[Non HTTP response code: java.net.SocketTimeoutException]]]

****** comparison: [[[200                                                    ]]]

/",2679,0,72,72,http://localhost:8001/auth/login,0,0,0
1777162277112,10001,POST /auth/login,Non HTTP response code: java.net.SocketTimeoutException,Non HTTP response message: Read timed out,Login Load Test 1-94,text,false,"Test failed: code expected to equal /

****** received  : [[[Non HTTP response code: java.net.SocketTimeoutException]]]

****** comparison: [[[200                                                    ]]]

/",2679,0,72,72,http://localhost:8001/auth/login,0,0,0
1777162277275,10124,POST /auth/login,Non HTTP response code: java.net.SocketTimeoutException,Non HTTP response message: Read timed out,Login Load Test 1-40,text,false,"Test failed: code expected to equal /

****** received  : [[[Non HTTP response code: java.net.SocketTimeoutException]]]

****** comparison: [[[200                                                    ]]]

/",2679,0,72,72,http://localhost:8001/auth/login,0,0,123
1777162277275,10124,POST /auth/login,Non HTTP response code: java.net.SocketTimeoutException,Non HTTP response message: Read timed out,Login Load Test 1-72,text,false,"Test failed: code expected to equal /

****** received  : [[[Non HTTP response code: java.net.SocketTimeoutException]]]

****** comparison: [[[200                                                    ]]]

/",2679,0,72,72,http://localhost:8001/auth/login,0,0,123
1777162282536,5001,POST /auth/login,Non HTTP response code: org.apache.http.conn.HttpHostConnectException,"Non HTTP response message: Connect to localhost:8001 [localhost/127.0.0.1, localhost/0:0:0:0:0:0:0:1] failed: Connection refused",Login Load Test 1-55,text,false,"Test failed: code expected to equal /

****** received  : [[[Non HTTP response code: org.apache.http.conn.HttpHostConnectException]]]

****** comparison: [[[200                                                                  ]]]

/",2623,0,72,72,http://localhost:8001/auth/login,0,0,5001
1777162277167,10574,POST /auth/login,Non HTTP response code: java.net.SocketTimeoutException,Non HTTP response message: Read timed out,Login Load Test 1-57,text,false,"Test failed: code expected to equal /

****** received  : [[[Non HTTP response code: java.net.SocketTimeoutException]]]

****** comparison: [[[200                                                    ]]]

/",2679,0,71,71,http://localhost:8001/auth/login,0,0,573
1777162277171,10577,POST /auth/login,Non HTTP response code: java.net.SocketTimeoutException,Non HTTP response message: Read timed out,Login Load Test 1-74,text,false,"Test failed: code expected to equal /

****** received  : [[[Non HTTP response code: java.net.SocketTimeoutException]]]

****** comparison: [[[200                                                    ]]]

/",2679,0,71,71,http://localhost:8001/auth/login,0,0,576
1777162282810,5001,POST /auth/login,Non HTTP response code: org.apache.http.conn.HttpHostConnectException,"Non HTTP response message: Connect to localhost:8001 [localhost/127.0.0.1, localhost/0:0:0:0:0:0:0:1] failed: Connection refused",Login Load Test 1-75,text,false,"Test failed: code expected to equal /

****** received  : [[[Non HTTP response code: org.apache.http.conn.HttpHostConnectException]]]

****** comparison: [[[200                                                                  ]]]

/",2623,0,71,71,http://localhost:8001/auth/login,0,0,5001
1777162277837,10215,POST /auth/login,Non HTTP response code: java.net.SocketTimeoutException,Non HTTP response message: Read timed out,Login Load Test 1-26,text,false,"Test failed: code expected to equal /

****** received  : [[[Non HTTP response code: java.net.SocketTimeoutException]]]

****** comparison: [[[200                                                    ]]]

/",2679,0,71,71,http://localhost:8001/auth/login,0,0,214
1777162277976,10094,POST /auth/login,Non HTTP response code: java.net.SocketTimeoutException,Non HTTP response message: Read timed out,Login Load Test 1-60,text,false,"Test failed: code expected to equal /

****** received  : [[[Non HTTP response code: java.net.SocketTimeoutException]]]

****** comparison: [[[200                                                    ]]]

/",2679,0,70,70,http://localhost:8001/auth/login,0,0,93
1777162277822,10580,POST /auth/login,Non HTTP response code: java.net.SocketTimeoutException,Non HTTP response message: Read timed out,Login Load Test 1-59,text,false,"Test failed: code expected to equal /

****** received  : [[[Non HTTP response code: java.net.SocketTimeoutException]]]

****** comparison: [[[200                                                    ]]]

/",2679,0,69,69,http://localhost:8001/auth/login,0,0,579
1777162277828,10577,POST /auth/login,Non HTTP response code: java.net.SocketTimeoutException,Non HTTP response message: Read timed out,Login Load Test 1-56,text,false,"Test failed: code expected to equal /

****** received  : [[[Non HTTP response code: java.net.SocketTimeoutException]]]

****** comparison: [[[200                                                    ]]]

/",2679,0,69,69,http://localhost:8001/auth/login,0,0,576
1777162274795,13938,POST /auth/login,Non HTTP response code: java.net.SocketTimeoutException,Non HTTP response message: Read timed out,Login Load Test 1-99,text,false,"Test failed: code expected to equal /

****** received  : [[[Non HTTP response code: java.net.SocketTimeoutException]]]

****** comparison: [[[200                                                    ]]]

/",2679,0,69,69,http://localhost:8001/auth/login,0,0,3937
1777162274795,13938,POST /auth/login,Non HTTP response code: java.net.SocketTimeoutException,Non HTTP response message: Read timed out,Login Load Test 1-49,text,false,"Test failed: code expected to equal /

****** received  : [[[Non HTTP response code: java.net.SocketTimeoutException]]]

****** comparison: [[[200                                                    ]]]

/",2679,0,69,69,http://localhost:8001/auth/login,0,0,3937
1777162278495,10579,POST /auth/login,Non HTTP response code: java.net.SocketTimeoutException,Non HTTP response message: Read timed out,Login Load Test 1-78,text,false,"Test failed: code expected to equal /

****** received  : [[[Non HTTP response code: java.net.SocketTimeoutException]]]

****** comparison: [[[200                                                    ]]]

/",2679,0,69,69,http://localhost:8001/auth/login,0,0,578
1777162279089,10001,POST /auth/login,Non HTTP response code: java.net.SocketTimeoutException,Non HTTP response message: Read timed out,Login Load Test 1-63,text,false,"Test failed: code expected to equal /

****** received  : [[[Non HTTP response code: java.net.SocketTimeoutException]]]

****** comparison: [[[200                                                    ]]]

/",2679,0,69,69,http://localhost:8001/auth/login,0,0,0
1777162284101,5001,POST /auth/login,Non HTTP response code: org.apache.http.conn.HttpHostConnectException,"Non HTTP response message: Connect to localhost:8001 [localhost/127.0.0.1, localhost/0:0:0:0:0:0:0:1] failed: Connection refused",Login Load Test 1-73,text,false,"Test failed: code expected to equal /

****** received  : [[[Non HTTP response code: org.apache.http.conn.HttpHostConnectException]]]

****** comparison: [[[200                                                                  ]]]

/",2623,0,69,69,http://localhost:8001/auth/login,0,0,5001
1777162279414,10001,POST /auth/login,Non HTTP response code: java.net.SocketTimeoutException,Non HTTP response message: Read timed out,Login Load Test 1-46,text,false,"Test failed: code expected to equal /

****** received  : [[[Non HTTP response code: java.net.SocketTimeoutException]]]

****** comparison: [[[200                                                    ]]]

/",2679,0,69,69,http://localhost:8001/auth/login,0,0,0
1777162284425,5001,POST /auth/login,Non HTTP response code: org.apache.http.conn.HttpHostConnectException,"Non HTTP response message: Connect to localhost:8001 [localhost/127.0.0.1, localhost/0:0:0:0:0:0:0:1] failed: Connection refused",Login Load Test 1-51,text,false,"Test failed: code expected to equal /

****** received  : [[[Non HTTP response code: org.apache.http.conn.HttpHostConnectException]]]

****** comparison: [[[200                                                                  ]]]

/",2623,0,69,69,http://localhost:8001/auth/login,0,0,5001
1777162279433,10001,POST /auth/login,Non HTTP response code: java.net.SocketTimeoutException,Non HTTP response message: Read timed out,Login Load Test 1-98,text,false,"Test failed: code expected to equal /

****** received  : [[[Non HTTP response code: java.net.SocketTimeoutException]]]

****** comparison: [[[200                                                    ]]]

/",2679,0,69,69,http://localhost:8001/auth/login,0,0,0
1777162279651,10062,POST /auth/login,Non HTTP response code: java.net.SocketTimeoutException,Non HTTP response message: Read timed out,Login Load Test 1-47,text,false,"Test failed: code expected to equal /

****** received  : [[[Non HTTP response code: java.net.SocketTimeoutException]]]

****** comparison: [[[200                                                    ]]]

/",2679,0,69,69,http://localhost:8001/auth/login,0,0,61
1777162279164,10574,POST /auth/login,Non HTTP response code: java.net.SocketTimeoutException,Non HTTP response message: Read timed out,Login Load Test 1-97,text,false,"Test failed: code expected to equal /

****** received  : [[[Non HTTP response code: java.net.SocketTimeoutException]]]

****** comparison: [[[200                                                    ]]]

/",2679,0,68,68,http://localhost:8001/auth/login,0,0,573
1777162284764,5002,POST /auth/login,Non HTTP response code: org.apache.http.conn.HttpHostConnectException,"Non HTTP response message: Connect to localhost:8001 [localhost/127.0.0.1, localhost/0:0:0:0:0:0:0:1] failed: Connection refused",Login Load Test 1-82,text,false,"Test failed: code expected to equal /

****** received  : [[[Non HTTP response code: org.apache.http.conn.HttpHostConnectException]]]

****** comparison: [[[200                                                                  ]]]

/",2623,0,68,68,http://localhost:8001/auth/login,0,0,5002
1777162284764,5002,POST /auth/login,Non HTTP response code: org.apache.http.conn.HttpHostConnectException,"Non HTTP response message: Connect to localhost:8001 [localhost/127.0.0.1, localhost/0:0:0:0:0:0:0:1] failed: Connection refused",Login Load Test 1-62,text,false,"Test failed: code expected to equal /

****** received  : [[[Non HTTP response code: org.apache.http.conn.HttpHostConnectException]]]

****** comparison: [[[200                                                                  ]]]

/",2623,0,68,68,http://localhost:8001/auth/login,0,0,5002
1777162284772,5000,POST /auth/login,Non HTTP response code: org.apache.http.conn.HttpHostConnectException,"Non HTTP response message: Connect to localhost:8001 [localhost/127.0.0.1, localhost/0:0:0:0:0:0:0:1] failed: Connection refused",Login Load Test 1-32,text,false,"Test failed: code expected to equal /

****** received  : [[[Non HTTP response code: org.apache.http.conn.HttpHostConnectException]]]

****** comparison: [[[200                                                                  ]]]

/",2623,0,68,68,http://localhost:8001/auth/login,0,0,5000
1777162276109,13951,POST /auth/login,Non HTTP response code: java.net.SocketTimeoutException,Non HTTP response message: Read timed out,Login Load Test 1-24,text,false,"Test failed: code expected to equal /

****** received  : [[[Non HTTP response code: java.net.SocketTimeoutException]]]

****** comparison: [[[200                                                    ]]]

/",2679,0,67,67,http://localhost:8001/auth/login,0,0,3950
1777162279978,10093,POST /auth/login,Non HTTP response code: java.net.SocketTimeoutException,Non HTTP response message: Read timed out,Login Load Test 1-100,text,false,"Test failed: code expected to equal /

****** received  : [[[Non HTTP response code: java.net.SocketTimeoutException]]]

****** comparison: [[[200                                                    ]]]

/",2679,0,67,67,http://localhost:8001/auth/login,0,0,92
1777162280088,10340,POST /auth/login,Non HTTP response code: java.net.SocketTimeoutException,Non HTTP response message: Read timed out,Login Load Test 1-33,text,false,"Test failed: code expected to equal /

****** received  : [[[Non HTTP response code: java.net.SocketTimeoutException]]]

****** comparison: [[[200                                                    ]]]

/",2679,0,67,67,http://localhost:8001/auth/login,0,0,339
1777162280088,10340,POST /auth/login,Non HTTP response code: java.net.SocketTimeoutException,Non HTTP response message: Read timed out,Login Load Test 1-83,text,false,"Test failed: code expected to equal /

****** received  : [[[Non HTTP response code: java.net.SocketTimeoutException]]]

****** comparison: [[[200                                                    ]]]

/",2679,0,67,67,http://localhost:8001/auth/login,0,0,339
1777162280746,10001,POST /auth/login,Non HTTP response code: java.net.SocketTimeoutException,Non HTTP response message: Read timed out,Login Load Test 1-65,text,false,"Test failed: code expected to equal /

****** received  : [[[Non HTTP response code: java.net.SocketTimeoutException]]]

****** comparison: [[[200                                                    ]]]

/",2679,0,66,66,http://localhost:8001/auth/login,0,0,0
1777162280746,10001,POST /auth/login,Non HTTP response code: java.net.SocketTimeoutException,Non HTTP response message: Read timed out,Login Load Test 1-68,text,false,"Test failed: code expected to equal /

****** received  : [[[Non HTTP response code: java.net.SocketTimeoutException]]]

****** comparison: [[[200                                                    ]]]

/",2679,0,66,66,http://localhost:8001/auth/login,0,0,0
1777162280475,10577,POST /auth/login,Non HTTP response code: java.net.SocketTimeoutException,Non HTTP response message: Read timed out,Login Load Test 1-85,text,false,"Test failed: code expected to equal /

****** received  : [[[Non HTTP response code: java.net.SocketTimeoutException]]]

****** comparison: [[[200                                                    ]]]

/",2679,0,66,66,http://localhost:8001/auth/login,0,0,576
1777162280884,10216,POST /auth/login,Non HTTP response code: java.net.SocketTimeoutException,Non HTTP response message: Read timed out,Login Load Test 1-69,text,false,"Test failed: code expected to equal /

****** received  : [[[Non HTTP response code: java.net.SocketTimeoutException]]]

****** comparison: [[[200                                                    ]]]

/",2679,0,66,66,http://localhost:8001/auth/login,0,0,215
1777162281357,10065,POST /auth/login,Non HTTP response code: java.net.SocketTimeoutException,Non HTTP response message: Read timed out,Login Load Test 1-86,text,false,"Test failed: code expected to equal /

****** received  : [[[Non HTTP response code: java.net.SocketTimeoutException]]]

****** comparison: [[[200                                                    ]]]

/",2679,0,66,66,http://localhost:8001/auth/login,0,0,65
1777162286426,5001,POST /auth/login,Non HTTP response code: org.apache.http.conn.HttpHostConnectException,"Non HTTP response message: Connect to localhost:8001 [localhost/127.0.0.1, localhost/0:0:0:0:0:0:0:1] failed: Connection refused",Login Load Test 1-36,text,false,"Test failed: code expected to equal /

****** received  : [[[Non HTTP response code: org.apache.http.conn.HttpHostConnectException]]]

****** comparison: [[[200                                                                  ]]]

/",2623,0,66,66,http://localhost:8001/auth/login,0,0,5001
1777162281108,10338,POST /auth/login,Non HTTP response code: java.net.SocketTimeoutException,Non HTTP response message: Read timed out,Login Load Test 1-37,text,false,"Test failed: code expected to equal /

****** received  : [[[Non HTTP response code: java.net.SocketTimeoutException]]]

****** comparison: [[[200                                                    ]]]

/",2679,0,65,65,http://localhost:8001/auth/login,0,0,337
1777162281607,10125,POST /auth/login,Non HTTP response code: java.net.SocketTimeoutException,Non HTTP response message: Read timed out,Login Load Test 1-71,text,false,"Test failed: code expected to equal /

****** received  : [[[Non HTTP response code: java.net.SocketTimeoutException]]]

****** comparison: [[[200                                                    ]]]

/",2679,0,64,64,http://localhost:8001/auth/login,0,0,124
1777162277810,13934,POST /auth/login,Non HTTP response code: java.net.SocketTimeoutException,Non HTTP response message: Read timed out,Login Load Test 1-25,text,false,"Test failed: code expected to equal /

****** received  : [[[Non HTTP response code: java.net.SocketTimeoutException]]]

****** comparison: [[[200                                                    ]]]

/",2679,0,64,64,http://localhost:8001/auth/login,0,0,3932
1777162287113,5002,POST /auth/login,Non HTTP response code: org.apache.http.conn.HttpHostConnectException,"Non HTTP response message: Connect to localhost:8001 [localhost/127.0.0.1, localhost/0:0:0:0:0:0:0:1] failed: Connection refused",Login Load Test 1-94,text,false,"Test failed: code expected to equal /

****** received  : [[[Non HTTP response code: org.apache.http.conn.HttpHostConnectException]]]

****** comparison: [[[200                                                                  ]]]

/",2623,0,63,63,http://localhost:8001/auth/login,0,0,5002
1777162282130,10002,POST /auth/login,Non HTTP response code: java.net.SocketTimeoutException,Non HTTP response message: Read timed out,Login Load Test 1-90,text,false,"Test failed: code expected to equal /

****** received  : [[[Non HTTP response code: java.net.SocketTimeoutException]]]

****** comparison: [[[200                                                    ]]]

/",2679,0,63,63,http://localhost:8001/auth/login,0,0,0
1777162281804,10334,POST /auth/login,Non HTTP response code: java.net.SocketTimeoutException,Non HTTP response message: Read timed out,Login Load Test 1-76,text,false,"Test failed: code expected to equal /

****** received  : [[[Non HTTP response code: java.net.SocketTimeoutException]]]

****** comparison: [[[200                                                    ]]]

/",2679,0,63,63,http://localhost:8001/auth/login,0,0,334
1777162280429,12020,POST /auth/login,Non HTTP response code: java.net.SocketTimeoutException,Non HTTP response message: Read timed out,Login Load Test 1-48,text,false,"Test failed: code expected to equal /

****** received  : [[[Non HTTP response code: java.net.SocketTimeoutException]]]

****** comparison: [[[200                                                    ]]]

/",2679,0,63,63,http://localhost:8001/auth/login,0,0,2019
1777162282454,10001,POST /auth/login,Non HTTP response code: java.net.SocketTimeoutException,Non HTTP response message: Read timed out,Login Load Test 1-21,text,false,"Test failed: code expected to equal /

****** received  : [[[Non HTTP response code: java.net.SocketTimeoutException]]]

****** comparison: [[[200                                                    ]]]

/",2679,0,62,62,http://localhost:8001/auth/login,0,0,0
1777162282148,10580,POST /auth/login,Non HTTP response code: java.net.SocketTimeoutException,Non HTTP response message: Read timed out,Login Load Test 1-22,text,false,"Test failed: code expected to equal /

****** received  : [[[Non HTTP response code: java.net.SocketTimeoutException]]]

****** comparison: [[[200                                                    ]]]

/",2679,0,61,61,http://localhost:8001/auth/login,0,0,579
1777162278785,13954,POST /auth/login,Non HTTP response code: java.net.SocketTimeoutException,Non HTTP response message: Read timed out,Login Load Test 1-31,text,false,"Test failed: code expected to equal /

****** received  : [[[Non HTTP response code: java.net.SocketTimeoutException]]]

****** comparison: [[[200                                                    ]]]

/",2679,0,60,60,http://localhost:8001/auth/login,0,0,3953
1777162279131,13940,POST /auth/login,Non HTTP response code: java.net.SocketTimeoutException,Non HTTP response message: Read timed out,Login Load Test 1-30,text,false,"Test failed: code expected to equal /

****** received  : [[[Non HTTP response code: java.net.SocketTimeoutException]]]

****** comparison: [[[200                                                    ]]]

/",2679,0,60,60,http://localhost:8001/auth/login,0,0,3939
1777162279131,13940,POST /auth/login,Non HTTP response code: java.net.SocketTimeoutException,Non HTTP response message: Read timed out,Login Load Test 1-80,text,false,"Test failed: code expected to equal /

****** received  : [[[Non HTTP response code: java.net.SocketTimeoutException]]]

****** comparison: [[[200                                                    ]]]

/",2679,0,60,60,http://localhost:8001/auth/login,0,0,3939
1777162283424,10002,POST /auth/login,Non HTTP response code: java.net.SocketTimeoutException,Non HTTP response message: Read timed out,Login Load Test 1-41,text,false,"Test failed: code expected to equal /

****** received  : [[[Non HTTP response code: java.net.SocketTimeoutException]]]

****** comparison: [[[200                                                    ]]]

/",2679,0,59,59,http://localhost:8001/auth/login,0,0,1
1777162283424,10002,POST /auth/login,Non HTTP response code: java.net.SocketTimeoutException,Non HTTP response message: Read timed out,Login Load Test 1-91,text,false,"Test failed: code expected to equal /

****** received  : [[[Non HTTP response code: java.net.SocketTimeoutException]]]

****** comparison: [[[200                                                    ]]]

/",2679,0,59,59,http://localhost:8001/auth/login,0,0,0
1777162283786,10001,POST /auth/login,Non HTTP response code: java.net.SocketTimeoutException,Non HTTP response message: Read timed out,Login Load Test 1-81,text,false,"Test failed: code expected to equal /

****** received  : [[[Non HTTP response code: java.net.SocketTimeoutException]]]

****** comparison: [[[200                                                    ]]]

/",2679,0,58,58,http://localhost:8001/auth/login,0,0,1
1777162283453,10334,POST /auth/login,Non HTTP response code: java.net.SocketTimeoutException,Non HTTP response message: Read timed out,Login Load Test 1-93,text,false,"Test failed: code expected to equal /

****** received  : [[[Non HTTP response code: java.net.SocketTimeoutException]]]

****** comparison: [[[200                                                    ]]]

/",2679,0,58,58,http://localhost:8001/auth/login,0,0,333
1777162284097,10001,POST /auth/login,Non HTTP response code: java.net.SocketTimeoutException,Non HTTP response message: Read timed out,Login Load Test 1-28,text,false,"Test failed: code expected to equal /

****** received  : [[[Non HTTP response code: java.net.SocketTimeoutException]]]

****** comparison: [[[200                                                    ]]]

/",2679,0,58,58,http://localhost:8001/auth/login,0,0,1
1777162284096,10002,POST /auth/login,Non HTTP response code: java.net.SocketTimeoutException,Non HTTP response message: Read timed out,Login Load Test 1-96,text,false,"Test failed: code expected to equal /

****** received  : [[[Non HTTP response code: java.net.SocketTimeoutException]]]

****** comparison: [[[200                                                    ]]]

/",2679,0,58,58,http://localhost:8001/auth/login,0,0,1
1777162283809,10577,POST /auth/login,Non HTTP response code: java.net.SocketTimeoutException,Non HTTP response message: Read timed out,Login Load Test 1-45,text,false,"Test failed: code expected to equal /

****** received  : [[[Non HTTP response code: java.net.SocketTimeoutException]]]

****** comparison: [[[200                                                    ]]]

/",2679,0,57,57,http://localhost:8001/auth/login,0,0,576
1777162284425,10001,POST /auth/login,Non HTTP response code: java.net.SocketTimeoutException,Non HTTP response message: Read timed out,Login Load Test 1-95,text,false,"Test failed: code expected to equal /

****** received  : [[[Non HTTP response code: java.net.SocketTimeoutException]]]

****** comparison: [[[200                                                    ]]]

/",2679,0,56,56,http://localhost:8001/auth/login,0,0,0
1777162284163,10576,POST /auth/login,Non HTTP response code: java.net.SocketTimeoutException,Non HTTP response message: Read timed out,Login Load Test 1-29,text,false,"Test failed: code expected to equal /

****** received  : [[[Non HTTP response code: java.net.SocketTimeoutException]]]

****** comparison: [[[200                                                    ]]]

/",2679,0,56,56,http://localhost:8001/auth/login,0,0,576
1777162284751,10001,POST /auth/login,Non HTTP response code: java.net.SocketTimeoutException,Non HTTP response message: Read timed out,Login Load Test 1-64,text,false,"Test failed: code expected to equal /

****** received  : [[[Non HTTP response code: java.net.SocketTimeoutException]]]

****** comparison: [[[200                                                    ]]]

/",2679,0,55,55,http://localhost:8001/auth/login,0,0,0
1777162281126,13937,POST /auth/login,Non HTTP response code: java.net.SocketTimeoutException,Non HTTP response message: Read timed out,Login Load Test 1-70,text,false,"Test failed: code expected to equal /

****** received  : [[[Non HTTP response code: java.net.SocketTimeoutException]]]

****** comparison: [[[200                                                    ]]]

/",2679,0,54,54,http://localhost:8001/auth/login,0,0,3937
1777162285093,10001,POST /auth/login,Non HTTP response code: java.net.SocketTimeoutException,Non HTTP response message: Read timed out,Login Load Test 1-52,text,false,"Test failed: code expected to equal /

****** received  : [[[Non HTTP response code: java.net.SocketTimeoutException]]]

****** comparison: [[[200                                                    ]]]

/",2679,0,54,54,http://localhost:8001/auth/login,0,0,0
1777162281461,13939,POST /auth/login,Non HTTP response code: java.net.SocketTimeoutException,Non HTTP response message: Read timed out,Login Load Test 1-58,text,false,"Test failed: code expected to equal /

****** received  : [[[Non HTTP response code: java.net.SocketTimeoutException]]]

****** comparison: [[[200                                                    ]]]

/",2679,0,54,54,http://localhost:8001/auth/login,0,0,3938
1777162281469,13941,POST /auth/login,Non HTTP response code: java.net.SocketTimeoutException,Non HTTP response message: Read timed out,Login Load Test 1-38,text,false,"Test failed: code expected to equal /

****** received  : [[[Non HTTP response code: java.net.SocketTimeoutException]]]

****** comparison: [[[200                                                    ]]]

/",2679,0,54,54,http://localhost:8001/auth/login,0,0,3940
1777162281802,13941,POST /auth/login,Non HTTP response code: java.net.SocketTimeoutException,Non HTTP response message: Read timed out,Login Load Test 1-89,text,false,"Test failed: code expected to equal /

****** received  : [[[Non HTTP response code: java.net.SocketTimeoutException]]]

****** comparison: [[[200                                                    ]]]

/",2679,0,53,53,http://localhost:8001/auth/login,0,0,3940
1777162285746,10001,POST /auth/login,Non HTTP response code: java.net.SocketTimeoutException,Non HTTP response message: Read timed out,Login Load Test 1-84,text,false,"Test failed: code expected to equal /

****** received  : [[[Non HTTP response code: java.net.SocketTimeoutException]]]

****** comparison: [[[200                                                    ]]]

/",2679,0,53,53,http://localhost:8001/auth/login,0,0,0
1777162286076,10001,POST /auth/login,Non HTTP response code: java.net.SocketTimeoutException,Non HTTP response message: Read timed out,Login Load Test 1-66,text,false,"Test failed: code expected to equal /

****** received  : [[[Non HTTP response code: java.net.SocketTimeoutException]]]

****** comparison: [[[200                                                    ]]]

/",2679,0,53,53,http://localhost:8001/auth/login,0,0,0
1777162285746,10346,POST /auth/login,Non HTTP response code: java.net.SocketTimeoutException,Non HTTP response message: Read timed out,Login Load Test 1-67,text,false,"Test failed: code expected to equal /

****** received  : [[[Non HTTP response code: java.net.SocketTimeoutException]]]

****** comparison: [[[200                                                    ]]]

/",2679,0,53,53,http://localhost:8001/auth/login,0,0,345
1777162282454,13942,POST /auth/login,Non HTTP response code: java.net.SocketTimeoutException,Non HTTP response message: Read timed out,Login Load Test 1-39,text,false,"Test failed: code expected to equal /

****** received  : [[[Non HTTP response code: java.net.SocketTimeoutException]]]

****** comparison: [[[200                                                    ]]]

/",2679,0,53,53,http://localhost:8001/auth/login,0,0,3941
1777162286407,10001,POST /auth/login,Non HTTP response code: java.net.SocketTimeoutException,Non HTTP response message: Read timed out,Login Load Test 1-88,text,false,"Test failed: code expected to equal /

****** received  : [[[Non HTTP response code: java.net.SocketTimeoutException]]]

****** comparison: [[[200                                                    ]]]

/",2679,0,53,53,http://localhost:8001/auth/login,0,0,0
1777162282786,13936,POST /auth/login,Non HTTP response code: java.net.SocketTimeoutException,Non HTTP response message: Read timed out,Login Load Test 1-61,text,false,"Test failed: code expected to equal /

****** received  : [[[Non HTTP response code: java.net.SocketTimeoutException]]]

****** comparison: [[[200                                                    ]]]

/",2679,0,53,53,http://localhost:8001/auth/login,0,0,3935
1777162282792,13938,POST /auth/login,Non HTTP response code: java.net.SocketTimeoutException,Non HTTP response message: Read timed out,Login Load Test 1-92,text,false,"Test failed: code expected to equal /

****** received  : [[[Non HTTP response code: java.net.SocketTimeoutException]]]

****** comparison: [[[200                                                    ]]]

/",2679,0,53,53,http://localhost:8001/auth/login,0,0,3937
1777162283109,13940,POST /auth/login,Non HTTP response code: java.net.SocketTimeoutException,Non HTTP response message: Read timed out,Login Load Test 1-77,text,false,"Test failed: code expected to equal /

****** received  : [[[Non HTTP response code: java.net.SocketTimeoutException]]]

****** comparison: [[[200                                                    ]]]

/",2679,0,53,53,http://localhost:8001/auth/login,0,0,3939
1777162286759,10337,POST /auth/login,Non HTTP response code: java.net.SocketTimeoutException,Non HTTP response message: Read timed out,Login Load Test 1-87,text,false,"Test failed: code expected to equal /

****** received  : [[[Non HTTP response code: java.net.SocketTimeoutException]]]

****** comparison: [[[200                                                    ]]]

/",2679,0,52,52,http://localhost:8001/auth/login,0,0,336
1777162287399,10001,POST /auth/login,Non HTTP response code: java.net.SocketTimeoutException,Non HTTP response message: Read timed out,Login Load Test 1-72,text,false,"Test failed: code expected to equal /

****** received  : [[[Non HTTP response code: java.net.SocketTimeoutException]]]

****** comparison: [[[200                                                    ]]]

/",2679,0,52,52,http://localhost:8001/auth/login,0,0,1
1777162287399,10001,POST /auth/login,Non HTTP response code: java.net.SocketTimeoutException,Non HTTP response message: Read timed out,Login Load Test 1-40,text,false,"Test failed: code expected to equal /

****** received  : [[[Non HTTP response code: java.net.SocketTimeoutException]]]

****** comparison: [[[200                                                    ]]]

/",2679,0,52,52,http://localhost:8001/auth/login,0,0,1
1777162283801,13939,POST /auth/login,Non HTTP response code: java.net.SocketTimeoutException,Non HTTP response message: Read timed out,Login Load Test 1-79,text,false,"Test failed: code expected to equal /

****** received  : [[[Non HTTP response code: java.net.SocketTimeoutException]]]

****** comparison: [[[200                                                    ]]]

/",2679,0,52,52,http://localhost:8001/auth/login,0,0,3938
1777162287741,10001,POST /auth/login,Non HTTP response code: java.net.SocketTimeoutException,Non HTTP response message: Read timed out,Login Load Test 1-57,text,false,"Test failed: code expected to equal /

****** received  : [[[Non HTTP response code: java.net.SocketTimeoutException]]]

****** comparison: [[[200                                                    ]]]

/",2679,0,52,52,http://localhost:8001/auth/login,0,0,1
1777162287748,10338,POST /auth/login,Non HTTP response code: java.net.SocketTimeoutException,Non HTTP response message: Read timed out,Login Load Test 1-74,text,false,"Test failed: code expected to equal /

****** received  : [[[Non HTTP response code: java.net.SocketTimeoutException]]]

****** comparison: [[[200                                                    ]]]

/",2679,0,52,52,http://localhost:8001/auth/login,0,0,337
1777162287811,10336,POST /auth/login,Non HTTP response code: java.net.SocketTimeoutException,Non HTTP response message: Read timed out,Login Load Test 1-75,text,false,"Test failed: code expected to equal /

****** received  : [[[Non HTTP response code: java.net.SocketTimeoutException]]]

****** comparison: [[[200                                                    ]]]

/",2679,0,51,51,http://localhost:8001/auth/login,0,0,335
1777162288402,10001,POST /auth/login,Non HTTP response code: java.net.SocketTimeoutException,Non HTTP response message: Read timed out,Login Load Test 1-59,text,false,"Test failed: code expected to equal /

****** received  : [[[Non HTTP response code: java.net.SocketTimeoutException]]]

****** comparison: [[[200                                                    ]]]

/",2679,0,50,50,http://localhost:8001/auth/login,0,0,0
1777162288405,10001,POST /auth/login,Non HTTP response code: java.net.SocketTimeoutException,Non HTTP response message: Read timed out,Login Load Test 1-56,text,false,"Test failed: code expected to equal /

****** received  : [[[Non HTTP response code: java.net.SocketTimeoutException]]]

****** comparison: [[[200                                                    ]]]

/",2679,0,50,50,http://localhost:8001/auth/login,0,0,0
1777162288733,10000,POST /auth/login,Non HTTP response code: java.net.SocketTimeoutException,Non HTTP response message: Read timed out,Login Load Test 1-49,text,false,"Test failed: code expected to equal /

****** received  : [[[Non HTTP response code: java.net.SocketTimeoutException]]]

****** comparison: [[[200                                                    ]]]

/",2679,0,50,50,http://localhost:8001/auth/login,0,0,0
1777162288733,10000,POST /auth/login,Non HTTP response code: java.net.SocketTimeoutException,Non HTTP response message: Read timed out,Login Load Test 1-99,text,false,"Test failed: code expected to equal /

****** received  : [[[Non HTTP response code: java.net.SocketTimeoutException]]]

****** comparison: [[[200                                                    ]]]

/",2679,0,50,50,http://localhost:8001/auth/login,0,0,0
1777162289074,10001,POST /auth/login,Non HTTP response code: java.net.SocketTimeoutException,Non HTTP response message: Read timed out,Login Load Test 1-78,text,false,"Test failed: code expected to equal /

****** received  : [[[Non HTTP response code: java.net.SocketTimeoutException]]]

****** comparison: [[[200                                                    ]]]

/",2679,0,49,49,http://localhost:8001/auth/login,0,0,1
1777162289090,10001,POST /auth/login,Non HTTP response code: java.net.SocketTimeoutException,Non HTTP response message: Read timed out,Login Load Test 1-63,text,false,"Test failed: code expected to equal /

****** received  : [[[Non HTTP response code: java.net.SocketTimeoutException]]]

****** comparison: [[[200                                                    ]]]

/",2679,0,49,49,http://localhost:8001/auth/login,0,0,0
1777162285422,13967,POST /auth/login,Non HTTP response code: java.net.SocketTimeoutException,Non HTTP response message: Read timed out,Login Load Test 1-34,text,false,"Test failed: code expected to equal /

****** received  : [[[Non HTTP response code: java.net.SocketTimeoutException]]]

****** comparison: [[[200                                                    ]]]

/",2679,0,49,49,http://localhost:8001/auth/login,0,0,3966
1777162289415,10001,POST /auth/login,Non HTTP response code: java.net.SocketTimeoutException,Non HTTP response message: Read timed out,Login Load Test 1-46,text,false,"Test failed: code expected to equal /

****** received  : [[[Non HTTP response code: java.net.SocketTimeoutException]]]

****** comparison: [[[200                                                    ]]]

/",2679,0,48,48,http://localhost:8001/auth/login,0,0,0
1777162289738,10002,POST /auth/login,Non HTTP response code: java.net.SocketTimeoutException,Non HTTP response message: Read timed out,Login Load Test 1-97,text,false,"Test failed: code expected to equal /

****** received  : [[[Non HTTP response code: java.net.SocketTimeoutException]]]

****** comparison: [[[200                                                    ]]]

/",2679,0,47,47,http://localhost:8001/auth/login,0,0,1
1777162289426,10338,POST /auth/login,Non HTTP response code: java.net.SocketTimeoutException,Non HTTP response message: Read timed out,Login Load Test 1-51,text,false,"Test failed: code expected to equal /

****** received  : [[[Non HTTP response code: java.net.SocketTimeoutException]]]

****** comparison: [[[200                                                    ]]]

/",2679,0,47,47,http://localhost:8001/auth/login,0,0,337
1777162290060,10001,POST /auth/login,Non HTTP response code: java.net.SocketTimeoutException,Non HTTP response message: Read timed out,Login Load Test 1-24,text,false,"Test failed: code expected to equal /

****** received  : [[[Non HTTP response code: java.net.SocketTimeoutException]]]

****** comparison: [[[200                                                    ]]]

/",2679,0,46,46,http://localhost:8001/auth/login,0,0,0
1777162290071,10001,POST /auth/login,Non HTTP response code: java.net.SocketTimeoutException,Non HTTP response message: Read timed out,Login Load Test 1-100,text,false,"Test failed: code expected to equal /

****** received  : [[[Non HTTP response code: java.net.SocketTimeoutException]]]

****** comparison: [[[200                                                    ]]]

/",2679,0,45,45,http://localhost:8001/auth/login,0,0,0
1777162290428,10001,POST /auth/login,Non HTTP response code: java.net.SocketTimeoutException,Non HTTP response message: Read timed out,Login Load Test 1-83,text,false,"Test failed: code expected to equal /

****** received  : [[[Non HTTP response code: java.net.SocketTimeoutException]]]

****** comparison: [[[200                                                    ]]]

/",2679,0,44,44,http://localhost:8001/auth/login,0,0,0
1777162289434,11057,POST /auth/login,Non HTTP response code: java.net.SocketTimeoutException,Non HTTP response message: Read timed out,Login Load Test 1-98,text,false,"Test failed: code expected to equal /

****** received  : [[[Non HTTP response code: java.net.SocketTimeoutException]]]

****** comparison: [[[200                                                    ]]]

/",2679,0,43,43,http://localhost:8001/auth/login,0,0,1056
1777162290747,10002,POST /auth/login,Non HTTP response code: java.net.SocketTimeoutException,Non HTTP response message: Read timed out,Login Load Test 1-65,text,false,"Test failed: code expected to equal /

****** received  : [[[Non HTTP response code: java.net.SocketTimeoutException]]]

****** comparison: [[[200                                                    ]]]

/",2679,0,43,43,http://localhost:8001/auth/login,0,0,1
1777162290747,10002,POST /auth/login,Non HTTP response code: java.net.SocketTimeoutException,Non HTTP response message: Read timed out,Login Load Test 1-68,text,false,"Test failed: code expected to equal /

****** received  : [[[Non HTTP response code: java.net.SocketTimeoutException]]]

****** comparison: [[[200                                                    ]]]

/",2679,0,43,43,http://localhost:8001/auth/login,0,0,1
1777162291052,10001,POST /auth/login,Non HTTP response code: java.net.SocketTimeoutException,Non HTTP response message: Read timed out,Login Load Test 1-85,text,false,"Test failed: code expected to equal /

****** received  : [[[Non HTTP response code: java.net.SocketTimeoutException]]]

****** comparison: [[[200                                                    ]]]

/",2679,0,43,43,http://localhost:8001/auth/login,0,0,0
1777162287113,13942,POST /auth/login,Non HTTP response code: java.net.SocketTimeoutException,Non HTTP response message: Read timed out,Login Load Test 1-44,text,false,"Test failed: code expected to equal /

****** received  : [[[Non HTTP response code: java.net.SocketTimeoutException]]]

****** comparison: [[[200                                                    ]]]

/",2679,0,42,42,http://localhost:8001/auth/login,0,0,3941
1777162291423,10001,POST /auth/login,Non HTTP response code: java.net.SocketTimeoutException,Non HTTP response message: Read timed out,Login Load Test 1-86,text,false,"Test failed: code expected to equal /

****** received  : [[[Non HTTP response code: java.net.SocketTimeoutException]]]

****** comparison: [[[200                                                    ]]]

/",2679,0,41,41,http://localhost:8001/auth/login,0,0,0
1777162291100,10337,POST /auth/login,Non HTTP response code: java.net.SocketTimeoutException,Non HTTP response message: Read timed out,Login Load Test 1-69,text,false,"Test failed: code expected to equal /

****** received  : [[[Non HTTP response code: java.net.SocketTimeoutException]]]

****** comparison: [[[200                                                    ]]]

/",2679,0,40,40,http://localhost:8001/auth/login,0,0,336
1777162291732,10002,POST /auth/login,Non HTTP response code: java.net.SocketTimeoutException,Non HTTP response message: Read timed out,Login Load Test 1-71,text,false,"Test failed: code expected to equal /

****** received  : [[[Non HTTP response code: java.net.SocketTimeoutException]]]

****** comparison: [[[200                                                    ]]]

/",2679,0,39,39,http://localhost:8001/auth/login,0,0,0
1777162289766,12021,POST /auth/login,Non HTTP response code: java.net.SocketTimeoutException,Non HTTP response message: Read timed out,Login Load Test 1-62,text,false,"Test failed: code expected to equal /

****** received  : [[[Non HTTP response code: java.net.SocketTimeoutException]]]

****** comparison: [[[200                                                    ]]]

/",2679,0,38,38,http://localhost:8001/auth/login,0,0,2020
1777162292115,10001,POST /auth/login,Non HTTP response code: java.net.SocketTimeoutException,Non HTTP response message: Read timed out,Login Load Test 1-94,text,false,"Test failed: code expected to equal /

****** received  : [[[Non HTTP response code: java.net.SocketTimeoutException]]]

****** comparison: [[[200                                                    ]]]

/",2679,0,37,37,http://localhost:8001/auth/login,0,0,0
1777162292132,10001,POST /auth/login,Non HTTP response code: java.net.SocketTimeoutException,Non HTTP response message: Read timed out,Login Load Test 1-90,text,false,"Test failed: code expected to equal /

****** received  : [[[Non HTTP response code: java.net.SocketTimeoutException]]]

****** comparison: [[[200                                                    ]]]

/",2679,0,37,37,http://localhost:8001/auth/login,0,0,0
1777162292138,10338,POST /auth/login,Non HTTP response code: java.net.SocketTimeoutException,Non HTTP response message: Read timed out,Login Load Test 1-76,text,false,"Test failed: code expected to equal /

****** received  : [[[Non HTTP response code: java.net.SocketTimeoutException]]]

****** comparison: [[[200                                                    ]]]

/",2679,0,36,36,http://localhost:8001/auth/login,0,0,337
1777162292739,10001,POST /auth/login,Non HTTP response code: java.net.SocketTimeoutException,Non HTTP response message: Read timed out,Login Load Test 1-31,text,false,"Test failed: code expected to equal /

****** received  : [[[Non HTTP response code: java.net.SocketTimeoutException]]]

****** comparison: [[[200                                                    ]]]

/",2679,0,36,36,http://localhost:8001/auth/login,0,0,0
1777162289102,13939,POST /auth/login,Non HTTP response code: java.net.SocketTimeoutException,Non HTTP response message: Read timed out,Login Load Test 1-73,text,false,"Test failed: code expected to equal /

****** received  : [[[Non HTTP response code: java.net.SocketTimeoutException]]]

****** comparison: [[[200                                                    ]]]

/",2679,0,36,36,http://localhost:8001/auth/login,0,0,3938
1777162293072,10001,POST /auth/login,Non HTTP response code: java.net.SocketTimeoutException,Non HTTP response message: Read timed out,Login Load Test 1-80,text,false,"Test failed: code expected to equal /

****** received  : [[[Non HTTP response code: java.net.SocketTimeoutException]]]

****** comparison: [[[200                                                    ]]]

/",2679,0,36,36,http://localhost:8001/auth/login,0,0,0
1777162293426,10001,POST /auth/login,Non HTTP response code: java.net.SocketTimeoutException,Non HTTP response message: Read timed out,Login Load Test 1-91,text,false,"Test failed: code expected to equal /

****** received  : [[[Non HTTP response code: java.net.SocketTimeoutException]]]

****** comparison: [[[200                                                    ]]]

/",2679,0,35,35,http://localhost:8001/auth/login,0,0,0
1777162289766,13942,POST /auth/login,Non HTTP response code: java.net.SocketTimeoutException,Non HTTP response message: Read timed out,Login Load Test 1-82,text,false,"Test failed: code expected to equal /

****** received  : [[[Non HTTP response code: java.net.SocketTimeoutException]]]

****** comparison: [[[200                                                    ]]]

/",2679,0,35,35,http://localhost:8001/auth/login,0,0,3941
1777162293788,10001,POST /auth/login,Non HTTP response code: java.net.SocketTimeoutException,Non HTTP response message: Read timed out,Login Load Test 1-81,text,false,"Test failed: code expected to equal /

****** received  : [[[Non HTTP response code: java.net.SocketTimeoutException]]]

****** comparison: [[[200                                                    ]]]

/",2679,0,34,34,http://localhost:8001/auth/login,0,0,0
1777162293788,10001,POST /auth/login,Non HTTP response code: java.net.SocketTimeoutException,Non HTTP response message: Read timed out,Login Load Test 1-93,text,false,"Test failed: code expected to equal /

****** received  : [[[Non HTTP response code: java.net.SocketTimeoutException]]]

****** comparison: [[[200                                                    ]]]

/",2679,0,34,34,http://localhost:8001/auth/login,0,0,0
1777162294098,10001,POST /auth/login,Non HTTP response code: java.net.SocketTimeoutException,Non HTTP response message: Read timed out,Login Load Test 1-96,text,false,"Test failed: code expected to equal /

****** received  : [[[Non HTTP response code: java.net.SocketTimeoutException]]]

****** comparison: [[[200                                                    ]]]

/",2679,0,33,33,http://localhost:8001/auth/login,0,0,0
1777162294426,10001,POST /auth/login,Non HTTP response code: java.net.SocketTimeoutException,Non HTTP response message: Read timed out,Login Load Test 1-95,text,false,"Test failed: code expected to equal /

****** received  : [[[Non HTTP response code: java.net.SocketTimeoutException]]]

****** comparison: [[[200                                                    ]]]

/",2679,0,33,33,http://localhost:8001/auth/login,0,0,0
1777162295063,10001,POST /auth/login,Non HTTP response code: java.net.SocketTimeoutException,Non HTTP response message: Read timed out,Login Load Test 1-70,text,false,"Test failed: code expected to equal /

****** received  : [[[Non HTTP response code: java.net.SocketTimeoutException]]]

****** comparison: [[[200                                                    ]]]

/",2679,0,33,33,http://localhost:8001/auth/login,0,0,1
1777162295095,10001,POST /auth/login,Non HTTP response code: java.net.SocketTimeoutException,Non HTTP response message: Read timed out,Login Load Test 1-52,text,false,"Test failed: code expected to equal /

****** received  : [[[Non HTTP response code: java.net.SocketTimeoutException]]]

****** comparison: [[[200                                                    ]]]

/",2679,0,32,32,http://localhost:8001/auth/login,0,0,0
1777162295400,10002,POST /auth/login,Non HTTP response code: java.net.SocketTimeoutException,Non HTTP response message: Read timed out,Login Load Test 1-58,text,false,"Test failed: code expected to equal /

****** received  : [[[Non HTTP response code: java.net.SocketTimeoutException]]]

****** comparison: [[[200                                                    ]]]

/",2679,0,31,31,http://localhost:8001/auth/login,0,0,1
1777162295743,10001,POST /auth/login,Non HTTP response code: java.net.SocketTimeoutException,Non HTTP response message: Read timed out,Login Load Test 1-89,text,false,"Test failed: code expected to equal /

****** received  : [[[Non HTTP response code: java.net.SocketTimeoutException]]]

****** comparison: [[[200                                                    ]]]

/",2679,0,31,31,http://localhost:8001/auth/login,0,0,1
1777162295747,10001,POST /auth/login,Non HTTP response code: java.net.SocketTimeoutException,Non HTTP response message: Read timed out,Login Load Test 1-84,text,false,"Test failed: code expected to equal /

****** received  : [[[Non HTTP response code: java.net.SocketTimeoutException]]]

****** comparison: [[[200                                                    ]]]

/",2679,0,31,31,http://localhost:8001/auth/login,0,0,0
1777162296077,10002,POST /auth/login,Non HTTP response code: java.net.SocketTimeoutException,Non HTTP response message: Read timed out,Login Load Test 1-66,text,false,"Test failed: code expected to equal /

****** received  : [[[Non HTTP response code: java.net.SocketTimeoutException]]]

****** comparison: [[[200                                                    ]]]

/",2679,0,30,30,http://localhost:8001/auth/login,0,0,1
1777162296092,10001,POST /auth/login,Non HTTP response code: java.net.SocketTimeoutException,Non HTTP response message: Read timed out,Login Load Test 1-67,text,false,"Test failed: code expected to equal /

****** received  : [[[Non HTTP response code: java.net.SocketTimeoutException]]]

****** comparison: [[[200                                                    ]]]

/",2679,0,30,30,http://localhost:8001/auth/login,0,0,0
1777162296397,10001,POST /auth/login,Non HTTP response code: java.net.SocketTimeoutException,Non HTTP response message: Read timed out,Login Load Test 1-39,text,false,"Test failed: code expected to equal /

****** received  : [[[Non HTTP response code: java.net.SocketTimeoutException]]]

****** comparison: [[[200                                                    ]]]

/",2679,0,29,29,http://localhost:8001/auth/login,0,0,0
1777162296408,10001,POST /auth/login,Non HTTP response code: java.net.SocketTimeoutException,Non HTTP response message: Read timed out,Login Load Test 1-88,text,false,"Test failed: code expected to equal /

****** received  : [[[Non HTTP response code: java.net.SocketTimeoutException]]]

****** comparison: [[[200                                                    ]]]

/",2679,0,29,29,http://localhost:8001/auth/login,0,0,1
1777162296722,10002,POST /auth/login,Non HTTP response code: java.net.SocketTimeoutException,Non HTTP response message: Read timed out,Login Load Test 1-61,text,false,"Test failed: code expected to equal /

****** received  : [[[Non HTTP response code: java.net.SocketTimeoutException]]]

****** comparison: [[[200                                                    ]]]

/",2679,0,28,28,http://localhost:8001/auth/login,0,0,1
1777162296730,10001,POST /auth/login,Non HTTP response code: java.net.SocketTimeoutException,Non HTTP response message: Read timed out,Login Load Test 1-92,text,false,"Test failed: code expected to equal /

****** received  : [[[Non HTTP response code: java.net.SocketTimeoutException]]]

****** comparison: [[[200                                                    ]]]

/",2679,0,28,28,http://localhost:8001/auth/login,0,0,0
1777162297096,10001,POST /auth/login,Non HTTP response code: java.net.SocketTimeoutException,Non HTTP response message: Read timed out,Login Load Test 1-87,text,false,"Test failed: code expected to equal /

****** received  : [[[Non HTTP response code: java.net.SocketTimeoutException]]]

****** comparison: [[[200                                                    ]]]

/",2679,0,27,27,http://localhost:8001/auth/login,0,0,0
1777162297400,10001,POST /auth/login,Non HTTP response code: java.net.SocketTimeoutException,Non HTTP response message: Read timed out,Login Load Test 1-72,text,false,"Test failed: code expected to equal /

****** received  : [[[Non HTTP response code: java.net.SocketTimeoutException]]]

****** comparison: [[[200                                                    ]]]

/",2679,0,26,26,http://localhost:8001/auth/login,0,0,1
1777162297400,10001,POST /auth/login,Non HTTP response code: java.net.SocketTimeoutException,Non HTTP response message: Read timed out,Login Load Test 1-40,text,false,"Test failed: code expected to equal /

****** received  : [[[Non HTTP response code: java.net.SocketTimeoutException]]]

****** comparison: [[[200                                                    ]]]

/",2679,0,26,26,http://localhost:8001/auth/login,0,0,1
1777162297741,10001,POST /auth/login,Non HTTP response code: java.net.SocketTimeoutException,Non HTTP response message: Read timed out,Login Load Test 1-79,text,false,"Test failed: code expected to equal /

****** received  : [[[Non HTTP response code: java.net.SocketTimeoutException]]]

****** comparison: [[[200                                                    ]]]

/",2679,0,25,25,http://localhost:8001/auth/login,0,0,0
1777162297743,10001,POST /auth/login,Non HTTP response code: java.net.SocketTimeoutException,Non HTTP response message: Read timed out,Login Load Test 1-57,text,false,"Test failed: code expected to equal /

****** received  : [[[Non HTTP response code: java.net.SocketTimeoutException]]]

****** comparison: [[[200                                                    ]]]

/",2679,0,24,24,http://localhost:8001/auth/login,0,0,0
1777162298403,10002,POST /auth/login,Non HTTP response code: java.net.SocketTimeoutException,Non HTTP response message: Read timed out,Login Load Test 1-59,text,false,"Test failed: code expected to equal /

****** received  : [[[Non HTTP response code: java.net.SocketTimeoutException]]]

****** comparison: [[[200                                                    ]]]

/",2679,0,23,23,http://localhost:8001/auth/login,0,0,1
1777162298406,10002,POST /auth/login,Non HTTP response code: java.net.SocketTimeoutException,Non HTTP response message: Read timed out,Login Load Test 1-56,text,false,"Test failed: code expected to equal /

****** received  : [[[Non HTTP response code: java.net.SocketTimeoutException]]]

****** comparison: [[[200                                                    ]]]

/",2679,0,22,22,http://localhost:8001/auth/login,0,0,0
1777162298734,10001,POST /auth/login,Non HTTP response code: java.net.SocketTimeoutException,Non HTTP response message: Read timed out,Login Load Test 1-99,text,false,"Test failed: code expected to equal /

****** received  : [[[Non HTTP response code: java.net.SocketTimeoutException]]]

****** comparison: [[[200                                                    ]]]

/",2679,0,22,22,http://localhost:8001/auth/login,0,0,0
1777162299075,10002,POST /auth/login,Non HTTP response code: java.net.SocketTimeoutException,Non HTTP response message: Read timed out,Login Load Test 1-78,text,false,"Test failed: code expected to equal /

****** received  : [[[Non HTTP response code: java.net.SocketTimeoutException]]]

****** comparison: [[[200                                                    ]]]

/",2679,0,22,22,http://localhost:8001/auth/login,0,0,1
1777162299091,10001,POST /auth/login,Non HTTP response code: java.net.SocketTimeoutException,Non HTTP response message: Read timed out,Login Load Test 1-63,text,false,"Test failed: code expected to equal /

****** received  : [[[Non HTTP response code: java.net.SocketTimeoutException]]]

****** comparison: [[[200                                                    ]]]

/",2679,0,21,21,http://localhost:8001/auth/login,0,0,0
1777162299740,10001,POST /auth/login,Non HTTP response code: java.net.SocketTimeoutException,Non HTTP response message: Read timed out,Login Load Test 1-97,text,false,"Test failed: code expected to equal /

****** received  : [[[Non HTTP response code: java.net.SocketTimeoutException]]]

****** comparison: [[[200                                                    ]]]

/",2679,0,20,20,http://localhost:8001/auth/login,0,0,0
1777162300491,10001,POST /auth/login,Non HTTP response code: java.net.SocketTimeoutException,Non HTTP response message: Read timed out,Login Load Test 1-98,text,false,"Test failed: code expected to equal /

****** received  : [[[Non HTTP response code: java.net.SocketTimeoutException]]]

****** comparison: [[[200                                                    ]]]

/",2679,0,19,19,http://localhost:8001/auth/login,0,0,1
1777162300749,10001,POST /auth/login,Non HTTP response code: java.net.SocketTimeoutException,Non HTTP response message: Read timed out,Login Load Test 1-65,text,false,"Test failed: code expected to equal /

****** received  : [[[Non HTTP response code: java.net.SocketTimeoutException]]]

****** comparison: [[[200                                                    ]]]

/",2679,0,18,18,http://localhost:8001/auth/login,0,0,0
1777162300749,10001,POST /auth/login,Non HTTP response code: java.net.SocketTimeoutException,Non HTTP response message: Read timed out,Login Load Test 1-68,text,false,"Test failed: code expected to equal /

****** received  : [[[Non HTTP response code: java.net.SocketTimeoutException]]]

****** comparison: [[[200                                                    ]]]

/",2679,0,18,18,http://localhost:8001/auth/login,0,0,0
1777162302117,10001,POST /auth/login,Non HTTP response code: java.net.SocketTimeoutException,Non HTTP response message: Read timed out,Login Load Test 1-94,text,false,"Test failed: code expected to equal /

****** received  : [[[Non HTTP response code: java.net.SocketTimeoutException]]]

****** comparison: [[[200                                                    ]]]

/",2679,0,16,16,http://localhost:8001/auth/login,0,0,0
1777162302476,10001,POST /auth/login,Non HTTP response code: java.net.SocketTimeoutException,Non HTTP response message: Read timed out,Login Load Test 1-76,text,false,"Test failed: code expected to equal /

****** received  : [[[Non HTTP response code: java.net.SocketTimeoutException]]]

****** comparison: [[[200                                                    ]]]

/",2679,0,15,15,http://localhost:8001/auth/login,0,0,0
1777162302740,10002,POST /auth/login,Non HTTP response code: java.net.SocketTimeoutException,Non HTTP response message: Read timed out,Login Load Test 1-31,text,false,"Test failed: code expected to equal /

****** received  : [[[Non HTTP response code: java.net.SocketTimeoutException]]]

****** comparison: [[[200                                                    ]]]

/",2679,0,14,14,http://localhost:8001/auth/login,0,0,1
1777162303041,10002,POST /auth/login,Non HTTP response code: java.net.SocketTimeoutException,Non HTTP response message: Read timed out,Login Load Test 1-73,text,false,"Test failed: code expected to equal /

****** received  : [[[Non HTTP response code: java.net.SocketTimeoutException]]]

****** comparison: [[[200                                                    ]]]

/",2679,0,13,13,http://localhost:8001/auth/login,0,0,1
1777162303427,10001,POST /auth/login,Non HTTP response code: java.net.SocketTimeoutException,Non HTTP response message: Read timed out,Login Load Test 1-91,text,false,"Test failed: code expected to equal /

****** received  : [[[Non HTTP response code: java.net.SocketTimeoutException]]]

****** comparison: [[[200                                                    ]]]

/",2679,0,12,12,http://localhost:8001/auth/login,0,0,1
1777162303789,10002,POST /auth/login,Non HTTP response code: java.net.SocketTimeoutException,Non HTTP response message: Read timed out,Login Load Test 1-81,text,false,"Test failed: code expected to equal /

****** received  : [[[Non HTTP response code: java.net.SocketTimeoutException]]]

****** comparison: [[[200                                                    ]]]

/",2679,0,11,11,http://localhost:8001/auth/login,0,0,0
1777162304099,10001,POST /auth/login,Non HTTP response code: java.net.SocketTimeoutException,Non HTTP response message: Read timed out,Login Load Test 1-96,text,false,"Test failed: code expected to equal /

****** received  : [[[Non HTTP response code: java.net.SocketTimeoutException]]]

****** comparison: [[[200                                                    ]]]

/",2679,0,10,10,http://localhost:8001/auth/login,0,0,1
1777162304427,10002,POST /auth/login,Non HTTP response code: java.net.SocketTimeoutException,Non HTTP response message: Read timed out,Login Load Test 1-95,text,false,"Test failed: code expected to equal /

****** received  : [[[Non HTTP response code: java.net.SocketTimeoutException]]]

****** comparison: [[[200                                                    ]]]

/",2679,0,9,9,http://localhost:8001/auth/login,0,0,1
1777162305402,10001,POST /auth/login,Non HTTP response code: java.net.SocketTimeoutException,Non HTTP response message: Read timed out,Login Load Test 1-58,text,false,"Test failed: code expected to equal /

****** received  : [[[Non HTTP response code: java.net.SocketTimeoutException]]]

****** comparison: [[[200                                                    ]]]

/",2679,0,9,9,http://localhost:8001/auth/login,0,0,0
1777162305744,10001,POST /auth/login,Non HTTP response code: java.net.SocketTimeoutException,Non HTTP response message: Read timed out,Login Load Test 1-89,text,false,"Test failed: code expected to equal /

****** received  : [[[Non HTTP response code: java.net.SocketTimeoutException]]]

****** comparison: [[[200                                                    ]]]

/",2679,0,8,8,http://localhost:8001/auth/login,0,0,0
1777162306079,10001,POST /auth/login,Non HTTP response code: java.net.SocketTimeoutException,Non HTTP response message: Read timed out,Login Load Test 1-66,text,false,"Test failed: code expected to equal /

****** received  : [[[Non HTTP response code: java.net.SocketTimeoutException]]]

****** comparison: [[[200                                                    ]]]

/",2679,0,7,7,http://localhost:8001/auth/login,0,0,0
1777162306398,10001,POST /auth/login,Non HTTP response code: java.net.SocketTimeoutException,Non HTTP response message: Read timed out,Login Load Test 1-39,text,false,"Test failed: code expected to equal /

****** received  : [[[Non HTTP response code: java.net.SocketTimeoutException]]]

****** comparison: [[[200                                                    ]]]

/",2679,0,6,6,http://localhost:8001/auth/login,0,0,0
1777162306724,10001,POST /auth/login,Non HTTP response code: java.net.SocketTimeoutException,Non HTTP response message: Read timed out,Login Load Test 1-61,text,false,"Test failed: code expected to equal /

****** received  : [[[Non HTTP response code: java.net.SocketTimeoutException]]]

****** comparison: [[[200                                                    ]]]

/",2679,0,5,5,http://localhost:8001/auth/login,0,0,0
1777162307401,10001,POST /auth/login,Non HTTP response code: java.net.SocketTimeoutException,Non HTTP response message: Read timed out,Login Load Test 1-72,text,false,"Test failed: code expected to equal /

****** received  : [[[Non HTTP response code: java.net.SocketTimeoutException]]]

****** comparison: [[[200                                                    ]]]

/",2679,0,4,4,http://localhost:8001/auth/login,0,0,0
1777162308408,10001,POST /auth/login,Non HTTP response code: java.net.SocketTimeoutException,Non HTTP response message: Read timed out,Login Load Test 1-56,text,false,"Test failed: code expected to equal /

****** received  : [[[Non HTTP response code: java.net.SocketTimeoutException]]]

****** comparison: [[[200                                                    ]]]

/",2679,0,3,3,http://localhost:8001/auth/login,0,0,0
1777162308735,10001,POST /auth/login,Non HTTP response code: java.net.SocketTimeoutException,Non HTTP response message: Read timed out,Login Load Test 1-99,text,false,"Test failed: code expected to equal /

****** received  : [[[Non HTTP response code: java.net.SocketTimeoutException]]]

****** comparison: [[[200                                                    ]]]

/",2679,0,2,2,http://localhost:8001/auth/login,0,0,0
1777162314429,9198,POST /auth/login,200,OK,Login Load Test 1-95,text,true,,316,243,1,1,http://localhost:8001/auth/login,9198,0,0
