timeStamp,elapsed,label,responseCode,responseMessage,threadName,dataType,success,failureMessage,bytes,sentBytes,grpThreads,allThreads,URL,Latency,IdleTime,Connect
1777162974957,20,GET /restaurants?q=ramen,200,OK,Restaurant Search Load Test 2-2,text,true,,587,137,3,8,http://localhost:8002/restaurants/?q=ramen,20,0,12
1777162974957,20,GET /restaurants?q=ramen,200,OK,Restaurant Search Load Test 2-1,text,true,,587,137,3,8,http://localhost:8002/restaurants/?q=ramen,20,0,12
1777162974972,5,GET /restaurants?q=ramen,200,OK,Restaurant Search Load Test 2-3,text,true,,587,137,3,8,http://localhost:8002/restaurants/?q=ramen,5,0,0
1777162974991,3,GET /restaurants?q=ramen,200,OK,Restaurant Search Load Test 2-4,text,true,,587,137,1,6,http://localhost:8002/restaurants/?q=ramen,3,0,0
1777162975021,4,GET /restaurants?q=ramen,200,OK,Restaurant Search Load Test 2-5,text,true,,587,137,1,10,http://localhost:8002/restaurants/?q=ramen,4,0,0
1777162975046,4,GET /restaurants?q=ramen,200,OK,Restaurant Search Load Test 2-6,text,true,,587,137,1,12,http://localhost:8002/restaurants/?q=ramen,4,0,0
1777162975071,3,GET /restaurants?q=ramen,200,OK,Restaurant Search Load Test 2-7,text,true,,587,137,1,13,http://localhost:8002/restaurants/?q=ramen,3,0,0
1777162975096,2,GET /restaurants?q=ramen,200,OK,Restaurant Search Load Test 2-8,text,true,,587,137,1,16,http://localhost:8002/restaurants/?q=ramen,2,0,0
1777162975118,3,GET /restaurants?q=ramen,200,OK,Restaurant Search Load Test 2-9,text,true,,587,137,1,18,http://localhost:8002/restaurants/?q=ramen,3,0,0
1777162975145,2,GET /restaurants?q=ramen,200,OK,Restaurant Search Load Test 2-10,text,true,,587,137,1,20,http://localhost:8002/restaurants/?q=ramen,2,0,0
1777162974957,202,POST /auth/login,200,OK,Login Load Test 1-1,text,true,,316,249,10,19,http://localhost:8001/auth/login,202,0,12
1777162974957,202,Login for Token,200,OK,Review Submission Load Test 3-1,text,true,,316,249,9,18,http://localhost:8001/auth/login,202,0,12
1777162974964,196,POST /auth/login,200,OK,Login Load Test 1-3,text,true,,316,249,9,18,http://localhost:8001/auth/login,196,0,5
1777162975160,3,POST /reviews/,201,Created,Review Submission Load Test 3-1,text,true,,380,440,9,17,http://localhost:8004/reviews/,3,0,1
1777162975171,2,GET /restaurants?q=ramen,200,OK,Restaurant Search Load Test 2-11,text,true,,587,137,1,19,http://localhost:8002/restaurants/?q=ramen,2,0,1
1777162975196,4,GET /restaurants?q=ramen,200,OK,Restaurant Search Load Test 2-12,text,true,,587,137,1,21,http://localhost:8002/restaurants/?q=ramen,4,0,1
1777162975222,3,GET /restaurants?q=ramen,200,OK,Restaurant Search Load Test 2-13,text,true,,587,137,1,23,http://localhost:8002/restaurants/?q=ramen,3,0,0
1777162975246,3,GET /restaurants?q=ramen,200,OK,Restaurant Search Load Test 2-14,text,true,,587,137,1,25,http://localhost:8002/restaurants/?q=ramen,3,0,0
1777162975267,4,GET /restaurants?q=ramen,200,OK,Restaurant Search Load Test 2-15,text,true,,587,137,1,26,http://localhost:8002/restaurants/?q=ramen,4,0,1
1777162975291,2,GET /restaurants?q=ramen,200,OK,Restaurant Search Load Test 2-16,text,true,,587,137,1,28,http://localhost:8002/restaurants/?q=ramen,2,0,1
1777162975317,4,GET /restaurants?q=ramen,200,OK,Restaurant Search Load Test 2-17,text,true,,587,137,1,30,http://localhost:8002/restaurants/?q=ramen,4,0,0
1777162974957,382,POST /auth/login,200,OK,Login Load Test 1-2,text,true,,316,249,15,30,http://localhost:8001/auth/login,382,0,12
1777162974972,369,Login for Token,200,OK,Review Submission Load Test 3-2,text,true,,316,249,15,30,http://localhost:8001/auth/login,369,0,1
1777162975341,3,POST /reviews/,201,Created,Review Submission Load Test 3-2,text,true,,380,440,15,31,http://localhost:8004/reviews/,3,0,0
1777162975342,4,GET /restaurants?q=ramen,200,OK,Restaurant Search Load Test 2-18,text,true,,587,137,1,30,http://localhost:8002/restaurants/?q=ramen,4,0,0
1777162975165,185,POST /auth/login,200,OK,Login Load Test 1-11,text,true,,316,250,15,30,http://localhost:8001/auth/login,185,0,1
1777162975371,4,GET /restaurants?q=ramen,200,OK,Restaurant Search Load Test 2-19,text,true,,587,137,1,32,http://localhost:8002/restaurants/?q=ramen,4,0,1
1777162975396,2,GET /restaurants?q=ramen,200,OK,Restaurant Search Load Test 2-20,text,true,,587,137,1,34,http://localhost:8002/restaurants/?q=ramen,2,0,0
1777162975416,2,GET /restaurants?q=ramen,200,OK,Restaurant Search Load Test 2-21,text,true,,587,137,1,35,http://localhost:8002/restaurants/?q=ramen,2,0,0
1777162975446,3,GET /restaurants?q=ramen,200,OK,Restaurant Search Load Test 2-22,text,true,,587,137,1,37,http://localhost:8002/restaurants/?q=ramen,3,0,0
1777162975466,3,GET /restaurants?q=ramen,200,OK,Restaurant Search Load Test 2-23,text,true,,587,137,1,39,http://localhost:8002/restaurants/?q=ramen,3,0,0
1777162975492,3,GET /restaurants?q=ramen,200,OK,Restaurant Search Load Test 2-24,text,true,,587,137,1,42,http://localhost:8002/restaurants/?q=ramen,3,0,0
1777162975521,4,GET /restaurants?q=ramen,200,OK,Restaurant Search Load Test 2-25,text,true,,587,137,1,44,http://localhost:8002/restaurants/?q=ramen,4,0,0
1777162975347,188,Login for Token,200,OK,Review Submission Load Test 3-17,text,true,,316,250,22,43,http://localhost:8001/auth/login,188,0,1
1777162975536,4,POST /reviews/,201,Created,Review Submission Load Test 3-17,text,true,,380,440,22,43,http://localhost:8004/reviews/,4,0,0
1777162975542,2,GET /restaurants?q=ramen,200,OK,Restaurant Search Load Test 2-26,text,true,,587,137,1,44,http://localhost:8002/restaurants/?q=ramen,2,0,0
1777162975571,3,GET /restaurants?q=ramen,200,OK,Restaurant Search Load Test 2-27,text,true,,587,137,1,47,http://localhost:8002/restaurants/?q=ramen,3,0,0
1777162975596,4,GET /restaurants?q=ramen,200,OK,Restaurant Search Load Test 2-28,text,true,,587,137,1,49,http://localhost:8002/restaurants/?q=ramen,4,0,1
1777162975621,3,GET /restaurants?q=ramen,200,OK,Restaurant Search Load Test 2-29,text,true,,587,137,1,51,http://localhost:8002/restaurants/?q=ramen,3,0,0
1777162975646,3,GET /restaurants?q=ramen,200,OK,Restaurant Search Load Test 2-30,text,true,,587,137,1,53,http://localhost:8002/restaurants/?q=ramen,3,0,0
1777162975671,4,GET /restaurants?q=ramen,200,OK,Restaurant Search Load Test 2-31,text,true,,587,137,1,55,http://localhost:8002/restaurants/?q=ramen,4,0,0
1777162975696,4,GET /restaurants?q=ramen,200,OK,Restaurant Search Load Test 2-32,text,true,,587,137,1,57,http://localhost:8002/restaurants/?q=ramen,4,0,0
1777162975721,4,GET /restaurants?q=ramen,200,OK,Restaurant Search Load Test 2-33,text,true,,587,137,1,59,http://localhost:8002/restaurants/?q=ramen,4,0,1
1777162975745,4,GET /restaurants?q=ramen,200,OK,Restaurant Search Load Test 2-34,text,true,,587,137,1,61,http://localhost:8002/restaurants/?q=ramen,4,0,1
1777162975770,4,GET /restaurants?q=ramen,200,OK,Restaurant Search Load Test 2-35,text,true,,587,137,1,62,http://localhost:8002/restaurants/?q=ramen,4,0,1
1777162975795,3,GET /restaurants?q=ramen,200,OK,Restaurant Search Load Test 2-36,text,true,,587,137,1,64,http://localhost:8002/restaurants/?q=ramen,3,0,1
1777162975820,4,GET /restaurants?q=ramen,200,OK,Restaurant Search Load Test 2-37,text,true,,587,137,1,67,http://localhost:8002/restaurants/?q=ramen,4,0,1
1777162975846,3,GET /restaurants?q=ramen,200,OK,Restaurant Search Load Test 2-38,text,true,,587,137,1,69,http://localhost:8002/restaurants/?q=ramen,3,0,0
1777162975867,3,GET /restaurants?q=ramen,200,OK,Restaurant Search Load Test 2-39,text,true,,587,137,1,70,http://localhost:8002/restaurants/?q=ramen,3,0,0
1777162975118,770,POST /auth/login,200,OK,Login Load Test 1-9,text,true,,316,250,35,70,http://localhost:8001/auth/login,770,0,0
1777162975049,839,Login for Token,200,OK,Review Submission Load Test 3-5,text,true,,316,250,35,69,http://localhost:8001/auth/login,839,0,1
1777162975074,814,Login for Token,200,OK,Review Submission Load Test 3-6,text,true,,316,250,35,69,http://localhost:8001/auth/login,814,0,1
1777162975140,750,POST /auth/login,200,OK,Login Load Test 1-10,text,true,,316,250,35,70,http://localhost:8001/auth/login,750,0,0
1777162975888,3,POST /reviews/,201,Created,Review Submission Load Test 3-6,text,true,,380,440,35,70,http://localhost:8004/reviews/,3,0,1
1777162975888,3,POST /reviews/,201,Created,Review Submission Load Test 3-5,text,true,,380,440,34,69,http://localhost:8004/reviews/,3,0,1
1777162975891,3,GET /restaurants?q=ramen,200,OK,Restaurant Search Load Test 2-40,text,true,,587,137,1,68,http://localhost:8002/restaurants/?q=ramen,3,0,0
1777162975918,5,GET /restaurants?q=ramen,200,OK,Restaurant Search Load Test 2-41,text,true,,587,137,1,71,http://localhost:8002/restaurants/?q=ramen,5,0,2
1777162975945,2,GET /restaurants?q=ramen,200,OK,Restaurant Search Load Test 2-42,text,true,,587,137,1,73,http://localhost:8002/restaurants/?q=ramen,2,0,0
1777162975969,3,GET /restaurants?q=ramen,200,OK,Restaurant Search Load Test 2-43,text,true,,587,137,1,75,http://localhost:8002/restaurants/?q=ramen,3,0,0
1777162975996,2,GET /restaurants?q=ramen,200,OK,Restaurant Search Load Test 2-44,text,true,,587,137,1,77,http://localhost:8002/restaurants/?q=ramen,2,0,0
1777162976017,4,GET /restaurants?q=ramen,200,OK,Restaurant Search Load Test 2-45,text,true,,587,137,1,78,http://localhost:8002/restaurants/?q=ramen,4,0,1
1777162976046,4,GET /restaurants?q=ramen,200,OK,Restaurant Search Load Test 2-46,text,true,,587,137,1,81,http://localhost:8002/restaurants/?q=ramen,4,0,0
1777162976070,3,GET /restaurants?q=ramen,200,OK,Restaurant Search Load Test 2-47,text,true,,587,137,1,82,http://localhost:8002/restaurants/?q=ramen,3,0,0
1777162976095,3,GET /restaurants?q=ramen,200,OK,Restaurant Search Load Test 2-48,text,true,,587,137,1,84,http://localhost:8002/restaurants/?q=ramen,3,0,0
1777162976120,3,GET /restaurants?q=ramen,200,OK,Restaurant Search Load Test 2-49,text,true,,587,137,1,86,http://localhost:8002/restaurants/?q=ramen,3,0,0
1777162976146,3,GET /restaurants?q=ramen,200,OK,Restaurant Search Load Test 2-50,text,true,,587,137,1,89,http://localhost:8002/restaurants/?q=ramen,3,0,0
1777162976171,4,GET /restaurants?q=ramen,200,OK,Restaurant Search Load Test 2-51,text,true,,587,137,1,90,http://localhost:8002/restaurants/?q=ramen,4,0,0
1777162976196,3,GET /restaurants?q=ramen,200,OK,Restaurant Search Load Test 2-52,text,true,,587,137,1,93,http://localhost:8002/restaurants/?q=ramen,3,0,0
1777162976220,3,GET /restaurants?q=ramen,200,OK,Restaurant Search Load Test 2-53,text,true,,587,137,1,95,http://localhost:8002/restaurants/?q=ramen,3,0,0
1777162976241,3,GET /restaurants?q=ramen,200,OK,Restaurant Search Load Test 2-54,text,true,,587,137,1,96,http://localhost:8002/restaurants/?q=ramen,3,0,0
1777162976267,4,GET /restaurants?q=ramen,200,OK,Restaurant Search Load Test 2-55,text,true,,587,137,1,99,http://localhost:8002/restaurants/?q=ramen,4,0,1
1777162976296,3,GET /restaurants?q=ramen,200,OK,Restaurant Search Load Test 2-56,text,true,,587,137,1,101,http://localhost:8002/restaurants/?q=ramen,3,0,0
1777162976321,4,GET /restaurants?q=ramen,200,OK,Restaurant Search Load Test 2-57,text,true,,587,137,1,103,http://localhost:8002/restaurants/?q=ramen,4,0,0
1777162976346,4,GET /restaurants?q=ramen,200,OK,Restaurant Search Load Test 2-58,text,true,,587,137,1,105,http://localhost:8002/restaurants/?q=ramen,4,0,0
1777162976369,3,GET /restaurants?q=ramen,200,OK,Restaurant Search Load Test 2-59,text,true,,587,137,1,106,http://localhost:8002/restaurants/?q=ramen,3,0,0
1777162976396,3,GET /restaurants?q=ramen,200,OK,Restaurant Search Load Test 2-60,text,true,,587,137,1,109,http://localhost:8002/restaurants/?q=ramen,3,0,0
1777162976417,3,GET /restaurants?q=ramen,200,OK,Restaurant Search Load Test 2-61,text,true,,587,137,1,110,http://localhost:8002/restaurants/?q=ramen,3,0,0
1777162976443,4,GET /restaurants?q=ramen,200,OK,Restaurant Search Load Test 2-62,text,true,,587,137,1,112,http://localhost:8002/restaurants/?q=ramen,4,0,0
1777162976467,3,GET /restaurants?q=ramen,200,OK,Restaurant Search Load Test 2-63,text,true,,587,137,1,114,http://localhost:8002/restaurants/?q=ramen,3,0,1
1777162976491,3,GET /restaurants?q=ramen,200,OK,Restaurant Search Load Test 2-64,text,true,,587,137,1,116,http://localhost:8002/restaurants/?q=ramen,3,0,0
1777162976520,3,GET /restaurants?q=ramen,200,OK,Restaurant Search Load Test 2-65,text,true,,587,137,1,118,http://localhost:8002/restaurants/?q=ramen,3,0,1
1777162976541,3,GET /restaurants?q=ramen,200,OK,Restaurant Search Load Test 2-66,text,true,,587,137,1,120,http://localhost:8002/restaurants/?q=ramen,3,0,0
1777162976571,4,GET /restaurants?q=ramen,200,OK,Restaurant Search Load Test 2-67,text,true,,587,137,1,123,http://localhost:8002/restaurants/?q=ramen,4,0,1
1777162976596,3,GET /restaurants?q=ramen,200,OK,Restaurant Search Load Test 2-68,text,true,,587,137,1,125,http://localhost:8002/restaurants/?q=ramen,3,0,1
1777162975146,1473,Login for Token,200,OK,Review Submission Load Test 3-9,text,true,,316,250,62,125,http://localhost:8001/auth/login,1473,0,0
1777162975021,1598,Login for Token,200,OK,Review Submission Load Test 3-4,text,true,,316,249,62,125,http://localhost:8001/auth/login,1598,0,0
1777162974999,1620,Login for Token,200,OK,Review Submission Load Test 3-3,text,true,,316,249,62,125,http://localhost:8001/auth/login,1620,0,1
1777162975096,1523,Login for Token,200,OK,Review Submission Load Test 3-7,text,true,,316,250,62,125,http://localhost:8001/auth/login,1523,0,1
1777162974997,1622,POST /auth/login,200,OK,Login Load Test 1-4,text,true,,316,249,63,125,http://localhost:8001/auth/login,1622,0,1
1777162975065,1554,POST /auth/login,200,OK,Login Load Test 1-7,text,true,,316,250,62,124,http://localhost:8001/auth/login,1554,0,1
1777162975018,1601,POST /auth/login,200,OK,Login Load Test 1-5,text,true,,316,249,62,124,http://localhost:8001/auth/login,1601,0,0
1777162975121,1500,Login for Token,200,OK,Review Submission Load Test 3-8,text,true,,316,250,62,123,http://localhost:8001/auth/login,1500,0,0
1777162976619,4,POST /reviews/,201,Created,Review Submission Load Test 3-7,text,true,,380,440,62,123,http://localhost:8004/reviews/,4,0,0
1777162976619,4,POST /reviews/,201,Created,Review Submission Load Test 3-3,text,true,,380,440,62,123,http://localhost:8004/reviews/,4,0,0
1777162976619,4,GET /restaurants?q=ramen,200,OK,Restaurant Search Load Test 2-69,text,true,,587,137,1,123,http://localhost:8002/restaurants/?q=ramen,4,0,1
1777162976619,4,POST /reviews/,201,Created,Review Submission Load Test 3-9,text,true,,380,440,62,123,http://localhost:8004/reviews/,4,0,0
1777162976619,5,POST /reviews/,201,Created,Review Submission Load Test 3-4,text,true,,380,440,59,119,http://localhost:8004/reviews/,5,0,1
1777162976621,3,POST /reviews/,201,Created,Review Submission Load Test 3-8,text,true,,380,440,59,119,http://localhost:8004/reviews/,3,0,0
1777162976646,2,GET /restaurants?q=ramen,200,OK,Restaurant Search Load Test 2-70,text,true,,587,137,1,121,http://localhost:8002/restaurants/?q=ramen,2,0,0
1777162976667,4,GET /restaurants?q=ramen,200,OK,Restaurant Search Load Test 2-71,text,true,,587,137,1,122,http://localhost:8002/restaurants/?q=ramen,4,0,1
1777162976694,3,GET /restaurants?q=ramen,200,OK,Restaurant Search Load Test 2-72,text,true,,587,137,1,124,http://localhost:8002/restaurants/?q=ramen,3,0,0
1777162976717,3,GET /restaurants?q=ramen,200,OK,Restaurant Search Load Test 2-73,text,true,,587,137,1,126,http://localhost:8002/restaurants/?q=ramen,3,0,0
1777162976746,3,GET /restaurants?q=ramen,200,OK,Restaurant Search Load Test 2-74,text,true,,587,137,1,129,http://localhost:8002/restaurants/?q=ramen,3,0,0
1777162976771,3,GET /restaurants?q=ramen,200,OK,Restaurant Search Load Test 2-75,text,true,,587,137,1,130,http://localhost:8002/restaurants/?q=ramen,3,0,0
1777162976791,2,GET /restaurants?q=ramen,200,OK,Restaurant Search Load Test 2-76,text,true,,587,137,1,132,http://localhost:8002/restaurants/?q=ramen,2,0,0
1777162976820,4,GET /restaurants?q=ramen,200,OK,Restaurant Search Load Test 2-77,text,true,,587,137,1,134,http://localhost:8002/restaurants/?q=ramen,4,0,1
1777162976846,3,GET /restaurants?q=ramen,200,OK,Restaurant Search Load Test 2-78,text,true,,587,137,1,136,http://localhost:8002/restaurants/?q=ramen,3,0,0
1777162976869,3,GET /restaurants?q=ramen,200,OK,Restaurant Search Load Test 2-79,text,true,,587,137,1,139,http://localhost:8002/restaurants/?q=ramen,3,0,1
1777162976896,3,GET /restaurants?q=ramen,200,OK,Restaurant Search Load Test 2-80,text,true,,587,137,1,141,http://localhost:8002/restaurants/?q=ramen,3,0,0
1777162976921,3,GET /restaurants?q=ramen,200,OK,Restaurant Search Load Test 2-81,text,true,,587,137,1,143,http://localhost:8002/restaurants/?q=ramen,3,0,1
1777162976941,2,GET /restaurants?q=ramen,200,OK,Restaurant Search Load Test 2-82,text,true,,587,137,1,144,http://localhost:8002/restaurants/?q=ramen,2,0,0
1777162976967,2,GET /restaurants?q=ramen,200,OK,Restaurant Search Load Test 2-83,text,true,,587,137,1,146,http://localhost:8002/restaurants/?q=ramen,2,0,0
1777162976996,2,GET /restaurants?q=ramen,200,OK,Restaurant Search Load Test 2-84,text,true,,587,137,1,149,http://localhost:8002/restaurants/?q=ramen,2,0,0
1777162977020,2,GET /restaurants?q=ramen,200,OK,Restaurant Search Load Test 2-85,text,true,,587,137,1,150,http://localhost:8002/restaurants/?q=ramen,2,0,0
1777162977046,3,GET /restaurants?q=ramen,200,OK,Restaurant Search Load Test 2-86,text,true,,587,137,1,153,http://localhost:8002/restaurants/?q=ramen,3,0,0
1777162977070,2,GET /restaurants?q=ramen,200,OK,Restaurant Search Load Test 2-87,text,true,,587,137,1,154,http://localhost:8002/restaurants/?q=ramen,2,0,1
1777162977093,2,GET /restaurants?q=ramen,200,OK,Restaurant Search Load Test 2-88,text,true,,587,137,1,156,http://localhost:8002/restaurants/?q=ramen,2,0,0
1777162977120,1,GET /restaurants?q=ramen,200,OK,Restaurant Search Load Test 2-89,text,true,,587,137,1,159,http://localhost:8002/restaurants/?q=ramen,1,0,0
1777162977144,2,GET /restaurants?q=ramen,200,OK,Restaurant Search Load Test 2-90,text,true,,587,137,1,161,http://localhost:8002/restaurants/?q=ramen,2,0,0
1777162977169,2,GET /restaurants?q=ramen,200,OK,Restaurant Search Load Test 2-91,text,true,,587,137,1,162,http://localhost:8002/restaurants/?q=ramen,2,0,1
1777162977195,2,GET /restaurants?q=ramen,200,OK,Restaurant Search Load Test 2-92,text,true,,587,137,1,165,http://localhost:8002/restaurants/?q=ramen,2,0,0
1777162977218,2,GET /restaurants?q=ramen,200,OK,Restaurant Search Load Test 2-93,text,true,,587,137,1,167,http://localhost:8002/restaurants/?q=ramen,2,0,0
1777162977246,2,GET /restaurants?q=ramen,200,OK,Restaurant Search Load Test 2-94,text,true,,587,137,1,168,http://localhost:8002/restaurants/?q=ramen,2,0,0
1777162977271,2,GET /restaurants?q=ramen,200,OK,Restaurant Search Load Test 2-95,text,true,,587,137,1,171,http://localhost:8002/restaurants/?q=ramen,2,0,0
1777162977291,2,GET /restaurants?q=ramen,200,OK,Restaurant Search Load Test 2-96,text,true,,587,137,1,172,http://localhost:8002/restaurants/?q=ramen,2,0,0
1777162977318,2,GET /restaurants?q=ramen,200,OK,Restaurant Search Load Test 2-97,text,true,,587,137,1,174,http://localhost:8002/restaurants/?q=ramen,2,0,0
1777162977346,2,GET /restaurants?q=ramen,200,OK,Restaurant Search Load Test 2-98,text,true,,587,137,1,177,http://localhost:8002/restaurants/?q=ramen,2,0,1
1777162977367,1,GET /restaurants?q=ramen,200,OK,Restaurant Search Load Test 2-99,text,true,,587,137,1,178,http://localhost:8002/restaurants/?q=ramen,1,0,0
1777162977391,1,GET /restaurants?q=ramen,200,OK,Restaurant Search Load Test 2-100,text,true,,587,137,1,180,http://localhost:8002/restaurants/?q=ramen,1,0,0
1777162977416,1,GET /restaurants?q=ramen,200,OK,Restaurant Search Load Test 2-101,text,true,,587,137,1,182,http://localhost:8002/restaurants/?q=ramen,1,0,0
1777162977442,1,GET /restaurants?q=ramen,200,OK,Restaurant Search Load Test 2-102,text,true,,587,137,1,184,http://localhost:8002/restaurants/?q=ramen,1,0,0
1777162977470,2,GET /restaurants?q=ramen,200,OK,Restaurant Search Load Test 2-103,text,true,,587,137,1,186,http://localhost:8002/restaurants/?q=ramen,2,0,1
1777162977492,3,GET /restaurants?q=ramen,200,OK,Restaurant Search Load Test 2-104,text,true,,587,137,1,188,http://localhost:8002/restaurants/?q=ramen,3,0,1
1777162977520,4,GET /restaurants?q=ramen,200,OK,Restaurant Search Load Test 2-105,text,true,,587,137,1,191,http://localhost:8002/restaurants/?q=ramen,4,0,1
1777162977546,3,GET /restaurants?q=ramen,200,OK,Restaurant Search Load Test 2-106,text,true,,587,137,1,194,http://localhost:8002/restaurants/?q=ramen,3,0,0
1777162977570,3,GET /restaurants?q=ramen,200,OK,Restaurant Search Load Test 2-107,text,true,,587,137,1,195,http://localhost:8002/restaurants/?q=ramen,3,0,1
1777162977596,3,GET /restaurants?q=ramen,200,OK,Restaurant Search Load Test 2-108,text,true,,587,137,1,197,http://localhost:8002/restaurants/?q=ramen,3,0,0
1777162977621,3,GET /restaurants?q=ramen,200,OK,Restaurant Search Load Test 2-109,text,true,,587,137,1,199,http://localhost:8002/restaurants/?q=ramen,3,0,0
1777162977644,3,GET /restaurants?q=ramen,200,OK,Restaurant Search Load Test 2-110,text,true,,587,137,1,200,http://localhost:8002/restaurants/?q=ramen,3,0,0
1777162977670,3,GET /restaurants?q=ramen,200,OK,Restaurant Search Load Test 2-111,text,true,,587,137,1,202,http://localhost:8002/restaurants/?q=ramen,3,0,1
1777162977697,2,GET /restaurants?q=ramen,200,OK,Restaurant Search Load Test 2-112,text,true,,587,137,1,205,http://localhost:8002/restaurants/?q=ramen,2,0,0
1777162977720,4,GET /restaurants?q=ramen,200,OK,Restaurant Search Load Test 2-113,text,true,,587,137,1,206,http://localhost:8002/restaurants/?q=ramen,4,0,1
1777162975043,2681,POST /auth/login,200,OK,Login Load Test 1-6,text,true,,316,250,104,205,http://localhost:8001/auth/login,2681,0,0
1777162975172,2552,Login for Token,200,OK,Review Submission Load Test 3-10,text,true,,316,250,102,206,http://localhost:8001/auth/login,2552,0,0
1777162977724,2,POST /reviews/,201,Created,Review Submission Load Test 3-10,text,true,,380,440,102,205,http://localhost:8004/reviews/,2,0,0
1777162975389,2344,POST /auth/login,200,OK,Login Load Test 1-20,text,true,,316,250,104,205,http://localhost:8001/auth/login,2344,0,0
1777162975416,2318,POST /auth/login,200,OK,Login Load Test 1-21,text,true,,316,250,103,204,http://localhost:8001/auth/login,2318,0,0
1777162975441,2293,POST /auth/login,200,OK,Login Load Test 1-22,text,true,,316,250,103,204,http://localhost:8001/auth/login,2293,0,0
1777162975466,2268,POST /auth/login,200,OK,Login Load Test 1-23,text,true,,316,250,103,204,http://localhost:8001/auth/login,2268,0,0
1777162975513,2221,POST /auth/login,200,OK,Login Load Test 1-25,text,true,,316,250,103,204,http://localhost:8001/auth/login,2221,0,0
1777162975475,2259,Login for Token,200,OK,Review Submission Load Test 3-22,text,true,,316,250,101,204,http://localhost:8001/auth/login,2259,0,0
1777162975421,2313,Login for Token,200,OK,Review Submission Load Test 3-20,text,true,,316,250,101,204,http://localhost:8001/auth/login,2313,0,0
1777162975496,2238,Login for Token,200,OK,Review Submission Load Test 3-23,text,true,,316,250,101,201,http://localhost:8001/auth/login,2238,0,0
1777162975522,2212,Login for Token,200,OK,Review Submission Load Test 3-24,text,true,,316,250,101,200,http://localhost:8001/auth/login,2212,0,0
1777162975449,2285,Login for Token,200,OK,Review Submission Load Test 3-21,text,true,,316,250,101,200,http://localhost:8001/auth/login,2285,0,1
1777162975396,2338,Login for Token,200,OK,Review Submission Load Test 3-19,text,true,,316,250,101,200,http://localhost:8001/auth/login,2338,0,0
1777162975492,2244,POST /auth/login,200,OK,Login Load Test 1-24,text,true,,316,250,99,200,http://localhost:8001/auth/login,2244,0,0
1777162977734,5,POST /reviews/,201,Created,Review Submission Load Test 3-23,text,true,,380,440,101,199,http://localhost:8004/reviews/,5,0,1
1777162977735,4,POST /reviews/,201,Created,Review Submission Load Test 3-19,text,true,,380,440,101,199,http://localhost:8004/reviews/,4,0,0
1777162977734,6,POST /reviews/,201,Created,Review Submission Load Test 3-22,text,true,,380,440,101,199,http://localhost:8004/reviews/,6,0,1
1777162977735,5,POST /reviews/,201,Created,Review Submission Load Test 3-24,text,true,,380,440,101,199,http://localhost:8004/reviews/,5,0,0
1777162977735,5,POST /reviews/,201,Created,Review Submission Load Test 3-21,text,true,,380,440,101,199,http://localhost:8004/reviews/,5,0,0
1777162977734,6,POST /reviews/,201,Created,Review Submission Load Test 3-20,text,true,,380,440,98,196,http://localhost:8004/reviews/,6,0,1
1777162977741,3,GET /restaurants?q=ramen,200,OK,Restaurant Search Load Test 2-114,text,true,,587,137,1,194,http://localhost:8002/restaurants/?q=ramen,3,0,1
1777162977771,3,GET /restaurants?q=ramen,200,OK,Restaurant Search Load Test 2-115,text,true,,587,137,1,198,http://localhost:8002/restaurants/?q=ramen,3,0,0
1777162977796,3,GET /restaurants?q=ramen,200,OK,Restaurant Search Load Test 2-116,text,true,,587,137,1,199,http://localhost:8002/restaurants/?q=ramen,3,0,0
1777162977821,3,GET /restaurants?q=ramen,200,OK,Restaurant Search Load Test 2-117,text,true,,587,137,1,201,http://localhost:8002/restaurants/?q=ramen,3,0,0
1777162977844,3,GET /restaurants?q=ramen,200,OK,Restaurant Search Load Test 2-118,text,true,,587,137,1,202,http://localhost:8002/restaurants/?q=ramen,3,0,0
1777162977866,3,GET /restaurants?q=ramen,200,OK,Restaurant Search Load Test 2-119,text,true,,587,137,1,204,http://localhost:8002/restaurants/?q=ramen,3,0,0
1777162977896,3,GET /restaurants?q=ramen,200,OK,Restaurant Search Load Test 2-120,text,true,,587,137,1,207,http://localhost:8002/restaurants/?q=ramen,3,0,0
1777162975195,2713,POST /auth/login,200,OK,Login Load Test 1-12,text,true,,316,250,105,207,http://localhost:8001/auth/login,2713,0,1
1777162975093,2815,POST /auth/login,200,OK,Login Load Test 1-8,text,true,,316,250,105,207,http://localhost:8001/auth/login,2815,0,0
1777162975214,2694,POST /auth/login,200,OK,Login Load Test 1-13,text,true,,316,250,105,207,http://localhost:8001/auth/login,2694,0,0
1777162975270,2638,POST /auth/login,200,OK,Login Load Test 1-15,text,true,,316,250,105,207,http://localhost:8001/auth/login,2638,0,0
1777162975199,2709,Login for Token,200,OK,Review Submission Load Test 3-11,text,true,,316,250,102,207,http://localhost:8001/auth/login,2709,0,0
1777162975317,2591,POST /auth/login,200,OK,Login Load Test 1-17,text,true,,316,250,103,205,http://localhost:8001/auth/login,2591,0,0
1777162975241,2667,POST /auth/login,200,OK,Login Load Test 1-14,text,true,,316,250,105,207,http://localhost:8001/auth/login,2667,0,0
1777162975249,2659,Login for Token,200,OK,Review Submission Load Test 3-13,text,true,,316,250,102,205,http://localhost:8001/auth/login,2659,0,0
1777162975274,2634,Login for Token,200,OK,Review Submission Load Test 3-14,text,true,,316,250,102,205,http://localhost:8001/auth/login,2634,0,0
1777162975224,2684,Login for Token,200,OK,Review Submission Load Test 3-12,text,true,,316,250,102,205,http://localhost:8001/auth/login,2684,0,0
1777162975324,2585,Login for Token,200,OK,Review Submission Load Test 3-16,text,true,,316,250,102,204,http://localhost:8001/auth/login,2585,0,0
1777162977908,4,POST /reviews/,201,Created,Review Submission Load Test 3-11,text,true,,380,440,102,201,http://localhost:8004/reviews/,4,0,1
1777162977909,3,POST /reviews/,201,Created,Review Submission Load Test 3-13,text,true,,380,440,102,201,http://localhost:8004/reviews/,3,0,0
1777162977909,3,POST /reviews/,201,Created,Review Submission Load Test 3-12,text,true,,380,440,102,201,http://localhost:8004/reviews/,3,0,0
1777162977909,3,POST /reviews/,201,Created,Review Submission Load Test 3-14,text,true,,380,440,102,201,http://localhost:8004/reviews/,3,0,0
1777162977909,3,POST /reviews/,201,Created,Review Submission Load Test 3-16,text,true,,380,440,102,201,http://localhost:8004/reviews/,3,0,0
1777162975340,2573,POST /auth/login,200,OK,Login Load Test 1-18,text,true,,316,250,99,196,http://localhost:8001/auth/login,2573,0,1
1777162977920,3,GET /restaurants?q=ramen,200,OK,Restaurant Search Load Test 2-121,text,true,,587,137,1,198,http://localhost:8002/restaurants/?q=ramen,3,0,0
1777162977942,3,GET /restaurants?q=ramen,200,OK,Restaurant Search Load Test 2-122,text,true,,587,137,1,198,http://localhost:8002/restaurants/?q=ramen,3,0,1
1777162977969,3,GET /restaurants?q=ramen,200,OK,Restaurant Search Load Test 2-123,text,true,,587,137,1,201,http://localhost:8002/restaurants/?q=ramen,3,0,0
1777162977996,3,GET /restaurants?q=ramen,200,OK,Restaurant Search Load Test 2-124,text,true,,587,137,1,204,http://localhost:8002/restaurants/?q=ramen,3,0,0
1777162978020,4,GET /restaurants?q=ramen,200,OK,Restaurant Search Load Test 2-125,text,true,,587,137,1,206,http://localhost:8002/restaurants/?q=ramen,4,0,0
1777162978046,3,GET /restaurants?q=ramen,200,OK,Restaurant Search Load Test 2-126,text,true,,587,137,1,207,http://localhost:8002/restaurants/?q=ramen,3,0,0
1777162978072,3,GET /restaurants?q=ramen,200,OK,Restaurant Search Load Test 2-127,text,true,,587,137,1,210,http://localhost:8002/restaurants/?q=ramen,3,0,0
1777162978091,2,GET /restaurants?q=ramen,200,OK,Restaurant Search Load Test 2-128,text,true,,587,137,1,210,http://localhost:8002/restaurants/?q=ramen,2,0,1
1777162975543,2554,POST /auth/login,200,OK,Login Load Test 1-26,text,true,,316,250,105,210,http://localhost:8001/auth/login,2554,0,0
1777162975364,2733,POST /auth/login,200,OK,Login Load Test 1-19,text,true,,316,250,105,210,http://localhost:8001/auth/login,2733,0,1
1777162975374,2723,Login for Token,200,OK,Review Submission Load Test 3-18,text,true,,316,250,105,210,http://localhost:8001/auth/login,2723,0,0
1777162978097,2,POST /reviews/,201,Created,Review Submission Load Test 3-18,text,true,,380,440,105,209,http://localhost:8004/reviews/,2,0,0
1777162978121,2,GET /restaurants?q=ramen,200,OK,Restaurant Search Load Test 2-129,text,true,,587,137,1,209,http://localhost:8002/restaurants/?q=ramen,2,0,0
1777162978146,3,GET /restaurants?q=ramen,200,OK,Restaurant Search Load Test 2-130,text,true,,587,137,1,213,http://localhost:8002/restaurants/?q=ramen,3,0,0
1777162978171,2,GET /restaurants?q=ramen,200,OK,Restaurant Search Load Test 2-131,text,true,,587,137,1,213,http://localhost:8002/restaurants/?q=ramen,2,0,0
1777162978196,3,GET /restaurants?q=ramen,200,OK,Restaurant Search Load Test 2-132,text,true,,587,137,1,217,http://localhost:8002/restaurants/?q=ramen,3,0,0
1777162978220,3,GET /restaurants?q=ramen,200,OK,Restaurant Search Load Test 2-133,text,true,,587,137,1,217,http://localhost:8002/restaurants/?q=ramen,3,0,0
1777162978246,4,GET /restaurants?q=ramen,200,OK,Restaurant Search Load Test 2-134,text,true,,587,137,1,220,http://localhost:8002/restaurants/?q=ramen,4,0,0
1777162978270,4,GET /restaurants?q=ramen,200,OK,Restaurant Search Load Test 2-135,text,true,,587,137,1,223,http://localhost:8002/restaurants/?q=ramen,4,0,1
1777162978295,3,GET /restaurants?q=ramen,200,OK,Restaurant Search Load Test 2-136,text,true,,587,137,1,223,http://localhost:8002/restaurants/?q=ramen,3,0,0
1777162978321,3,GET /restaurants?q=ramen,200,OK,Restaurant Search Load Test 2-137,text,true,,587,137,1,226,http://localhost:8002/restaurants/?q=ramen,3,0,0
1777162978345,4,GET /restaurants?q=ramen,200,OK,Restaurant Search Load Test 2-138,text,true,,587,137,1,228,http://localhost:8002/restaurants/?q=ramen,4,0,1
1777162978370,3,GET /restaurants?q=ramen,200,OK,Restaurant Search Load Test 2-139,text,true,,587,137,1,230,http://localhost:8002/restaurants/?q=ramen,3,0,1
1777162978396,3,GET /restaurants?q=ramen,200,OK,Restaurant Search Load Test 2-140,text,true,,587,137,1,232,http://localhost:8002/restaurants/?q=ramen,3,0,0
1777162978418,3,GET /restaurants?q=ramen,200,OK,Restaurant Search Load Test 2-141,text,true,,587,137,1,233,http://localhost:8002/restaurants/?q=ramen,3,0,0
1777162978446,3,GET /restaurants?q=ramen,200,OK,Restaurant Search Load Test 2-142,text,true,,587,137,1,236,http://localhost:8002/restaurants/?q=ramen,3,0,0
1777162975639,2830,POST /auth/login,200,OK,Login Load Test 1-30,text,true,,316,250,118,236,http://localhost:8001/auth/login,2830,0,0
1777162975545,2924,Login for Token,200,OK,Review Submission Load Test 3-25,text,true,,316,250,118,236,http://localhost:8001/auth/login,2924,0,0
1777162975614,2855,POST /auth/login,200,OK,Login Load Test 1-29,text,true,,316,250,118,236,http://localhost:8001/auth/login,2855,0,0
1777162975567,2902,POST /auth/login,200,OK,Login Load Test 1-27,text,true,,316,250,118,236,http://localhost:8001/auth/login,2902,0,1
1777162975597,2872,Login for Token,200,OK,Review Submission Load Test 3-27,text,true,,316,250,118,236,http://localhost:8001/auth/login,2872,0,1
1777162975574,2895,Login for Token,200,OK,Review Submission Load Test 3-26,text,true,,316,250,118,236,http://localhost:8001/auth/login,2895,0,0
1777162975649,2820,Login for Token,200,OK,Review Submission Load Test 3-29,text,true,,316,250,118,236,http://localhost:8001/auth/login,2820,0,0
1777162975624,2845,Login for Token,200,OK,Review Submission Load Test 3-28,text,true,,316,250,118,235,http://localhost:8001/auth/login,2845,0,0
1777162978469,3,POST /reviews/,201,Created,Review Submission Load Test 3-25,text,true,,380,440,119,235,http://localhost:8004/reviews/,3,0,0
1777162978469,4,POST /reviews/,201,Created,Review Submission Load Test 3-29,text,true,,380,440,118,234,http://localhost:8004/reviews/,4,0,0
1777162978469,4,POST /reviews/,201,Created,Review Submission Load Test 3-27,text,true,,380,440,117,234,http://localhost:8004/reviews/,4,0,0
1777162978470,4,GET /restaurants?q=ramen,200,OK,Restaurant Search Load Test 2-143,text,true,,587,137,1,233,http://localhost:8002/restaurants/?q=ramen,4,0,0
1777162978469,5,POST /reviews/,201,Created,Review Submission Load Test 3-26,text,true,,380,440,116,232,http://localhost:8004/reviews/,5,0,0
1777162978469,6,POST /reviews/,201,Created,Review Submission Load Test 3-28,text,true,,380,440,115,231,http://localhost:8004/reviews/,6,0,0
1777162978497,3,GET /restaurants?q=ramen,200,OK,Restaurant Search Load Test 2-144,text,true,,587,137,1,232,http://localhost:8002/restaurants/?q=ramen,3,0,0
1777162978519,3,GET /restaurants?q=ramen,200,OK,Restaurant Search Load Test 2-145,text,true,,587,137,1,234,http://localhost:8002/restaurants/?q=ramen,3,0,0
1777162978546,3,GET /restaurants?q=ramen,200,OK,Restaurant Search Load Test 2-146,text,true,,587,137,1,236,http://localhost:8002/restaurants/?q=ramen,3,0,0
1777162978567,4,GET /restaurants?q=ramen,200,OK,Restaurant Search Load Test 2-147,text,true,,587,137,1,238,http://localhost:8002/restaurants/?q=ramen,4,0,1
1777162978593,3,GET /restaurants?q=ramen,200,OK,Restaurant Search Load Test 2-148,text,true,,587,137,1,239,http://localhost:8002/restaurants/?q=ramen,3,0,0
1777162978621,4,GET /restaurants?q=ramen,200,OK,Restaurant Search Load Test 2-149,text,true,,587,137,1,243,http://localhost:8002/restaurants/?q=ramen,4,0,0
1777162978646,3,GET /restaurants?q=ramen,200,OK,Restaurant Search Load Test 2-150,text,true,,587,137,1,245,http://localhost:8002/restaurants/?q=ramen,3,0,0
1777162975664,2993,POST /auth/login,200,OK,Login Load Test 1-31,text,true,,316,250,123,244,http://localhost:8001/auth/login,2993,0,0
1777162975587,3070,POST /auth/login,200,OK,Login Load Test 1-28,text,true,,316,250,123,244,http://localhost:8001/auth/login,3070,0,0
1777162978671,3,GET /restaurants?q=ramen,200,OK,Restaurant Search Load Test 2-151,text,true,,587,137,1,244,http://localhost:8002/restaurants/?q=ramen,3,0,0
1777162978693,3,GET /restaurants?q=ramen,200,OK,Restaurant Search Load Test 2-152,text,true,,587,137,1,245,http://localhost:8002/restaurants/?q=ramen,3,0,0
1777162978720,2,GET /restaurants?q=ramen,200,OK,Restaurant Search Load Test 2-153,text,true,,587,137,1,247,http://localhost:8002/restaurants/?q=ramen,2,0,1
1777162978745,4,GET /restaurants?q=ramen,200,OK,Restaurant Search Load Test 2-154,text,true,,587,137,1,251,http://localhost:8002/restaurants/?q=ramen,4,0,0
1777162978771,3,GET /restaurants?q=ramen,200,OK,Restaurant Search Load Test 2-155,text,true,,587,137,1,253,http://localhost:8002/restaurants/?q=ramen,3,0,0
1777162978791,3,GET /restaurants?q=ramen,200,OK,Restaurant Search Load Test 2-156,text,true,,587,137,1,253,http://localhost:8002/restaurants/?q=ramen,3,0,0
1777162978819,3,GET /restaurants?q=ramen,200,OK,Restaurant Search Load Test 2-157,text,true,,587,137,1,257,http://localhost:8002/restaurants/?q=ramen,3,0,0
1777162978847,4,GET /restaurants?q=ramen,200,OK,Restaurant Search Load Test 2-158,text,true,,587,137,1,259,http://localhost:8002/restaurants/?q=ramen,4,0,1
1777162978871,3,GET /restaurants?q=ramen,200,OK,Restaurant Search Load Test 2-159,text,true,,587,137,1,261,http://localhost:8002/restaurants/?q=ramen,3,0,0
1777162978896,3,GET /restaurants?q=ramen,200,OK,Restaurant Search Load Test 2-160,text,true,,587,137,1,263,http://localhost:8002/restaurants/?q=ramen,3,0,0
1777162978922,2,GET /restaurants?q=ramen,200,OK,Restaurant Search Load Test 2-161,text,true,,587,137,1,265,http://localhost:8002/restaurants/?q=ramen,2,0,0
1777162978941,2,GET /restaurants?q=ramen,200,OK,Restaurant Search Load Test 2-162,text,true,,587,137,1,265,http://localhost:8002/restaurants/?q=ramen,2,0,0
1777162978968,2,GET /restaurants?q=ramen,200,OK,Restaurant Search Load Test 2-163,text,true,,587,137,1,269,http://localhost:8002/restaurants/?q=ramen,2,0,0
1777162978996,3,GET /restaurants?q=ramen,200,OK,Restaurant Search Load Test 2-164,text,true,,587,137,1,270,http://localhost:8002/restaurants/?q=ramen,3,0,0
1777162979019,2,GET /restaurants?q=ramen,200,OK,Restaurant Search Load Test 2-165,text,true,,587,137,1,272,http://localhost:8002/restaurants/?q=ramen,2,0,0
1777162975674,3349,Login for Token,200,OK,Review Submission Load Test 3-30,text,true,,316,250,136,272,http://localhost:8001/auth/login,3349,0,0
1777162979023,2,POST /reviews/,201,Created,Review Submission Load Test 3-30,text,true,,380,440,136,272,http://localhost:8004/reviews/,2,0,0
1777162979046,2,GET /restaurants?q=ramen,200,OK,Restaurant Search Load Test 2-166,text,true,,587,137,1,274,http://localhost:8002/restaurants/?q=ramen,2,0,0
1777162979066,3,GET /restaurants?q=ramen,200,OK,Restaurant Search Load Test 2-167,text,true,,587,137,1,274,http://localhost:8002/restaurants/?q=ramen,3,0,1
1777162979095,2,GET /restaurants?q=ramen,200,OK,Restaurant Search Load Test 2-168,text,true,,587,137,1,277,http://localhost:8002/restaurants/?q=ramen,2,0,0
1777162979119,2,GET /restaurants?q=ramen,200,OK,Restaurant Search Load Test 2-169,text,true,,587,137,1,280,http://localhost:8002/restaurants/?q=ramen,2,0,0
1777162979146,7,GET /restaurants?q=ramen,200,OK,Restaurant Search Load Test 2-170,text,true,,587,137,1,282,http://localhost:8002/restaurants/?q=ramen,7,0,0
1777162979171,3,GET /restaurants?q=ramen,200,OK,Restaurant Search Load Test 2-171,text,true,,587,137,1,284,http://localhost:8002/restaurants/?q=ramen,3,0,0
1777162975299,3888,Login for Token,200,OK,Review Submission Load Test 3-15,text,true,,316,250,141,283,http://localhost:8001/auth/login,3888,0,0
1777162979187,3,POST /reviews/,201,Created,Review Submission Load Test 3-15,text,true,,380,440,141,283,http://localhost:8004/reviews/,3,0,1
1777162979196,3,GET /restaurants?q=ramen,200,OK,Restaurant Search Load Test 2-172,text,true,,587,137,1,285,http://localhost:8002/restaurants/?q=ramen,3,0,0
1777162979221,3,GET /restaurants?q=ramen,200,OK,Restaurant Search Load Test 2-173,text,true,,587,137,1,286,http://localhost:8002/restaurants/?q=ramen,3,0,0
1777162979246,2,GET /restaurants?q=ramen,200,OK,Restaurant Search Load Test 2-174,text,true,,587,137,1,288,http://localhost:8002/restaurants/?q=ramen,2,0,0
1777162979271,3,GET /restaurants?q=ramen,200,OK,Restaurant Search Load Test 2-175,text,true,,587,137,1,289,http://localhost:8002/restaurants/?q=ramen,3,0,0
1777162979293,3,GET /restaurants?q=ramen,200,OK,Restaurant Search Load Test 2-176,text,true,,587,137,1,292,http://localhost:8002/restaurants/?q=ramen,3,0,0
1777162979321,3,GET /restaurants?q=ramen,200,OK,Restaurant Search Load Test 2-177,text,true,,587,137,1,295,http://localhost:8002/restaurants/?q=ramen,3,0,0
1777162979347,3,GET /restaurants?q=ramen,200,OK,Restaurant Search Load Test 2-178,text,true,,587,137,1,297,http://localhost:8002/restaurants/?q=ramen,3,0,0
1777162979368,3,GET /restaurants?q=ramen,200,OK,Restaurant Search Load Test 2-179,text,true,,587,137,1,297,http://localhost:8002/restaurants/?q=ramen,3,0,0
1777162975713,3680,POST /auth/login,200,OK,Login Load Test 1-33,text,true,,316,250,150,298,http://localhost:8001/auth/login,3680,0,0
1777162975723,3670,Login for Token,200,OK,Review Submission Load Test 3-32,text,true,,316,250,148,298,http://localhost:8001/auth/login,3670,0,0
1777162979394,3,POST /reviews/,201,Created,Review Submission Load Test 3-32,text,true,,380,440,148,299,http://localhost:8004/reviews/,3,0,0
1777162979395,3,GET /restaurants?q=ramen,200,OK,Restaurant Search Load Test 2-180,text,true,,587,137,1,298,http://localhost:8002/restaurants/?q=ramen,3,0,0
1777162979421,2,GET /restaurants?q=ramen,200,OK,Restaurant Search Load Test 2-181,text,true,,587,137,1,301,http://localhost:8002/restaurants/?q=ramen,2,0,0
1777162979446,3,GET /restaurants?q=ramen,200,OK,Restaurant Search Load Test 2-182,text,true,,587,137,1,303,http://localhost:8002/restaurants/?q=ramen,3,0,0
1777162979471,3,GET /restaurants?q=ramen,200,OK,Restaurant Search Load Test 2-183,text,true,,587,137,1,305,http://localhost:8002/restaurants/?q=ramen,3,0,0
1777162979496,3,GET /restaurants?q=ramen,200,OK,Restaurant Search Load Test 2-184,text,true,,587,137,1,307,http://localhost:8002/restaurants/?q=ramen,3,0,0
1777162979519,3,GET /restaurants?q=ramen,200,OK,Restaurant Search Load Test 2-185,text,true,,587,137,1,308,http://localhost:8002/restaurants/?q=ramen,3,0,0
1777162979546,5,GET /restaurants?q=ramen,200,OK,Restaurant Search Load Test 2-186,text,true,,587,137,1,311,http://localhost:8002/restaurants/?q=ramen,5,0,0
1777162975838,3720,POST /auth/login,200,OK,Login Load Test 1-38,text,true,,316,250,156,310,http://localhost:8001/auth/login,3720,0,1
1777162975784,3774,POST /auth/login,200,OK,Login Load Test 1-36,text,true,,316,250,156,310,http://localhost:8001/auth/login,3774,0,0
1777162975814,3744,POST /auth/login,200,OK,Login Load Test 1-37,text,true,,316,250,156,310,http://localhost:8001/auth/login,3744,0,1
1777162975774,3784,Login for Token,200,OK,Review Submission Load Test 3-34,text,true,,316,250,154,310,http://localhost:8001/auth/login,3784,0,0
1777162975897,3661,Login for Token,200,OK,Review Submission Load Test 3-39,text,true,,316,250,154,310,http://localhost:8001/auth/login,3661,0,0
1777162975798,3760,Login for Token,200,OK,Review Submission Load Test 3-35,text,true,,316,250,154,309,http://localhost:8001/auth/login,3760,0,1
1777162975889,3669,POST /auth/login,200,OK,Login Load Test 1-40,text,true,,316,250,155,309,http://localhost:8001/auth/login,3669,0,0
1777162975845,3713,Login for Token,200,OK,Review Submission Load Test 3-37,text,true,,316,250,154,309,http://localhost:8001/auth/login,3713,0,0
1777162975291,4267,POST /auth/login,200,OK,Login Load Test 1-16,text,true,,316,250,154,308,http://localhost:8001/auth/login,4267,0,1
1777162975873,3685,Login for Token,200,OK,Review Submission Load Test 3-38,text,true,,316,250,154,309,http://localhost:8001/auth/login,3685,0,1
1777162975862,3696,POST /auth/login,200,OK,Login Load Test 1-39,text,true,,316,250,154,308,http://localhost:8001/auth/login,3696,0,0
1777162975820,3738,Login for Token,200,OK,Review Submission Load Test 3-36,text,true,,316,250,154,308,http://localhost:8001/auth/login,3738,0,0
1777162979558,3,POST /reviews/,201,Created,Review Submission Load Test 3-35,text,true,,380,440,154,304,http://localhost:8004/reviews/,3,0,0
1777162979558,3,POST /reviews/,201,Created,Review Submission Load Test 3-36,text,true,,380,440,154,304,http://localhost:8004/reviews/,3,0,0
1777162979558,3,POST /reviews/,201,Created,Review Submission Load Test 3-38,text,true,,380,440,154,304,http://localhost:8004/reviews/,3,0,0
1777162979558,3,POST /reviews/,201,Created,Review Submission Load Test 3-34,text,true,,380,440,154,304,http://localhost:8004/reviews/,3,0,0
1777162979558,3,POST /reviews/,201,Created,Review Submission Load Test 3-39,text,true,,380,440,150,300,http://localhost:8004/reviews/,3,0,0
1777162979558,3,POST /reviews/,201,Created,Review Submission Load Test 3-37,text,true,,380,440,149,299,http://localhost:8004/reviews/,3,0,0
1777162979571,3,GET /restaurants?q=ramen,200,OK,Restaurant Search Load Test 2-187,text,true,,587,137,1,299,http://localhost:8002/restaurants/?q=ramen,3,0,0
1777162979593,2,GET /restaurants?q=ramen,200,OK,Restaurant Search Load Test 2-188,text,true,,587,137,1,302,http://localhost:8002/restaurants/?q=ramen,2,0,0
1777162979621,3,GET /restaurants?q=ramen,200,OK,Restaurant Search Load Test 2-189,text,true,,587,137,1,305,http://localhost:8002/restaurants/?q=ramen,2,0,0
1777162979646,3,GET /restaurants?q=ramen,200,OK,Restaurant Search Load Test 2-190,text,true,,587,137,1,307,http://localhost:8002/restaurants/?q=ramen,3,0,0
1777162979671,4,GET /restaurants?q=ramen,200,OK,Restaurant Search Load Test 2-191,text,true,,587,137,1,309,http://localhost:8002/restaurants/?q=ramen,4,0,0
1777162979691,4,GET /restaurants?q=ramen,200,OK,Restaurant Search Load Test 2-192,text,true,,587,137,1,309,http://localhost:8002/restaurants/?q=ramen,4,0,0
1777162979720,4,GET /restaurants?q=ramen,200,OK,Restaurant Search Load Test 2-193,text,true,,587,137,1,312,http://localhost:8002/restaurants/?q=ramen,4,0,0
1777162975914,3828,POST /auth/login,200,OK,Login Load Test 1-41,text,true,,316,250,157,312,http://localhost:8001/auth/login,3828,0,0
1777162975923,3819,Login for Token,200,OK,Review Submission Load Test 3-40,text,true,,316,250,155,312,http://localhost:8001/auth/login,3819,0,0
1777162975933,3810,POST /auth/login,200,OK,Login Load Test 1-42,text,true,,316,250,156,312,http://localhost:8001/auth/login,3810,0,1
1777162979742,3,POST /reviews/,201,Created,Review Submission Load Test 3-40,text,true,,380,440,155,312,http://localhost:8004/reviews/,3,0,0
1777162979742,3,GET /restaurants?q=ramen,200,OK,Restaurant Search Load Test 2-194,text,true,,587,137,1,311,http://localhost:8002/restaurants/?q=ramen,3,0,1
1777162975733,4030,POST /auth/login,200,OK,Login Load Test 1-34,text,true,,316,250,156,311,http://localhost:8001/auth/login,4030,0,0
1777162975984,3779,POST /auth/login,200,OK,Login Load Test 1-44,text,true,,316,250,156,311,http://localhost:8001/auth/login,3779,0,1
1777162979767,2,GET /restaurants?q=ramen,200,OK,Restaurant Search Load Test 2-195,text,true,,587,137,1,310,http://localhost:8002/restaurants/?q=ramen,2,0,1
1777162979791,3,GET /restaurants?q=ramen,200,OK,Restaurant Search Load Test 2-196,text,true,,587,137,1,312,http://localhost:8002/restaurants/?q=ramen,3,0,0
1777162979821,3,GET /restaurants?q=ramen,200,OK,Restaurant Search Load Test 2-197,text,true,,587,137,1,316,http://localhost:8002/restaurants/?q=ramen,3,0,0
1777162979846,3,GET /restaurants?q=ramen,200,OK,Restaurant Search Load Test 2-198,text,true,,587,137,1,318,http://localhost:8002/restaurants/?q=ramen,3,0,0
1777162979869,4,GET /restaurants?q=ramen,200,OK,Restaurant Search Load Test 2-199,text,true,,587,137,1,318,http://localhost:8002/restaurants/?q=ramen,4,0,0
1777162979896,3,GET /restaurants?q=ramen,200,OK,Restaurant Search Load Test 2-200,text,true,,587,137,1,322,http://localhost:8002/restaurants/?q=ramen,3,0,0
1777162979919,4,GET /restaurants?q=ramen,200,OK,Restaurant Search Load Test 2-201,text,true,,587,137,1,323,http://localhost:8002/restaurants/?q=ramen,4,0,0
1777162979944,3,GET /restaurants?q=ramen,200,OK,Restaurant Search Load Test 2-202,text,true,,587,137,1,325,http://localhost:8002/restaurants/?q=ramen,3,0,0
1777162979967,3,GET /restaurants?q=ramen,200,OK,Restaurant Search Load Test 2-203,text,true,,587,137,1,327,http://localhost:8002/restaurants/?q=ramen,3,0,0
1777162979993,4,GET /restaurants?q=ramen,200,OK,Restaurant Search Load Test 2-204,text,true,,587,137,1,330,http://localhost:8002/restaurants/?q=ramen,4,0,1
1777162980017,4,GET /restaurants?q=ramen,200,OK,Restaurant Search Load Test 2-205,text,true,,587,137,1,331,http://localhost:8002/restaurants/?q=ramen,4,0,0
1777162980046,3,GET /restaurants?q=ramen,200,OK,Restaurant Search Load Test 2-206,text,true,,587,137,1,334,http://localhost:8002/restaurants/?q=ramen,3,0,0
1777162980071,4,GET /restaurants?q=ramen,200,OK,Restaurant Search Load Test 2-207,text,true,,587,137,1,336,http://localhost:8002/restaurants/?q=ramen,4,0,0
1777162980097,4,GET /restaurants?q=ramen,200,OK,Restaurant Search Load Test 2-208,text,true,,587,137,1,338,http://localhost:8002/restaurants/?q=ramen,4,0,0
1777162980118,2,GET /restaurants?q=ramen,200,OK,Restaurant Search Load Test 2-209,text,true,,587,137,1,339,http://localhost:8002/restaurants/?q=ramen,2,0,0
1777162976456,3680,POST /auth/login,200,OK,Login Load Test 1-63,text,true,,316,251,169,339,http://localhost:8001/auth/login,3680,0,0
1777162975995,4141,Login for Token,200,OK,Review Submission Load Test 3-43,text,true,,316,250,170,339,http://localhost:8001/auth/login,4141,0,0
1777162980136,3,POST /reviews/,201,Created,Review Submission Load Test 3-43,text,true,,380,440,170,338,http://localhost:8004/reviews/,3,0,1
1777162980145,3,GET /restaurants?q=ramen,200,OK,Restaurant Search Load Test 2-210,text,true,,587,137,1,340,http://localhost:8002/restaurants/?q=ramen,3,0,1
1777162980167,4,GET /restaurants?q=ramen,200,OK,Restaurant Search Load Test 2-211,text,true,,587,137,1,340,http://localhost:8002/restaurants/?q=ramen,4,0,1
1777162980195,4,GET /restaurants?q=ramen,200,OK,Restaurant Search Load Test 2-212,text,true,,587,137,1,344,http://localhost:8002/restaurants/?q=ramen,4,0,1
1777162980221,3,GET /restaurants?q=ramen,200,OK,Restaurant Search Load Test 2-213,text,true,,587,137,1,346,http://localhost:8002/restaurants/?q=ramen,3,0,0
1777162980246,4,GET /restaurants?q=ramen,200,OK,Restaurant Search Load Test 2-214,text,true,,587,137,1,348,http://localhost:8002/restaurants/?q=ramen,4,0,0
1777162980271,3,GET /restaurants?q=ramen,200,OK,Restaurant Search Load Test 2-215,text,true,,587,137,1,350,http://localhost:8002/restaurants/?q=ramen,3,0,0
1777162980294,3,GET /restaurants?q=ramen,200,OK,Restaurant Search Load Test 2-216,text,true,,587,137,1,351,http://localhost:8002/restaurants/?q=ramen,3,0,0
1777162975691,4611,POST /auth/login,200,OK,Login Load Test 1-32,text,true,,316,250,175,351,http://localhost:8001/auth/login,4611,0,0
1777162976047,4255,Login for Token,200,OK,Review Submission Load Test 3-45,text,true,,316,250,176,351,http://localhost:8001/auth/login,4255,0,0
1777162976040,4262,POST /auth/login,200,OK,Login Load Test 1-46,text,true,,316,250,175,351,http://localhost:8001/auth/login,4262,0,0
1777162976321,3981,Login for Token,200,OK,Review Submission Load Test 3-56,text,true,,316,251,176,351,http://localhost:8001/auth/login,3981,0,0
1777162980302,3,POST /reviews/,201,Created,Review Submission Load Test 3-45,text,true,,380,440,176,349,http://localhost:8004/reviews/,3,0,0
1777162980302,3,POST /reviews/,201,Created,Review Submission Load Test 3-56,text,true,,380,440,176,349,http://localhost:8004/reviews/,3,0,0
1777162980321,3,GET /restaurants?q=ramen,200,OK,Restaurant Search Load Test 2-217,text,true,,587,137,1,349,http://localhost:8002/restaurants/?q=ramen,3,0,0
1777162980346,3,GET /restaurants?q=ramen,200,OK,Restaurant Search Load Test 2-218,text,true,,587,137,1,352,http://localhost:8002/restaurants/?q=ramen,3,0,0
1777162980371,3,GET /restaurants?q=ramen,200,OK,Restaurant Search Load Test 2-219,text,true,,587,137,1,354,http://localhost:8002/restaurants/?q=ramen,3,0,0
1777162980392,4,GET /restaurants?q=ramen,200,OK,Restaurant Search Load Test 2-220,text,true,,587,137,1,355,http://localhost:8002/restaurants/?q=ramen,4,0,1
1777162980421,2,GET /restaurants?q=ramen,200,OK,Restaurant Search Load Test 2-221,text,true,,587,137,1,357,http://localhost:8002/restaurants/?q=ramen,2,0,0
1777162980445,3,GET /restaurants?q=ramen,200,OK,Restaurant Search Load Test 2-222,text,true,,587,137,1,359,http://localhost:8002/restaurants/?q=ramen,3,0,1
1777162975961,4511,POST /auth/login,200,OK,Login Load Test 1-43,text,true,,316,250,180,361,http://localhost:8001/auth/login,4511,0,0
1777162975947,4525,Login for Token,200,OK,Review Submission Load Test 3-41,text,true,,316,250,180,361,http://localhost:8001/auth/login,4525,0,0
1777162980471,3,GET /restaurants?q=ramen,200,OK,Restaurant Search Load Test 2-223,text,true,,587,137,1,361,http://localhost:8002/restaurants/?q=ramen,3,0,0
1777162980472,3,POST /reviews/,201,Created,Review Submission Load Test 3-41,text,true,,380,440,181,360,http://localhost:8004/reviews/,3,0,0
1777162975757,4727,POST /auth/login,200,OK,Login Load Test 1-35,text,true,,316,250,179,359,http://localhost:8001/auth/login,4727,0,0
1777162976091,4393,POST /auth/login,200,OK,Login Load Test 1-48,text,true,,316,250,179,359,http://localhost:8001/auth/login,4393,0,0
1777162976123,4361,Login for Token,200,OK,Review Submission Load Test 3-48,text,true,,316,250,180,359,http://localhost:8001/auth/login,4361,0,1
1777162976115,4369,POST /auth/login,200,OK,Login Load Test 1-49,text,true,,316,250,179,359,http://localhost:8001/auth/login,4369,0,1
1777162975744,4740,Login for Token,200,OK,Review Submission Load Test 3-33,text,true,,316,250,180,359,http://localhost:8001/auth/login,4740,0,0
1777162976310,4174,POST /auth/login,200,OK,Login Load Test 1-57,text,true,,316,251,178,358,http://localhost:8001/auth/login,4174,0,1
1777162976295,4189,Login for Token,200,OK,Review Submission Load Test 3-55,text,true,,316,251,180,358,http://localhost:8001/auth/login,4189,0,0
1777162976289,4195,POST /auth/login,200,OK,Login Load Test 1-56,text,true,,316,251,175,355,http://localhost:8001/auth/login,4195,0,1
1777162976074,4410,Login for Token,200,OK,Review Submission Load Test 3-46,text,true,,316,250,180,358,http://localhost:8001/auth/login,4410,0,0
1777162976384,4100,POST /auth/login,200,OK,Login Load Test 1-60,text,true,,316,251,174,354,http://localhost:8001/auth/login,4100,0,0
1777162976374,4110,Login for Token,200,OK,Review Submission Load Test 3-58,text,true,,316,251,180,354,http://localhost:8001/auth/login,4110,0,0
1777162975699,4785,Login for Token,200,OK,Review Submission Load Test 3-31,text,true,,316,250,180,354,http://localhost:8001/auth/login,4785,0,0
1777162976349,4135,Login for Token,200,OK,Review Submission Load Test 3-57,text,true,,316,251,180,354,http://localhost:8001/auth/login,4135,0,0
1777162976062,4422,POST /auth/login,200,OK,Login Load Test 1-47,text,true,,316,250,179,359,http://localhost:8001/auth/login,4422,0,0
1777162976360,4124,POST /auth/login,200,OK,Login Load Test 1-59,text,true,,316,251,173,353,http://localhost:8001/auth/login,4124,0,0
1777162976099,4385,Login for Token,200,OK,Review Submission Load Test 3-47,text,true,,316,250,180,359,http://localhost:8001/auth/login,4385,0,0
1777162976337,4148,POST /auth/login,200,OK,Login Load Test 1-58,text,true,,316,251,171,351,http://localhost:8001/auth/login,4148,0,0
1777162980484,4,POST /reviews/,201,Created,Review Submission Load Test 3-33,text,true,,380,440,180,351,http://localhost:8004/reviews/,4,0,1
1777162980484,4,POST /reviews/,201,Created,Review Submission Load Test 3-57,text,true,,380,440,180,351,http://localhost:8004/reviews/,4,0,1
1777162980484,4,POST /reviews/,201,Created,Review Submission Load Test 3-58,text,true,,380,440,180,351,http://localhost:8004/reviews/,4,0,1
1777162980484,4,POST /reviews/,201,Created,Review Submission Load Test 3-48,text,true,,380,440,177,348,http://localhost:8004/reviews/,4,0,1
1777162980484,4,POST /reviews/,201,Created,Review Submission Load Test 3-46,text,true,,380,440,176,347,http://localhost:8004/reviews/,4,0,1
1777162980485,3,POST /reviews/,201,Created,Review Submission Load Test 3-55,text,true,,380,440,176,347,http://localhost:8004/reviews/,3,0,0
1777162980485,3,POST /reviews/,201,Created,Review Submission Load Test 3-47,text,true,,380,440,176,347,http://localhost:8004/reviews/,3,0,0
1777162980485,3,POST /reviews/,201,Created,Review Submission Load Test 3-31,text,true,,380,440,173,344,http://localhost:8004/reviews/,3,0,0
1777162980493,3,GET /restaurants?q=ramen,200,OK,Restaurant Search Load Test 2-224,text,true,,587,137,1,344,http://localhost:8002/restaurants/?q=ramen,3,0,0
1777162976482,4023,POST /auth/login,200,OK,Login Load Test 1-64,text,true,,316,251,171,344,http://localhost:8001/auth/login,4023,0,1
1777162976474,4031,Login for Token,200,OK,Review Submission Load Test 3-62,text,true,,316,251,173,344,http://localhost:8001/auth/login,4031,0,0
1777162980505,2,POST /reviews/,201,Created,Review Submission Load Test 3-62,text,true,,380,440,173,343,http://localhost:8004/reviews/,2,0,0
1777162980517,2,GET /restaurants?q=ramen,200,OK,Restaurant Search Load Test 2-225,text,true,,587,137,1,344,http://localhost:8002/restaurants/?q=ramen,2,0,0
1777162980547,3,GET /restaurants?q=ramen,200,OK,Restaurant Search Load Test 2-226,text,true,,587,137,1,347,http://localhost:8002/restaurants/?q=ramen,3,0,0
1777162980572,2,GET /restaurants?q=ramen,200,OK,Restaurant Search Load Test 2-227,text,true,,587,137,1,349,http://localhost:8002/restaurants/?q=ramen,2,0,0
1777162980594,3,GET /restaurants?q=ramen,200,OK,Restaurant Search Load Test 2-228,text,true,,587,137,1,350,http://localhost:8002/restaurants/?q=ramen,3,0,0
1777162980616,4,GET /restaurants?q=ramen,200,OK,Restaurant Search Load Test 2-229,text,true,,587,137,1,352,http://localhost:8002/restaurants/?q=ramen,4,0,0
1777162980646,3,GET /restaurants?q=ramen,200,OK,Restaurant Search Load Test 2-230,text,true,,587,137,1,355,http://localhost:8002/restaurants/?q=ramen,3,0,0
1777162980667,3,GET /restaurants?q=ramen,200,OK,Restaurant Search Load Test 2-231,text,true,,587,137,1,357,http://localhost:8002/restaurants/?q=ramen,3,0,0
1777162980696,3,GET /restaurants?q=ramen,200,OK,Restaurant Search Load Test 2-232,text,true,,587,137,1,359,http://localhost:8002/restaurants/?q=ramen,3,0,0
1777162980721,3,GET /restaurants?q=ramen,200,OK,Restaurant Search Load Test 2-233,text,true,,587,137,1,361,http://localhost:8002/restaurants/?q=ramen,3,0,0
1777162980746,2,GET /restaurants?q=ramen,200,OK,Restaurant Search Load Test 2-234,text,true,,587,137,1,363,http://localhost:8002/restaurants/?q=ramen,2,0,0
1777162980768,4,GET /restaurants?q=ramen,200,OK,Restaurant Search Load Test 2-235,text,true,,587,137,1,365,http://localhost:8002/restaurants/?q=ramen,4,0,0
1777162980798,3,GET /restaurants?q=ramen,200,OK,Restaurant Search Load Test 2-236,text,true,,587,137,1,367,http://localhost:8002/restaurants/?q=ramen,3,0,0
1777162980817,3,GET /restaurants?q=ramen,200,OK,Restaurant Search Load Test 2-237,text,true,,587,137,1,368,http://localhost:8002/restaurants/?q=ramen,3,0,0
1777162976010,4823,POST /auth/login,200,OK,Login Load Test 1-45,text,true,,316,250,183,368,http://localhost:8001/auth/login,4823,0,0
1777162975969,4864,Login for Token,200,OK,Review Submission Load Test 3-42,text,true,,316,250,185,368,http://localhost:8001/auth/login,4864,0,0
1777162980833,3,POST /reviews/,201,Created,Review Submission Load Test 3-42,text,true,,380,440,185,367,http://localhost:8004/reviews/,3,0,0
1777162980846,3,GET /restaurants?q=ramen,200,OK,Restaurant Search Load Test 2-238,text,true,,587,137,1,369,http://localhost:8002/restaurants/?q=ramen,3,0,0
1777162976163,4686,POST /auth/login,200,OK,Login Load Test 1-51,text,true,,316,251,183,368,http://localhost:8001/auth/login,4686,0,0
1777162976188,4661,POST /auth/login,200,OK,Login Load Test 1-52,text,true,,316,251,183,368,http://localhost:8001/auth/login,4661,0,0
1777162976136,4713,POST /auth/login,200,OK,Login Load Test 1-50,text,true,,316,250,183,368,http://localhost:8001/auth/login,4713,0,0
1777162976215,4635,POST /auth/login,200,OK,Login Load Test 1-53,text,true,,316,251,182,367,http://localhost:8001/auth/login,4635,0,0
1777162976146,4703,Login for Token,200,OK,Review Submission Load Test 3-49,text,true,,316,250,185,368,http://localhost:8001/auth/login,4703,0,0
1777162976196,4653,Login for Token,200,OK,Review Submission Load Test 3-51,text,true,,316,251,185,367,http://localhost:8001/auth/login,4653,0,0
1777162980850,2,POST /reviews/,201,Created,Review Submission Load Test 3-49,text,true,,380,440,185,364,http://localhost:8004/reviews/,2,0,0
1777162980850,2,POST /reviews/,201,Created,Review Submission Load Test 3-51,text,true,,380,440,184,363,http://localhost:8004/reviews/,2,0,0
1777162976524,4348,Login for Token,200,OK,Review Submission Load Test 3-64,text,true,,316,251,184,365,http://localhost:8001/auth/login,4348,0,0
1777162976499,4373,Login for Token,200,OK,Review Submission Load Test 3-63,text,true,,316,251,184,365,http://localhost:8001/auth/login,4373,0,0
1777162980871,4,GET /restaurants?q=ramen,200,OK,Restaurant Search Load Test 2-239,text,true,,587,137,1,365,http://localhost:8002/restaurants/?q=ramen,4,0,0
1777162980872,3,POST /reviews/,201,Created,Review Submission Load Test 3-63,text,true,,380,440,184,364,http://localhost:8004/reviews/,3,0,0
1777162980872,3,POST /reviews/,201,Created,Review Submission Load Test 3-64,text,true,,380,440,184,364,http://localhost:8004/reviews/,3,0,0
1777162980891,3,GET /restaurants?q=ramen,200,OK,Restaurant Search Load Test 2-240,text,true,,587,137,1,363,http://localhost:8002/restaurants/?q=ramen,3,0,1
1777162980921,3,GET /restaurants?q=ramen,200,OK,Restaurant Search Load Test 2-241,text,true,,587,137,1,367,http://localhost:8002/restaurants/?q=ramen,3,0,0
1777162980946,2,GET /restaurants?q=ramen,200,OK,Restaurant Search Load Test 2-242,text,true,,587,137,1,369,http://localhost:8002/restaurants/?q=ramen,2,0,0
1777162980967,3,GET /restaurants?q=ramen,200,OK,Restaurant Search Load Test 2-243,text,true,,587,137,1,371,http://localhost:8002/restaurants/?q=ramen,3,0,1
1777162980994,2,GET /restaurants?q=ramen,200,OK,Restaurant Search Load Test 2-244,text,true,,587,137,1,373,http://localhost:8002/restaurants/?q=ramen,2,0,1
1777162981020,2,GET /restaurants?q=ramen,200,OK,Restaurant Search Load Test 2-245,text,true,,587,137,1,374,http://localhost:8002/restaurants/?q=ramen,2,0,1
1777162976236,4800,POST /auth/login,200,OK,Login Load Test 1-54,text,true,,316,251,187,375,http://localhost:8001/auth/login,4800,0,1
1777162976175,4861,Login for Token,200,OK,Review Submission Load Test 3-50,text,true,,316,251,188,375,http://localhost:8001/auth/login,4861,0,0
1777162976223,4813,Login for Token,200,OK,Review Submission Load Test 3-52,text,true,,316,251,188,375,http://localhost:8001/auth/login,4813,0,0
1777162981036,2,POST /reviews/,201,Created,Review Submission Load Test 3-50,text,true,,380,440,188,374,http://localhost:8004/reviews/,2,0,0
1777162981036,2,POST /reviews/,201,Created,Review Submission Load Test 3-52,text,true,,380,440,188,374,http://localhost:8004/reviews/,2,0,1
1777162981044,1,GET /restaurants?q=ramen,200,OK,Restaurant Search Load Test 2-246,text,true,,587,137,1,373,http://localhost:8002/restaurants/?q=ramen,1,0,0
1777162981065,2,GET /restaurants?q=ramen,200,OK,Restaurant Search Load Test 2-247,text,true,,587,137,1,375,http://localhost:8002/restaurants/?q=ramen,2,0,1
1777162981091,2,GET /restaurants?q=ramen,200,OK,Restaurant Search Load Test 2-248,text,true,,587,137,1,377,http://localhost:8002/restaurants/?q=ramen,2,0,0
1777162981120,1,GET /restaurants?q=ramen,200,OK,Restaurant Search Load Test 2-249,text,true,,587,137,1,379,http://localhost:8002/restaurants/?q=ramen,1,0,0
1777162981143,1,GET /restaurants?q=ramen,200,OK,Restaurant Search Load Test 2-250,text,true,,587,137,1,381,http://localhost:8002/restaurants/?q=ramen,1,0,0
1777162981166,2,GET /restaurants?q=ramen,200,OK,Restaurant Search Load Test 2-251,text,true,,587,137,1,383,http://localhost:8002/restaurants/?q=ramen,2,0,1
1777162981193,2,GET /restaurants?q=ramen,200,OK,Restaurant Search Load Test 2-252,text,true,,587,137,1,386,http://localhost:8002/restaurants/?q=ramen,2,0,1
1777162976581,4628,POST /auth/login,200,OK,Login Load Test 1-68,text,true,,316,251,192,385,http://localhost:8001/auth/login,4628,0,0
1777162976022,5187,Login for Token,200,OK,Review Submission Load Test 3-44,text,true,,316,250,193,385,http://localhost:8001/auth/login,5187,0,1
1777162981209,2,POST /reviews/,201,Created,Review Submission Load Test 3-44,text,true,,380,440,193,384,http://localhost:8004/reviews/,2,0,1
1777162981216,1,GET /restaurants?q=ramen,200,OK,Restaurant Search Load Test 2-253,text,true,,587,137,1,385,http://localhost:8002/restaurants/?q=ramen,1,0,0
1777162976410,4812,POST /auth/login,200,OK,Login Load Test 1-61,text,true,,316,251,192,385,http://localhost:8001/auth/login,4812,0,0
1777162976399,4823,Login for Token,200,OK,Review Submission Load Test 3-59,text,true,,316,251,193,385,http://localhost:8001/auth/login,4823,0,0
1777162981222,2,POST /reviews/,201,Created,Review Submission Load Test 3-59,text,true,,380,440,193,384,http://localhost:8004/reviews/,2,0,0
1777162976509,4732,POST /auth/login,200,OK,Login Load Test 1-65,text,true,,316,251,191,383,http://localhost:8001/auth/login,4732,0,0
1777162976557,4684,POST /auth/login,200,OK,Login Load Test 1-67,text,true,,316,251,191,383,http://localhost:8001/auth/login,4684,0,1
1777162981244,1,GET /restaurants?q=ramen,200,OK,Restaurant Search Load Test 2-254,text,true,,587,137,1,384,http://localhost:8002/restaurants/?q=ramen,1,0,0
1777162981269,2,GET /restaurants?q=ramen,200,OK,Restaurant Search Load Test 2-255,text,true,,587,137,1,386,http://localhost:8002/restaurants/?q=ramen,2,0,1
1777162981292,2,GET /restaurants?q=ramen,200,OK,Restaurant Search Load Test 2-256,text,true,,587,137,1,387,http://localhost:8002/restaurants/?q=ramen,2,0,0
1777162981320,2,GET /restaurants?q=ramen,200,OK,Restaurant Search Load Test 2-257,text,true,,587,137,1,390,http://localhost:8002/restaurants/?q=ramen,2,0,1
1777162981345,2,GET /restaurants?q=ramen,200,OK,Restaurant Search Load Test 2-258,text,true,,587,137,1,392,http://localhost:8002/restaurants/?q=ramen,2,0,0
1777162981370,2,GET /restaurants?q=ramen,200,OK,Restaurant Search Load Test 2-259,text,true,,587,137,1,394,http://localhost:8002/restaurants/?q=ramen,2,0,0
1777162981396,1,GET /restaurants?q=ramen,200,OK,Restaurant Search Load Test 2-260,text,true,,587,137,1,396,http://localhost:8002/restaurants/?q=ramen,1,0,0
1777162981421,2,GET /restaurants?q=ramen,200,OK,Restaurant Search Load Test 2-261,text,true,,587,137,1,398,http://localhost:8002/restaurants/?q=ramen,2,0,0
1777162981444,1,GET /restaurants?q=ramen,200,OK,Restaurant Search Load Test 2-262,text,true,,587,137,1,399,http://localhost:8002/restaurants/?q=ramen,1,0,0
1777162981470,2,GET /restaurants?q=ramen,200,OK,Restaurant Search Load Test 2-263,text,true,,587,137,1,402,http://localhost:8002/restaurants/?q=ramen,2,0,0
1777162981496,2,GET /restaurants?q=ramen,200,OK,Restaurant Search Load Test 2-264,text,true,,587,137,1,404,http://localhost:8002/restaurants/?q=ramen,2,0,0
1777162981518,1,GET /restaurants?q=ramen,200,OK,Restaurant Search Load Test 2-265,text,true,,587,137,1,405,http://localhost:8002/restaurants/?q=ramen,1,0,0
1777162981545,3,GET /restaurants?q=ramen,200,OK,Restaurant Search Load Test 2-266,text,true,,587,137,1,407,http://localhost:8002/restaurants/?q=ramen,3,0,1
1777162981570,4,GET /restaurants?q=ramen,200,OK,Restaurant Search Load Test 2-267,text,true,,587,137,1,410,http://localhost:8002/restaurants/?q=ramen,4,0,0
1777162976657,4923,POST /auth/login,200,OK,Login Load Test 1-71,text,true,,316,251,203,409,http://localhost:8001/auth/login,4923,0,1
1777162976596,4984,Login for Token,200,OK,Review Submission Load Test 3-67,text,true,,316,251,206,409,http://localhost:8001/auth/login,4984,0,1
1777162976674,4907,Login for Token,200,OK,Review Submission Load Test 3-70,text,true,,316,251,206,408,http://localhost:8001/auth/login,4907,0,0
1777162981580,3,POST /reviews/,201,Created,Review Submission Load Test 3-67,text,true,,380,440,206,408,http://localhost:8004/reviews/,3,0,1
1777162981581,3,POST /reviews/,201,Created,Review Submission Load Test 3-70,text,true,,380,440,205,407,http://localhost:8004/reviews/,3,0,0
1777162976436,5157,POST /auth/login,200,OK,Login Load Test 1-62,text,true,,316,251,203,407,http://localhost:8001/auth/login,5157,0,1
1777162976424,5169,Login for Token,200,OK,Review Submission Load Test 3-60,text,true,,316,251,204,407,http://localhost:8001/auth/login,5169,0,0
1777162976449,5144,Login for Token,200,OK,Review Submission Load Test 3-61,text,true,,316,251,204,406,http://localhost:8001/auth/login,5144,0,0
1777162981593,3,POST /reviews/,201,Created,Review Submission Load Test 3-60,text,true,,380,440,205,408,http://localhost:8004/reviews/,3,0,0
1777162981593,3,POST /reviews/,201,Created,Review Submission Load Test 3-61,text,true,,380,440,204,407,http://localhost:8004/reviews/,3,0,1
1777162981593,4,GET /restaurants?q=ramen,200,OK,Restaurant Search Load Test 2-268,text,true,,587,137,1,406,http://localhost:8002/restaurants/?q=ramen,4,0,1
1777162976630,4981,POST /auth/login,200,OK,Login Load Test 1-70,text,true,,316,251,202,405,http://localhost:8001/auth/login,4981,0,0
1777162976575,5036,Login for Token,200,OK,Review Submission Load Test 3-66,text,true,,316,251,203,405,http://localhost:8001/auth/login,5036,0,0
1777162976647,4965,Login for Token,200,OK,Review Submission Load Test 3-69,text,true,,316,251,203,404,http://localhost:8001/auth/login,4965,0,0
1777162981611,3,POST /reviews/,201,Created,Review Submission Load Test 3-66,text,true,,380,440,203,405,http://localhost:8004/reviews/,3,0,1
1777162981612,2,POST /reviews/,201,Created,Review Submission Load Test 3-69,text,true,,380,440,203,405,http://localhost:8004/reviews/,2,0,0
1777162981618,3,GET /restaurants?q=ramen,200,OK,Restaurant Search Load Test 2-269,text,true,,587,137,1,404,http://localhost:8002/restaurants/?q=ramen,3,0,0
1777162981646,3,GET /restaurants?q=ramen,200,OK,Restaurant Search Load Test 2-270,text,true,,587,137,1,407,http://localhost:8002/restaurants/?q=ramen,3,0,0
1777162981670,3,GET /restaurants?q=ramen,200,OK,Restaurant Search Load Test 2-271,text,true,,587,137,1,409,http://localhost:8002/restaurants/?q=ramen,3,0,0
1777162981695,3,GET /restaurants?q=ramen,200,OK,Restaurant Search Load Test 2-272,text,true,,587,137,1,411,http://localhost:8002/restaurants/?q=ramen,3,0,1
1777162981719,3,GET /restaurants?q=ramen,200,OK,Restaurant Search Load Test 2-273,text,true,,587,137,1,412,http://localhost:8002/restaurants/?q=ramen,3,0,0
1777162981741,3,GET /restaurants?q=ramen,200,OK,Restaurant Search Load Test 2-274,text,true,,587,137,1,414,http://localhost:8002/restaurants/?q=ramen,3,0,0
1777162981770,3,GET /restaurants?q=ramen,200,OK,Restaurant Search Load Test 2-275,text,true,,587,137,1,416,http://localhost:8002/restaurants/?q=ramen,3,0,0
1777162976261,5515,POST /auth/login,200,OK,Login Load Test 1-55,text,true,,316,251,208,416,http://localhost:8001/auth/login,5515,0,1
1777162976249,5527,Login for Token,200,OK,Review Submission Load Test 3-53,text,true,,316,251,208,416,http://localhost:8001/auth/login,5527,0,0
1777162976271,5505,Login for Token,200,OK,Review Submission Load Test 3-54,text,true,,316,251,208,416,http://localhost:8001/auth/login,5505,0,0
1777162981776,2,POST /reviews/,201,Created,Review Submission Load Test 3-54,text,true,,380,440,208,415,http://localhost:8004/reviews/,2,0,0
1777162981776,2,POST /reviews/,201,Created,Review Submission Load Test 3-53,text,true,,380,440,208,415,http://localhost:8004/reviews/,2,0,0
1777162981795,3,GET /restaurants?q=ramen,200,OK,Restaurant Search Load Test 2-276,text,true,,587,137,1,416,http://localhost:8002/restaurants/?q=ramen,3,0,0
1777162981821,3,GET /restaurants?q=ramen,200,OK,Restaurant Search Load Test 2-277,text,true,,587,137,1,418,http://localhost:8002/restaurants/?q=ramen,3,0,0
1777162981846,4,GET /restaurants?q=ramen,200,OK,Restaurant Search Load Test 2-278,text,true,,587,137,1,420,http://localhost:8002/restaurants/?q=ramen,4,0,1
1777162981870,3,GET /restaurants?q=ramen,200,OK,Restaurant Search Load Test 2-279,text,true,,587,137,1,422,http://localhost:8002/restaurants/?q=ramen,3,0,1
1777162981891,4,GET /restaurants?q=ramen,200,OK,Restaurant Search Load Test 2-280,text,true,,587,137,1,423,http://localhost:8002/restaurants/?q=ramen,4,0,1
1777162981921,3,GET /restaurants?q=ramen,200,OK,Restaurant Search Load Test 2-281,text,true,,587,137,1,426,http://localhost:8002/restaurants/?q=ramen,3,0,0
1777162981945,3,GET /restaurants?q=ramen,200,OK,Restaurant Search Load Test 2-282,text,true,,587,137,1,427,http://localhost:8002/restaurants/?q=ramen,3,0,0
1777162976685,5264,POST /auth/login,200,OK,Login Load Test 1-72,text,true,,316,251,214,427,http://localhost:8001/auth/login,5264,0,0
1777162976550,5407,Login for Token,200,OK,Review Submission Load Test 3-65,text,true,,316,251,213,426,http://localhost:8001/auth/login,5407,0,0
1777162981958,2,POST /reviews/,201,Created,Review Submission Load Test 3-65,text,true,,380,440,213,426,http://localhost:8004/reviews/,2,0,0
1777162981971,4,GET /restaurants?q=ramen,200,OK,Restaurant Search Load Test 2-283,text,true,,587,137,1,428,http://localhost:8002/restaurants/?q=ramen,4,0,1
1777162976707,5273,POST /auth/login,200,OK,Login Load Test 1-73,text,true,,316,251,214,427,http://localhost:8001/auth/login,5273,0,0
1777162981995,2,GET /restaurants?q=ramen,200,OK,Restaurant Search Load Test 2-284,text,true,,587,137,1,429,http://localhost:8002/restaurants/?q=ramen,2,0,0
1777162982021,2,GET /restaurants?q=ramen,200,OK,Restaurant Search Load Test 2-285,text,true,,587,137,1,431,http://localhost:8002/restaurants/?q=ramen,2,0,0
1777162982042,3,GET /restaurants?q=ramen,200,OK,Restaurant Search Load Test 2-286,text,true,,587,137,1,432,http://localhost:8002/restaurants/?q=ramen,3,0,0
1777162982070,5,GET /restaurants?q=ramen,200,OK,Restaurant Search Load Test 2-287,text,true,,587,137,1,435,http://localhost:8002/restaurants/?q=ramen,5,0,0
1777162982095,4,GET /restaurants?q=ramen,200,OK,Restaurant Search Load Test 2-288,text,true,,587,137,1,437,http://localhost:8002/restaurants/?q=ramen,4,0,1
1777162982116,3,GET /restaurants?q=ramen,200,OK,Restaurant Search Load Test 2-289,text,true,,587,137,1,438,http://localhost:8002/restaurants/?q=ramen,3,0,0
1777162976624,5524,Login for Token,200,OK,Review Submission Load Test 3-68,text,true,,316,251,219,440,http://localhost:8001/auth/login,5524,0,0
1777162982146,4,GET /restaurants?q=ramen,200,OK,Restaurant Search Load Test 2-290,text,true,,587,137,1,441,http://localhost:8002/restaurants/?q=ramen,4,0,0
1777162982148,2,POST /reviews/,201,Created,Review Submission Load Test 3-68,text,true,,380,440,220,440,http://localhost:8004/reviews/,2,0,0
1777162982171,3,GET /restaurants?q=ramen,200,OK,Restaurant Search Load Test 2-291,text,true,,587,137,1,442,http://localhost:8002/restaurants/?q=ramen,3,0,0
1777162982196,3,GET /restaurants?q=ramen,200,OK,Restaurant Search Load Test 2-292,text,true,,587,137,1,444,http://localhost:8002/restaurants/?q=ramen,3,0,0
1777162982220,3,GET /restaurants?q=ramen,200,OK,Restaurant Search Load Test 2-293,text,true,,587,137,1,445,http://localhost:8002/restaurants/?q=ramen,3,0,1
1777162982245,3,GET /restaurants?q=ramen,200,OK,Restaurant Search Load Test 2-294,text,true,,587,137,1,447,http://localhost:8002/restaurants/?q=ramen,3,0,1
1777162982270,4,GET /restaurants?q=ramen,200,OK,Restaurant Search Load Test 2-295,text,true,,587,137,1,450,http://localhost:8002/restaurants/?q=ramen,4,0,1
1777162982295,3,GET /restaurants?q=ramen,200,OK,Restaurant Search Load Test 2-296,text,true,,587,137,1,452,http://localhost:8002/restaurants/?q=ramen,3,0,0
1777162976732,5587,POST /auth/login,200,OK,Login Load Test 1-74,text,true,,316,251,227,452,http://localhost:8001/auth/login,5587,0,1
1777162976698,5621,Login for Token,200,OK,Review Submission Load Test 3-71,text,true,,316,251,225,452,http://localhost:8001/auth/login,5621,0,0
1777162982319,3,POST /reviews/,201,Created,Review Submission Load Test 3-71,text,true,,380,440,225,452,http://localhost:8004/reviews/,3,0,0
1777162982320,3,GET /restaurants?q=ramen,200,OK,Restaurant Search Load Test 2-297,text,true,,587,137,1,451,http://localhost:8002/restaurants/?q=ramen,3,0,0
1777162976782,5545,POST /auth/login,200,OK,Login Load Test 1-76,text,true,,316,251,226,451,http://localhost:8001/auth/login,5545,0,0
1777162976532,5795,POST /auth/login,200,OK,Login Load Test 1-66,text,true,,316,251,226,451,http://localhost:8001/auth/login,5795,0,0
1777162982347,2,GET /restaurants?q=ramen,200,OK,Restaurant Search Load Test 2-298,text,true,,587,137,1,452,http://localhost:8002/restaurants/?q=ramen,2,0,0
1777162976757,5593,POST /auth/login,200,OK,Login Load Test 1-75,text,true,,316,251,225,451,http://localhost:8001/auth/login,5593,0,0
1777162976722,5628,Login for Token,200,OK,Review Submission Load Test 3-72,text,true,,316,251,226,451,http://localhost:8001/auth/login,5628,0,0
1777162982350,2,POST /reviews/,201,Created,Review Submission Load Test 3-72,text,true,,380,440,226,450,http://localhost:8004/reviews/,2,0,0
1777162982369,3,GET /restaurants?q=ramen,200,OK,Restaurant Search Load Test 2-299,text,true,,587,137,1,452,http://localhost:8002/restaurants/?q=ramen,3,0,0
1777162982395,3,GET /restaurants?q=ramen,200,OK,Restaurant Search Load Test 2-300,text,true,,587,137,1,454,http://localhost:8002/restaurants/?q=ramen,3,0,0
1777162982421,3,GET /restaurants?q=ramen,200,OK,Restaurant Search Load Test 2-301,text,true,,587,137,1,455,http://localhost:8002/restaurants/?q=ramen,3,0,0
1777162982446,3,GET /restaurants?q=ramen,200,OK,Restaurant Search Load Test 2-302,text,true,,587,137,1,458,http://localhost:8002/restaurants/?q=ramen,3,0,0
1777162982470,3,GET /restaurants?q=ramen,200,OK,Restaurant Search Load Test 2-303,text,true,,587,137,1,460,http://localhost:8002/restaurants/?q=ramen,3,0,0
1777162982495,3,GET /restaurants?q=ramen,200,OK,Restaurant Search Load Test 2-304,text,true,,587,137,1,462,http://localhost:8002/restaurants/?q=ramen,3,0,0
1777162976828,5685,POST /auth/login,200,OK,Login Load Test 1-78,text,true,,316,251,231,462,http://localhost:8001/auth/login,5685,0,0
1777162976609,5904,POST /auth/login,200,OK,Login Load Test 1-69,text,true,,316,251,231,462,http://localhost:8001/auth/login,5904,0,0
1777162982520,2,GET /restaurants?q=ramen,200,OK,Restaurant Search Load Test 2-305,text,true,,587,137,1,461,http://localhost:8002/restaurants/?q=ramen,2,0,0
1777162982545,3,GET /restaurants?q=ramen,200,OK,Restaurant Search Load Test 2-306,text,true,,587,137,1,463,http://localhost:8002/restaurants/?q=ramen,3,0,0
1777162982570,4,GET /restaurants?q=ramen,200,OK,Restaurant Search Load Test 2-307,text,true,,587,137,1,466,http://localhost:8002/restaurants/?q=ramen,4,0,0
1777162982595,2,GET /restaurants?q=ramen,200,OK,Restaurant Search Load Test 2-308,text,true,,587,137,1,467,http://localhost:8002/restaurants/?q=ramen,2,0,0
1777162982621,3,GET /restaurants?q=ramen,200,OK,Restaurant Search Load Test 2-309,text,true,,587,137,1,470,http://localhost:8002/restaurants/?q=ramen,3,0,0
1777162982640,3,GET /restaurants?q=ramen,200,OK,Restaurant Search Load Test 2-310,text,true,,587,137,1,471,http://localhost:8002/restaurants/?q=ramen,3,0,1
1777162982670,3,GET /restaurants?q=ramen,200,OK,Restaurant Search Load Test 2-311,text,true,,587,137,1,474,http://localhost:8002/restaurants/?q=ramen,3,0,0
1777162976749,5940,Login for Token,200,OK,Review Submission Load Test 3-73,text,true,,316,251,238,474,http://localhost:8001/auth/login,5940,0,0
1777162976825,5864,Login for Token,200,OK,Review Submission Load Test 3-76,text,true,,316,251,238,474,http://localhost:8001/auth/login,5864,0,0
1777162982689,3,POST /reviews/,201,Created,Review Submission Load Test 3-73,text,true,,380,440,238,475,http://localhost:8004/reviews/,3,0,0
1777162982689,3,POST /reviews/,201,Created,Review Submission Load Test 3-76,text,true,,380,440,238,475,http://localhost:8004/reviews/,3,0,0
1777162982690,3,GET /restaurants?q=ramen,200,OK,Restaurant Search Load Test 2-312,text,true,,587,137,1,473,http://localhost:8002/restaurants/?q=ramen,3,0,1
1777162976799,5900,Login for Token,200,OK,Review Submission Load Test 3-75,text,true,,316,251,237,473,http://localhost:8001/auth/login,5900,0,0
1777162976850,5849,Login for Token,200,OK,Review Submission Load Test 3-77,text,true,,316,251,237,473,http://localhost:8001/auth/login,5849,0,0
1777162982700,2,POST /reviews/,201,Created,Review Submission Load Test 3-75,text,true,,380,440,237,473,http://localhost:8004/reviews/,2,0,0
1777162982700,2,POST /reviews/,201,Created,Review Submission Load Test 3-77,text,true,,380,440,236,472,http://localhost:8004/reviews/,2,0,0
1777162976882,5834,POST /auth/login,200,OK,Login Load Test 1-80,text,true,,316,251,237,472,http://localhost:8001/auth/login,5834,0,1
1777162976774,5942,Login for Token,200,OK,Review Submission Load Test 3-74,text,true,,316,251,235,472,http://localhost:8001/auth/login,5942,0,0
1777162982716,3,POST /reviews/,201,Created,Review Submission Load Test 3-74,text,true,,380,440,235,472,http://localhost:8004/reviews/,3,0,0
1777162982717,2,GET /restaurants?q=ramen,200,OK,Restaurant Search Load Test 2-313,text,true,,587,137,1,471,http://localhost:8002/restaurants/?q=ramen,2,0,0
1777162982745,3,GET /restaurants?q=ramen,200,OK,Restaurant Search Load Test 2-314,text,true,,587,137,1,473,http://localhost:8002/restaurants/?q=ramen,3,0,1
1777162982771,3,GET /restaurants?q=ramen,200,OK,Restaurant Search Load Test 2-315,text,true,,587,137,1,476,http://localhost:8002/restaurants/?q=ramen,3,0,0
1777162982796,3,GET /restaurants?q=ramen,200,OK,Restaurant Search Load Test 2-316,text,true,,587,137,1,478,http://localhost:8002/restaurants/?q=ramen,3,0,1
1777162982820,3,GET /restaurants?q=ramen,200,OK,Restaurant Search Load Test 2-317,text,true,,587,137,1,480,http://localhost:8002/restaurants/?q=ramen,3,0,1
1777162982846,3,GET /restaurants?q=ramen,200,OK,Restaurant Search Load Test 2-318,text,true,,587,137,1,482,http://localhost:8002/restaurants/?q=ramen,3,0,0
1777162982870,3,GET /restaurants?q=ramen,200,OK,Restaurant Search Load Test 2-319,text,true,,587,137,1,485,http://localhost:8002/restaurants/?q=ramen,3,0,0
1777162976946,5937,Login for Token,200,OK,Review Submission Load Test 3-81,text,true,,316,251,241,484,http://localhost:8001/auth/login,5937,0,0
1777162976869,6014,Login for Token,200,OK,Review Submission Load Test 3-78,text,true,,316,251,241,484,http://localhost:8001/auth/login,6014,0,1
1777162982883,3,POST /reviews/,201,Created,Review Submission Load Test 3-78,text,true,,380,440,241,484,http://localhost:8004/reviews/,3,0,0
1777162982883,3,POST /reviews/,201,Created,Review Submission Load Test 3-81,text,true,,380,440,241,484,http://localhost:8004/reviews/,3,0,0
1777162982895,4,GET /restaurants?q=ramen,200,OK,Restaurant Search Load Test 2-320,text,true,,587,137,1,484,http://localhost:8002/restaurants/?q=ramen,4,0,1
1777162982921,3,GET /restaurants?q=ramen,200,OK,Restaurant Search Load Test 2-321,text,true,,587,137,1,486,http://localhost:8002/restaurants/?q=ramen,3,0,0
1777162982945,4,GET /restaurants?q=ramen,200,OK,Restaurant Search Load Test 2-322,text,true,,587,137,1,488,http://localhost:8002/restaurants/?q=ramen,4,0,0
1777162982967,3,GET /restaurants?q=ramen,200,OK,Restaurant Search Load Test 2-323,text,true,,587,137,1,489,http://localhost:8002/restaurants/?q=ramen,3,0,0
1777162982991,3,GET /restaurants?q=ramen,200,OK,Restaurant Search Load Test 2-324,text,true,,587,137,1,491,http://localhost:8002/restaurants/?q=ramen,3,0,0
1777162983020,2,GET /restaurants?q=ramen,200,OK,Restaurant Search Load Test 2-325,text,true,,587,137,1,493,http://localhost:8002/restaurants/?q=ramen,2,0,1
1777162983040,4,GET /restaurants?q=ramen,200,OK,Restaurant Search Load Test 2-326,text,true,,587,137,1,495,http://localhost:8002/restaurants/?q=ramen,4,0,1
1777162976808,6247,POST /auth/login,200,OK,Login Load Test 1-77,text,true,,316,251,250,496,http://localhost:8001/auth/login,6247,0,1
1777162976905,6150,POST /auth/login,200,OK,Login Load Test 1-81,text,true,,316,251,250,496,http://localhost:8001/auth/login,6150,0,1
1777162978054,5001,POST /auth/login,Non HTTP response code: org.apache.http.conn.HttpHostConnectException,"Non HTTP response message: Connect to localhost:8001 [localhost/127.0.0.1, localhost/0:0:0:0:0:0:0:1] failed: Connection refused",Login Load Test 1-127,text,false,"Test failed: code expected to equal /

****** received  : [[[Non HTTP response code: org.apache.http.conn.HttpHostConnectException]]]

****** comparison: [[[200                                                                  ]]]

/",2623,0,248,494,http://localhost:8001/auth/login,0,0,5001
1777162976857,6208,POST /auth/login,200,OK,Login Load Test 1-79,text,true,,316,251,247,493,http://localhost:8001/auth/login,6208,0,0
1777162976930,6135,POST /auth/login,200,OK,Login Load Test 1-82,text,true,,316,251,247,493,http://localhost:8001/auth/login,6135,0,0
1777162983070,4,GET /restaurants?q=ramen,200,OK,Restaurant Search Load Test 2-327,text,true,,587,137,1,494,http://localhost:8002/restaurants/?q=ramen,4,0,1
1777162978074,5001,Login for Token,Non HTTP response code: org.apache.http.conn.HttpHostConnectException,"Non HTTP response message: Connect to localhost:8001 [localhost/127.0.0.1, localhost/0:0:0:0:0:0:0:1] failed: Connection refused",Review Submission Load Test 3-126,text,false,,2623,0,247,493,http://localhost:8001/auth/login,0,0,5001
1777162983075,1,POST /reviews/,401,Unauthorized,Review Submission Load Test 3-126,text,false,"Test failed: code expected to equal /

****** received  : [[[4]]]01

****** comparison: [[[2]]]01

/",204,299,247,493,http://localhost:8004/reviews/,1,0,1
1777162976985,6094,POST /auth/login,200,OK,Login Load Test 1-84,text,true,,316,251,246,492,http://localhost:8001/auth/login,6094,0,0
1777162976894,6185,Login for Token,200,OK,Review Submission Load Test 3-79,text,true,,316,251,246,492,http://localhost:8001/auth/login,6185,0,1
1777162976998,6082,Login for Token,200,OK,Review Submission Load Test 3-83,text,true,,316,251,246,491,http://localhost:8001/auth/login,6082,0,1
1777162983080,3,POST /reviews/,201,Created,Review Submission Load Test 3-79,text,true,,380,440,246,491,http://localhost:8004/reviews/,3,0,0
1777162983080,3,POST /reviews/,201,Created,Review Submission Load Test 3-83,text,true,,380,440,245,490,http://localhost:8004/reviews/,3,0,0
1777162978094,5002,Login for Token,Non HTTP response code: org.apache.http.conn.HttpHostConnectException,"Non HTTP response message: Connect to localhost:8001 [localhost/127.0.0.1, localhost/0:0:0:0:0:0:0:1] failed: Connection refused",Review Submission Load Test 3-127,text,false,,2623,0,244,490,http://localhost:8001/auth/login,0,0,5002
1777162983096,0,POST /reviews/,401,Unauthorized,Review Submission Load Test 3-127,text,false,"Test failed: code expected to equal /

****** received  : [[[4]]]01

****** comparison: [[[2]]]01

/",204,299,244,490,http://localhost:8004/reviews/,0,0,0
1777162983094,3,GET /restaurants?q=ramen,200,OK,Restaurant Search Load Test 2-328,text,true,,587,137,1,489,http://localhost:8002/restaurants/?q=ramen,3,0,1
1777162983120,4,GET /restaurants?q=ramen,200,OK,Restaurant Search Load Test 2-329,text,true,,587,137,1,491,http://localhost:8002/restaurants/?q=ramen,4,0,0
1777162978124,5002,Login for Token,Non HTTP response code: org.apache.http.conn.HttpHostConnectException,"Non HTTP response message: Connect to localhost:8001 [localhost/127.0.0.1, localhost/0:0:0:0:0:0:0:1] failed: Connection refused",Review Submission Load Test 3-128,text,false,,2623,0,245,491,http://localhost:8001/auth/login,0,0,5002
1777162983126,1,POST /reviews/,401,Unauthorized,Review Submission Load Test 3-128,text,false,"Test failed: code expected to equal /

****** received  : [[[4]]]01

****** comparison: [[[2]]]01

/",204,299,245,491,http://localhost:8004/reviews/,1,0,0
1777162978128,5002,POST /auth/login,Non HTTP response code: org.apache.http.conn.HttpHostConnectException,"Non HTTP response message: Connect to localhost:8001 [localhost/127.0.0.1, localhost/0:0:0:0:0:0:0:1] failed: Connection refused",Login Load Test 1-130,text,false,"Test failed: code expected to equal /

****** received  : [[[Non HTTP response code: org.apache.http.conn.HttpHostConnectException]]]

****** comparison: [[[200                                                                  ]]]

/",2623,0,247,491,http://localhost:8001/auth/login,0,0,5002
1777162983145,3,GET /restaurants?q=ramen,200,OK,Restaurant Search Load Test 2-330,text,true,,587,137,1,491,http://localhost:8002/restaurants/?q=ramen,3,0,0
1777162978148,5001,POST /auth/login,Non HTTP response code: org.apache.http.conn.HttpHostConnectException,"Non HTTP response message: Connect to localhost:8001 [localhost/127.0.0.1, localhost/0:0:0:0:0:0:0:1] failed: Connection refused",Login Load Test 1-131,text,false,"Test failed: code expected to equal /

****** received  : [[[Non HTTP response code: org.apache.http.conn.HttpHostConnectException]]]

****** comparison: [[[200                                                                  ]]]

/",2623,0,247,492,http://localhost:8001/auth/login,0,0,5001
1777162978149,5002,Login for Token,Non HTTP response code: org.apache.http.conn.HttpHostConnectException,"Non HTTP response message: Connect to localhost:8001 [localhost/127.0.0.1, localhost/0:0:0:0:0:0:0:1] failed: Connection refused",Review Submission Load Test 3-129,text,false,,2623,0,245,491,http://localhost:8001/auth/login,0,0,5002
1777162983151,0,POST /reviews/,401,Unauthorized,Review Submission Load Test 3-129,text,false,"Test failed: code expected to equal /

****** received  : [[[4]]]01

****** comparison: [[[2]]]01

/",204,299,245,491,http://localhost:8004/reviews/,0,0,0
1777162983170,4,GET /restaurants?q=ramen,200,OK,Restaurant Search Load Test 2-331,text,true,,587,137,1,491,http://localhost:8002/restaurants/?q=ramen,4,0,0
1777162978174,5001,Login for Token,Non HTTP response code: org.apache.http.conn.HttpHostConnectException,"Non HTTP response message: Connect to localhost:8001 [localhost/127.0.0.1, localhost/0:0:0:0:0:0:0:1] failed: Connection refused",Review Submission Load Test 3-130,text,false,,2623,0,245,491,http://localhost:8001/auth/login,0,0,5001
1777162983175,1,POST /reviews/,401,Unauthorized,Review Submission Load Test 3-130,text,false,"Test failed: code expected to equal /

****** received  : [[[4]]]01

****** comparison: [[[2]]]01

/",204,299,245,492,http://localhost:8004/reviews/,1,0,0
1777162978176,5001,POST /auth/login,Non HTTP response code: org.apache.http.conn.HttpHostConnectException,"Non HTTP response message: Connect to localhost:8001 [localhost/127.0.0.1, localhost/0:0:0:0:0:0:0:1] failed: Connection refused",Login Load Test 1-132,text,false,"Test failed: code expected to equal /

****** received  : [[[Non HTTP response code: org.apache.http.conn.HttpHostConnectException]]]

****** comparison: [[[200                                                                  ]]]

/",2623,0,247,491,http://localhost:8001/auth/login,0,0,5001
1777162978197,5000,Login for Token,Non HTTP response code: org.apache.http.conn.HttpHostConnectException,"Non HTTP response message: Connect to localhost:8001 [localhost/127.0.0.1, localhost/0:0:0:0:0:0:0:1] failed: Connection refused",Review Submission Load Test 3-131,text,false,,2623,0,244,491,http://localhost:8001/auth/login,0,0,5000
1777162978196,5001,POST /auth/login,Non HTTP response code: org.apache.http.conn.HttpHostConnectException,"Non HTTP response message: Connect to localhost:8001 [localhost/127.0.0.1, localhost/0:0:0:0:0:0:0:1] failed: Connection refused",Login Load Test 1-133,text,false,"Test failed: code expected to equal /

****** received  : [[[Non HTTP response code: org.apache.http.conn.HttpHostConnectException]]]

****** comparison: [[[200                                                                  ]]]

/",2623,0,246,491,http://localhost:8001/auth/login,0,0,5001
1777162983195,3,GET /restaurants?q=ramen,200,OK,Restaurant Search Load Test 2-332,text,true,,587,137,1,491,http://localhost:8002/restaurants/?q=ramen,3,0,0
1777162983198,0,POST /reviews/,401,Unauthorized,Review Submission Load Test 3-131,text,false,"Test failed: code expected to equal /

****** received  : [[[4]]]01

****** comparison: [[[2]]]01

/",204,299,245,491,http://localhost:8004/reviews/,0,0,0
1777162983221,3,GET /restaurants?q=ramen,200,OK,Restaurant Search Load Test 2-333,text,true,,587,137,1,492,http://localhost:8002/restaurants/?q=ramen,3,0,0
1777162978224,5001,Login for Token,Non HTTP response code: org.apache.http.conn.HttpHostConnectException,"Non HTTP response message: Connect to localhost:8001 [localhost/127.0.0.1, localhost/0:0:0:0:0:0:0:1] failed: Connection refused",Review Submission Load Test 3-132,text,false,,2623,0,245,491,http://localhost:8001/auth/login,0,0,5001
1777162983225,1,POST /reviews/,401,Unauthorized,Review Submission Load Test 3-132,text,false,"Test failed: code expected to equal /

****** received  : [[[4]]]01

****** comparison: [[[2]]]01

/",204,299,245,492,http://localhost:8004/reviews/,1,0,0
1777162978226,5001,POST /auth/login,Non HTTP response code: org.apache.http.conn.HttpHostConnectException,"Non HTTP response message: Connect to localhost:8001 [localhost/127.0.0.1, localhost/0:0:0:0:0:0:0:1] failed: Connection refused",Login Load Test 1-134,text,false,"Test failed: code expected to equal /

****** received  : [[[Non HTTP response code: org.apache.http.conn.HttpHostConnectException]]]

****** comparison: [[[200                                                                  ]]]

/",2623,0,247,491,http://localhost:8001/auth/login,0,0,5001
1777162977009,6236,POST /auth/login,200,OK,Login Load Test 1-85,text,true,,316,251,246,491,http://localhost:8001/auth/login,6236,0,0
1777162976971,6274,Login for Token,200,OK,Review Submission Load Test 3-82,text,true,,316,251,244,491,http://localhost:8001/auth/login,6274,0,1
1777162983244,3,GET /restaurants?q=ramen,200,OK,Restaurant Search Load Test 2-334,text,true,,587,137,1,492,http://localhost:8002/restaurants/?q=ramen,3,0,0
1777162983245,3,POST /reviews/,201,Created,Review Submission Load Test 3-82,text,true,,380,440,245,491,http://localhost:8004/reviews/,3,0,0
1777162978248,5001,Login for Token,Non HTTP response code: org.apache.http.conn.HttpHostConnectException,"Non HTTP response message: Connect to localhost:8001 [localhost/127.0.0.1, localhost/0:0:0:0:0:0:0:1] failed: Connection refused",Review Submission Load Test 3-133,text,false,,2623,0,244,490,http://localhost:8001/auth/login,0,0,5001
1777162983249,1,POST /reviews/,401,Unauthorized,Review Submission Load Test 3-133,text,false,"Test failed: code expected to equal /

****** received  : [[[4]]]01

****** comparison: [[[2]]]01

/",204,299,244,490,http://localhost:8004/reviews/,1,0,1
1777162978250,5002,POST /auth/login,Non HTTP response code: org.apache.http.conn.HttpHostConnectException,"Non HTTP response message: Connect to localhost:8001 [localhost/127.0.0.1, localhost/0:0:0:0:0:0:0:1] failed: Connection refused",Login Load Test 1-135,text,false,"Test failed: code expected to equal /

****** received  : [[[Non HTTP response code: org.apache.http.conn.HttpHostConnectException]]]

****** comparison: [[[200                                                                  ]]]

/",2623,0,246,489,http://localhost:8001/auth/login,0,0,5002
1777162978270,5002,POST /auth/login,Non HTTP response code: org.apache.http.conn.HttpHostConnectException,"Non HTTP response message: Connect to localhost:8001 [localhost/127.0.0.1, localhost/0:0:0:0:0:0:0:1] failed: Connection refused",Login Load Test 1-136,text,false,"Test failed: code expected to equal /

****** received  : [[[Non HTTP response code: org.apache.http.conn.HttpHostConnectException]]]

****** comparison: [[[200                                                                  ]]]

/",2623,0,246,490,http://localhost:8001/auth/login,0,0,5002
1777162983271,3,GET /restaurants?q=ramen,200,OK,Restaurant Search Load Test 2-335,text,true,,587,137,1,490,http://localhost:8002/restaurants/?q=ramen,3,0,1
1777162978273,5001,Login for Token,Non HTTP response code: org.apache.http.conn.HttpHostConnectException,"Non HTTP response message: Connect to localhost:8001 [localhost/127.0.0.1, localhost/0:0:0:0:0:0:0:1] failed: Connection refused",Review Submission Load Test 3-134,text,false,,2623,0,244,489,http://localhost:8001/auth/login,0,0,5001
1777162983274,1,POST /reviews/,401,Unauthorized,Review Submission Load Test 3-134,text,false,"Test failed: code expected to equal /

****** received  : [[[4]]]01

****** comparison: [[[2]]]01

/",204,299,244,489,http://localhost:8004/reviews/,1,0,0
1777162983292,4,GET /restaurants?q=ramen,200,OK,Restaurant Search Load Test 2-336,text,true,,587,137,1,491,http://localhost:8002/restaurants/?q=ramen,4,0,0
1777162978299,5001,Login for Token,Non HTTP response code: org.apache.http.conn.HttpHostConnectException,"Non HTTP response message: Connect to localhost:8001 [localhost/127.0.0.1, localhost/0:0:0:0:0:0:0:1] failed: Connection refused",Review Submission Load Test 3-135,text,false,,2623,0,244,490,http://localhost:8001/auth/login,0,0,5001
1777162983300,1,POST /reviews/,401,Unauthorized,Review Submission Load Test 3-135,text,false,"Test failed: code expected to equal /

****** received  : [[[4]]]01

****** comparison: [[[2]]]01

/",204,299,244,490,http://localhost:8004/reviews/,1,0,0
1777162978304,5001,POST /auth/login,Non HTTP response code: org.apache.http.conn.HttpHostConnectException,"Non HTTP response message: Connect to localhost:8001 [localhost/127.0.0.1, localhost/0:0:0:0:0:0:0:1] failed: Connection refused",Login Load Test 1-137,text,false,"Test failed: code expected to equal /

****** received  : [[[Non HTTP response code: org.apache.http.conn.HttpHostConnectException]]]

****** comparison: [[[200                                                                  ]]]

/",2623,0,246,489,http://localhost:8001/auth/login,0,0,5001
1777162983315,4,GET /restaurants?q=ramen,200,OK,Restaurant Search Load Test 2-337,text,true,,587,137,1,489,http://localhost:8002/restaurants/?q=ramen,4,0,1
1777162978321,5001,Login for Token,Non HTTP response code: org.apache.http.conn.HttpHostConnectException,"Non HTTP response message: Connect to localhost:8001 [localhost/127.0.0.1, localhost/0:0:0:0:0:0:0:1] failed: Connection refused",Review Submission Load Test 3-136,text,false,,2623,0,243,488,http://localhost:8001/auth/login,0,0,5001
1777162983322,1,POST /reviews/,401,Unauthorized,Review Submission Load Test 3-136,text,false,"Test failed: code expected to equal /

****** received  : [[[4]]]01

****** comparison: [[[2]]]01

/",204,299,243,488,http://localhost:8004/reviews/,1,0,1
1777162978324,5002,POST /auth/login,Non HTTP response code: org.apache.http.conn.HttpHostConnectException,"Non HTTP response message: Connect to localhost:8001 [localhost/127.0.0.1, localhost/0:0:0:0:0:0:0:1] failed: Connection refused",Login Load Test 1-138,text,false,"Test failed: code expected to equal /

****** received  : [[[Non HTTP response code: org.apache.http.conn.HttpHostConnectException]]]

****** comparison: [[[200                                                                  ]]]

/",2623,0,246,489,http://localhost:8001/auth/login,0,0,5002
1777162983345,3,GET /restaurants?q=ramen,200,OK,Restaurant Search Load Test 2-338,text,true,,587,137,1,490,http://localhost:8002/restaurants/?q=ramen,3,0,0
1777162978354,5002,POST /auth/login,Non HTTP response code: org.apache.http.conn.HttpHostConnectException,"Non HTTP response message: Connect to localhost:8001 [localhost/127.0.0.1, localhost/0:0:0:0:0:0:0:1] failed: Connection refused",Login Load Test 1-139,text,false,"Test failed: code expected to equal /

****** received  : [[[Non HTTP response code: org.apache.http.conn.HttpHostConnectException]]]

****** comparison: [[[200                                                                  ]]]

/",2623,0,246,490,http://localhost:8001/auth/login,0,0,5002
1777162978370,5002,Login for Token,Non HTTP response code: org.apache.http.conn.HttpHostConnectException,"Non HTTP response message: Connect to localhost:8001 [localhost/127.0.0.1, localhost/0:0:0:0:0:0:0:1] failed: Connection refused",Review Submission Load Test 3-138,text,false,,2623,0,244,491,http://localhost:8001/auth/login,0,0,5002
1777162983372,0,POST /reviews/,401,Unauthorized,Review Submission Load Test 3-138,text,false,"Test failed: code expected to equal /

****** received  : [[[4]]]01

****** comparison: [[[2]]]01

/",204,299,244,491,http://localhost:8004/reviews/,0,0,0
1777162983371,3,GET /restaurants?q=ramen,200,OK,Restaurant Search Load Test 2-339,text,true,,587,137,1,490,http://localhost:8002/restaurants/?q=ramen,3,0,0
1777162978375,5001,POST /auth/login,Non HTTP response code: org.apache.http.conn.HttpHostConnectException,"Non HTTP response message: Connect to localhost:8001 [localhost/127.0.0.1, localhost/0:0:0:0:0:0:0:1] failed: Connection refused",Login Load Test 1-140,text,false,"Test failed: code expected to equal /

****** received  : [[[Non HTTP response code: org.apache.http.conn.HttpHostConnectException]]]

****** comparison: [[[200                                                                  ]]]

/",2623,0,246,490,http://localhost:8001/auth/login,0,0,5001
1777162983396,3,GET /restaurants?q=ramen,200,OK,Restaurant Search Load Test 2-340,text,true,,587,137,1,491,http://localhost:8002/restaurants/?q=ramen,3,0,0
1777162978399,5001,Login for Token,Non HTTP response code: org.apache.http.conn.HttpHostConnectException,"Non HTTP response message: Connect to localhost:8001 [localhost/127.0.0.1, localhost/0:0:0:0:0:0:0:1] failed: Connection refused",Review Submission Load Test 3-139,text,false,,2623,0,245,491,http://localhost:8001/auth/login,0,0,5001
1777162983400,1,POST /reviews/,401,Unauthorized,Review Submission Load Test 3-139,text,false,"Test failed: code expected to equal /

****** received  : [[[4]]]01

****** comparison: [[[2]]]01

/",204,299,245,491,http://localhost:8004/reviews/,1,0,0
1777162978402,5001,POST /auth/login,Non HTTP response code: org.apache.http.conn.HttpHostConnectException,"Non HTTP response message: Connect to localhost:8001 [localhost/127.0.0.1, localhost/0:0:0:0:0:0:0:1] failed: Connection refused",Login Load Test 1-141,text,false,"Test failed: code expected to equal /

****** received  : [[[Non HTTP response code: org.apache.http.conn.HttpHostConnectException]]]

****** comparison: [[[200                                                                  ]]]

/",2623,0,246,490,http://localhost:8001/auth/login,0,0,5001
1777162977033,6385,POST /auth/login,200,OK,Login Load Test 1-86,text,true,,316,251,245,489,http://localhost:8001/auth/login,6385,0,1
1777162976919,6499,Login for Token,200,OK,Review Submission Load Test 3-80,text,true,,316,251,244,488,http://localhost:8001/auth/login,6499,0,0
1777162983418,3,POST /reviews/,201,Created,Review Submission Load Test 3-80,text,true,,380,440,245,490,http://localhost:8004/reviews/,3,0,0
1777162983421,2,GET /restaurants?q=ramen,200,OK,Restaurant Search Load Test 2-341,text,true,,587,137,1,490,http://localhost:8002/restaurants/?q=ramen,2,0,0
1777162978424,5001,Login for Token,Non HTTP response code: org.apache.http.conn.HttpHostConnectException,"Non HTTP response message: Connect to localhost:8001 [localhost/127.0.0.1, localhost/0:0:0:0:0:0:0:1] failed: Connection refused",Review Submission Load Test 3-140,text,false,,2623,0,244,489,http://localhost:8001/auth/login,0,0,5001
1777162978424,5001,POST /auth/login,Non HTTP response code: org.apache.http.conn.HttpHostConnectException,"Non HTTP response message: Connect to localhost:8001 [localhost/127.0.0.1, localhost/0:0:0:0:0:0:0:1] failed: Connection refused",Login Load Test 1-142,text,false,"Test failed: code expected to equal /

****** received  : [[[Non HTTP response code: org.apache.http.conn.HttpHostConnectException]]]

****** comparison: [[[200                                                                  ]]]

/",2623,0,245,489,http://localhost:8001/auth/login,0,0,5001
1777162983425,1,POST /reviews/,401,Unauthorized,Review Submission Load Test 3-140,text,false,"Test failed: code expected to equal /

****** received  : [[[4]]]01

****** comparison: [[[2]]]01

/",204,299,244,488,http://localhost:8004/reviews/,1,0,0
1777162976958,6469,POST /auth/login,200,OK,Login Load Test 1-83,text,true,,316,251,244,487,http://localhost:8001/auth/login,6469,0,1
1777162977056,6371,POST /auth/login,200,OK,Login Load Test 1-87,text,true,,316,251,244,487,http://localhost:8001/auth/login,6371,0,1
1777162977099,6346,Login for Token,200,OK,Review Submission Load Test 3-87,text,true,,316,251,243,485,http://localhost:8001/auth/login,6346,0,0
1777162983445,2,POST /reviews/,201,Created,Review Submission Load Test 3-87,text,true,,380,440,243,487,http://localhost:8004/reviews/,2,0,0
1777162983445,3,GET /restaurants?q=ramen,200,OK,Restaurant Search Load Test 2-342,text,true,,587,137,1,486,http://localhost:8002/restaurants/?q=ramen,3,0,0
1777162978449,5001,Login for Token,Non HTTP response code: org.apache.http.conn.HttpHostConnectException,"Non HTTP response message: Connect to localhost:8001 [localhost/127.0.0.1, localhost/0:0:0:0:0:0:0:1] failed: Connection refused",Review Submission Load Test 3-141,text,false,,2623,0,243,486,http://localhost:8001/auth/login,0,0,5001
1777162983450,1,POST /reviews/,401,Unauthorized,Review Submission Load Test 3-141,text,false,"Test failed: code expected to equal /

****** received  : [[[4]]]01

****** comparison: [[[2]]]01

/",204,299,243,486,http://localhost:8004/reviews/,1,0,0
1777162978452,5001,POST /auth/login,Non HTTP response code: org.apache.http.conn.HttpHostConnectException,"Non HTTP response message: Connect to localhost:8001 [localhost/127.0.0.1, localhost/0:0:0:0:0:0:0:1] failed: Connection refused",Login Load Test 1-143,text,false,"Test failed: code expected to equal /

****** received  : [[[Non HTTP response code: org.apache.http.conn.HttpHostConnectException]]]

****** comparison: [[[200                                                                  ]]]

/",2623,0,243,485,http://localhost:8001/auth/login,0,0,5001
1777162983470,3,GET /restaurants?q=ramen,200,OK,Restaurant Search Load Test 2-343,text,true,,587,137,1,487,http://localhost:8002/restaurants/?q=ramen,3,0,0
1777162983493,3,GET /restaurants?q=ramen,200,OK,Restaurant Search Load Test 2-344,text,true,,587,137,1,489,http://localhost:8002/restaurants/?q=ramen,3,0,0
1777162978499,5001,Login for Token,Non HTTP response code: org.apache.http.conn.HttpHostConnectException,"Non HTTP response message: Connect to localhost:8001 [localhost/127.0.0.1, localhost/0:0:0:0:0:0:0:1] failed: Connection refused",Review Submission Load Test 3-143,text,false,,2623,0,244,488,http://localhost:8001/auth/login,0,0,5001
1777162983500,1,POST /reviews/,401,Unauthorized,Review Submission Load Test 3-143,text,false,"Test failed: code expected to equal /

****** received  : [[[4]]]01

****** comparison: [[[2]]]01

/",204,299,244,488,http://localhost:8004/reviews/,1,0,0
1777162978522,5001,POST /auth/login,Non HTTP response code: org.apache.http.conn.HttpHostConnectException,"Non HTTP response message: Connect to localhost:8001 [localhost/127.0.0.1, localhost/0:0:0:0:0:0:0:1] failed: Connection refused",Login Load Test 1-146,text,false,"Test failed: code expected to equal /

****** received  : [[[Non HTTP response code: org.apache.http.conn.HttpHostConnectException]]]

****** comparison: [[[200                                                                  ]]]

/",2623,0,245,489,http://localhost:8001/auth/login,0,0,5001
1777162983521,2,GET /restaurants?q=ramen,200,OK,Restaurant Search Load Test 2-345,text,true,,587,137,1,488,http://localhost:8002/restaurants/?q=ramen,2,0,0
1777162978523,5001,Login for Token,Non HTTP response code: org.apache.http.conn.HttpHostConnectException,"Non HTTP response message: Connect to localhost:8001 [localhost/127.0.0.1, localhost/0:0:0:0:0:0:0:1] failed: Connection refused",Review Submission Load Test 3-144,text,false,,2623,0,244,488,http://localhost:8001/auth/login,0,0,5001
1777162983524,1,POST /reviews/,401,Unauthorized,Review Submission Load Test 3-144,text,false,"Test failed: code expected to equal /

****** received  : [[[4]]]01

****** comparison: [[[2]]]01

/",204,299,244,488,http://localhost:8004/reviews/,1,0,1
1777162983545,2,GET /restaurants?q=ramen,200,OK,Restaurant Search Load Test 2-346,text,true,,587,137,1,489,http://localhost:8002/restaurants/?q=ramen,2,0,0
1777162978548,5002,POST /auth/login,Non HTTP response code: org.apache.http.conn.HttpHostConnectException,"Non HTTP response message: Connect to localhost:8001 [localhost/127.0.0.1, localhost/0:0:0:0:0:0:0:1] failed: Connection refused",Login Load Test 1-147,text,false,"Test failed: code expected to equal /

****** received  : [[[Non HTTP response code: org.apache.http.conn.HttpHostConnectException]]]

****** comparison: [[[200                                                                  ]]]

/",2623,0,245,489,http://localhost:8001/auth/login,0,0,5002
1777162978550,5001,Login for Token,Non HTTP response code: org.apache.http.conn.HttpHostConnectException,"Non HTTP response message: Connect to localhost:8001 [localhost/127.0.0.1, localhost/0:0:0:0:0:0:0:1] failed: Connection refused",Review Submission Load Test 3-145,text,false,,2623,0,244,488,http://localhost:8001/auth/login,0,0,5001
1777162983551,1,POST /reviews/,401,Unauthorized,Review Submission Load Test 3-145,text,false,"Test failed: code expected to equal /

****** received  : [[[4]]]01

****** comparison: [[[2]]]01

/",204,299,244,488,http://localhost:8004/reviews/,1,0,0
1777162978569,5002,Login for Token,Non HTTP response code: org.apache.http.conn.HttpHostConnectException,"Non HTTP response message: Connect to localhost:8001 [localhost/127.0.0.1, localhost/0:0:0:0:0:0:0:1] failed: Connection refused",Review Submission Load Test 3-146,text,false,,2623,0,244,488,http://localhost:8001/auth/login,0,0,5002
1777162983571,0,POST /reviews/,401,Unauthorized,Review Submission Load Test 3-146,text,false,"Test failed: code expected to equal /

****** received  : [[[4]]]01

****** comparison: [[[2]]]01

/",204,299,244,490,http://localhost:8004/reviews/,0,0,0
1777162983571,2,GET /restaurants?q=ramen,200,OK,Restaurant Search Load Test 2-347,text,true,,587,137,1,489,http://localhost:8002/restaurants/?q=ramen,2,0,0
1777162978574,5001,POST /auth/login,Non HTTP response code: org.apache.http.conn.HttpHostConnectException,"Non HTTP response message: Connect to localhost:8001 [localhost/127.0.0.1, localhost/0:0:0:0:0:0:0:1] failed: Connection refused",Login Load Test 1-148,text,false,"Test failed: code expected to equal /

****** received  : [[[Non HTTP response code: org.apache.http.conn.HttpHostConnectException]]]

****** comparison: [[[200                                                                  ]]]

/",2623,0,245,488,http://localhost:8001/auth/login,0,0,5001
1777162983591,3,GET /restaurants?q=ramen,200,OK,Restaurant Search Load Test 2-348,text,true,,587,137,1,489,http://localhost:8002/restaurants/?q=ramen,3,0,0
1777162977107,6509,POST /auth/login,200,OK,Login Load Test 1-89,text,true,,316,251,245,489,http://localhost:8001/auth/login,6509,0,0
1777162977022,6594,Login for Token,200,OK,Review Submission Load Test 3-84,text,true,,316,251,244,489,http://localhost:8001/auth/login,6594,0,0
1777162983616,3,POST /reviews/,201,Created,Review Submission Load Test 3-84,text,true,,380,440,244,489,http://localhost:8004/reviews/,3,0,0
1777162983621,3,GET /restaurants?q=ramen,200,OK,Restaurant Search Load Test 2-349,text,true,,587,137,1,489,http://localhost:8002/restaurants/?q=ramen,3,0,0
1777162978623,5001,POST /auth/login,Non HTTP response code: org.apache.http.conn.HttpHostConnectException,"Non HTTP response message: Connect to localhost:8001 [localhost/127.0.0.1, localhost/0:0:0:0:0:0:0:1] failed: Connection refused",Login Load Test 1-150,text,false,"Test failed: code expected to equal /

****** received  : [[[Non HTTP response code: org.apache.http.conn.HttpHostConnectException]]]

****** comparison: [[[200                                                                  ]]]

/",2623,0,245,489,http://localhost:8001/auth/login,0,0,5001
1777162978624,5001,Login for Token,Non HTTP response code: org.apache.http.conn.HttpHostConnectException,"Non HTTP response message: Connect to localhost:8001 [localhost/127.0.0.1, localhost/0:0:0:0:0:0:0:1] failed: Connection refused",Review Submission Load Test 3-148,text,false,,2623,0,244,488,http://localhost:8001/auth/login,0,0,5001
1777162983625,1,POST /reviews/,401,Unauthorized,Review Submission Load Test 3-148,text,false,"Test failed: code expected to equal /

****** received  : [[[4]]]01

****** comparison: [[[2]]]01

/",204,299,244,488,http://localhost:8004/reviews/,1,0,0
1777162983646,2,GET /restaurants?q=ramen,200,OK,Restaurant Search Load Test 2-350,text,true,,587,137,1,490,http://localhost:8002/restaurants/?q=ramen,2,0,0
1777162978648,5001,POST /auth/login,Non HTTP response code: org.apache.http.conn.HttpHostConnectException,"Non HTTP response message: Connect to localhost:8001 [localhost/127.0.0.1, localhost/0:0:0:0:0:0:0:1] failed: Connection refused",Login Load Test 1-151,text,false,"Test failed: code expected to equal /

****** received  : [[[Non HTTP response code: org.apache.http.conn.HttpHostConnectException]]]

****** comparison: [[[200                                                                  ]]]

/",2623,0,245,489,http://localhost:8001/auth/login,0,0,5001
1777162978649,5000,Login for Token,Non HTTP response code: org.apache.http.conn.HttpHostConnectException,"Non HTTP response message: Connect to localhost:8001 [localhost/127.0.0.1, localhost/0:0:0:0:0:0:0:1] failed: Connection refused",Review Submission Load Test 3-149,text,false,,2623,0,244,489,http://localhost:8001/auth/login,0,0,5000
1777162983649,1,POST /reviews/,401,Unauthorized,Review Submission Load Test 3-149,text,false,"Test failed: code expected to equal /

****** received  : [[[4]]]01

****** comparison: [[[2]]]01

/",204,299,244,488,http://localhost:8004/reviews/,1,0,0
1777162983670,2,GET /restaurants?q=ramen,200,OK,Restaurant Search Load Test 2-351,text,true,,587,137,1,490,http://localhost:8002/restaurants/?q=ramen,2,0,1
1777162978673,5002,POST /auth/login,Non HTTP response code: org.apache.http.conn.HttpHostConnectException,"Non HTTP response message: Connect to localhost:8001 [localhost/127.0.0.1, localhost/0:0:0:0:0:0:0:1] failed: Connection refused",Login Load Test 1-152,text,false,"Test failed: code expected to equal /

****** received  : [[[Non HTTP response code: org.apache.http.conn.HttpHostConnectException]]]

****** comparison: [[[200                                                                  ]]]

/",2623,0,245,489,http://localhost:8001/auth/login,0,0,5002
1777162978674,5001,Login for Token,Non HTTP response code: org.apache.http.conn.HttpHostConnectException,"Non HTTP response message: Connect to localhost:8001 [localhost/127.0.0.1, localhost/0:0:0:0:0:0:0:1] failed: Connection refused",Review Submission Load Test 3-150,text,false,,2623,0,244,488,http://localhost:8001/auth/login,0,0,5001
1777162983676,0,POST /reviews/,401,Unauthorized,Review Submission Load Test 3-150,text,false,"Test failed: code expected to equal /

****** received  : [[[4]]]01

****** comparison: [[[2]]]01

/",204,299,244,488,http://localhost:8004/reviews/,0,0,0
1777162983690,3,GET /restaurants?q=ramen,200,OK,Restaurant Search Load Test 2-352,text,true,,587,137,1,488,http://localhost:8002/restaurants/?q=ramen,3,0,1
1777162978699,5001,POST /auth/login,Non HTTP response code: org.apache.http.conn.HttpHostConnectException,"Non HTTP response message: Connect to localhost:8001 [localhost/127.0.0.1, localhost/0:0:0:0:0:0:0:1] failed: Connection refused",Login Load Test 1-153,text,false,"Test failed: code expected to equal /

****** received  : [[[Non HTTP response code: org.apache.http.conn.HttpHostConnectException]]]

****** comparison: [[[200                                                                  ]]]

/",2623,0,245,489,http://localhost:8001/auth/login,0,0,5001
1777162978699,5001,Login for Token,Non HTTP response code: org.apache.http.conn.HttpHostConnectException,"Non HTTP response message: Connect to localhost:8001 [localhost/127.0.0.1, localhost/0:0:0:0:0:0:0:1] failed: Connection refused",Review Submission Load Test 3-151,text,false,,2623,0,244,489,http://localhost:8001/auth/login,0,0,5001
1777162983700,1,POST /reviews/,401,Unauthorized,Review Submission Load Test 3-151,text,false,"Test failed: code expected to equal /

****** received  : [[[4]]]01

****** comparison: [[[2]]]01

/",204,299,244,488,http://localhost:8004/reviews/,1,0,0
1777162983720,4,GET /restaurants?q=ramen,200,OK,Restaurant Search Load Test 2-353,text,true,,587,137,1,490,http://localhost:8002/restaurants/?q=ramen,4,0,1
1777162978724,5001,Login for Token,Non HTTP response code: org.apache.http.conn.HttpHostConnectException,"Non HTTP response message: Connect to localhost:8001 [localhost/127.0.0.1, localhost/0:0:0:0:0:0:0:1] failed: Connection refused",Review Submission Load Test 3-152,text,false,,2623,0,244,489,http://localhost:8001/auth/login,0,0,5001
1777162983725,1,POST /reviews/,401,Unauthorized,Review Submission Load Test 3-152,text,false,"Test failed: code expected to equal /

****** received  : [[[4]]]01

****** comparison: [[[2]]]01

/",204,299,244,489,http://localhost:8004/reviews/,1,0,1
1777162978727,5001,POST /auth/login,Non HTTP response code: org.apache.http.conn.HttpHostConnectException,"Non HTTP response message: Connect to localhost:8001 [localhost/127.0.0.1, localhost/0:0:0:0:0:0:0:1] failed: Connection refused",Login Load Test 1-154,text,false,"Test failed: code expected to equal /

****** received  : [[[Non HTTP response code: org.apache.http.conn.HttpHostConnectException]]]

****** comparison: [[[200                                                                  ]]]

/",2623,0,245,488,http://localhost:8001/auth/login,0,0,5001
1777162978745,5002,POST /auth/login,Non HTTP response code: org.apache.http.conn.HttpHostConnectException,"Non HTTP response message: Connect to localhost:8001 [localhost/127.0.0.1, localhost/0:0:0:0:0:0:0:1] failed: Connection refused",Login Load Test 1-155,text,false,"Test failed: code expected to equal /

****** received  : [[[Non HTTP response code: org.apache.http.conn.HttpHostConnectException]]]

****** comparison: [[[200                                                                  ]]]

/",2623,0,245,489,http://localhost:8001/auth/login,0,0,5002
1777162983744,3,GET /restaurants?q=ramen,200,OK,Restaurant Search Load Test 2-354,text,true,,587,137,1,488,http://localhost:8002/restaurants/?q=ramen,3,0,0
1777162978748,5002,Login for Token,Non HTTP response code: org.apache.http.conn.HttpHostConnectException,"Non HTTP response message: Connect to localhost:8001 [localhost/127.0.0.1, localhost/0:0:0:0:0:0:0:1] failed: Connection refused",Review Submission Load Test 3-153,text,false,,2623,0,244,488,http://localhost:8001/auth/login,0,0,5002
1777162983750,0,POST /reviews/,401,Unauthorized,Review Submission Load Test 3-153,text,false,"Test failed: code expected to equal /

****** received  : [[[4]]]01

****** comparison: [[[2]]]01

/",204,299,244,488,http://localhost:8004/reviews/,0,0,0
1777162983768,4,GET /restaurants?q=ramen,200,OK,Restaurant Search Load Test 2-355,text,true,,587,137,1,489,http://localhost:8002/restaurants/?q=ramen,4,0,0
1777162978772,5001,POST /auth/login,Non HTTP response code: org.apache.http.conn.HttpHostConnectException,"Non HTTP response message: Connect to localhost:8001 [localhost/127.0.0.1, localhost/0:0:0:0:0:0:0:1] failed: Connection refused",Login Load Test 1-156,text,false,"Test failed: code expected to equal /

****** received  : [[[Non HTTP response code: org.apache.http.conn.HttpHostConnectException]]]

****** comparison: [[[200                                                                  ]]]

/",2623,0,245,488,http://localhost:8001/auth/login,0,0,5001
1777162978774,5000,Login for Token,Non HTTP response code: org.apache.http.conn.HttpHostConnectException,"Non HTTP response message: Connect to localhost:8001 [localhost/127.0.0.1, localhost/0:0:0:0:0:0:0:1] failed: Connection refused",Review Submission Load Test 3-154,text,false,,2623,0,244,488,http://localhost:8001/auth/login,0,0,5000
1777162983774,1,POST /reviews/,401,Unauthorized,Review Submission Load Test 3-154,text,false,"Test failed: code expected to equal /

****** received  : [[[4]]]01

****** comparison: [[[2]]]01

/",204,299,244,488,http://localhost:8004/reviews/,1,0,0
1777162977126,6662,POST /auth/login,200,OK,Login Load Test 1-90,text,true,,316,251,244,487,http://localhost:8001/auth/login,6662,0,1
1777162977046,6741,Login for Token,200,OK,Review Submission Load Test 3-85,text,true,,316,251,243,487,http://localhost:8001/auth/login,6741,0,0
1777162983788,2,POST /reviews/,201,Created,Review Submission Load Test 3-85,text,true,,380,440,243,486,http://localhost:8004/reviews/,2,0,0
1777162977074,6721,Login for Token,200,OK,Review Submission Load Test 3-86,text,true,,316,251,243,488,http://localhost:8001/auth/login,6721,0,0
1777162977174,6621,Login for Token,200,OK,Review Submission Load Test 3-90,text,true,,316,251,243,488,http://localhost:8001/auth/login,6621,0,1
1777162983795,3,GET /restaurants?q=ramen,200,OK,Restaurant Search Load Test 2-356,text,true,,587,137,1,488,http://localhost:8002/restaurants/?q=ramen,3,0,0
1777162983796,2,POST /reviews/,201,Created,Review Submission Load Test 3-90,text,true,,380,440,243,487,http://localhost:8004/reviews/,2,0,0
1777162983796,2,POST /reviews/,201,Created,Review Submission Load Test 3-86,text,true,,380,440,242,486,http://localhost:8004/reviews/,2,0,0
1777162978797,5001,POST /auth/login,Non HTTP response code: org.apache.http.conn.HttpHostConnectException,"Non HTTP response message: Connect to localhost:8001 [localhost/127.0.0.1, localhost/0:0:0:0:0:0:0:1] failed: Connection refused",Login Load Test 1-157,text,false,"Test failed: code expected to equal /

****** received  : [[[Non HTTP response code: org.apache.http.conn.HttpHostConnectException]]]

****** comparison: [[[200                                                                  ]]]

/",2623,0,244,485,http://localhost:8001/auth/login,0,0,5001
1777162977082,6728,POST /auth/login,200,OK,Login Load Test 1-88,text,true,,316,251,243,484,http://localhost:8001/auth/login,6728,0,1
1777162977194,6616,Login for Token,200,OK,Review Submission Load Test 3-91,text,true,,316,251,241,484,http://localhost:8001/auth/login,6616,0,0
1777162983810,2,POST /reviews/,201,Created,Review Submission Load Test 3-91,text,true,,380,440,241,483,http://localhost:8004/reviews/,2,0,0
1777162983815,3,GET /restaurants?q=ramen,200,OK,Restaurant Search Load Test 2-357,text,true,,587,137,1,483,http://localhost:8002/restaurants/?q=ramen,3,0,1
1777162978822,5001,POST /auth/login,Non HTTP response code: org.apache.http.conn.HttpHostConnectException,"Non HTTP response message: Connect to localhost:8001 [localhost/127.0.0.1, localhost/0:0:0:0:0:0:0:1] failed: Connection refused",Login Load Test 1-158,text,false,"Test failed: code expected to equal /

****** received  : [[[Non HTTP response code: org.apache.http.conn.HttpHostConnectException]]]

****** comparison: [[[200                                                                  ]]]

/",2623,0,243,483,http://localhost:8001/auth/login,0,0,5001
1777162983840,3,GET /restaurants?q=ramen,200,OK,Restaurant Search Load Test 2-358,text,true,,587,137,1,485,http://localhost:8002/restaurants/?q=ramen,3,0,1
1777162978849,5001,POST /auth/login,Non HTTP response code: org.apache.http.conn.HttpHostConnectException,"Non HTTP response message: Connect to localhost:8001 [localhost/127.0.0.1, localhost/0:0:0:0:0:0:0:1] failed: Connection refused",Login Load Test 1-159,text,false,"Test failed: code expected to equal /

****** received  : [[[Non HTTP response code: org.apache.http.conn.HttpHostConnectException]]]

****** comparison: [[[200                                                                  ]]]

/",2623,0,243,485,http://localhost:8001/auth/login,0,0,5001
1777162978849,5001,Login for Token,Non HTTP response code: org.apache.http.conn.HttpHostConnectException,"Non HTTP response message: Connect to localhost:8001 [localhost/127.0.0.1, localhost/0:0:0:0:0:0:0:1] failed: Connection refused",Review Submission Load Test 3-157,text,false,,2623,0,242,484,http://localhost:8001/auth/login,0,0,5001
1777162983850,1,POST /reviews/,401,Unauthorized,Review Submission Load Test 3-157,text,false,"Test failed: code expected to equal /

****** received  : [[[4]]]01

****** comparison: [[[2]]]01

/",204,299,242,484,http://localhost:8004/reviews/,1,0,0
1777162983869,3,GET /restaurants?q=ramen,200,OK,Restaurant Search Load Test 2-359,text,true,,587,137,1,486,http://localhost:8002/restaurants/?q=ramen,3,0,0
1777162978871,5001,Login for Token,Non HTTP response code: org.apache.http.conn.HttpHostConnectException,"Non HTTP response message: Connect to localhost:8001 [localhost/127.0.0.1, localhost/0:0:0:0:0:0:0:1] failed: Connection refused",Review Submission Load Test 3-158,text,false,,2623,0,242,485,http://localhost:8001/auth/login,0,0,5001
1777162983872,0,POST /reviews/,401,Unauthorized,Review Submission Load Test 3-158,text,false,"Test failed: code expected to equal /

****** received  : [[[4]]]01

****** comparison: [[[2]]]01

/",204,299,242,485,http://localhost:8004/reviews/,0,0,0
1777162983895,4,GET /restaurants?q=ramen,200,OK,Restaurant Search Load Test 2-360,text,true,,587,137,1,486,http://localhost:8002/restaurants/?q=ramen,4,0,0
1777162978898,5001,Login for Token,Non HTTP response code: org.apache.http.conn.HttpHostConnectException,"Non HTTP response message: Connect to localhost:8001 [localhost/127.0.0.1, localhost/0:0:0:0:0:0:0:1] failed: Connection refused",Review Submission Load Test 3-159,text,false,,2623,0,242,486,http://localhost:8001/auth/login,0,0,5001
1777162978898,5001,POST /auth/login,Non HTTP response code: org.apache.http.conn.HttpHostConnectException,"Non HTTP response message: Connect to localhost:8001 [localhost/127.0.0.1, localhost/0:0:0:0:0:0:0:1] failed: Connection refused",Login Load Test 1-161,text,false,"Test failed: code expected to equal /

****** received  : [[[Non HTTP response code: org.apache.http.conn.HttpHostConnectException]]]

****** comparison: [[[200                                                                  ]]]

/",2623,0,244,486,http://localhost:8001/auth/login,0,0,5001
1777162983900,0,POST /reviews/,401,Unauthorized,Review Submission Load Test 3-159,text,false,"Test failed: code expected to equal /

****** received  : [[[4]]]01

****** comparison: [[[2]]]01

/",204,299,242,485,http://localhost:8004/reviews/,0,0,0
1777162983920,3,GET /restaurants?q=ramen,200,OK,Restaurant Search Load Test 2-361,text,true,,587,137,1,487,http://localhost:8002/restaurants/?q=ramen,3,0,0
1777162978923,5000,POST /auth/login,Non HTTP response code: org.apache.http.conn.HttpHostConnectException,"Non HTTP response message: Connect to localhost:8001 [localhost/127.0.0.1, localhost/0:0:0:0:0:0:0:1] failed: Connection refused",Login Load Test 1-162,text,false,"Test failed: code expected to equal /

****** received  : [[[Non HTTP response code: org.apache.http.conn.HttpHostConnectException]]]

****** comparison: [[[200                                                                  ]]]

/",2623,0,244,486,http://localhost:8001/auth/login,0,0,5000
1777162978924,5001,Login for Token,Non HTTP response code: org.apache.http.conn.HttpHostConnectException,"Non HTTP response message: Connect to localhost:8001 [localhost/127.0.0.1, localhost/0:0:0:0:0:0:0:1] failed: Connection refused",Review Submission Load Test 3-160,text,false,,2623,0,242,485,http://localhost:8001/auth/login,0,0,5001
1777162983925,1,POST /reviews/,401,Unauthorized,Review Submission Load Test 3-160,text,false,"Test failed: code expected to equal /

****** received  : [[[4]]]01

****** comparison: [[[2]]]01

/",204,299,242,485,http://localhost:8004/reviews/,1,0,0
1777162983942,3,GET /restaurants?q=ramen,200,OK,Restaurant Search Load Test 2-362,text,true,,587,137,1,486,http://localhost:8002/restaurants/?q=ramen,3,0,0
1777162978944,5002,POST /auth/login,Non HTTP response code: org.apache.http.conn.HttpHostConnectException,"Non HTTP response message: Connect to localhost:8001 [localhost/127.0.0.1, localhost/0:0:0:0:0:0:0:1] failed: Connection refused",Login Load Test 1-163,text,false,"Test failed: code expected to equal /

****** received  : [[[Non HTTP response code: org.apache.http.conn.HttpHostConnectException]]]

****** comparison: [[[200                                                                  ]]]

/",2623,0,244,485,http://localhost:8001/auth/login,0,0,5002
1777162978946,5001,Login for Token,Non HTTP response code: org.apache.http.conn.HttpHostConnectException,"Non HTTP response message: Connect to localhost:8001 [localhost/127.0.0.1, localhost/0:0:0:0:0:0:0:1] failed: Connection refused",Review Submission Load Test 3-161,text,false,,2623,0,242,485,http://localhost:8001/auth/login,0,0,5001
1777162983948,0,POST /reviews/,401,Unauthorized,Review Submission Load Test 3-161,text,false,"Test failed: code expected to equal /

****** received  : [[[4]]]01

****** comparison: [[[2]]]01

/",204,299,242,485,http://localhost:8004/reviews/,0,0,0
1777162978969,5001,POST /auth/login,Non HTTP response code: org.apache.http.conn.HttpHostConnectException,"Non HTTP response message: Connect to localhost:8001 [localhost/127.0.0.1, localhost/0:0:0:0:0:0:0:1] failed: Connection refused",Login Load Test 1-164,text,false,"Test failed: code expected to equal /

****** received  : [[[Non HTTP response code: org.apache.http.conn.HttpHostConnectException]]]

****** comparison: [[[200                                                                  ]]]

/",2623,0,244,487,http://localhost:8001/auth/login,0,0,5001
1777162978969,5001,Login for Token,Non HTTP response code: org.apache.http.conn.HttpHostConnectException,"Non HTTP response message: Connect to localhost:8001 [localhost/127.0.0.1, localhost/0:0:0:0:0:0:0:1] failed: Connection refused",Review Submission Load Test 3-162,text,false,,2623,0,242,486,http://localhost:8001/auth/login,0,0,5001
1777162983970,1,POST /reviews/,401,Unauthorized,Review Submission Load Test 3-162,text,false,"Test failed: code expected to equal /

****** received  : [[[4]]]01

****** comparison: [[[2]]]01

/",204,299,242,486,http://localhost:8004/reviews/,1,0,0
1777162983969,2,GET /restaurants?q=ramen,200,OK,Restaurant Search Load Test 2-363,text,true,,587,137,1,486,http://localhost:8002/restaurants/?q=ramen,2,0,0
1777162977206,6775,POST /auth/login,200,OK,Login Load Test 1-93,text,true,,316,251,243,484,http://localhost:8001/auth/login,6775,0,0
1777162977121,6860,Login for Token,200,OK,Review Submission Load Test 3-88,text,true,,316,251,241,484,http://localhost:8001/auth/login,6860,0,0
1777162983981,3,POST /reviews/,201,Created,Review Submission Load Test 3-88,text,true,,380,440,241,483,http://localhost:8004/reviews/,3,0,1
1777162983995,4,GET /restaurants?q=ramen,200,OK,Restaurant Search Load Test 2-364,text,true,,587,137,1,485,http://localhost:8002/restaurants/?q=ramen,4,0,1
1777162978999,5002,Login for Token,Non HTTP response code: org.apache.http.conn.HttpHostConnectException,"Non HTTP response message: Connect to localhost:8001 [localhost/127.0.0.1, localhost/0:0:0:0:0:0:0:1] failed: Connection refused",Review Submission Load Test 3-163,text,false,,2623,0,241,484,http://localhost:8001/auth/login,0,0,5002
1777162984001,0,POST /reviews/,401,Unauthorized,Review Submission Load Test 3-163,text,false,"Test failed: code expected to equal /

****** received  : [[[4]]]01

****** comparison: [[[2]]]01

/",204,299,241,484,http://localhost:8004/reviews/,0,0,0
1777162979019,5001,Login for Token,Non HTTP response code: org.apache.http.conn.HttpHostConnectException,"Non HTTP response message: Connect to localhost:8001 [localhost/127.0.0.1, localhost/0:0:0:0:0:0:0:1] failed: Connection refused",Review Submission Load Test 3-164,text,false,,2623,0,240,485,http://localhost:8001/auth/login,0,0,5001
1777162984021,0,POST /reviews/,401,Unauthorized,Review Submission Load Test 3-164,text,false,"Test failed: code expected to equal /

****** received  : [[[4]]]01

****** comparison: [[[2]]]01

/",204,299,240,485,http://localhost:8004/reviews/,0,0,0
1777162979021,5002,POST /auth/login,Non HTTP response code: org.apache.http.conn.HttpHostConnectException,"Non HTTP response message: Connect to localhost:8001 [localhost/127.0.0.1, localhost/0:0:0:0:0:0:0:1] failed: Connection refused",Login Load Test 1-166,text,false,"Test failed: code expected to equal /

****** received  : [[[Non HTTP response code: org.apache.http.conn.HttpHostConnectException]]]

****** comparison: [[[200                                                                  ]]]

/",2623,0,244,484,http://localhost:8001/auth/login,0,0,5002
1777162984019,4,GET /restaurants?q=ramen,200,OK,Restaurant Search Load Test 2-365,text,true,,587,137,1,483,http://localhost:8002/restaurants/?q=ramen,4,0,1
1777162979046,5001,Login for Token,Non HTTP response code: org.apache.http.conn.HttpHostConnectException,"Non HTTP response message: Connect to localhost:8001 [localhost/127.0.0.1, localhost/0:0:0:0:0:0:0:1] failed: Connection refused",Review Submission Load Test 3-165,text,false,,2623,0,241,486,http://localhost:8001/auth/login,0,0,5001
1777162984043,4,GET /restaurants?q=ramen,200,OK,Restaurant Search Load Test 2-366,text,true,,587,137,1,486,http://localhost:8002/restaurants/?q=ramen,4,0,1
1777162979046,5002,POST /auth/login,Non HTTP response code: org.apache.http.conn.HttpHostConnectException,"Non HTTP response message: Connect to localhost:8001 [localhost/127.0.0.1, localhost/0:0:0:0:0:0:0:1] failed: Connection refused",Login Load Test 1-167,text,false,"Test failed: code expected to equal /

****** received  : [[[Non HTTP response code: org.apache.http.conn.HttpHostConnectException]]]

****** comparison: [[[200                                                                  ]]]

/",2623,0,244,485,http://localhost:8001/auth/login,0,0,5002
1777162984047,1,POST /reviews/,401,Unauthorized,Review Submission Load Test 3-165,text,false,"Test failed: code expected to equal /

****** received  : [[[4]]]01

****** comparison: [[[2]]]01

/",204,299,241,485,http://localhost:8004/reviews/,1,0,0
1777162984071,2,GET /restaurants?q=ramen,200,OK,Restaurant Search Load Test 2-367,text,true,,587,137,1,485,http://localhost:8002/restaurants/?q=ramen,2,0,0
1777162979072,5001,POST /auth/login,Non HTTP response code: org.apache.http.conn.HttpHostConnectException,"Non HTTP response message: Connect to localhost:8001 [localhost/127.0.0.1, localhost/0:0:0:0:0:0:0:1] failed: Connection refused",Login Load Test 1-168,text,false,"Test failed: code expected to equal /

****** received  : [[[Non HTTP response code: org.apache.http.conn.HttpHostConnectException]]]

****** comparison: [[[200                                                                  ]]]

/",2623,0,244,485,http://localhost:8001/auth/login,0,0,5001
1777162979074,5001,Login for Token,Non HTTP response code: org.apache.http.conn.HttpHostConnectException,"Non HTTP response message: Connect to localhost:8001 [localhost/127.0.0.1, localhost/0:0:0:0:0:0:0:1] failed: Connection refused",Review Submission Load Test 3-166,text,false,,2623,0,241,484,http://localhost:8001/auth/login,0,0,5001
1777162984075,1,POST /reviews/,401,Unauthorized,Review Submission Load Test 3-166,text,false,"Test failed: code expected to equal /

****** received  : [[[4]]]01

****** comparison: [[[2]]]01

/",204,299,241,484,http://localhost:8004/reviews/,1,0,0
1777162984095,2,GET /restaurants?q=ramen,200,OK,Restaurant Search Load Test 2-368,text,true,,587,137,1,486,http://localhost:8002/restaurants/?q=ramen,2,0,0
1777162979121,5002,POST /auth/login,Non HTTP response code: org.apache.http.conn.HttpHostConnectException,"Non HTTP response message: Connect to localhost:8001 [localhost/127.0.0.1, localhost/0:0:0:0:0:0:0:1] failed: Connection refused",Login Load Test 1-170,text,false,"Test failed: code expected to equal /

****** received  : [[[Non HTTP response code: org.apache.http.conn.HttpHostConnectException]]]

****** comparison: [[[200                                                                  ]]]

/",2623,0,245,487,http://localhost:8001/auth/login,0,0,5002
1777162984121,3,GET /restaurants?q=ramen,200,OK,Restaurant Search Load Test 2-369,text,true,,587,137,1,487,http://localhost:8002/restaurants/?q=ramen,3,0,0
1777162984144,3,GET /restaurants?q=ramen,200,OK,Restaurant Search Load Test 2-370,text,true,,587,137,1,488,http://localhost:8002/restaurants/?q=ramen,3,0,0
1777162979148,5001,POST /auth/login,Non HTTP response code: org.apache.http.conn.HttpHostConnectException,"Non HTTP response message: Connect to localhost:8001 [localhost/127.0.0.1, localhost/0:0:0:0:0:0:0:1] failed: Connection refused",Login Load Test 1-171,text,false,"Test failed: code expected to equal /

****** received  : [[[Non HTTP response code: org.apache.http.conn.HttpHostConnectException]]]

****** comparison: [[[200                                                                  ]]]

/",2623,0,245,488,http://localhost:8001/auth/login,0,0,5001
1777162979149,5001,Login for Token,Non HTTP response code: org.apache.http.conn.HttpHostConnectException,"Non HTTP response message: Connect to localhost:8001 [localhost/127.0.0.1, localhost/0:0:0:0:0:0:0:1] failed: Connection refused",Review Submission Load Test 3-169,text,false,,2623,0,243,487,http://localhost:8001/auth/login,0,0,5001
1777162984150,1,POST /reviews/,401,Unauthorized,Review Submission Load Test 3-169,text,false,"Test failed: code expected to equal /

****** received  : [[[4]]]01

****** comparison: [[[2]]]01

/",204,299,243,487,http://localhost:8004/reviews/,1,0,0
1777162977231,6920,POST /auth/login,200,OK,Login Load Test 1-94,text,true,,316,251,244,486,http://localhost:8001/auth/login,6920,0,0
1777162977144,7007,Login for Token,200,OK,Review Submission Load Test 3-89,text,true,,316,251,242,486,http://localhost:8001/auth/login,7007,0,0
1777162984151,3,POST /reviews/,201,Created,Review Submission Load Test 3-89,text,true,,380,440,242,485,http://localhost:8004/reviews/,3,0,0
1777162977158,7006,POST /auth/login,200,OK,Login Load Test 1-91,text,true,,316,251,243,484,http://localhost:8001/auth/login,7006,0,0
1777162977270,6894,Login for Token,200,OK,Review Submission Load Test 3-94,text,true,,316,251,241,484,http://localhost:8001/auth/login,6894,0,1
1777162977257,6908,POST /auth/login,200,OK,Login Load Test 1-95,text,true,,316,251,242,483,http://localhost:8001/auth/login,6908,0,0
1777162984164,3,POST /reviews/,201,Created,Review Submission Load Test 3-94,text,true,,380,440,241,483,http://localhost:8004/reviews/,3,0,0
1777162984170,4,GET /restaurants?q=ramen,200,OK,Restaurant Search Load Test 2-371,text,true,,587,137,1,483,http://localhost:8002/restaurants/?q=ramen,4,0,0
1777162979173,5001,POST /auth/login,Non HTTP response code: org.apache.http.conn.HttpHostConnectException,"Non HTTP response message: Connect to localhost:8001 [localhost/127.0.0.1, localhost/0:0:0:0:0:0:0:1] failed: Connection refused",Login Load Test 1-172,text,false,"Test failed: code expected to equal /

****** received  : [[[Non HTTP response code: org.apache.http.conn.HttpHostConnectException]]]

****** comparison: [[[200                                                                  ]]]

/",2623,0,242,483,http://localhost:8001/auth/login,0,0,5001
1777162977177,7000,POST /auth/login,200,OK,Login Load Test 1-92,text,true,,316,251,241,482,http://localhost:8001/auth/login,7000,0,1
1777162977281,6896,POST /auth/login,200,OK,Login Load Test 1-96,text,true,,316,251,241,482,http://localhost:8001/auth/login,6896,0,0
1777162984191,1,GET /restaurants?q=ramen,200,OK,Restaurant Search Load Test 2-372,text,true,,587,137,1,481,http://localhost:8002/restaurants/?q=ramen,1,0,0
1777162984217,2,GET /restaurants?q=ramen,200,OK,Restaurant Search Load Test 2-373,text,true,,587,137,1,485,http://localhost:8002/restaurants/?q=ramen,2,0,1
1777162979224,5000,POST /auth/login,Non HTTP response code: org.apache.http.conn.HttpHostConnectException,"Non HTTP response message: Connect to localhost:8001 [localhost/127.0.0.1, localhost/0:0:0:0:0:0:0:1] failed: Connection refused",Login Load Test 1-174,text,false,"Test failed: code expected to equal /

****** received  : [[[Non HTTP response code: org.apache.http.conn.HttpHostConnectException]]]

****** comparison: [[[200                                                                  ]]]

/",2623,0,241,484,http://localhost:8001/auth/login,0,0,5000
1777162979224,5000,Login for Token,Non HTTP response code: org.apache.http.conn.HttpHostConnectException,"Non HTTP response message: Connect to localhost:8001 [localhost/127.0.0.1, localhost/0:0:0:0:0:0:0:1] failed: Connection refused",Review Submission Load Test 3-172,text,false,,2623,0,243,483,http://localhost:8001/auth/login,0,0,5000
1777162984225,0,POST /reviews/,401,Unauthorized,Review Submission Load Test 3-172,text,false,"Test failed: code expected to equal /

****** received  : [[[4]]]01

****** comparison: [[[2]]]01

/",204,299,243,483,http://localhost:8004/reviews/,0,0,0
1777162984241,2,GET /restaurants?q=ramen,200,OK,Restaurant Search Load Test 2-374,text,true,,587,137,1,483,http://localhost:8002/restaurants/?q=ramen,2,0,0
1777162979247,5002,POST /auth/login,Non HTTP response code: org.apache.http.conn.HttpHostConnectException,"Non HTTP response message: Connect to localhost:8001 [localhost/127.0.0.1, localhost/0:0:0:0:0:0:0:1] failed: Connection refused",Login Load Test 1-175,text,false,"Test failed: code expected to equal /

****** received  : [[[Non HTTP response code: org.apache.http.conn.HttpHostConnectException]]]

****** comparison: [[[200                                                                  ]]]

/",2623,0,241,484,http://localhost:8001/auth/login,0,0,5002
1777162979249,5001,Login for Token,Non HTTP response code: org.apache.http.conn.HttpHostConnectException,"Non HTTP response message: Connect to localhost:8001 [localhost/127.0.0.1, localhost/0:0:0:0:0:0:0:1] failed: Connection refused",Review Submission Load Test 3-173,text,false,,2623,0,243,483,http://localhost:8001/auth/login,0,0,5001
1777162984250,1,POST /reviews/,401,Unauthorized,Review Submission Load Test 3-173,text,false,"Test failed: code expected to equal /

****** received  : [[[4]]]01

****** comparison: [[[2]]]01

/",204,299,243,483,http://localhost:8004/reviews/,1,0,0
1777162984268,2,GET /restaurants?q=ramen,200,OK,Restaurant Search Load Test 2-375,text,true,,587,137,1,485,http://localhost:8002/restaurants/?q=ramen,2,0,1
1777162979277,5001,POST /auth/login,Non HTTP response code: org.apache.http.conn.HttpHostConnectException,"Non HTTP response message: Connect to localhost:8001 [localhost/127.0.0.1, localhost/0:0:0:0:0:0:0:1] failed: Connection refused",Login Load Test 1-176,text,false,"Test failed: code expected to equal /

****** received  : [[[Non HTTP response code: org.apache.http.conn.HttpHostConnectException]]]

****** comparison: [[[200                                                                  ]]]

/",2623,0,241,484,http://localhost:8001/auth/login,0,0,5001
1777162984295,2,GET /restaurants?q=ramen,200,OK,Restaurant Search Load Test 2-376,text,true,,587,137,1,486,http://localhost:8002/restaurants/?q=ramen,2,0,1
1777162979299,5001,Login for Token,Non HTTP response code: org.apache.http.conn.HttpHostConnectException,"Non HTTP response message: Connect to localhost:8001 [localhost/127.0.0.1, localhost/0:0:0:0:0:0:0:1] failed: Connection refused",Review Submission Load Test 3-175,text,false,,2623,0,244,485,http://localhost:8001/auth/login,0,0,5001
1777162984301,0,POST /reviews/,401,Unauthorized,Review Submission Load Test 3-175,text,false,"Test failed: code expected to equal /

****** received  : [[[4]]]01

****** comparison: [[[2]]]01

/",204,299,244,485,http://localhost:8004/reviews/,0,0,0
1777162984321,2,GET /restaurants?q=ramen,200,OK,Restaurant Search Load Test 2-377,text,true,,587,137,1,487,http://localhost:8002/restaurants/?q=ramen,2,0,0
1777162979323,5001,POST /auth/login,Non HTTP response code: org.apache.http.conn.HttpHostConnectException,"Non HTTP response message: Connect to localhost:8001 [localhost/127.0.0.1, localhost/0:0:0:0:0:0:0:1] failed: Connection refused",Login Load Test 1-178,text,false,"Test failed: code expected to equal /

****** received  : [[[Non HTTP response code: org.apache.http.conn.HttpHostConnectException]]]

****** comparison: [[[200                                                                  ]]]

/",2623,0,242,486,http://localhost:8001/auth/login,0,0,5001
1777162979324,5001,Login for Token,Non HTTP response code: org.apache.http.conn.HttpHostConnectException,"Non HTTP response message: Connect to localhost:8001 [localhost/127.0.0.1, localhost/0:0:0:0:0:0:0:1] failed: Connection refused",Review Submission Load Test 3-176,text,false,,2623,0,244,485,http://localhost:8001/auth/login,0,0,5001
1777162984326,1,POST /reviews/,401,Unauthorized,Review Submission Load Test 3-176,text,false,"Test failed: code expected to equal /

****** received  : [[[4]]]01

****** comparison: [[[2]]]01

/",204,299,244,485,http://localhost:8004/reviews/,1,0,0
1777162984346,2,GET /restaurants?q=ramen,200,OK,Restaurant Search Load Test 2-378,text,true,,587,137,1,486,http://localhost:8002/restaurants/?q=ramen,2,0,0
1777162979348,5000,POST /auth/login,Non HTTP response code: org.apache.http.conn.HttpHostConnectException,"Non HTTP response message: Connect to localhost:8001 [localhost/127.0.0.1, localhost/0:0:0:0:0:0:0:1] failed: Connection refused",Login Load Test 1-179,text,false,"Test failed: code expected to equal /

****** received  : [[[Non HTTP response code: org.apache.http.conn.HttpHostConnectException]]]

****** comparison: [[[200                                                                  ]]]

/",2623,0,242,486,http://localhost:8001/auth/login,0,0,5000
1777162979347,5001,Login for Token,Non HTTP response code: org.apache.http.conn.HttpHostConnectException,"Non HTTP response message: Connect to localhost:8001 [localhost/127.0.0.1, localhost/0:0:0:0:0:0:0:1] failed: Connection refused",Review Submission Load Test 3-177,text,false,,2623,0,244,486,http://localhost:8001/auth/login,0,0,5001
1777162984349,0,POST /reviews/,401,Unauthorized,Review Submission Load Test 3-177,text,false,"Test failed: code expected to equal /

****** received  : [[[4]]]01

****** comparison: [[[2]]]01

/",204,299,244,485,http://localhost:8004/reviews/,0,0,0
1777162977307,7046,POST /auth/login,200,OK,Login Load Test 1-97,text,true,,316,251,241,484,http://localhost:8001/auth/login,7046,0,1
1777162977220,7133,Login for Token,200,OK,Review Submission Load Test 3-92,text,true,,316,251,243,484,http://localhost:8001/auth/login,7133,0,0
1777162984353,2,POST /reviews/,201,Created,Review Submission Load Test 3-92,text,true,,380,440,243,483,http://localhost:8004/reviews/,2,0,0
1777162984368,2,GET /restaurants?q=ramen,200,OK,Restaurant Search Load Test 2-379,text,true,,587,137,1,484,http://localhost:8002/restaurants/?q=ramen,2,0,0
1777162979374,5000,Login for Token,Non HTTP response code: org.apache.http.conn.HttpHostConnectException,"Non HTTP response message: Connect to localhost:8001 [localhost/127.0.0.1, localhost/0:0:0:0:0:0:0:1] failed: Connection refused",Review Submission Load Test 3-178,text,false,,2623,0,243,484,http://localhost:8001/auth/login,0,0,5000
1777162984374,1,POST /reviews/,401,Unauthorized,Review Submission Load Test 3-178,text,false,"Test failed: code expected to equal /

****** received  : [[[4]]]01

****** comparison: [[[2]]]01

/",204,299,243,484,http://localhost:8004/reviews/,1,0,0
1777162979375,5000,POST /auth/login,Non HTTP response code: org.apache.http.conn.HttpHostConnectException,"Non HTTP response message: Connect to localhost:8001 [localhost/127.0.0.1, localhost/0:0:0:0:0:0:0:1] failed: Connection refused",Login Load Test 1-180,text,false,"Test failed: code expected to equal /

****** received  : [[[Non HTTP response code: org.apache.http.conn.HttpHostConnectException]]]

****** comparison: [[[200                                                                  ]]]

/",2623,0,241,483,http://localhost:8001/auth/login,0,0,5000
1777162984395,2,GET /restaurants?q=ramen,200,OK,Restaurant Search Load Test 2-380,text,true,,587,137,1,485,http://localhost:8002/restaurants/?q=ramen,2,0,0
1777162979399,5001,Login for Token,Non HTTP response code: org.apache.http.conn.HttpHostConnectException,"Non HTTP response message: Connect to localhost:8001 [localhost/127.0.0.1, localhost/0:0:0:0:0:0:0:1] failed: Connection refused",Review Submission Load Test 3-179,text,false,,2623,0,243,484,http://localhost:8001/auth/login,0,0,5001
1777162984401,1,POST /reviews/,401,Unauthorized,Review Submission Load Test 3-179,text,false,"Test failed: code expected to equal /

****** received  : [[[4]]]01

****** comparison: [[[2]]]01

/",204,299,243,484,http://localhost:8004/reviews/,1,0,0
1777162984420,2,GET /restaurants?q=ramen,200,OK,Restaurant Search Load Test 2-381,text,true,,587,137,1,486,http://localhost:8002/restaurants/?q=ramen,2,0,0
1777162979422,5000,Login for Token,Non HTTP response code: org.apache.http.conn.HttpHostConnectException,"Non HTTP response message: Connect to localhost:8001 [localhost/127.0.0.1, localhost/0:0:0:0:0:0:0:1] failed: Connection refused",Review Submission Load Test 3-180,text,false,,2623,0,243,485,http://localhost:8001/auth/login,0,0,5000
1777162984423,1,POST /reviews/,401,Unauthorized,Review Submission Load Test 3-180,text,false,"Test failed: code expected to equal /

****** received  : [[[4]]]01

****** comparison: [[[2]]]01

/",204,299,243,485,http://localhost:8004/reviews/,1,0,0
1777162979423,5001,POST /auth/login,Non HTTP response code: org.apache.http.conn.HttpHostConnectException,"Non HTTP response message: Connect to localhost:8001 [localhost/127.0.0.1, localhost/0:0:0:0:0:0:0:1] failed: Connection refused",Login Load Test 1-182,text,false,"Test failed: code expected to equal /

****** received  : [[[Non HTTP response code: org.apache.http.conn.HttpHostConnectException]]]

****** comparison: [[[200                                                                  ]]]

/",2623,0,242,484,http://localhost:8001/auth/login,0,0,5001
1777162984441,2,GET /restaurants?q=ramen,200,OK,Restaurant Search Load Test 2-382,text,true,,587,137,1,485,http://localhost:8002/restaurants/?q=ramen,2,0,0
1777162979447,5001,POST /auth/login,Non HTTP response code: org.apache.http.conn.HttpHostConnectException,"Non HTTP response message: Connect to localhost:8001 [localhost/127.0.0.1, localhost/0:0:0:0:0:0:0:1] failed: Connection refused",Login Load Test 1-183,text,false,"Test failed: code expected to equal /

****** received  : [[[Non HTTP response code: org.apache.http.conn.HttpHostConnectException]]]

****** comparison: [[[200                                                                  ]]]

/",2623,0,242,484,http://localhost:8001/auth/login,0,0,5001
1777162979448,5002,Login for Token,Non HTTP response code: org.apache.http.conn.HttpHostConnectException,"Non HTTP response message: Connect to localhost:8001 [localhost/127.0.0.1, localhost/0:0:0:0:0:0:0:1] failed: Connection refused",Review Submission Load Test 3-181,text,false,,2623,0,243,484,http://localhost:8001/auth/login,0,0,5002
1777162984450,0,POST /reviews/,401,Unauthorized,Review Submission Load Test 3-181,text,false,"Test failed: code expected to equal /

****** received  : [[[4]]]01

****** comparison: [[[2]]]01

/",204,299,243,484,http://localhost:8004/reviews/,0,0,0
1777162979465,5001,POST /auth/login,Non HTTP response code: org.apache.http.conn.HttpHostConnectException,"Non HTTP response message: Connect to localhost:8001 [localhost/127.0.0.1, localhost/0:0:0:0:0:0:0:1] failed: Connection refused",Login Load Test 1-184,text,false,"Test failed: code expected to equal /

****** received  : [[[Non HTTP response code: org.apache.http.conn.HttpHostConnectException]]]

****** comparison: [[[200                                                                  ]]]

/",2623,0,242,485,http://localhost:8001/auth/login,0,0,5001
1777162984466,2,GET /restaurants?q=ramen,200,OK,Restaurant Search Load Test 2-383,text,true,,587,137,1,484,http://localhost:8002/restaurants/?q=ramen,2,0,0
1777162979471,5001,Login for Token,Non HTTP response code: org.apache.http.conn.HttpHostConnectException,"Non HTTP response message: Connect to localhost:8001 [localhost/127.0.0.1, localhost/0:0:0:0:0:0:0:1] failed: Connection refused",Review Submission Load Test 3-182,text,false,,2623,0,242,483,http://localhost:8001/auth/login,0,0,5001
1777162984473,1,POST /reviews/,401,Unauthorized,Review Submission Load Test 3-182,text,false,"Test failed: code expected to equal /

****** received  : [[[4]]]01

****** comparison: [[[2]]]01

/",204,299,242,483,http://localhost:8004/reviews/,1,0,0
1777162984495,2,GET /restaurants?q=ramen,200,OK,Restaurant Search Load Test 2-384,text,true,,587,137,1,485,http://localhost:8002/restaurants/?q=ramen,2,0,0
1777162984518,1,GET /restaurants?q=ramen,200,OK,Restaurant Search Load Test 2-385,text,true,,587,137,1,487,http://localhost:8002/restaurants/?q=ramen,1,0,0
1777162979519,5002,Login for Token,Non HTTP response code: org.apache.http.conn.HttpHostConnectException,"Non HTTP response message: Connect to localhost:8001 [localhost/127.0.0.1, localhost/0:0:0:0:0:0:0:1] failed: Connection refused",Review Submission Load Test 3-184,text,false,,2623,0,244,487,http://localhost:8001/auth/login,0,0,5002
1777162984521,1,POST /reviews/,401,Unauthorized,Review Submission Load Test 3-184,text,false,"Test failed: code expected to equal /

****** received  : [[[4]]]01

****** comparison: [[[2]]]01

/",204,299,244,487,http://localhost:8004/reviews/,1,0,0
1777162979524,5001,POST /auth/login,Non HTTP response code: org.apache.http.conn.HttpHostConnectException,"Non HTTP response message: Connect to localhost:8001 [localhost/127.0.0.1, localhost/0:0:0:0:0:0:0:1] failed: Connection refused",Login Load Test 1-186,text,false,"Test failed: code expected to equal /

****** received  : [[[Non HTTP response code: org.apache.http.conn.HttpHostConnectException]]]

****** comparison: [[[200                                                                  ]]]

/",2623,0,243,486,http://localhost:8001/auth/login,0,0,5001
1777162977331,7195,POST /auth/login,200,OK,Login Load Test 1-98,text,true,,316,251,242,485,http://localhost:8001/auth/login,7195,0,1
1777162977249,7277,Login for Token,200,OK,Review Submission Load Test 3-93,text,true,,316,251,243,485,http://localhost:8001/auth/login,7277,0,0
1777162984527,1,POST /reviews/,201,Created,Review Submission Load Test 3-93,text,true,,380,440,243,484,http://localhost:8004/reviews/,1,0,0
1777162977374,7164,Login for Token,200,OK,Review Submission Load Test 3-98,text,true,,316,251,242,484,http://localhost:8001/auth/login,7164,0,0
1777162984538,2,POST /reviews/,201,Created,Review Submission Load Test 3-98,text,true,,380,440,242,484,http://localhost:8004/reviews/,2,0,1
1777162979546,5001,POST /auth/login,Non HTTP response code: org.apache.http.conn.HttpHostConnectException,"Non HTTP response message: Connect to localhost:8001 [localhost/127.0.0.1, localhost/0:0:0:0:0:0:0:1] failed: Connection refused",Login Load Test 1-187,text,false,"Test failed: code expected to equal /

****** received  : [[[Non HTTP response code: org.apache.http.conn.HttpHostConnectException]]]

****** comparison: [[[200                                                                  ]]]

/",2623,0,242,484,http://localhost:8001/auth/login,0,0,5001
1777162984546,1,GET /restaurants?q=ramen,200,OK,Restaurant Search Load Test 2-386,text,true,,587,137,1,483,http://localhost:8002/restaurants/?q=ramen,1,0,0
1777162979546,5001,Login for Token,Non HTTP response code: org.apache.http.conn.HttpHostConnectException,"Non HTTP response message: Connect to localhost:8001 [localhost/127.0.0.1, localhost/0:0:0:0:0:0:0:1] failed: Connection refused",Review Submission Load Test 3-185,text,false,,2623,0,242,483,http://localhost:8001/auth/login,0,0,5001
1777162984547,1,POST /reviews/,401,Unauthorized,Review Submission Load Test 3-185,text,false,"Test failed: code expected to equal /

****** received  : [[[4]]]01

****** comparison: [[[2]]]01

/",204,299,242,483,http://localhost:8004/reviews/,1,0,1
1777162977297,7255,Login for Token,200,OK,Review Submission Load Test 3-95,text,true,,316,251,241,482,http://localhost:8001/auth/login,7255,0,0
1777162977378,7174,POST /auth/login,200,OK,Login Load Test 1-100,text,true,,316,251,241,482,http://localhost:8001/auth/login,7174,0,1
1777162984552,2,POST /reviews/,201,Created,Review Submission Load Test 3-95,text,true,,380,440,241,481,http://localhost:8004/reviews/,2,0,0
1777162984570,2,GET /restaurants?q=ramen,200,OK,Restaurant Search Load Test 2-387,text,true,,587,137,1,482,http://localhost:8002/restaurants/?q=ramen,2,0,1
1777162979574,5001,POST /auth/login,Non HTTP response code: org.apache.http.conn.HttpHostConnectException,"Non HTTP response message: Connect to localhost:8001 [localhost/127.0.0.1, localhost/0:0:0:0:0:0:0:1] failed: Connection refused",Login Load Test 1-188,text,false,"Test failed: code expected to equal /

****** received  : [[[Non HTTP response code: org.apache.http.conn.HttpHostConnectException]]]

****** comparison: [[[200                                                                  ]]]

/",2623,0,241,482,http://localhost:8001/auth/login,0,0,5001
1777162979574,5001,Login for Token,Non HTTP response code: org.apache.http.conn.HttpHostConnectException,"Non HTTP response message: Connect to localhost:8001 [localhost/127.0.0.1, localhost/0:0:0:0:0:0:0:1] failed: Connection refused",Review Submission Load Test 3-186,text,false,,2623,0,241,482,http://localhost:8001/auth/login,0,0,5001
1777162984576,0,POST /reviews/,401,Unauthorized,Review Submission Load Test 3-186,text,false,"Test failed: code expected to equal /

****** received  : [[[4]]]01

****** comparison: [[[2]]]01

/",204,299,241,481,http://localhost:8004/reviews/,0,0,0
1777162984592,1,GET /restaurants?q=ramen,200,OK,Restaurant Search Load Test 2-388,text,true,,587,137,1,482,http://localhost:8002/restaurants/?q=ramen,1,0,0
1777162979595,5001,POST /auth/login,Non HTTP response code: org.apache.http.conn.HttpHostConnectException,"Non HTTP response message: Connect to localhost:8001 [localhost/127.0.0.1, localhost/0:0:0:0:0:0:0:1] failed: Connection refused",Login Load Test 1-189,text,false,"Test failed: code expected to equal /

****** received  : [[[Non HTTP response code: org.apache.http.conn.HttpHostConnectException]]]

****** comparison: [[[200                                                                  ]]]

/",2623,0,241,481,http://localhost:8001/auth/login,0,0,5001
1777162984620,2,GET /restaurants?q=ramen,200,OK,Restaurant Search Load Test 2-389,text,true,,587,137,1,484,http://localhost:8002/restaurants/?q=ramen,2,0,1
1777162984645,2,GET /restaurants?q=ramen,200,OK,Restaurant Search Load Test 2-390,text,true,,587,137,1,485,http://localhost:8002/restaurants/?q=ramen,2,0,1
1777162979648,5001,POST /auth/login,Non HTTP response code: org.apache.http.conn.HttpHostConnectException,"Non HTTP response message: Connect to localhost:8001 [localhost/127.0.0.1, localhost/0:0:0:0:0:0:0:1] failed: Connection refused",Login Load Test 1-191,text,false,"Test failed: code expected to equal /

****** received  : [[[Non HTTP response code: org.apache.http.conn.HttpHostConnectException]]]

****** comparison: [[[200                                                                  ]]]

/",2623,0,242,485,http://localhost:8001/auth/login,0,0,5001
1777162979648,5001,Login for Token,Non HTTP response code: org.apache.http.conn.HttpHostConnectException,"Non HTTP response message: Connect to localhost:8001 [localhost/127.0.0.1, localhost/0:0:0:0:0:0:0:1] failed: Connection refused",Review Submission Load Test 3-189,text,false,,2623,0,243,485,http://localhost:8001/auth/login,0,0,5001
1777162984649,1,POST /reviews/,401,Unauthorized,Review Submission Load Test 3-189,text,false,"Test failed: code expected to equal /

****** received  : [[[4]]]01

****** comparison: [[[2]]]01

/",204,299,243,484,http://localhost:8004/reviews/,1,0,0
1777162979670,5000,Login for Token,Non HTTP response code: org.apache.http.conn.HttpHostConnectException,"Non HTTP response message: Connect to localhost:8001 [localhost/127.0.0.1, localhost/0:0:0:0:0:0:0:1] failed: Connection refused",Review Submission Load Test 3-190,text,false,,2623,0,242,484,http://localhost:8001/auth/login,0,0,5000
1777162984670,1,POST /reviews/,401,Unauthorized,Review Submission Load Test 3-190,text,false,"Test failed: code expected to equal /

****** received  : [[[4]]]01

****** comparison: [[[2]]]01

/",204,299,242,485,http://localhost:8004/reviews/,1,0,0
1777162984670,2,GET /restaurants?q=ramen,200,OK,Restaurant Search Load Test 2-391,text,true,,587,137,1,484,http://localhost:8002/restaurants/?q=ramen,2,0,1
1777162979671,5001,POST /auth/login,Non HTTP response code: org.apache.http.conn.HttpHostConnectException,"Non HTTP response message: Connect to localhost:8001 [localhost/127.0.0.1, localhost/0:0:0:0:0:0:0:1] failed: Connection refused",Login Load Test 1-192,text,false,"Test failed: code expected to equal /

****** received  : [[[Non HTTP response code: org.apache.http.conn.HttpHostConnectException]]]

****** comparison: [[[200                                                                  ]]]

/",2623,0,242,483,http://localhost:8001/auth/login,0,0,5001
1777162984696,1,GET /restaurants?q=ramen,200,OK,Restaurant Search Load Test 2-392,text,true,,587,137,1,485,http://localhost:8002/restaurants/?q=ramen,1,0,0
1777162979698,5002,POST /auth/login,Non HTTP response code: org.apache.http.conn.HttpHostConnectException,"Non HTTP response message: Connect to localhost:8001 [localhost/127.0.0.1, localhost/0:0:0:0:0:0:0:1] failed: Connection refused",Login Load Test 1-193,text,false,"Test failed: code expected to equal /

****** received  : [[[Non HTTP response code: org.apache.http.conn.HttpHostConnectException]]]

****** comparison: [[[200                                                                  ]]]

/",2623,0,242,485,http://localhost:8001/auth/login,0,0,5002
1777162979699,5001,Login for Token,Non HTTP response code: org.apache.http.conn.HttpHostConnectException,"Non HTTP response message: Connect to localhost:8001 [localhost/127.0.0.1, localhost/0:0:0:0:0:0:0:1] failed: Connection refused",Review Submission Load Test 3-191,text,false,,2623,0,243,484,http://localhost:8001/auth/login,0,0,5001
1777162984700,1,POST /reviews/,401,Unauthorized,Review Submission Load Test 3-191,text,false,"Test failed: code expected to equal /

****** received  : [[[4]]]01

****** comparison: [[[2]]]01

/",204,299,243,484,http://localhost:8004/reviews/,1,0,0
1777162984718,1,GET /restaurants?q=ramen,200,OK,Restaurant Search Load Test 2-393,text,true,,587,137,1,485,http://localhost:8002/restaurants/?q=ramen,1,0,0
1777162979723,5001,POST /auth/login,Non HTTP response code: org.apache.http.conn.HttpHostConnectException,"Non HTTP response message: Connect to localhost:8001 [localhost/127.0.0.1, localhost/0:0:0:0:0:0:0:1] failed: Connection refused",Login Load Test 1-194,text,false,"Test failed: code expected to equal /

****** received  : [[[Non HTTP response code: org.apache.http.conn.HttpHostConnectException]]]

****** comparison: [[[200                                                                  ]]]

/",2623,0,242,485,http://localhost:8001/auth/login,0,0,5001
1777162979724,5001,Login for Token,Non HTTP response code: org.apache.http.conn.HttpHostConnectException,"Non HTTP response message: Connect to localhost:8001 [localhost/127.0.0.1, localhost/0:0:0:0:0:0:0:1] failed: Connection refused",Review Submission Load Test 3-192,text,false,,2623,0,243,484,http://localhost:8001/auth/login,0,0,5001
1777162984726,0,POST /reviews/,401,Unauthorized,Review Submission Load Test 3-192,text,false,"Test failed: code expected to equal /

****** received  : [[[4]]]01

****** comparison: [[[2]]]01

/",204,299,243,484,http://localhost:8004/reviews/,0,0,0
1777162977420,7308,Login for Token,200,OK,Review Submission Load Test 3-100,text,true,,316,251,242,483,http://localhost:8001/auth/login,7308,0,0
1777162977324,7404,Login for Token,200,OK,Review Submission Load Test 3-96,text,true,,316,251,242,483,http://localhost:8001/auth/login,7404,0,0
1777162977402,7326,POST /auth/login,200,OK,Login Load Test 1-101,text,true,,316,251,241,483,http://localhost:8001/auth/login,7326,0,0
1777162984728,2,POST /reviews/,201,Created,Review Submission Load Test 3-96,text,true,,380,440,242,482,http://localhost:8004/reviews/,2,0,0
1777162984728,2,POST /reviews/,201,Created,Review Submission Load Test 3-100,text,true,,380,440,242,482,http://localhost:8004/reviews/,2,0,0
1777162979745,5001,POST /auth/login,Non HTTP response code: org.apache.http.conn.HttpHostConnectException,"Non HTTP response message: Connect to localhost:8001 [localhost/127.0.0.1, localhost/0:0:0:0:0:0:0:1] failed: Connection refused",Login Load Test 1-195,text,false,"Test failed: code expected to equal /

****** received  : [[[Non HTTP response code: org.apache.http.conn.HttpHostConnectException]]]

****** comparison: [[[200                                                                  ]]]

/",2623,0,241,481,http://localhost:8001/auth/login,0,0,5001
1777162984746,2,GET /restaurants?q=ramen,200,OK,Restaurant Search Load Test 2-394,text,true,,587,137,1,482,http://localhost:8002/restaurants/?q=ramen,2,0,1
1777162979749,5001,Login for Token,Non HTTP response code: org.apache.http.conn.HttpHostConnectException,"Non HTTP response message: Connect to localhost:8001 [localhost/127.0.0.1, localhost/0:0:0:0:0:0:0:1] failed: Connection refused",Review Submission Load Test 3-193,text,false,,2623,0,241,481,http://localhost:8001/auth/login,0,0,5001
1777162984750,1,POST /reviews/,401,Unauthorized,Review Submission Load Test 3-193,text,false,"Test failed: code expected to equal /

****** received  : [[[4]]]01

****** comparison: [[[2]]]01

/",204,299,241,481,http://localhost:8004/reviews/,1,0,0
1777162979770,5001,POST /auth/login,Non HTTP response code: org.apache.http.conn.HttpHostConnectException,"Non HTTP response message: Connect to localhost:8001 [localhost/127.0.0.1, localhost/0:0:0:0:0:0:0:1] failed: Connection refused",Login Load Test 1-196,text,false,"Test failed: code expected to equal /

****** received  : [[[Non HTTP response code: org.apache.http.conn.HttpHostConnectException]]]

****** comparison: [[[200                                                                  ]]]

/",2623,0,241,482,http://localhost:8001/auth/login,0,0,5001
1777162979770,5001,Login for Token,Non HTTP response code: org.apache.http.conn.HttpHostConnectException,"Non HTTP response message: Connect to localhost:8001 [localhost/127.0.0.1, localhost/0:0:0:0:0:0:0:1] failed: Connection refused",Review Submission Load Test 3-194,text,false,,2623,0,240,481,http://localhost:8001/auth/login,0,0,5001
1777162984772,0,POST /reviews/,401,Unauthorized,Review Submission Load Test 3-194,text,false,"Test failed: code expected to equal /

****** received  : [[[4]]]01

****** comparison: [[[2]]]01

/",204,299,241,482,http://localhost:8004/reviews/,0,0,0
1777162984771,2,GET /restaurants?q=ramen,200,OK,Restaurant Search Load Test 2-395,text,true,,587,137,1,481,http://localhost:8002/restaurants/?q=ramen,2,0,0
1777162979797,5002,POST /auth/login,Non HTTP response code: org.apache.http.conn.HttpHostConnectException,"Non HTTP response message: Connect to localhost:8001 [localhost/127.0.0.1, localhost/0:0:0:0:0:0:0:1] failed: Connection refused",Login Load Test 1-197,text,false,"Test failed: code expected to equal /

****** received  : [[[Non HTTP response code: org.apache.http.conn.HttpHostConnectException]]]

****** comparison: [[[200                                                                  ]]]

/",2623,0,241,483,http://localhost:8001/auth/login,0,0,5002
1777162984798,2,GET /restaurants?q=ramen,200,OK,Restaurant Search Load Test 2-396,text,true,,587,137,1,482,http://localhost:8002/restaurants/?q=ramen,2,0,0
1777162984821,1,GET /restaurants?q=ramen,200,OK,Restaurant Search Load Test 2-397,text,true,,587,137,1,484,http://localhost:8002/restaurants/?q=ramen,1,0,0
1777162979821,5001,POST /auth/login,Non HTTP response code: org.apache.http.conn.HttpHostConnectException,"Non HTTP response message: Connect to localhost:8001 [localhost/127.0.0.1, localhost/0:0:0:0:0:0:0:1] failed: Connection refused",Login Load Test 1-198,text,false,"Test failed: code expected to equal /

****** received  : [[[Non HTTP response code: org.apache.http.conn.HttpHostConnectException]]]

****** comparison: [[[200                                                                  ]]]

/",2623,0,241,483,http://localhost:8001/auth/login,0,0,5001
1777162979824,5001,Login for Token,Non HTTP response code: org.apache.http.conn.HttpHostConnectException,"Non HTTP response message: Connect to localhost:8001 [localhost/127.0.0.1, localhost/0:0:0:0:0:0:0:1] failed: Connection refused",Review Submission Load Test 3-196,text,false,,2623,0,242,482,http://localhost:8001/auth/login,0,0,5001
1777162984825,1,POST /reviews/,401,Unauthorized,Review Submission Load Test 3-196,text,false,"Test failed: code expected to equal /

****** received  : [[[4]]]01

****** comparison: [[[2]]]01

/",204,299,242,482,http://localhost:8004/reviews/,1,0,0
1777162984842,1,GET /restaurants?q=ramen,200,OK,Restaurant Search Load Test 2-398,text,true,,587,137,1,483,http://localhost:8002/restaurants/?q=ramen,1,0,0
1777162979845,5002,POST /auth/login,Non HTTP response code: org.apache.http.conn.HttpHostConnectException,"Non HTTP response message: Connect to localhost:8001 [localhost/127.0.0.1, localhost/0:0:0:0:0:0:0:1] failed: Connection refused",Login Load Test 1-199,text,false,"Test failed: code expected to equal /

****** received  : [[[Non HTTP response code: org.apache.http.conn.HttpHostConnectException]]]

****** comparison: [[[200                                                                  ]]]

/",2623,0,241,483,http://localhost:8001/auth/login,0,0,5002
1777162979848,5001,Login for Token,Non HTTP response code: org.apache.http.conn.HttpHostConnectException,"Non HTTP response message: Connect to localhost:8001 [localhost/127.0.0.1, localhost/0:0:0:0:0:0:0:1] failed: Connection refused",Review Submission Load Test 3-197,text,false,,2623,0,242,482,http://localhost:8001/auth/login,0,0,5001
1777162984850,0,POST /reviews/,401,Unauthorized,Review Submission Load Test 3-197,text,false,"Test failed: code expected to equal /

****** received  : [[[4]]]01

****** comparison: [[[2]]]01

/",204,299,242,482,http://localhost:8004/reviews/,0,0,0
1777162984871,3,GET /restaurants?q=ramen,200,OK,Restaurant Search Load Test 2-399,text,true,,587,137,1,482,http://localhost:8002/restaurants/?q=ramen,3,0,0
1777162979873,5001,POST /auth/login,Non HTTP response code: org.apache.http.conn.HttpHostConnectException,"Non HTTP response message: Connect to localhost:8001 [localhost/127.0.0.1, localhost/0:0:0:0:0:0:0:1] failed: Connection refused",Login Load Test 1-200,text,false,"Test failed: code expected to equal /

****** received  : [[[Non HTTP response code: org.apache.http.conn.HttpHostConnectException]]]

****** comparison: [[[200                                                                  ]]]

/",2623,0,240,481,http://localhost:8001/auth/login,0,0,5001
1777162979874,5001,Login for Token,Non HTTP response code: org.apache.http.conn.HttpHostConnectException,"Non HTTP response message: Connect to localhost:8001 [localhost/127.0.0.1, localhost/0:0:0:0:0:0:0:1] failed: Connection refused",Review Submission Load Test 3-198,text,false,,2623,0,242,481,http://localhost:8001/auth/login,0,0,5001
1777162984875,1,POST /reviews/,401,Unauthorized,Review Submission Load Test 3-198,text,false,"Test failed: code expected to equal /

****** received  : [[[4]]]01

****** comparison: [[[2]]]01

/",204,299,242,481,http://localhost:8004/reviews/,1,0,0
1777162979896,5001,POST /auth/login,Non HTTP response code: org.apache.http.conn.HttpHostConnectException,"Non HTTP response message: Connect to localhost:8001 [localhost/127.0.0.1, localhost/0:0:0:0:0:0:0:1] failed: Connection refused",Login Load Test 1-201,text,false,"Test failed: code expected to equal /

****** received  : [[[Non HTTP response code: org.apache.http.conn.HttpHostConnectException]]]

****** comparison: [[[200                                                                  ]]]

/",2623,0,239,481,http://localhost:8001/auth/login,0,0,5001
1777162977424,7474,POST /auth/login,200,OK,Login Load Test 1-102,text,true,,316,251,238,480,http://localhost:8001/auth/login,7474,0,0
1777162977347,7551,Login for Token,200,OK,Review Submission Load Test 3-97,text,true,,316,251,241,479,http://localhost:8001/auth/login,7551,0,0
1777162984895,3,GET /restaurants?q=ramen,200,OK,Restaurant Search Load Test 2-400,text,true,,587,137,1,479,http://localhost:8002/restaurants/?q=ramen,3,0,0
1777162979899,5001,Login for Token,Non HTTP response code: org.apache.http.conn.HttpHostConnectException,"Non HTTP response message: Connect to localhost:8001 [localhost/127.0.0.1, localhost/0:0:0:0:0:0:0:1] failed: Connection refused",Review Submission Load Test 3-199,text,false,,2623,0,242,479,http://localhost:8001/auth/login,0,0,5001
1777162984898,2,POST /reviews/,201,Created,Review Submission Load Test 3-97,text,true,,380,440,242,479,http://localhost:8004/reviews/,2,0,0
1777162984900,1,POST /reviews/,401,Unauthorized,Review Submission Load Test 3-199,text,false,"Test failed: code expected to equal /

****** received  : [[[4]]]01

****** comparison: [[[2]]]01

/",204,299,241,478,http://localhost:8004/reviews/,1,0,0
1777162977357,7550,POST /auth/login,200,OK,Login Load Test 1-99,text,true,,316,251,237,477,http://localhost:8001/auth/login,7550,0,0
1777162977455,7452,POST /auth/login,200,OK,Login Load Test 1-103,text,true,,316,251,237,477,http://localhost:8001/auth/login,7452,0,0
1777162979920,5001,POST /auth/login,Non HTTP response code: org.apache.http.conn.HttpHostConnectException,"Non HTTP response message: Connect to localhost:8001 [localhost/127.0.0.1, localhost/0:0:0:0:0:0:0:1] failed: Connection refused",Login Load Test 1-202,text,false,"Test failed: code expected to equal /

****** received  : [[[Non HTTP response code: org.apache.http.conn.HttpHostConnectException]]]

****** comparison: [[[200                                                                  ]]]

/",2623,0,235,475,http://localhost:8001/auth/login,0,0,5001
1777162977480,7442,POST /auth/login,200,OK,Login Load Test 1-104,text,true,,316,251,234,474,http://localhost:8001/auth/login,7442,0,0
1777162977396,7526,Login for Token,200,OK,Review Submission Load Test 3-99,text,true,,316,251,240,474,http://localhost:8001/auth/login,7526,0,0
1777162984922,3,POST /reviews/,201,Created,Review Submission Load Test 3-99,text,true,,380,440,241,474,http://localhost:8004/reviews/,3,0,0
1777162979941,5001,POST /auth/login,Non HTTP response code: org.apache.http.conn.HttpHostConnectException,"Non HTTP response message: Connect to localhost:8001 [localhost/127.0.0.1, localhost/0:0:0:0:0:0:0:1] failed: Connection refused",Login Load Test 1-203,text,false,"Test failed: code expected to equal /

****** received  : [[[Non HTTP response code: org.apache.http.conn.HttpHostConnectException]]]

****** comparison: [[[200                                                                  ]]]

/",2623,0,233,473,http://localhost:8001/auth/login,0,0,5001
1777162979965,5001,POST /auth/login,Non HTTP response code: org.apache.http.conn.HttpHostConnectException,"Non HTTP response message: Connect to localhost:8001 [localhost/127.0.0.1, localhost/0:0:0:0:0:0:0:1] failed: Connection refused",Login Load Test 1-204,text,false,"Test failed: code expected to equal /

****** received  : [[[Non HTTP response code: org.apache.http.conn.HttpHostConnectException]]]

****** comparison: [[[200                                                                  ]]]

/",2623,0,232,472,http://localhost:8001/auth/login,0,0,5001
1777162979973,5001,Login for Token,Non HTTP response code: org.apache.http.conn.HttpHostConnectException,"Non HTTP response message: Connect to localhost:8001 [localhost/127.0.0.1, localhost/0:0:0:0:0:0:0:1] failed: Connection refused",Review Submission Load Test 3-202,text,false,,2623,0,240,471,http://localhost:8001/auth/login,0,0,5001
1777162984974,1,POST /reviews/,401,Unauthorized,Review Submission Load Test 3-202,text,false,"Test failed: code expected to equal /

****** received  : [[[4]]]01

****** comparison: [[[2]]]01

/",204,299,240,471,http://localhost:8004/reviews/,1,0,1
1777162979994,5001,Login for Token,Non HTTP response code: org.apache.http.conn.HttpHostConnectException,"Non HTTP response message: Connect to localhost:8001 [localhost/127.0.0.1, localhost/0:0:0:0:0:0:0:1] failed: Connection refused",Review Submission Load Test 3-203,text,false,,2623,0,239,470,http://localhost:8001/auth/login,0,0,5001
1777162984995,1,POST /reviews/,401,Unauthorized,Review Submission Load Test 3-203,text,false,"Test failed: code expected to equal /

****** received  : [[[4]]]01

****** comparison: [[[2]]]01

/",204,299,239,470,http://localhost:8004/reviews/,1,0,0
1777162980017,5001,POST /auth/login,Non HTTP response code: org.apache.http.conn.HttpHostConnectException,"Non HTTP response message: Connect to localhost:8001 [localhost/127.0.0.1, localhost/0:0:0:0:0:0:0:1] failed: Connection refused",Login Load Test 1-206,text,false,"Test failed: code expected to equal /

****** received  : [[[Non HTTP response code: org.apache.http.conn.HttpHostConnectException]]]

****** comparison: [[[200                                                                  ]]]

/",2623,0,231,469,http://localhost:8001/auth/login,0,0,5001
1777162980024,5001,Login for Token,Non HTTP response code: org.apache.http.conn.HttpHostConnectException,"Non HTTP response message: Connect to localhost:8001 [localhost/127.0.0.1, localhost/0:0:0:0:0:0:0:1] failed: Connection refused",Review Submission Load Test 3-204,text,false,,2623,0,238,468,http://localhost:8001/auth/login,0,0,5001
1777162985026,0,POST /reviews/,401,Unauthorized,Review Submission Load Test 3-204,text,false,"Test failed: code expected to equal /

****** received  : [[[4]]]01

****** comparison: [[[2]]]01

/",204,299,238,468,http://localhost:8004/reviews/,0,0,0
1777162980069,5002,POST /auth/login,Non HTTP response code: org.apache.http.conn.HttpHostConnectException,"Non HTTP response message: Connect to localhost:8001 [localhost/127.0.0.1, localhost/0:0:0:0:0:0:0:1] failed: Connection refused",Login Load Test 1-208,text,false,"Test failed: code expected to equal /

****** received  : [[[Non HTTP response code: org.apache.http.conn.HttpHostConnectException]]]

****** comparison: [[[200                                                                  ]]]

/",2623,0,230,467,http://localhost:8001/auth/login,0,0,5002
1777162980074,5001,Login for Token,Non HTTP response code: org.apache.http.conn.HttpHostConnectException,"Non HTTP response message: Connect to localhost:8001 [localhost/127.0.0.1, localhost/0:0:0:0:0:0:0:1] failed: Connection refused",Review Submission Load Test 3-206,text,false,,2623,0,237,466,http://localhost:8001/auth/login,0,0,5001
1777162985075,1,POST /reviews/,401,Unauthorized,Review Submission Load Test 3-206,text,false,"Test failed: code expected to equal /

****** received  : [[[4]]]01

****** comparison: [[[2]]]01

/",204,299,237,466,http://localhost:8004/reviews/,1,0,0
1777162977507,7589,POST /auth/login,200,OK,Login Load Test 1-105,text,true,,316,251,229,465,http://localhost:8001/auth/login,7589,0,0
1777162977523,7574,Login for Token,200,OK,Review Submission Load Test 3-104,text,true,,316,251,236,464,http://localhost:8001/auth/login,7574,0,1
1777162980097,5001,Login for Token,Non HTTP response code: org.apache.http.conn.HttpHostConnectException,"Non HTTP response message: Connect to localhost:8001 [localhost/127.0.0.1, localhost/0:0:0:0:0:0:0:1] failed: Connection refused",Review Submission Load Test 3-207,text,false,,2623,0,236,464,http://localhost:8001/auth/login,0,0,5001
1777162985097,2,POST /reviews/,201,Created,Review Submission Load Test 3-104,text,true,,380,440,236,464,http://localhost:8004/reviews/,2,0,0
1777162985099,0,POST /reviews/,401,Unauthorized,Review Submission Load Test 3-207,text,false,"Test failed: code expected to equal /

****** received  : [[[4]]]01

****** comparison: [[[2]]]01

/",204,299,235,463,http://localhost:8004/reviews/,0,0,0
1777162980118,5001,POST /auth/login,Non HTTP response code: org.apache.http.conn.HttpHostConnectException,"Non HTTP response message: Connect to localhost:8001 [localhost/127.0.0.1, localhost/0:0:0:0:0:0:0:1] failed: Connection refused",Login Load Test 1-210,text,false,"Test failed: code expected to equal /

****** received  : [[[Non HTTP response code: org.apache.http.conn.HttpHostConnectException]]]

****** comparison: [[[200                                                                  ]]]

/",2623,0,228,462,http://localhost:8001/auth/login,0,0,5001
1777162980124,5001,Login for Token,Non HTTP response code: org.apache.http.conn.HttpHostConnectException,"Non HTTP response message: Connect to localhost:8001 [localhost/127.0.0.1, localhost/0:0:0:0:0:0:0:1] failed: Connection refused",Review Submission Load Test 3-208,text,false,,2623,0,234,461,http://localhost:8001/auth/login,0,0,5001
1777162985126,0,POST /reviews/,401,Unauthorized,Review Submission Load Test 3-208,text,false,"Test failed: code expected to equal /

****** received  : [[[4]]]01

****** comparison: [[[2]]]01

/",204,299,234,461,http://localhost:8004/reviews/,0,0,0
1777162980143,5002,POST /auth/login,Non HTTP response code: org.apache.http.conn.HttpHostConnectException,"Non HTTP response message: Connect to localhost:8001 [localhost/127.0.0.1, localhost/0:0:0:0:0:0:0:1] failed: Connection refused",Login Load Test 1-211,text,false,"Test failed: code expected to equal /

****** received  : [[[Non HTTP response code: org.apache.http.conn.HttpHostConnectException]]]

****** comparison: [[[200                                                                  ]]]

/",2623,0,227,460,http://localhost:8001/auth/login,0,0,5002
1777162980145,5002,Login for Token,Non HTTP response code: org.apache.http.conn.HttpHostConnectException,"Non HTTP response message: Connect to localhost:8001 [localhost/127.0.0.1, localhost/0:0:0:0:0:0:0:1] failed: Connection refused",Review Submission Load Test 3-209,text,false,,2623,0,233,459,http://localhost:8001/auth/login,0,0,5002
1777162985147,0,POST /reviews/,401,Unauthorized,Review Submission Load Test 3-209,text,false,"Test failed: code expected to equal /

****** received  : [[[4]]]01

****** comparison: [[[2]]]01

/",204,299,233,459,http://localhost:8004/reviews/,0,0,0
1777162980196,5000,POST /auth/login,Non HTTP response code: org.apache.http.conn.HttpHostConnectException,"Non HTTP response message: Connect to localhost:8001 [localhost/127.0.0.1, localhost/0:0:0:0:0:0:0:1] failed: Connection refused",Login Load Test 1-213,text,false,"Test failed: code expected to equal /

****** received  : [[[Non HTTP response code: org.apache.http.conn.HttpHostConnectException]]]

****** comparison: [[[200                                                                  ]]]

/",2623,0,226,458,http://localhost:8001/auth/login,0,0,5000
1777162980195,5002,Login for Token,Non HTTP response code: org.apache.http.conn.HttpHostConnectException,"Non HTTP response message: Connect to localhost:8001 [localhost/127.0.0.1, localhost/0:0:0:0:0:0:0:1] failed: Connection refused",Review Submission Load Test 3-211,text,false,,2623,0,232,457,http://localhost:8001/auth/login,0,0,5002
1777162985197,1,POST /reviews/,401,Unauthorized,Review Submission Load Test 3-211,text,false,"Test failed: code expected to equal /

****** received  : [[[4]]]01

****** comparison: [[[2]]]01

/",204,299,232,457,http://localhost:8004/reviews/,1,0,0
1777162980224,5000,Login for Token,Non HTTP response code: org.apache.http.conn.HttpHostConnectException,"Non HTTP response message: Connect to localhost:8001 [localhost/127.0.0.1, localhost/0:0:0:0:0:0:0:1] failed: Connection refused",Review Submission Load Test 3-212,text,false,,2623,0,231,456,http://localhost:8001/auth/login,0,0,5000
1777162985225,0,POST /reviews/,401,Unauthorized,Review Submission Load Test 3-212,text,false,"Test failed: code expected to equal /

****** received  : [[[4]]]01

****** comparison: [[[2]]]01

/",204,299,231,456,http://localhost:8004/reviews/,0,0,0
1777162980246,5002,Login for Token,Non HTTP response code: org.apache.http.conn.HttpHostConnectException,"Non HTTP response message: Connect to localhost:8001 [localhost/127.0.0.1, localhost/0:0:0:0:0:0:0:1] failed: Connection refused",Review Submission Load Test 3-213,text,false,,2623,0,230,455,http://localhost:8001/auth/login,0,0,5001
1777162985248,1,POST /reviews/,401,Unauthorized,Review Submission Load Test 3-213,text,false,"Test failed: code expected to equal /

****** received  : [[[4]]]01

****** comparison: [[[2]]]01

/",204,299,230,455,http://localhost:8004/reviews/,1,0,0
1777162977533,7733,POST /auth/login,200,OK,Login Load Test 1-106,text,true,,316,251,225,454,http://localhost:8001/auth/login,7733,0,0
1777162977449,7817,Login for Token,200,OK,Review Submission Load Test 3-101,text,true,,316,251,229,454,http://localhost:8001/auth/login,7817,0,0
1777162980267,5001,POST /auth/login,Non HTTP response code: org.apache.http.conn.HttpHostConnectException,"Non HTTP response message: Connect to localhost:8001 [localhost/127.0.0.1, localhost/0:0:0:0:0:0:0:1] failed: Connection refused",Login Load Test 1-216,text,false,"Test failed: code expected to equal /

****** received  : [[[Non HTTP response code: org.apache.http.conn.HttpHostConnectException]]]

****** comparison: [[[200                                                                  ]]]

/",2623,0,224,453,http://localhost:8001/auth/login,0,0,5001
1777162985266,3,POST /reviews/,201,Created,Review Submission Load Test 3-101,text,true,,380,440,229,452,http://localhost:8004/reviews/,3,0,0
1777162980270,5002,Login for Token,Non HTTP response code: org.apache.http.conn.HttpHostConnectException,"Non HTTP response message: Connect to localhost:8001 [localhost/127.0.0.1, localhost/0:0:0:0:0:0:0:1] failed: Connection refused",Review Submission Load Test 3-214,text,false,,2623,0,228,451,http://localhost:8001/auth/login,0,0,5002
1777162985272,1,POST /reviews/,401,Unauthorized,Review Submission Load Test 3-214,text,false,"Test failed: code expected to equal /

****** received  : [[[4]]]01

****** comparison: [[[2]]]01

/",204,299,228,451,http://localhost:8004/reviews/,1,0,0
1777162977474,7800,Login for Token,200,OK,Review Submission Load Test 3-102,text,true,,316,251,227,450,http://localhost:8001/auth/login,7800,0,0
1777162977549,7726,POST /auth/login,200,OK,Login Load Test 1-107,text,true,,316,251,223,450,http://localhost:8001/auth/login,7726,0,0
1777162985275,2,POST /reviews/,201,Created,Review Submission Load Test 3-102,text,true,,380,440,227,449,http://localhost:8004/reviews/,2,0,0
1777162977581,7708,POST /auth/login,200,OK,Login Load Test 1-108,text,true,,316,251,222,448,http://localhost:8001/auth/login,7708,0,1
1777162977499,7790,Login for Token,200,OK,Review Submission Load Test 3-103,text,true,,316,251,226,448,http://localhost:8001/auth/login,7790,0,0
1777162985289,2,POST /reviews/,201,Created,Review Submission Load Test 3-103,text,true,,380,440,226,447,http://localhost:8004/reviews/,2,0,1
1777162980298,5001,Login for Token,Non HTTP response code: org.apache.http.conn.HttpHostConnectException,"Non HTTP response message: Connect to localhost:8001 [localhost/127.0.0.1, localhost/0:0:0:0:0:0:0:1] failed: Connection refused",Review Submission Load Test 3-215,text,false,,2623,0,225,446,http://localhost:8001/auth/login,0,0,5001
1777162985300,1,POST /reviews/,401,Unauthorized,Review Submission Load Test 3-215,text,false,"Test failed: code expected to equal /

****** received  : [[[4]]]01

****** comparison: [[[2]]]01

/",204,299,225,446,http://localhost:8004/reviews/,1,0,0
1777162980325,5001,Login for Token,Non HTTP response code: org.apache.http.conn.HttpHostConnectException,"Non HTTP response message: Connect to localhost:8001 [localhost/127.0.0.1, localhost/0:0:0:0:0:0:0:1] failed: Connection refused",Review Submission Load Test 3-216,text,false,,2623,0,224,445,http://localhost:8001/auth/login,0,0,5001
1777162985327,1,POST /reviews/,401,Unauthorized,Review Submission Load Test 3-216,text,false,"Test failed: code expected to equal /

****** received  : [[[4]]]01

****** comparison: [[[2]]]01

/",204,299,224,445,http://localhost:8004/reviews/,1,0,0
1777162980346,5001,POST /auth/login,Non HTTP response code: org.apache.http.conn.HttpHostConnectException,"Non HTTP response message: Connect to localhost:8001 [localhost/127.0.0.1, localhost/0:0:0:0:0:0:0:1] failed: Connection refused",Login Load Test 1-219,text,false,"Test failed: code expected to equal /

****** received  : [[[Non HTTP response code: org.apache.http.conn.HttpHostConnectException]]]

****** comparison: [[[200                                                                  ]]]

/",2623,0,221,444,http://localhost:8001/auth/login,0,0,5001
1777162980346,5001,Login for Token,Non HTTP response code: org.apache.http.conn.HttpHostConnectException,"Non HTTP response message: Connect to localhost:8001 [localhost/127.0.0.1, localhost/0:0:0:0:0:0:0:1] failed: Connection refused",Review Submission Load Test 3-217,text,false,,2623,0,223,444,http://localhost:8001/auth/login,0,0,5001
1777162985348,1,POST /reviews/,401,Unauthorized,Review Submission Load Test 3-217,text,false,"Test failed: code expected to equal /

****** received  : [[[4]]]01

****** comparison: [[[2]]]01

/",204,299,223,443,http://localhost:8004/reviews/,1,0,0
1777162980369,5002,POST /auth/login,Non HTTP response code: org.apache.http.conn.HttpHostConnectException,"Non HTTP response message: Connect to localhost:8001 [localhost/127.0.0.1, localhost/0:0:0:0:0:0:0:1] failed: Connection refused",Login Load Test 1-220,text,false,"Test failed: code expected to equal /

****** received  : [[[Non HTTP response code: org.apache.http.conn.HttpHostConnectException]]]

****** comparison: [[[200                                                                  ]]]

/",2623,0,220,442,http://localhost:8001/auth/login,0,0,5002
1777162980374,5001,Login for Token,Non HTTP response code: org.apache.http.conn.HttpHostConnectException,"Non HTTP response message: Connect to localhost:8001 [localhost/127.0.0.1, localhost/0:0:0:0:0:0:0:1] failed: Connection refused",Review Submission Load Test 3-218,text,false,,2623,0,222,441,http://localhost:8001/auth/login,0,0,5001
1777162985376,0,POST /reviews/,401,Unauthorized,Review Submission Load Test 3-218,text,false,"Test failed: code expected to equal /

****** received  : [[[4]]]01

****** comparison: [[[2]]]01

/",204,299,222,441,http://localhost:8004/reviews/,0,0,0
1777162980399,5001,Login for Token,Non HTTP response code: org.apache.http.conn.HttpHostConnectException,"Non HTTP response message: Connect to localhost:8001 [localhost/127.0.0.1, localhost/0:0:0:0:0:0:0:1] failed: Connection refused",Review Submission Load Test 3-219,text,false,,2623,0,221,440,http://localhost:8001/auth/login,0,0,5001
1777162985401,1,POST /reviews/,401,Unauthorized,Review Submission Load Test 3-219,text,false,"Test failed: code expected to equal /

****** received  : [[[4]]]01

****** comparison: [[[2]]]01

/",204,299,221,440,http://localhost:8004/reviews/,1,0,0
1777162980441,5001,POST /auth/login,Non HTTP response code: org.apache.http.conn.HttpHostConnectException,"Non HTTP response message: Connect to localhost:8001 [localhost/127.0.0.1, localhost/0:0:0:0:0:0:0:1] failed: Connection refused",Login Load Test 1-223,text,false,"Test failed: code expected to equal /

****** received  : [[[Non HTTP response code: org.apache.http.conn.HttpHostConnectException]]]

****** comparison: [[[200                                                                  ]]]

/",2623,0,219,439,http://localhost:8001/auth/login,0,0,5001
1777162980449,5001,Login for Token,Non HTTP response code: org.apache.http.conn.HttpHostConnectException,"Non HTTP response message: Connect to localhost:8001 [localhost/127.0.0.1, localhost/0:0:0:0:0:0:0:1] failed: Connection refused",Review Submission Load Test 3-221,text,false,,2623,0,220,438,http://localhost:8001/auth/login,0,0,5001
1777162985450,1,POST /reviews/,401,Unauthorized,Review Submission Load Test 3-221,text,false,"Test failed: code expected to equal /

****** received  : [[[4]]]01

****** comparison: [[[2]]]01

/",204,299,220,438,http://localhost:8004/reviews/,1,0,1
1777162980464,5001,POST /auth/login,Non HTTP response code: org.apache.http.conn.HttpHostConnectException,"Non HTTP response message: Connect to localhost:8001 [localhost/127.0.0.1, localhost/0:0:0:0:0:0:0:1] failed: Connection refused",Login Load Test 1-224,text,false,"Test failed: code expected to equal /

****** received  : [[[Non HTTP response code: org.apache.http.conn.HttpHostConnectException]]]

****** comparison: [[[200                                                                  ]]]

/",2623,0,218,437,http://localhost:8001/auth/login,0,0,5001
1777162977604,7869,POST /auth/login,200,OK,Login Load Test 1-109,text,true,,316,251,217,436,http://localhost:8001/auth/login,7869,0,1
1777162980499,5001,Login for Token,Non HTTP response code: org.apache.http.conn.HttpHostConnectException,"Non HTTP response message: Connect to localhost:8001 [localhost/127.0.0.1, localhost/0:0:0:0:0:0:0:1] failed: Connection refused",Review Submission Load Test 3-223,text,false,,2623,0,219,435,http://localhost:8001/auth/login,0,0,5001
1777162985501,0,POST /reviews/,401,Unauthorized,Review Submission Load Test 3-223,text,false,"Test failed: code expected to equal /

****** received  : [[[4]]]01

****** comparison: [[[2]]]01

/",204,299,219,435,http://localhost:8004/reviews/,0,0,0
1777162980514,5000,POST /auth/login,Non HTTP response code: org.apache.http.conn.HttpHostConnectException,"Non HTTP response message: Connect to localhost:8001 [localhost/127.0.0.1, localhost/0:0:0:0:0:0:0:1] failed: Connection refused",Login Load Test 1-226,text,false,"Test failed: code expected to equal /

****** received  : [[[Non HTTP response code: org.apache.http.conn.HttpHostConnectException]]]

****** comparison: [[[200                                                                  ]]]

/",2623,0,216,434,http://localhost:8001/auth/login,0,0,5000
1777162980524,5002,Login for Token,Non HTTP response code: org.apache.http.conn.HttpHostConnectException,"Non HTTP response message: Connect to localhost:8001 [localhost/127.0.0.1, localhost/0:0:0:0:0:0:0:1] failed: Connection refused",Review Submission Load Test 3-224,text,false,,2623,0,218,433,http://localhost:8001/auth/login,0,0,5002
1777162985526,1,POST /reviews/,401,Unauthorized,Review Submission Load Test 3-224,text,false,"Test failed: code expected to equal /

****** received  : [[[4]]]01

****** comparison: [[[2]]]01

/",204,299,218,433,http://localhost:8004/reviews/,1,0,0
1777162980540,5002,POST /auth/login,Non HTTP response code: org.apache.http.conn.HttpHostConnectException,"Non HTTP response message: Connect to localhost:8001 [localhost/127.0.0.1, localhost/0:0:0:0:0:0:0:1] failed: Connection refused",Login Load Test 1-227,text,false,"Test failed: code expected to equal /

****** received  : [[[Non HTTP response code: org.apache.http.conn.HttpHostConnectException]]]

****** comparison: [[[200                                                                  ]]]

/",2623,0,215,432,http://localhost:8001/auth/login,0,0,5002
1777162980549,5001,Login for Token,Non HTTP response code: org.apache.http.conn.HttpHostConnectException,"Non HTTP response message: Connect to localhost:8001 [localhost/127.0.0.1, localhost/0:0:0:0:0:0:0:1] failed: Connection refused",Review Submission Load Test 3-225,text,false,,2623,0,217,431,http://localhost:8001/auth/login,0,0,5001
1777162985551,0,POST /reviews/,401,Unauthorized,Review Submission Load Test 3-225,text,false,"Test failed: code expected to equal /

****** received  : [[[4]]]01

****** comparison: [[[2]]]01

/",204,299,217,431,http://localhost:8004/reviews/,0,0,0
1777162980566,5001,POST /auth/login,Non HTTP response code: org.apache.http.conn.HttpHostConnectException,"Non HTTP response message: Connect to localhost:8001 [localhost/127.0.0.1, localhost/0:0:0:0:0:0:0:1] failed: Connection refused",Login Load Test 1-228,text,false,"Test failed: code expected to equal /

****** received  : [[[Non HTTP response code: org.apache.http.conn.HttpHostConnectException]]]

****** comparison: [[[200                                                                  ]]]

/",2623,0,214,430,http://localhost:8001/auth/login,0,0,5001
1777162980572,5001,Login for Token,Non HTTP response code: org.apache.http.conn.HttpHostConnectException,"Non HTTP response message: Connect to localhost:8001 [localhost/127.0.0.1, localhost/0:0:0:0:0:0:0:1] failed: Connection refused",Review Submission Load Test 3-226,text,false,,2623,0,216,429,http://localhost:8001/auth/login,0,0,5001
1777162985574,1,POST /reviews/,401,Unauthorized,Review Submission Load Test 3-226,text,false,"Test failed: code expected to equal /

****** received  : [[[4]]]01

****** comparison: [[[2]]]01

/",204,299,216,429,http://localhost:8004/reviews/,1,0,0
1777162980594,5001,POST /auth/login,Non HTTP response code: org.apache.http.conn.HttpHostConnectException,"Non HTTP response message: Connect to localhost:8001 [localhost/127.0.0.1, localhost/0:0:0:0:0:0:0:1] failed: Connection refused",Login Load Test 1-229,text,false,"Test failed: code expected to equal /

****** received  : [[[Non HTTP response code: org.apache.http.conn.HttpHostConnectException]]]

****** comparison: [[[200                                                                  ]]]

/",2623,0,213,428,http://localhost:8001/auth/login,0,0,5001
1777162980598,5001,Login for Token,Non HTTP response code: org.apache.http.conn.HttpHostConnectException,"Non HTTP response message: Connect to localhost:8001 [localhost/127.0.0.1, localhost/0:0:0:0:0:0:0:1] failed: Connection refused",Review Submission Load Test 3-227,text,false,,2623,0,215,427,http://localhost:8001/auth/login,0,0,5001
1777162985599,1,POST /reviews/,401,Unauthorized,Review Submission Load Test 3-227,text,false,"Test failed: code expected to equal /

****** received  : [[[4]]]01

****** comparison: [[[2]]]01

/",204,299,215,427,http://localhost:8004/reviews/,1,0,0
1777162977548,8093,Login for Token,200,OK,Review Submission Load Test 3-105,text,true,,316,251,214,426,http://localhost:8001/auth/login,8093,0,0
1777162977724,7917,Login for Token,200,OK,Review Submission Load Test 3-112,text,true,,316,251,214,426,http://localhost:8001/auth/login,7917,0,0
1777162985642,2,POST /reviews/,201,Created,Review Submission Load Test 3-105,text,true,,380,440,214,426,http://localhost:8004/reviews/,2,0,0
1777162985642,2,POST /reviews/,201,Created,Review Submission Load Test 3-112,text,true,,380,440,213,425,http://localhost:8004/reviews/,2,0,0
1777162977705,7942,POST /auth/login,200,OK,Login Load Test 1-113,text,true,,316,251,212,424,http://localhost:8001/auth/login,7942,0,31
1777162977573,8074,Login for Token,200,OK,Review Submission Load Test 3-106,text,true,,316,251,212,424,http://localhost:8001/auth/login,8074,0,1
1777162980646,5002,POST /auth/login,Non HTTP response code: org.apache.http.conn.HttpHostConnectException,"Non HTTP response message: Connect to localhost:8001 [localhost/127.0.0.1, localhost/0:0:0:0:0:0:0:1] failed: Connection refused",Login Load Test 1-231,text,false,"Test failed: code expected to equal /

****** received  : [[[Non HTTP response code: org.apache.http.conn.HttpHostConnectException]]]

****** comparison: [[[200                                                                  ]]]

/",2623,0,211,423,http://localhost:8001/auth/login,0,0,5002
1777162985648,1,POST /reviews/,201,Created,Review Submission Load Test 3-106,text,true,,380,440,212,422,http://localhost:8004/reviews/,1,0,0
1777162980649,5001,Login for Token,Non HTTP response code: org.apache.http.conn.HttpHostConnectException,"Non HTTP response message: Connect to localhost:8001 [localhost/127.0.0.1, localhost/0:0:0:0:0:0:0:1] failed: Connection refused",Review Submission Load Test 3-229,text,false,,2623,0,211,421,http://localhost:8001/auth/login,0,0,5001
1777162985650,1,POST /reviews/,401,Unauthorized,Review Submission Load Test 3-229,text,false,"Test failed: code expected to equal /

****** received  : [[[4]]]01

****** comparison: [[[2]]]01

/",204,299,211,421,http://localhost:8004/reviews/,1,0,1
1777162977681,7984,POST /auth/login,200,OK,Login Load Test 1-112,text,true,,316,251,210,420,http://localhost:8001/auth/login,7984,0,61
1777162977595,8070,Login for Token,200,OK,Review Submission Load Test 3-107,text,true,,316,251,210,420,http://localhost:8001/auth/login,8070,0,0
1777162977745,7920,Login for Token,200,OK,Review Submission Load Test 3-113,text,true,,316,251,210,420,http://localhost:8001/auth/login,7920,0,0
1777162980665,5001,POST /auth/login,Non HTTP response code: org.apache.http.conn.HttpHostConnectException,"Non HTTP response message: Connect to localhost:8001 [localhost/127.0.0.1, localhost/0:0:0:0:0:0:0:1] failed: Connection refused",Login Load Test 1-232,text,false,"Test failed: code expected to equal /

****** received  : [[[Non HTTP response code: org.apache.http.conn.HttpHostConnectException]]]

****** comparison: [[[200                                                                  ]]]

/",2623,0,209,419,http://localhost:8001/auth/login,0,0,5001
1777162985665,2,POST /reviews/,201,Created,Review Submission Load Test 3-107,text,true,,380,440,210,418,http://localhost:8004/reviews/,2,0,0
1777162985665,2,POST /reviews/,201,Created,Review Submission Load Test 3-113,text,true,,380,440,209,417,http://localhost:8004/reviews/,2,0,0
1777162980670,5001,Login for Token,Non HTTP response code: org.apache.http.conn.HttpHostConnectException,"Non HTTP response message: Connect to localhost:8001 [localhost/127.0.0.1, localhost/0:0:0:0:0:0:0:1] failed: Connection refused",Review Submission Load Test 3-230,text,false,,2623,0,208,416,http://localhost:8001/auth/login,0,0,5001
1777162985671,1,POST /reviews/,401,Unauthorized,Review Submission Load Test 3-230,text,false,"Test failed: code expected to equal /

****** received  : [[[4]]]01

****** comparison: [[[2]]]01

/",204,299,208,416,http://localhost:8004/reviews/,1,0,0
1777162980692,5002,POST /auth/login,Non HTTP response code: org.apache.http.conn.HttpHostConnectException,"Non HTTP response message: Connect to localhost:8001 [localhost/127.0.0.1, localhost/0:0:0:0:0:0:0:1] failed: Connection refused",Login Load Test 1-233,text,false,"Test failed: code expected to equal /

****** received  : [[[Non HTTP response code: org.apache.http.conn.HttpHostConnectException]]]

****** comparison: [[[200                                                                  ]]]

/",2623,0,208,415,http://localhost:8001/auth/login,0,0,5002
1777162980716,5001,POST /auth/login,Non HTTP response code: org.apache.http.conn.HttpHostConnectException,"Non HTTP response message: Connect to localhost:8001 [localhost/127.0.0.1, localhost/0:0:0:0:0:0:0:1] failed: Connection refused",Login Load Test 1-234,text,false,"Test failed: code expected to equal /

****** received  : [[[Non HTTP response code: org.apache.http.conn.HttpHostConnectException]]]

****** comparison: [[[200                                                                  ]]]

/",2623,0,207,414,http://localhost:8001/auth/login,0,0,5001
1777162980740,5002,POST /auth/login,Non HTTP response code: org.apache.http.conn.HttpHostConnectException,"Non HTTP response message: Connect to localhost:8001 [localhost/127.0.0.1, localhost/0:0:0:0:0:0:0:1] failed: Connection refused",Login Load Test 1-235,text,false,"Test failed: code expected to equal /

****** received  : [[[Non HTTP response code: org.apache.http.conn.HttpHostConnectException]]]

****** comparison: [[[200                                                                  ]]]

/",2623,0,206,413,http://localhost:8001/auth/login,0,0,5002
1777162980748,5001,Login for Token,Non HTTP response code: org.apache.http.conn.HttpHostConnectException,"Non HTTP response message: Connect to localhost:8001 [localhost/127.0.0.1, localhost/0:0:0:0:0:0:0:1] failed: Connection refused",Review Submission Load Test 3-233,text,false,,2623,0,207,412,http://localhost:8001/auth/login,0,0,5001
1777162985750,0,POST /reviews/,401,Unauthorized,Review Submission Load Test 3-233,text,false,"Test failed: code expected to equal /

****** received  : [[[4]]]01

****** comparison: [[[2]]]01

/",204,299,207,412,http://localhost:8004/reviews/,0,0,0
1777162980768,5002,POST /auth/login,Non HTTP response code: org.apache.http.conn.HttpHostConnectException,"Non HTTP response message: Connect to localhost:8001 [localhost/127.0.0.1, localhost/0:0:0:0:0:0:0:1] failed: Connection refused",Login Load Test 1-236,text,false,"Test failed: code expected to equal /

****** received  : [[[Non HTTP response code: org.apache.http.conn.HttpHostConnectException]]]

****** comparison: [[[200                                                                  ]]]

/",2623,0,205,411,http://localhost:8001/auth/login,0,0,5002
1777162980769,5002,Login for Token,Non HTTP response code: org.apache.http.conn.HttpHostConnectException,"Non HTTP response message: Connect to localhost:8001 [localhost/127.0.0.1, localhost/0:0:0:0:0:0:0:1] failed: Connection refused",Review Submission Load Test 3-234,text,false,,2623,0,206,410,http://localhost:8001/auth/login,0,0,5002
1777162985771,0,POST /reviews/,401,Unauthorized,Review Submission Load Test 3-234,text,false,"Test failed: code expected to equal /

****** received  : [[[4]]]01

****** comparison: [[[2]]]01

/",204,299,206,410,http://localhost:8004/reviews/,0,0,0
1777162980799,5001,Login for Token,Non HTTP response code: org.apache.http.conn.HttpHostConnectException,"Non HTTP response message: Connect to localhost:8001 [localhost/127.0.0.1, localhost/0:0:0:0:0:0:0:1] failed: Connection refused",Review Submission Load Test 3-235,text,false,,2623,0,205,409,http://localhost:8001/auth/login,0,0,5001
1777162985800,1,POST /reviews/,401,Unauthorized,Review Submission Load Test 3-235,text,false,"Test failed: code expected to equal /

****** received  : [[[4]]]01

****** comparison: [[[2]]]01

/",204,299,205,409,http://localhost:8004/reviews/,1,0,1
1777162977756,8085,POST /auth/login,200,OK,Login Load Test 1-115,text,true,,316,251,204,408,http://localhost:8001/auth/login,8085,0,0
1777162977622,8219,Login for Token,200,OK,Review Submission Load Test 3-108,text,true,,316,251,204,408,http://localhost:8001/auth/login,8219,0,0
1777162977654,8187,POST /auth/login,200,OK,Login Load Test 1-111,text,true,,316,251,203,407,http://localhost:8001/auth/login,8187,0,104
1777162985841,3,POST /reviews/,201,Created,Review Submission Load Test 3-108,text,true,,380,440,204,406,http://localhost:8004/reviews/,3,0,0
1777162980849,5001,Login for Token,Non HTTP response code: org.apache.http.conn.HttpHostConnectException,"Non HTTP response message: Connect to localhost:8001 [localhost/127.0.0.1, localhost/0:0:0:0:0:0:0:1] failed: Connection refused",Review Submission Load Test 3-237,text,false,,2623,0,203,405,http://localhost:8001/auth/login,0,0,5001
1777162985850,1,POST /reviews/,401,Unauthorized,Review Submission Load Test 3-237,text,false,"Test failed: code expected to equal /

****** received  : [[[4]]]01

****** comparison: [[[2]]]01

/",204,299,203,405,http://localhost:8004/reviews/,1,0,0
1777162980869,5001,POST /auth/login,Non HTTP response code: org.apache.http.conn.HttpHostConnectException,"Non HTTP response message: Connect to localhost:8001 [localhost/127.0.0.1, localhost/0:0:0:0:0:0:0:1] failed: Connection refused",Login Load Test 1-240,text,false,"Test failed: code expected to equal /

****** received  : [[[Non HTTP response code: org.apache.http.conn.HttpHostConnectException]]]

****** comparison: [[[200                                                                  ]]]

/",2623,0,202,404,http://localhost:8001/auth/login,0,0,5001
1777162980869,5001,Login for Token,Non HTTP response code: org.apache.http.conn.HttpHostConnectException,"Non HTTP response message: Connect to localhost:8001 [localhost/127.0.0.1, localhost/0:0:0:0:0:0:0:1] failed: Connection refused",Review Submission Load Test 3-238,text,false,,2623,0,202,404,http://localhost:8001/auth/login,0,0,5001
1777162985871,0,POST /reviews/,401,Unauthorized,Review Submission Load Test 3-238,text,false,"Test failed: code expected to equal /

****** received  : [[[4]]]01

****** comparison: [[[2]]]01

/",204,299,202,403,http://localhost:8004/reviews/,0,0,0
1777162980917,5002,POST /auth/login,Non HTTP response code: org.apache.http.conn.HttpHostConnectException,"Non HTTP response message: Connect to localhost:8001 [localhost/127.0.0.1, localhost/0:0:0:0:0:0:0:1] failed: Connection refused",Login Load Test 1-242,text,false,"Test failed: code expected to equal /

****** received  : [[[Non HTTP response code: org.apache.http.conn.HttpHostConnectException]]]

****** comparison: [[[200                                                                  ]]]

/",2623,0,201,402,http://localhost:8001/auth/login,0,0,5002
1777162980923,5001,Login for Token,Non HTTP response code: org.apache.http.conn.HttpHostConnectException,"Non HTTP response message: Connect to localhost:8001 [localhost/127.0.0.1, localhost/0:0:0:0:0:0:0:1] failed: Connection refused",Review Submission Load Test 3-240,text,false,,2623,0,201,401,http://localhost:8001/auth/login,0,0,5001
1777162985925,0,POST /reviews/,401,Unauthorized,Review Submission Load Test 3-240,text,false,"Test failed: code expected to equal /

****** received  : [[[4]]]01

****** comparison: [[[2]]]01

/",204,299,201,401,http://localhost:8004/reviews/,0,0,0
1777162980937,5001,POST /auth/login,Non HTTP response code: org.apache.http.conn.HttpHostConnectException,"Non HTTP response message: Connect to localhost:8001 [localhost/127.0.0.1, localhost/0:0:0:0:0:0:0:1] failed: Connection refused",Login Load Test 1-243,text,false,"Test failed: code expected to equal /

****** received  : [[[Non HTTP response code: org.apache.http.conn.HttpHostConnectException]]]

****** comparison: [[[200                                                                  ]]]

/",2623,0,200,400,http://localhost:8001/auth/login,0,0,5001
1777162980968,5001,POST /auth/login,Non HTTP response code: org.apache.http.conn.HttpHostConnectException,"Non HTTP response message: Connect to localhost:8001 [localhost/127.0.0.1, localhost/0:0:0:0:0:0:0:1] failed: Connection refused",Login Load Test 1-244,text,false,"Test failed: code expected to equal /

****** received  : [[[Non HTTP response code: org.apache.http.conn.HttpHostConnectException]]]

****** comparison: [[[200                                                                  ]]]

/",2623,0,199,399,http://localhost:8001/auth/login,0,0,5001
1777162980969,5002,Login for Token,Non HTTP response code: org.apache.http.conn.HttpHostConnectException,"Non HTTP response message: Connect to localhost:8001 [localhost/127.0.0.1, localhost/0:0:0:0:0:0:0:1] failed: Connection refused",Review Submission Load Test 3-242,text,false,,2623,0,200,398,http://localhost:8001/auth/login,0,0,5002
1777162985971,0,POST /reviews/,401,Unauthorized,Review Submission Load Test 3-242,text,false,"Test failed: code expected to equal /

****** received  : [[[4]]]01

****** comparison: [[[2]]]01

/",204,299,200,398,http://localhost:8004/reviews/,0,0,0
1777162980987,5002,POST /auth/login,Non HTTP response code: org.apache.http.conn.HttpHostConnectException,"Non HTTP response message: Connect to localhost:8001 [localhost/127.0.0.1, localhost/0:0:0:0:0:0:0:1] failed: Connection refused",Login Load Test 1-245,text,false,"Test failed: code expected to equal /

****** received  : [[[Non HTTP response code: org.apache.http.conn.HttpHostConnectException]]]

****** comparison: [[[200                                                                  ]]]

/",2623,0,198,397,http://localhost:8001/auth/login,0,0,5002
1777162980994,5002,Login for Token,Non HTTP response code: org.apache.http.conn.HttpHostConnectException,"Non HTTP response message: Connect to localhost:8001 [localhost/127.0.0.1, localhost/0:0:0:0:0:0:0:1] failed: Connection refused",Review Submission Load Test 3-243,text,false,,2623,0,199,396,http://localhost:8001/auth/login,0,0,5002
1777162985996,0,POST /reviews/,401,Unauthorized,Review Submission Load Test 3-243,text,false,"Test failed: code expected to equal /

****** received  : [[[4]]]01

****** comparison: [[[2]]]01

/",204,299,199,396,http://localhost:8004/reviews/,0,0,0
1777162977648,8361,Login for Token,200,OK,Review Submission Load Test 3-109,text,true,,316,251,198,395,http://localhost:8001/auth/login,8361,0,110
1777162977698,8311,Login for Token,200,OK,Review Submission Load Test 3-111,text,true,,316,251,198,395,http://localhost:8001/auth/login,8311,0,30
1777162986009,3,POST /reviews/,201,Created,Review Submission Load Test 3-109,text,true,,380,440,198,395,http://localhost:8004/reviews/,3,0,0
1777162986009,3,POST /reviews/,201,Created,Review Submission Load Test 3-111,text,true,,380,440,198,395,http://localhost:8004/reviews/,3,0,0
1777162977731,8284,POST /auth/login,200,OK,Login Load Test 1-114,text,true,,316,251,197,393,http://localhost:8001/auth/login,8284,0,31
1777162977675,8340,Login for Token,200,OK,Review Submission Load Test 3-110,text,true,,316,251,196,393,http://localhost:8001/auth/login,8340,0,62
1777162986015,2,POST /reviews/,201,Created,Review Submission Load Test 3-110,text,true,,380,440,196,392,http://localhost:8004/reviews/,2,0,0
1777162981016,5002,POST /auth/login,Non HTTP response code: org.apache.http.conn.HttpHostConnectException,"Non HTTP response message: Connect to localhost:8001 [localhost/127.0.0.1, localhost/0:0:0:0:0:0:0:1] failed: Connection refused",Login Load Test 1-246,text,false,"Test failed: code expected to equal /

****** received  : [[[Non HTTP response code: org.apache.http.conn.HttpHostConnectException]]]

****** comparison: [[[200                                                                  ]]]

/",2623,0,196,391,http://localhost:8001/auth/login,0,0,5002
1777162981023,5002,Login for Token,Non HTTP response code: org.apache.http.conn.HttpHostConnectException,"Non HTTP response message: Connect to localhost:8001 [localhost/127.0.0.1, localhost/0:0:0:0:0:0:0:1] failed: Connection refused",Review Submission Load Test 3-244,text,false,,2623,0,195,390,http://localhost:8001/auth/login,0,0,5002
1777162986025,0,POST /reviews/,401,Unauthorized,Review Submission Load Test 3-244,text,false,"Test failed: code expected to equal /

****** received  : [[[4]]]01

****** comparison: [[[2]]]01

/",204,299,195,390,http://localhost:8004/reviews/,0,0,0
1777162977774,8259,POST /auth/login,200,OK,Login Load Test 1-116,text,true,,316,251,195,389,http://localhost:8001/auth/login,8259,0,0
1777162977794,8239,Login for Token,200,OK,Review Submission Load Test 3-115,text,true,,316,251,194,389,http://localhost:8001/auth/login,8239,0,0
1777162986033,2,POST /reviews/,201,Created,Review Submission Load Test 3-115,text,true,,380,440,194,388,http://localhost:8004/reviews/,2,0,0
1777162981036,5001,POST /auth/login,Non HTTP response code: org.apache.http.conn.HttpHostConnectException,"Non HTTP response message: Connect to localhost:8001 [localhost/127.0.0.1, localhost/0:0:0:0:0:0:0:1] failed: Connection refused",Login Load Test 1-247,text,false,"Test failed: code expected to equal /

****** received  : [[[Non HTTP response code: org.apache.http.conn.HttpHostConnectException]]]

****** comparison: [[[200                                                                  ]]]

/",2623,0,194,387,http://localhost:8001/auth/login,0,0,5001
1777162981049,5001,Login for Token,Non HTTP response code: org.apache.http.conn.HttpHostConnectException,"Non HTTP response message: Connect to localhost:8001 [localhost/127.0.0.1, localhost/0:0:0:0:0:0:0:1] failed: Connection refused",Review Submission Load Test 3-245,text,false,,2623,0,193,386,http://localhost:8001/auth/login,0,0,5001
1777162986050,1,POST /reviews/,401,Unauthorized,Review Submission Load Test 3-245,text,false,"Test failed: code expected to equal /

****** received  : [[[4]]]01

****** comparison: [[[2]]]01

/",204,299,193,386,http://localhost:8004/reviews/,1,0,1
1777162981073,5002,Login for Token,Non HTTP response code: org.apache.http.conn.HttpHostConnectException,"Non HTTP response message: Connect to localhost:8001 [localhost/127.0.0.1, localhost/0:0:0:0:0:0:0:1] failed: Connection refused",Review Submission Load Test 3-246,text,false,,2623,0,192,385,http://localhost:8001/auth/login,0,0,5002
1777162986075,0,POST /reviews/,401,Unauthorized,Review Submission Load Test 3-246,text,false,"Test failed: code expected to equal /

****** received  : [[[4]]]01

****** comparison: [[[2]]]01

/",204,299,192,385,http://localhost:8004/reviews/,0,0,0
1777162981097,5001,Login for Token,Non HTTP response code: org.apache.http.conn.HttpHostConnectException,"Non HTTP response message: Connect to localhost:8001 [localhost/127.0.0.1, localhost/0:0:0:0:0:0:0:1] failed: Connection refused",Review Submission Load Test 3-247,text,false,,2623,0,191,384,http://localhost:8001/auth/login,0,0,5001
1777162986099,0,POST /reviews/,401,Unauthorized,Review Submission Load Test 3-247,text,false,"Test failed: code expected to equal /

****** received  : [[[4]]]01

****** comparison: [[[2]]]01

/",204,299,191,384,http://localhost:8004/reviews/,0,0,0
1777162981114,5002,POST /auth/login,Non HTTP response code: org.apache.http.conn.HttpHostConnectException,"Non HTTP response message: Connect to localhost:8001 [localhost/127.0.0.1, localhost/0:0:0:0:0:0:0:1] failed: Connection refused",Login Load Test 1-250,text,false,"Test failed: code expected to equal /

****** received  : [[[Non HTTP response code: org.apache.http.conn.HttpHostConnectException]]]

****** comparison: [[[200                                                                  ]]]

/",2623,0,193,383,http://localhost:8001/auth/login,0,0,5002
1777162981140,5002,POST /auth/login,Non HTTP response code: org.apache.http.conn.HttpHostConnectException,"Non HTTP response message: Connect to localhost:8001 [localhost/127.0.0.1, localhost/0:0:0:0:0:0:0:1] failed: Connection refused",Login Load Test 1-251,text,false,"Test failed: code expected to equal /

****** received  : [[[Non HTTP response code: org.apache.http.conn.HttpHostConnectException]]]

****** comparison: [[[200                                                                  ]]]

/",2623,0,192,382,http://localhost:8001/auth/login,0,0,5002
1777162981160,5001,POST /auth/login,Non HTTP response code: org.apache.http.conn.HttpHostConnectException,"Non HTTP response message: Connect to localhost:8001 [localhost/127.0.0.1, localhost/0:0:0:0:0:0:0:1] failed: Connection refused",Login Load Test 1-252,text,false,"Test failed: code expected to equal /

****** received  : [[[Non HTTP response code: org.apache.http.conn.HttpHostConnectException]]]

****** comparison: [[[200                                                                  ]]]

/",2623,0,191,381,http://localhost:8001/auth/login,0,0,5001
1777162981187,5001,POST /auth/login,Non HTTP response code: org.apache.http.conn.HttpHostConnectException,"Non HTTP response message: Connect to localhost:8001 [localhost/127.0.0.1, localhost/0:0:0:0:0:0:0:1] failed: Connection refused",Login Load Test 1-253,text,false,"Test failed: code expected to equal /

****** received  : [[[Non HTTP response code: org.apache.http.conn.HttpHostConnectException]]]

****** comparison: [[[200                                                                  ]]]

/",2623,0,190,380,http://localhost:8001/auth/login,0,0,5001
1777162981195,5001,Login for Token,Non HTTP response code: org.apache.http.conn.HttpHostConnectException,"Non HTTP response message: Connect to localhost:8001 [localhost/127.0.0.1, localhost/0:0:0:0:0:0:0:1] failed: Connection refused",Review Submission Load Test 3-251,text,false,,2623,0,190,379,http://localhost:8001/auth/login,0,0,5001
1777162986197,0,POST /reviews/,401,Unauthorized,Review Submission Load Test 3-251,text,false,"Test failed: code expected to equal /

****** received  : [[[4]]]01

****** comparison: [[[2]]]01

/",204,299,190,379,http://localhost:8004/reviews/,0,0,0
1777162977805,8398,POST /auth/login,200,OK,Login Load Test 1-117,text,true,,316,251,189,378,http://localhost:8001/auth/login,8398,0,0
1777162981216,5001,POST /auth/login,Non HTTP response code: org.apache.http.conn.HttpHostConnectException,"Non HTTP response message: Connect to localhost:8001 [localhost/127.0.0.1, localhost/0:0:0:0:0:0:0:1] failed: Connection refused",Login Load Test 1-254,text,false,"Test failed: code expected to equal /

****** received  : [[[Non HTTP response code: org.apache.http.conn.HttpHostConnectException]]]

****** comparison: [[[200                                                                  ]]]

/",2623,0,188,377,http://localhost:8001/auth/login,0,0,5001
1777162981219,5002,Login for Token,Non HTTP response code: org.apache.http.conn.HttpHostConnectException,"Non HTTP response message: Connect to localhost:8001 [localhost/127.0.0.1, localhost/0:0:0:0:0:0:0:1] failed: Connection refused",Review Submission Load Test 3-252,text,false,,2623,0,189,376,http://localhost:8001/auth/login,0,0,5002
1777162986221,0,POST /reviews/,401,Unauthorized,Review Submission Load Test 3-252,text,false,"Test failed: code expected to equal /

****** received  : [[[4]]]01

****** comparison: [[[2]]]01

/",204,299,189,376,http://localhost:8004/reviews/,0,0,0
1777162981244,5001,Login for Token,Non HTTP response code: org.apache.http.conn.HttpHostConnectException,"Non HTTP response message: Connect to localhost:8001 [localhost/127.0.0.1, localhost/0:0:0:0:0:0:0:1] failed: Connection refused",Review Submission Load Test 3-253,text,false,,2623,0,188,375,http://localhost:8001/auth/login,0,0,5001
1777162986246,0,POST /reviews/,401,Unauthorized,Review Submission Load Test 3-253,text,false,"Test failed: code expected to equal /

****** received  : [[[4]]]01

****** comparison: [[[2]]]01

/",204,299,188,375,http://localhost:8004/reviews/,0,0,0
1777162981269,5002,Login for Token,Non HTTP response code: org.apache.http.conn.HttpHostConnectException,"Non HTTP response message: Connect to localhost:8001 [localhost/127.0.0.1, localhost/0:0:0:0:0:0:0:1] failed: Connection refused",Review Submission Load Test 3-254,text,false,,2623,0,187,374,http://localhost:8001/auth/login,0,0,5002
1777162986271,1,POST /reviews/,401,Unauthorized,Review Submission Load Test 3-254,text,false,"Test failed: code expected to equal /

****** received  : [[[4]]]01

****** comparison: [[[2]]]01

/",204,299,187,374,http://localhost:8004/reviews/,1,0,0
1777162981291,5002,POST /auth/login,Non HTTP response code: org.apache.http.conn.HttpHostConnectException,"Non HTTP response message: Connect to localhost:8001 [localhost/127.0.0.1, localhost/0:0:0:0:0:0:0:1] failed: Connection refused",Login Load Test 1-257,text,false,"Test failed: code expected to equal /

****** received  : [[[Non HTTP response code: org.apache.http.conn.HttpHostConnectException]]]

****** comparison: [[[200                                                                  ]]]

/",2623,0,187,373,http://localhost:8001/auth/login,0,0,5002
1777162981339,5002,POST /auth/login,Non HTTP response code: org.apache.http.conn.HttpHostConnectException,"Non HTTP response message: Connect to localhost:8001 [localhost/127.0.0.1, localhost/0:0:0:0:0:0:0:1] failed: Connection refused",Login Load Test 1-259,text,false,"Test failed: code expected to equal /

****** received  : [[[Non HTTP response code: org.apache.http.conn.HttpHostConnectException]]]

****** comparison: [[[200                                                                  ]]]

/",2623,0,186,372,http://localhost:8001/auth/login,0,0,5002
1777162981364,5001,POST /auth/login,Non HTTP response code: org.apache.http.conn.HttpHostConnectException,"Non HTTP response message: Connect to localhost:8001 [localhost/127.0.0.1, localhost/0:0:0:0:0:0:0:1] failed: Connection refused",Login Load Test 1-260,text,false,"Test failed: code expected to equal /

****** received  : [[[Non HTTP response code: org.apache.http.conn.HttpHostConnectException]]]

****** comparison: [[[200                                                                  ]]]

/",2623,0,185,371,http://localhost:8001/auth/login,0,0,5001
1777162977631,8744,POST /auth/login,200,OK,Login Load Test 1-110,text,true,,316,251,184,370,http://localhost:8001/auth/login,8744,0,127
1777162977829,8546,POST /auth/login,200,OK,Login Load Test 1-118,text,true,,316,251,183,369,http://localhost:8001/auth/login,8546,0,0
1777162977773,8610,Login for Token,200,OK,Review Submission Load Test 3-114,text,true,,316,251,186,368,http://localhost:8001/auth/login,8610,0,0
1777162977874,8509,Login for Token,200,OK,Review Submission Load Test 3-118,text,true,,316,251,186,368,http://localhost:8001/auth/login,8509,0,0
1777162986383,3,POST /reviews/,201,Created,Review Submission Load Test 3-114,text,true,,380,440,186,368,http://localhost:8004/reviews/,3,0,0
1777162986383,3,POST /reviews/,201,Created,Review Submission Load Test 3-118,text,true,,380,440,185,367,http://localhost:8004/reviews/,3,0,0
1777162981389,5001,POST /auth/login,Non HTTP response code: org.apache.http.conn.HttpHostConnectException,"Non HTTP response message: Connect to localhost:8001 [localhost/127.0.0.1, localhost/0:0:0:0:0:0:0:1] failed: Connection refused",Login Load Test 1-261,text,false,"Test failed: code expected to equal /

****** received  : [[[Non HTTP response code: org.apache.http.conn.HttpHostConnectException]]]

****** comparison: [[[200                                                                  ]]]

/",2623,0,182,366,http://localhost:8001/auth/login,0,0,5001
1777162981396,5001,Login for Token,Non HTTP response code: org.apache.http.conn.HttpHostConnectException,"Non HTTP response message: Connect to localhost:8001 [localhost/127.0.0.1, localhost/0:0:0:0:0:0:0:1] failed: Connection refused",Review Submission Load Test 3-259,text,false,,2623,0,184,365,http://localhost:8001/auth/login,0,0,5001
1777162986397,1,POST /reviews/,401,Unauthorized,Review Submission Load Test 3-259,text,false,"Test failed: code expected to equal /

****** received  : [[[4]]]01

****** comparison: [[[2]]]01

/",204,299,184,365,http://localhost:8004/reviews/,1,0,1
1777162977921,8479,Login for Token,200,OK,Review Submission Load Test 3-120,text,true,,316,251,183,364,http://localhost:8001/auth/login,8479,0,0
1777162986400,3,POST /reviews/,201,Created,Review Submission Load Test 3-120,text,true,,380,440,183,364,http://localhost:8004/reviews/,3,0,0
1777162981421,5001,Login for Token,Non HTTP response code: org.apache.http.conn.HttpHostConnectException,"Non HTTP response message: Connect to localhost:8001 [localhost/127.0.0.1, localhost/0:0:0:0:0:0:0:1] failed: Connection refused",Review Submission Load Test 3-260,text,false,,2623,0,182,363,http://localhost:8001/auth/login,0,0,5001
1777162986422,1,POST /reviews/,401,Unauthorized,Review Submission Load Test 3-260,text,false,"Test failed: code expected to equal /

****** received  : [[[4]]]01

****** comparison: [[[2]]]01

/",204,299,182,363,http://localhost:8004/reviews/,1,0,1
1777162981443,5002,POST /auth/login,Non HTTP response code: org.apache.http.conn.HttpHostConnectException,"Non HTTP response message: Connect to localhost:8001 [localhost/127.0.0.1, localhost/0:0:0:0:0:0:0:1] failed: Connection refused",Login Load Test 1-263,text,false,"Test failed: code expected to equal /

****** received  : [[[Non HTTP response code: org.apache.http.conn.HttpHostConnectException]]]

****** comparison: [[[200                                                                  ]]]

/",2623,0,181,362,http://localhost:8001/auth/login,0,0,5002
1777162981449,5001,Login for Token,Non HTTP response code: org.apache.http.conn.HttpHostConnectException,"Non HTTP response message: Connect to localhost:8001 [localhost/127.0.0.1, localhost/0:0:0:0:0:0:0:1] failed: Connection refused",Review Submission Load Test 3-261,text,false,,2623,0,181,361,http://localhost:8001/auth/login,0,0,5001
1777162986450,1,POST /reviews/,401,Unauthorized,Review Submission Load Test 3-261,text,false,"Test failed: code expected to equal /

****** received  : [[[4]]]01

****** comparison: [[[2]]]01

/",204,299,181,361,http://localhost:8004/reviews/,1,0,0
1777162981465,5001,POST /auth/login,Non HTTP response code: org.apache.http.conn.HttpHostConnectException,"Non HTTP response message: Connect to localhost:8001 [localhost/127.0.0.1, localhost/0:0:0:0:0:0:0:1] failed: Connection refused",Login Load Test 1-264,text,false,"Test failed: code expected to equal /

****** received  : [[[Non HTTP response code: org.apache.http.conn.HttpHostConnectException]]]

****** comparison: [[[200                                                                  ]]]

/",2623,0,180,360,http://localhost:8001/auth/login,0,0,5001
1777162981470,5001,Login for Token,Non HTTP response code: org.apache.http.conn.HttpHostConnectException,"Non HTTP response message: Connect to localhost:8001 [localhost/127.0.0.1, localhost/0:0:0:0:0:0:0:1] failed: Connection refused",Review Submission Load Test 3-262,text,false,,2623,0,180,359,http://localhost:8001/auth/login,0,0,5001
1777162986471,1,POST /reviews/,401,Unauthorized,Review Submission Load Test 3-262,text,false,"Test failed: code expected to equal /

****** received  : [[[4]]]01

****** comparison: [[[2]]]01

/",204,299,180,359,http://localhost:8004/reviews/,1,0,0
1777162981496,5002,Login for Token,Non HTTP response code: org.apache.http.conn.HttpHostConnectException,"Non HTTP response message: Connect to localhost:8001 [localhost/127.0.0.1, localhost/0:0:0:0:0:0:0:1] failed: Connection refused",Review Submission Load Test 3-263,text,false,,2623,0,179,358,http://localhost:8001/auth/login,0,0,5002
1777162986498,0,POST /reviews/,401,Unauthorized,Review Submission Load Test 3-263,text,false,"Test failed: code expected to equal /

****** received  : [[[4]]]01

****** comparison: [[[2]]]01

/",204,299,179,358,http://localhost:8004/reviews/,0,0,0
1777162981510,5001,POST /auth/login,Non HTTP response code: org.apache.http.conn.HttpHostConnectException,"Non HTTP response message: Connect to localhost:8001 [localhost/127.0.0.1, localhost/0:0:0:0:0:0:0:1] failed: Connection refused",Login Load Test 1-266,text,false,"Test failed: code expected to equal /

****** received  : [[[Non HTTP response code: org.apache.http.conn.HttpHostConnectException]]]

****** comparison: [[[200                                                                  ]]]

/",2623,0,179,357,http://localhost:8001/auth/login,0,0,5001
1777162981523,5002,Login for Token,Non HTTP response code: org.apache.http.conn.HttpHostConnectException,"Non HTTP response message: Connect to localhost:8001 [localhost/127.0.0.1, localhost/0:0:0:0:0:0:0:1] failed: Connection refused",Review Submission Load Test 3-264,text,false,,2623,0,178,356,http://localhost:8001/auth/login,0,0,5002
1777162986525,1,POST /reviews/,401,Unauthorized,Review Submission Load Test 3-264,text,false,"Test failed: code expected to equal /

****** received  : [[[4]]]01

****** comparison: [[[2]]]01

/",204,299,178,356,http://localhost:8004/reviews/,1,0,0
1777162981562,5002,POST /auth/login,Non HTTP response code: org.apache.http.conn.HttpHostConnectException,"Non HTTP response message: Connect to localhost:8001 [localhost/127.0.0.1, localhost/0:0:0:0:0:0:0:1] failed: Connection refused",Login Load Test 1-268,text,false,"Test failed: code expected to equal /

****** received  : [[[Non HTTP response code: org.apache.http.conn.HttpHostConnectException]]]

****** comparison: [[[200                                                                  ]]]

/",2623,0,178,355,http://localhost:8001/auth/login,0,0,5002
1777162977896,8675,Login for Token,200,OK,Review Submission Load Test 3-119,text,true,,316,251,177,354,http://localhost:8001/auth/login,8675,0,31
1777162977821,8750,Login for Token,200,OK,Review Submission Load Test 3-116,text,true,,316,251,177,354,http://localhost:8001/auth/login,8750,0,0
1777162977902,8670,POST /auth/login,200,OK,Login Load Test 1-121,text,true,,316,251,177,354,http://localhost:8001/auth/login,8670,0,31
1777162981572,5000,Login for Token,Non HTTP response code: org.apache.http.conn.HttpHostConnectException,"Non HTTP response message: Connect to localhost:8001 [localhost/127.0.0.1, localhost/0:0:0:0:0:0:0:1] failed: Connection refused",Review Submission Load Test 3-266,text,false,,2623,0,177,353,http://localhost:8001/auth/login,0,0,5000
1777162986573,0,POST /reviews/,401,Unauthorized,Review Submission Load Test 3-266,text,false,"Test failed: code expected to equal /

****** received  : [[[4]]]01

****** comparison: [[[2]]]01

/",204,299,177,353,http://localhost:8004/reviews/,0,0,0
1777162986571,2,POST /reviews/,201,Created,Review Submission Load Test 3-116,text,true,,380,440,176,352,http://localhost:8004/reviews/,2,0,0
1777162986571,2,POST /reviews/,201,Created,Review Submission Load Test 3-119,text,true,,380,440,176,352,http://localhost:8004/reviews/,2,0,0
1777162981587,5001,POST /auth/login,Non HTTP response code: org.apache.http.conn.HttpHostConnectException,"Non HTTP response message: Connect to localhost:8001 [localhost/127.0.0.1, localhost/0:0:0:0:0:0:0:1] failed: Connection refused",Login Load Test 1-269,text,false,"Test failed: code expected to equal /

****** received  : [[[Non HTTP response code: org.apache.http.conn.HttpHostConnectException]]]

****** comparison: [[[200                                                                  ]]]

/",2623,0,176,350,http://localhost:8001/auth/login,0,0,5001
1777162981624,5001,Login for Token,Non HTTP response code: org.apache.http.conn.HttpHostConnectException,"Non HTTP response message: Connect to localhost:8001 [localhost/127.0.0.1, localhost/0:0:0:0:0:0:0:1] failed: Connection refused",Review Submission Load Test 3-268,text,false,,2623,0,174,349,http://localhost:8001/auth/login,0,0,5001
1777162986625,1,POST /reviews/,401,Unauthorized,Review Submission Load Test 3-268,text,false,"Test failed: code expected to equal /

****** received  : [[[4]]]01

****** comparison: [[[2]]]01

/",204,299,174,349,http://localhost:8004/reviews/,1,0,1
1777162981640,5001,POST /auth/login,Non HTTP response code: org.apache.http.conn.HttpHostConnectException,"Non HTTP response message: Connect to localhost:8001 [localhost/127.0.0.1, localhost/0:0:0:0:0:0:0:1] failed: Connection refused",Login Load Test 1-271,text,false,"Test failed: code expected to equal /

****** received  : [[[Non HTTP response code: org.apache.http.conn.HttpHostConnectException]]]

****** comparison: [[[200                                                                  ]]]

/",2623,0,175,348,http://localhost:8001/auth/login,0,0,5001
1777162981646,5001,Login for Token,Non HTTP response code: org.apache.http.conn.HttpHostConnectException,"Non HTTP response message: Connect to localhost:8001 [localhost/127.0.0.1, localhost/0:0:0:0:0:0:0:1] failed: Connection refused",Review Submission Load Test 3-269,text,false,,2623,0,173,347,http://localhost:8001/auth/login,0,0,5001
1777162986648,0,POST /reviews/,401,Unauthorized,Review Submission Load Test 3-269,text,false,"Test failed: code expected to equal /

****** received  : [[[4]]]01

****** comparison: [[[2]]]01

/",204,299,173,347,http://localhost:8004/reviews/,0,0,0
1777162981670,5002,Login for Token,Non HTTP response code: org.apache.http.conn.HttpHostConnectException,"Non HTTP response message: Connect to localhost:8001 [localhost/127.0.0.1, localhost/0:0:0:0:0:0:0:1] failed: Connection refused",Review Submission Load Test 3-270,text,false,,2623,0,172,346,http://localhost:8001/auth/login,0,0,5002
1777162986672,0,POST /reviews/,401,Unauthorized,Review Submission Load Test 3-270,text,false,"Test failed: code expected to equal /

****** received  : [[[4]]]01

****** comparison: [[[2]]]01

/",204,299,172,346,http://localhost:8004/reviews/,0,0,0
1777162981690,5002,POST /auth/login,Non HTTP response code: org.apache.http.conn.HttpHostConnectException,"Non HTTP response message: Connect to localhost:8001 [localhost/127.0.0.1, localhost/0:0:0:0:0:0:0:1] failed: Connection refused",Login Load Test 1-273,text,false,"Test failed: code expected to equal /

****** received  : [[[Non HTTP response code: org.apache.http.conn.HttpHostConnectException]]]

****** comparison: [[[200                                                                  ]]]

/",2623,0,174,345,http://localhost:8001/auth/login,0,0,5002
1777162981693,5002,Login for Token,Non HTTP response code: org.apache.http.conn.HttpHostConnectException,"Non HTTP response message: Connect to localhost:8001 [localhost/127.0.0.1, localhost/0:0:0:0:0:0:0:1] failed: Connection refused",Review Submission Load Test 3-271,text,false,,2623,0,171,344,http://localhost:8001/auth/login,0,0,5002
1777162986695,0,POST /reviews/,401,Unauthorized,Review Submission Load Test 3-271,text,false,"Test failed: code expected to equal /

****** received  : [[[4]]]01

****** comparison: [[[2]]]01

/",204,299,171,344,http://localhost:8004/reviews/,0,0,0
1777162977874,8866,POST /auth/login,200,OK,Login Load Test 1-120,text,true,,316,251,173,343,http://localhost:8001/auth/login,8866,0,61
1777162977849,8891,Login for Token,200,OK,Review Submission Load Test 3-117,text,true,,316,251,170,343,http://localhost:8001/auth/login,8891,0,0
1777162981741,5001,POST /auth/login,Non HTTP response code: org.apache.http.conn.HttpHostConnectException,"Non HTTP response message: Connect to localhost:8001 [localhost/127.0.0.1, localhost/0:0:0:0:0:0:0:1] failed: Connection refused",Login Load Test 1-275,text,false,"Test failed: code expected to equal /

****** received  : [[[Non HTTP response code: org.apache.http.conn.HttpHostConnectException]]]

****** comparison: [[[200                                                                  ]]]

/",2623,0,172,342,http://localhost:8001/auth/login,0,0,5001
1777162986740,3,POST /reviews/,201,Created,Review Submission Load Test 3-117,text,true,,380,440,170,341,http://localhost:8004/reviews/,3,0,0
1777162977849,8900,POST /auth/login,200,OK,Login Load Test 1-119,text,true,,316,251,171,340,http://localhost:8001/auth/login,8900,0,0
1777162977951,8798,POST /auth/login,200,OK,Login Load Test 1-123,text,true,,316,251,171,340,http://localhost:8001/auth/login,8798,0,0
1777162977976,8789,POST /auth/login,200,OK,Login Load Test 1-124,text,true,,316,251,169,338,http://localhost:8001/auth/login,8789,0,0
1777162977921,8844,POST /auth/login,200,OK,Login Load Test 1-122,text,true,,316,251,169,338,http://localhost:8001/auth/login,8844,0,1
1777162981766,5002,POST /auth/login,Non HTTP response code: org.apache.http.conn.HttpHostConnectException,"Non HTTP response message: Connect to localhost:8001 [localhost/127.0.0.1, localhost/0:0:0:0:0:0:0:1] failed: Connection refused",Login Load Test 1-276,text,false,"Test failed: code expected to equal /

****** received  : [[[Non HTTP response code: org.apache.http.conn.HttpHostConnectException]]]

****** comparison: [[[200                                                                  ]]]

/",2623,0,167,336,http://localhost:8001/auth/login,0,0,5002
1777162981774,5001,Login for Token,Non HTTP response code: org.apache.http.conn.HttpHostConnectException,"Non HTTP response message: Connect to localhost:8001 [localhost/127.0.0.1, localhost/0:0:0:0:0:0:0:1] failed: Connection refused",Review Submission Load Test 3-274,text,false,,2623,0,169,335,http://localhost:8001/auth/login,0,0,5001
1777162986776,0,POST /reviews/,401,Unauthorized,Review Submission Load Test 3-274,text,false,"Test failed: code expected to equal /

****** received  : [[[4]]]01

****** comparison: [[[2]]]01

/",204,299,169,335,http://localhost:8004/reviews/,0,0,0
1777162981791,5002,POST /auth/login,Non HTTP response code: org.apache.http.conn.HttpHostConnectException,"Non HTTP response message: Connect to localhost:8001 [localhost/127.0.0.1, localhost/0:0:0:0:0:0:0:1] failed: Connection refused",Login Load Test 1-277,text,false,"Test failed: code expected to equal /

****** received  : [[[Non HTTP response code: org.apache.http.conn.HttpHostConnectException]]]

****** comparison: [[[200                                                                  ]]]

/",2623,0,166,334,http://localhost:8001/auth/login,0,0,5002
1777162981795,5002,Login for Token,Non HTTP response code: org.apache.http.conn.HttpHostConnectException,"Non HTTP response message: Connect to localhost:8001 [localhost/127.0.0.1, localhost/0:0:0:0:0:0:0:1] failed: Connection refused",Review Submission Load Test 3-275,text,false,,2623,0,168,333,http://localhost:8001/auth/login,0,0,5002
1777162986797,0,POST /reviews/,401,Unauthorized,Review Submission Load Test 3-275,text,false,"Test failed: code expected to equal /

****** received  : [[[4]]]01

****** comparison: [[[2]]]01

/",204,299,168,333,http://localhost:8004/reviews/,0,0,0
1777162981813,5002,POST /auth/login,Non HTTP response code: org.apache.http.conn.HttpHostConnectException,"Non HTTP response message: Connect to localhost:8001 [localhost/127.0.0.1, localhost/0:0:0:0:0:0:0:1] failed: Connection refused",Login Load Test 1-278,text,false,"Test failed: code expected to equal /

****** received  : [[[Non HTTP response code: org.apache.http.conn.HttpHostConnectException]]]

****** comparison: [[[200                                                                  ]]]

/",2623,0,165,332,http://localhost:8001/auth/login,0,0,5002
1777162981822,5001,Login for Token,Non HTTP response code: org.apache.http.conn.HttpHostConnectException,"Non HTTP response message: Connect to localhost:8001 [localhost/127.0.0.1, localhost/0:0:0:0:0:0:0:1] failed: Connection refused",Review Submission Load Test 3-276,text,false,,2623,0,167,331,http://localhost:8001/auth/login,0,0,5001
1777162986823,1,POST /reviews/,401,Unauthorized,Review Submission Load Test 3-276,text,false,"Test failed: code expected to equal /

****** received  : [[[4]]]01

****** comparison: [[[2]]]01

/",204,299,167,331,http://localhost:8004/reviews/,1,0,1
1777162981842,5002,POST /auth/login,Non HTTP response code: org.apache.http.conn.HttpHostConnectException,"Non HTTP response message: Connect to localhost:8001 [localhost/127.0.0.1, localhost/0:0:0:0:0:0:0:1] failed: Connection refused",Login Load Test 1-279,text,false,"Test failed: code expected to equal /

****** received  : [[[Non HTTP response code: org.apache.http.conn.HttpHostConnectException]]]

****** comparison: [[[200                                                                  ]]]

/",2623,0,164,330,http://localhost:8001/auth/login,0,0,5002
1777162981848,5002,Login for Token,Non HTTP response code: org.apache.http.conn.HttpHostConnectException,"Non HTTP response message: Connect to localhost:8001 [localhost/127.0.0.1, localhost/0:0:0:0:0:0:0:1] failed: Connection refused",Review Submission Load Test 3-277,text,false,,2623,0,166,329,http://localhost:8001/auth/login,0,0,5002
1777162986850,0,POST /reviews/,401,Unauthorized,Review Submission Load Test 3-277,text,false,"Test failed: code expected to equal /

****** received  : [[[4]]]01

****** comparison: [[[2]]]01

/",204,299,166,329,http://localhost:8004/reviews/,0,0,0
1777162981865,5001,POST /auth/login,Non HTTP response code: org.apache.http.conn.HttpHostConnectException,"Non HTTP response message: Connect to localhost:8001 [localhost/127.0.0.1, localhost/0:0:0:0:0:0:0:1] failed: Connection refused",Login Load Test 1-280,text,false,"Test failed: code expected to equal /

****** received  : [[[Non HTTP response code: org.apache.http.conn.HttpHostConnectException]]]

****** comparison: [[[200                                                                  ]]]

/",2623,0,163,328,http://localhost:8001/auth/login,0,0,5001
1777162981873,5001,Login for Token,Non HTTP response code: org.apache.http.conn.HttpHostConnectException,"Non HTTP response message: Connect to localhost:8001 [localhost/127.0.0.1, localhost/0:0:0:0:0:0:0:1] failed: Connection refused",Review Submission Load Test 3-278,text,false,,2623,0,165,327,http://localhost:8001/auth/login,0,0,5001
1777162986875,0,POST /reviews/,401,Unauthorized,Review Submission Load Test 3-278,text,false,"Test failed: code expected to equal /

****** received  : [[[4]]]01

****** comparison: [[[2]]]01

/",204,299,165,327,http://localhost:8004/reviews/,0,0,0
1777162977999,8939,POST /auth/login,200,OK,Login Load Test 1-125,text,true,,316,251,162,326,http://localhost:8001/auth/login,8939,0,0
1777162978024,8914,Login for Token,200,OK,Review Submission Load Test 3-124,text,true,,316,251,164,325,http://localhost:8001/auth/login,8914,0,0
1777162986938,2,POST /reviews/,201,Created,Review Submission Load Test 3-124,text,true,,380,440,164,325,http://localhost:8004/reviews/,2,0,0
1777162981948,5002,Login for Token,Non HTTP response code: org.apache.http.conn.HttpHostConnectException,"Non HTTP response message: Connect to localhost:8001 [localhost/127.0.0.1, localhost/0:0:0:0:0:0:0:1] failed: Connection refused",Review Submission Load Test 3-281,text,false,,2623,0,163,324,http://localhost:8001/auth/login,0,0,5002
1777162986950,0,POST /reviews/,401,Unauthorized,Review Submission Load Test 3-281,text,false,"Test failed: code expected to equal /

****** received  : [[[4]]]01

****** comparison: [[[2]]]01

/",204,299,163,324,http://localhost:8004/reviews/,0,0,0
1777162981964,5001,POST /auth/login,Non HTTP response code: org.apache.http.conn.HttpHostConnectException,"Non HTTP response message: Connect to localhost:8001 [localhost/127.0.0.1, localhost/0:0:0:0:0:0:0:1] failed: Connection refused",Login Load Test 1-284,text,false,"Test failed: code expected to equal /

****** received  : [[[Non HTTP response code: org.apache.http.conn.HttpHostConnectException]]]

****** comparison: [[[200                                                                  ]]]

/",2623,0,161,323,http://localhost:8001/auth/login,0,0,5001
1777162981974,5001,Login for Token,Non HTTP response code: org.apache.http.conn.HttpHostConnectException,"Non HTTP response message: Connect to localhost:8001 [localhost/127.0.0.1, localhost/0:0:0:0:0:0:0:1] failed: Connection refused",Review Submission Load Test 3-282,text,false,,2623,0,162,322,http://localhost:8001/auth/login,0,0,5001
1777162986976,0,POST /reviews/,401,Unauthorized,Review Submission Load Test 3-282,text,false,"Test failed: code expected to equal /

****** received  : [[[4]]]01

****** comparison: [[[2]]]01

/",204,299,162,322,http://localhost:8004/reviews/,0,0,0
1777162981984,5002,POST /auth/login,Non HTTP response code: org.apache.http.conn.HttpHostConnectException,"Non HTTP response message: Connect to localhost:8001 [localhost/127.0.0.1, localhost/0:0:0:0:0:0:0:1] failed: Connection refused",Login Load Test 1-285,text,false,"Test failed: code expected to equal /

****** received  : [[[Non HTTP response code: org.apache.http.conn.HttpHostConnectException]]]

****** comparison: [[[200                                                                  ]]]

/",2623,0,160,321,http://localhost:8001/auth/login,0,0,5002
1777162981995,5001,Login for Token,Non HTTP response code: org.apache.http.conn.HttpHostConnectException,"Non HTTP response message: Connect to localhost:8001 [localhost/127.0.0.1, localhost/0:0:0:0:0:0:0:1] failed: Connection refused",Review Submission Load Test 3-283,text,false,,2623,0,161,320,http://localhost:8001/auth/login,0,0,5001
1777162986996,1,POST /reviews/,401,Unauthorized,Review Submission Load Test 3-283,text,false,"Test failed: code expected to equal /

****** received  : [[[4]]]01

****** comparison: [[[2]]]01

/",204,299,161,320,http://localhost:8004/reviews/,1,0,1
1777162982011,5001,POST /auth/login,Non HTTP response code: org.apache.http.conn.HttpHostConnectException,"Non HTTP response message: Connect to localhost:8001 [localhost/127.0.0.1, localhost/0:0:0:0:0:0:0:1] failed: Connection refused",Login Load Test 1-286,text,false,"Test failed: code expected to equal /

****** received  : [[[Non HTTP response code: org.apache.http.conn.HttpHostConnectException]]]

****** comparison: [[[200                                                                  ]]]

/",2623,0,159,319,http://localhost:8001/auth/login,0,0,5001
1777162982023,5001,Login for Token,Non HTTP response code: org.apache.http.conn.HttpHostConnectException,"Non HTTP response message: Connect to localhost:8001 [localhost/127.0.0.1, localhost/0:0:0:0:0:0:0:1] failed: Connection refused",Review Submission Load Test 3-284,text,false,,2623,0,160,318,http://localhost:8001/auth/login,0,0,5001
1777162987024,1,POST /reviews/,401,Unauthorized,Review Submission Load Test 3-284,text,false,"Test failed: code expected to equal /

****** received  : [[[4]]]01

****** comparison: [[[2]]]01

/",204,299,160,318,http://localhost:8004/reviews/,1,0,0
1777162982042,5001,POST /auth/login,Non HTTP response code: org.apache.http.conn.HttpHostConnectException,"Non HTTP response message: Connect to localhost:8001 [localhost/127.0.0.1, localhost/0:0:0:0:0:0:0:1] failed: Connection refused",Login Load Test 1-287,text,false,"Test failed: code expected to equal /

****** received  : [[[Non HTTP response code: org.apache.http.conn.HttpHostConnectException]]]

****** comparison: [[[200                                                                  ]]]

/",2623,0,158,317,http://localhost:8001/auth/login,0,0,5001
1777162982048,5002,Login for Token,Non HTTP response code: org.apache.http.conn.HttpHostConnectException,"Non HTTP response message: Connect to localhost:8001 [localhost/127.0.0.1, localhost/0:0:0:0:0:0:0:1] failed: Connection refused",Review Submission Load Test 3-285,text,false,,2623,0,159,316,http://localhost:8001/auth/login,0,0,5002
1777162987050,1,POST /reviews/,401,Unauthorized,Review Submission Load Test 3-285,text,false,"Test failed: code expected to equal /

****** received  : [[[4]]]01

****** comparison: [[[2]]]01

/",204,299,159,316,http://localhost:8004/reviews/,1,0,0
1777162982061,5002,POST /auth/login,Non HTTP response code: org.apache.http.conn.HttpHostConnectException,"Non HTTP response message: Connect to localhost:8001 [localhost/127.0.0.1, localhost/0:0:0:0:0:0:0:1] failed: Connection refused",Login Load Test 1-288,text,false,"Test failed: code expected to equal /

****** received  : [[[Non HTTP response code: org.apache.http.conn.HttpHostConnectException]]]

****** comparison: [[[200                                                                  ]]]

/",2623,0,157,315,http://localhost:8001/auth/login,0,0,5002
1777162982070,5002,Login for Token,Non HTTP response code: org.apache.http.conn.HttpHostConnectException,"Non HTTP response message: Connect to localhost:8001 [localhost/127.0.0.1, localhost/0:0:0:0:0:0:0:1] failed: Connection refused",Review Submission Load Test 3-286,text,false,,2623,0,158,314,http://localhost:8001/auth/login,0,0,5002
1777162987072,0,POST /reviews/,401,Unauthorized,Review Submission Load Test 3-286,text,false,"Test failed: code expected to equal /

****** received  : [[[4]]]01

****** comparison: [[[2]]]01

/",204,299,158,314,http://localhost:8004/reviews/,0,0,0
1777162978024,9083,POST /auth/login,200,OK,Login Load Test 1-126,text,true,,316,251,156,313,http://localhost:8001/auth/login,9083,0,0
1777162977949,9158,Login for Token,200,OK,Review Submission Load Test 3-121,text,true,,316,251,157,313,http://localhost:8001/auth/login,9158,0,0
1777162987107,3,POST /reviews/,201,Created,Review Submission Load Test 3-121,text,true,,380,440,157,312,http://localhost:8004/reviews/,3,0,0
1777162978072,9047,POST /auth/login,200,OK,Login Load Test 1-128,text,true,,316,251,155,311,http://localhost:8001/auth/login,9047,0,30
1777162977969,9150,Login for Token,200,OK,Review Submission Load Test 3-122,text,true,,316,251,156,311,http://localhost:8001/auth/login,9150,0,0
1777162987119,2,POST /reviews/,201,Created,Review Submission Load Test 3-122,text,true,,380,440,156,310,http://localhost:8004/reviews/,2,0,0
1777162978349,8783,Login for Token,200,OK,Review Submission Load Test 3-137,text,true,,316,251,155,309,http://localhost:8001/auth/login,8783,0,120
1777162977999,9133,Login for Token,200,OK,Review Submission Load Test 3-123,text,true,,316,251,155,309,http://localhost:8001/auth/login,9133,0,0
1777162978470,8663,Login for Token,200,OK,Review Submission Load Test 3-142,text,true,,316,251,155,309,http://localhost:8001/auth/login,8663,0,0
1777162987132,3,POST /reviews/,201,Created,Review Submission Load Test 3-123,text,true,,380,440,155,309,http://localhost:8004/reviews/,3,0,1
1777162987133,2,POST /reviews/,201,Created,Review Submission Load Test 3-142,text,true,,380,440,154,308,http://localhost:8004/reviews/,2,0,0
1777162987132,3,POST /reviews/,201,Created,Review Submission Load Test 3-137,text,true,,380,440,153,307,http://localhost:8004/reviews/,3,0,1
1777162982165,5001,POST /auth/login,Non HTTP response code: org.apache.http.conn.HttpHostConnectException,"Non HTTP response message: Connect to localhost:8001 [localhost/127.0.0.1, localhost/0:0:0:0:0:0:0:1] failed: Connection refused",Login Load Test 1-292,text,false,"Test failed: code expected to equal /

****** received  : [[[Non HTTP response code: org.apache.http.conn.HttpHostConnectException]]]

****** comparison: [[[200                                                                  ]]]

/",2623,0,154,306,http://localhost:8001/auth/login,0,0,5001
1777162982172,5001,Login for Token,Non HTTP response code: org.apache.http.conn.HttpHostConnectException,"Non HTTP response message: Connect to localhost:8001 [localhost/127.0.0.1, localhost/0:0:0:0:0:0:0:1] failed: Connection refused",Review Submission Load Test 3-290,text,false,,2623,0,152,305,http://localhost:8001/auth/login,0,0,5001
1777162987174,0,POST /reviews/,401,Unauthorized,Review Submission Load Test 3-290,text,false,"Test failed: code expected to equal /

****** received  : [[[4]]]01

****** comparison: [[[2]]]01

/",204,299,152,305,http://localhost:8004/reviews/,0,0,0
1777162982189,5002,POST /auth/login,Non HTTP response code: org.apache.http.conn.HttpHostConnectException,"Non HTTP response message: Connect to localhost:8001 [localhost/127.0.0.1, localhost/0:0:0:0:0:0:0:1] failed: Connection refused",Login Load Test 1-293,text,false,"Test failed: code expected to equal /

****** received  : [[[Non HTTP response code: org.apache.http.conn.HttpHostConnectException]]]

****** comparison: [[[200                                                                  ]]]

/",2623,0,153,304,http://localhost:8001/auth/login,0,0,5002
1777162982211,5001,POST /auth/login,Non HTTP response code: org.apache.http.conn.HttpHostConnectException,"Non HTTP response message: Connect to localhost:8001 [localhost/127.0.0.1, localhost/0:0:0:0:0:0:0:1] failed: Connection refused",Login Load Test 1-294,text,false,"Test failed: code expected to equal /

****** received  : [[[Non HTTP response code: org.apache.http.conn.HttpHostConnectException]]]

****** comparison: [[[200                                                                  ]]]

/",2623,0,152,303,http://localhost:8001/auth/login,0,0,5001
1777162982223,5002,Login for Token,Non HTTP response code: org.apache.http.conn.HttpHostConnectException,"Non HTTP response message: Connect to localhost:8001 [localhost/127.0.0.1, localhost/0:0:0:0:0:0:0:1] failed: Connection refused",Review Submission Load Test 3-292,text,false,,2623,0,151,302,http://localhost:8001/auth/login,0,0,5002
1777162987225,0,POST /reviews/,401,Unauthorized,Review Submission Load Test 3-292,text,false,"Test failed: code expected to equal /

****** received  : [[[4]]]01

****** comparison: [[[2]]]01

/",204,299,151,302,http://localhost:8004/reviews/,0,0,0
1777162982249,5001,Login for Token,Non HTTP response code: org.apache.http.conn.HttpHostConnectException,"Non HTTP response message: Connect to localhost:8001 [localhost/127.0.0.1, localhost/0:0:0:0:0:0:0:1] failed: Connection refused",Review Submission Load Test 3-293,text,false,,2623,0,150,301,http://localhost:8001/auth/login,0,0,5001
1777162987250,1,POST /reviews/,401,Unauthorized,Review Submission Load Test 3-293,text,false,"Test failed: code expected to equal /

****** received  : [[[4]]]01

****** comparison: [[[2]]]01

/",204,299,150,301,http://localhost:8004/reviews/,1,0,1
1777162982257,5001,POST /auth/login,Non HTTP response code: org.apache.http.conn.HttpHostConnectException,"Non HTTP response message: Connect to localhost:8001 [localhost/127.0.0.1, localhost/0:0:0:0:0:0:0:1] failed: Connection refused",Login Load Test 1-296,text,false,"Test failed: code expected to equal /

****** received  : [[[Non HTTP response code: org.apache.http.conn.HttpHostConnectException]]]

****** comparison: [[[200                                                                  ]]]

/",2623,0,151,300,http://localhost:8001/auth/login,0,0,5001
1777162978598,8709,POST /auth/login,200,OK,Login Load Test 1-149,text,true,,316,251,150,299,http://localhost:8001/auth/login,8709,0,60
1777162982311,5002,POST /auth/login,Non HTTP response code: org.apache.http.conn.HttpHostConnectException,"Non HTTP response message: Connect to localhost:8001 [localhost/127.0.0.1, localhost/0:0:0:0:0:0:0:1] failed: Connection refused",Login Load Test 1-298,text,false,"Test failed: code expected to equal /

****** received  : [[[Non HTTP response code: org.apache.http.conn.HttpHostConnectException]]]

****** comparison: [[[200                                                                  ]]]

/",2623,0,149,298,http://localhost:8001/auth/login,0,0,5002
1777162982323,5002,Login for Token,Non HTTP response code: org.apache.http.conn.HttpHostConnectException,"Non HTTP response message: Connect to localhost:8001 [localhost/127.0.0.1, localhost/0:0:0:0:0:0:0:1] failed: Connection refused",Review Submission Load Test 3-296,text,false,,2623,0,149,297,http://localhost:8001/auth/login,0,0,5002
1777162987325,1,POST /reviews/,401,Unauthorized,Review Submission Load Test 3-296,text,false,"Test failed: code expected to equal /

****** received  : [[[4]]]01

****** comparison: [[[2]]]01

/",204,299,149,297,http://localhost:8004/reviews/,1,0,0
1777162982334,5001,POST /auth/login,Non HTTP response code: org.apache.http.conn.HttpHostConnectException,"Non HTTP response message: Connect to localhost:8001 [localhost/127.0.0.1, localhost/0:0:0:0:0:0:0:1] failed: Connection refused",Login Load Test 1-299,text,false,"Test failed: code expected to equal /

****** received  : [[[Non HTTP response code: org.apache.http.conn.HttpHostConnectException]]]

****** comparison: [[[200                                                                  ]]]

/",2623,0,148,296,http://localhost:8001/auth/login,0,0,5001
1777162982348,5002,Login for Token,Non HTTP response code: org.apache.http.conn.HttpHostConnectException,"Non HTTP response message: Connect to localhost:8001 [localhost/127.0.0.1, localhost/0:0:0:0:0:0:0:1] failed: Connection refused",Review Submission Load Test 3-297,text,false,,2623,0,148,295,http://localhost:8001/auth/login,0,0,5002
1777162987350,1,POST /reviews/,401,Unauthorized,Review Submission Load Test 3-297,text,false,"Test failed: code expected to equal /

****** received  : [[[4]]]01

****** comparison: [[[2]]]01

/",204,299,148,295,http://localhost:8004/reviews/,1,0,0
1777162982354,5001,POST /auth/login,Non HTTP response code: org.apache.http.conn.HttpHostConnectException,"Non HTTP response message: Connect to localhost:8001 [localhost/127.0.0.1, localhost/0:0:0:0:0:0:0:1] failed: Connection refused",Login Load Test 1-300,text,false,"Test failed: code expected to equal /

****** received  : [[[Non HTTP response code: org.apache.http.conn.HttpHostConnectException]]]

****** comparison: [[[200                                                                  ]]]

/",2623,0,147,294,http://localhost:8001/auth/login,0,0,5001
1777162982381,5001,POST /auth/login,Non HTTP response code: org.apache.http.conn.HttpHostConnectException,"Non HTTP response message: Connect to localhost:8001 [localhost/127.0.0.1, localhost/0:0:0:0:0:0:0:1] failed: Connection refused",Login Load Test 1-301,text,false,"Test failed: code expected to equal /

****** received  : [[[Non HTTP response code: org.apache.http.conn.HttpHostConnectException]]]

****** comparison: [[[200                                                                  ]]]

/",2623,0,146,293,http://localhost:8001/auth/login,0,0,5001
1777162982398,5002,Login for Token,Non HTTP response code: org.apache.http.conn.HttpHostConnectException,"Non HTTP response message: Connect to localhost:8001 [localhost/127.0.0.1, localhost/0:0:0:0:0:0:0:1] failed: Connection refused",Review Submission Load Test 3-299,text,false,,2623,0,147,292,http://localhost:8001/auth/login,0,0,5002
1777162987400,1,POST /reviews/,401,Unauthorized,Review Submission Load Test 3-299,text,false,"Test failed: code expected to equal /

****** received  : [[[4]]]01

****** comparison: [[[2]]]01

/",204,299,147,292,http://localhost:8004/reviews/,1,0,0
1777162982407,5002,POST /auth/login,Non HTTP response code: org.apache.http.conn.HttpHostConnectException,"Non HTTP response message: Connect to localhost:8001 [localhost/127.0.0.1, localhost/0:0:0:0:0:0:0:1] failed: Connection refused",Login Load Test 1-302,text,false,"Test failed: code expected to equal /

****** received  : [[[Non HTTP response code: org.apache.http.conn.HttpHostConnectException]]]

****** comparison: [[[200                                                                  ]]]

/",2623,0,145,291,http://localhost:8001/auth/login,0,0,5002
1777162982436,5001,POST /auth/login,Non HTTP response code: org.apache.http.conn.HttpHostConnectException,"Non HTTP response message: Connect to localhost:8001 [localhost/127.0.0.1, localhost/0:0:0:0:0:0:0:1] failed: Connection refused",Login Load Test 1-303,text,false,"Test failed: code expected to equal /

****** received  : [[[Non HTTP response code: org.apache.http.conn.HttpHostConnectException]]]

****** comparison: [[[200                                                                  ]]]

/",2623,0,144,290,http://localhost:8001/auth/login,0,0,5001
1777162978049,9430,Login for Token,200,OK,Review Submission Load Test 3-125,text,true,,316,251,146,289,http://localhost:8001/auth/login,9430,0,0
1777162978800,8679,Login for Token,200,OK,Review Submission Load Test 3-155,text,true,,316,251,146,289,http://localhost:8001/auth/login,8679,0,31
1777162987480,2,POST /reviews/,201,Created,Review Submission Load Test 3-155,text,true,,380,440,146,289,http://localhost:8004/reviews/,2,0,0
1777162987480,2,POST /reviews/,201,Created,Review Submission Load Test 3-125,text,true,,380,440,145,288,http://localhost:8004/reviews/,2,0,0
1777162978099,9390,POST /auth/login,200,OK,Login Load Test 1-129,text,true,,316,251,143,287,http://localhost:8001/auth/login,9389,0,0
1777162978993,8495,POST /auth/login,200,OK,Login Load Test 1-165,text,true,,316,251,143,287,http://localhost:8001/auth/login,8495,0,31
1777162982498,5002,Login for Token,Non HTTP response code: org.apache.http.conn.HttpHostConnectException,"Non HTTP response message: Connect to localhost:8001 [localhost/127.0.0.1, localhost/0:0:0:0:0:0:0:1] failed: Connection refused",Review Submission Load Test 3-303,text,false,,2623,0,144,285,http://localhost:8001/auth/login,0,0,5002
1777162987500,1,POST /reviews/,401,Unauthorized,Review Submission Load Test 3-303,text,false,"Test failed: code expected to equal /

****** received  : [[[4]]]01

****** comparison: [[[2]]]01

/",204,299,144,285,http://localhost:8004/reviews/,1,0,0
1777162979095,8412,Login for Token,200,OK,Review Submission Load Test 3-167,text,true,,316,251,143,284,http://localhost:8001/auth/login,8412,0,93
1777162979100,8408,POST /auth/login,200,OK,Login Load Test 1-169,text,true,,316,251,141,284,http://localhost:8001/auth/login,8408,0,90
1777162987507,2,POST /reviews/,201,Created,Review Submission Load Test 3-167,text,true,,380,440,143,283,http://localhost:8004/reviews/,2,0,0
1777162982523,5002,Login for Token,Non HTTP response code: org.apache.http.conn.HttpHostConnectException,"Non HTTP response message: Connect to localhost:8001 [localhost/127.0.0.1, localhost/0:0:0:0:0:0:0:1] failed: Connection refused",Review Submission Load Test 3-304,text,false,,2623,0,142,282,http://localhost:8001/auth/login,0,0,5002
1777162987525,1,POST /reviews/,401,Unauthorized,Review Submission Load Test 3-304,text,false,"Test failed: code expected to equal /

****** received  : [[[4]]]01

****** comparison: [[[2]]]01

/",204,299,142,282,http://localhost:8004/reviews/,1,0,0
1777162982531,5002,POST /auth/login,Non HTTP response code: org.apache.http.conn.HttpHostConnectException,"Non HTTP response message: Connect to localhost:8001 [localhost/127.0.0.1, localhost/0:0:0:0:0:0:0:1] failed: Connection refused",Login Load Test 1-307,text,false,"Test failed: code expected to equal /

****** received  : [[[Non HTTP response code: org.apache.http.conn.HttpHostConnectException]]]

****** comparison: [[[200                                                                  ]]]

/",2623,0,140,281,http://localhost:8001/auth/login,0,0,5002
1777162982549,5001,Login for Token,Non HTTP response code: org.apache.http.conn.HttpHostConnectException,"Non HTTP response message: Connect to localhost:8001 [localhost/127.0.0.1, localhost/0:0:0:0:0:0:0:1] failed: Connection refused",Review Submission Load Test 3-305,text,false,,2623,0,141,280,http://localhost:8001/auth/login,0,0,5001
1777162987550,1,POST /reviews/,401,Unauthorized,Review Submission Load Test 3-305,text,false,"Test failed: code expected to equal /

****** received  : [[[4]]]01

****** comparison: [[[2]]]01

/",204,299,141,280,http://localhost:8004/reviews/,1,0,0
1777162982557,5002,POST /auth/login,Non HTTP response code: org.apache.http.conn.HttpHostConnectException,"Non HTTP response message: Connect to localhost:8001 [localhost/127.0.0.1, localhost/0:0:0:0:0:0:0:1] failed: Connection refused",Login Load Test 1-308,text,false,"Test failed: code expected to equal /

****** received  : [[[Non HTTP response code: org.apache.http.conn.HttpHostConnectException]]]

****** comparison: [[[200                                                                  ]]]

/",2623,0,139,279,http://localhost:8001/auth/login,0,0,5002
1777162982570,5001,Login for Token,Non HTTP response code: org.apache.http.conn.HttpHostConnectException,"Non HTTP response message: Connect to localhost:8001 [localhost/127.0.0.1, localhost/0:0:0:0:0:0:0:1] failed: Connection refused",Review Submission Load Test 3-306,text,false,,2623,0,140,278,http://localhost:8001/auth/login,0,0,5001
1777162987572,5,POST /reviews/,401,Unauthorized,Review Submission Load Test 3-306,text,false,"Test failed: code expected to equal /

****** received  : [[[4]]]01

****** comparison: [[[2]]]01

/",204,299,140,278,http://localhost:8004/reviews/,5,0,0
1777162982583,5001,POST /auth/login,Non HTTP response code: org.apache.http.conn.HttpHostConnectException,"Non HTTP response message: Connect to localhost:8001 [localhost/127.0.0.1, localhost/0:0:0:0:0:0:0:1] failed: Connection refused",Login Load Test 1-309,text,false,"Test failed: code expected to equal /

****** received  : [[[Non HTTP response code: org.apache.http.conn.HttpHostConnectException]]]

****** comparison: [[[200                                                                  ]]]

/",2623,0,138,277,http://localhost:8001/auth/login,0,0,5001
1777162982599,5001,Login for Token,Non HTTP response code: org.apache.http.conn.HttpHostConnectException,"Non HTTP response message: Connect to localhost:8001 [localhost/127.0.0.1, localhost/0:0:0:0:0:0:0:1] failed: Connection refused",Review Submission Load Test 3-307,text,false,,2623,0,139,276,http://localhost:8001/auth/login,0,0,5001
1777162987600,1,POST /reviews/,401,Unauthorized,Review Submission Load Test 3-307,text,false,"Test failed: code expected to equal /

****** received  : [[[4]]]01

****** comparison: [[[2]]]01

/",204,299,139,276,http://localhost:8004/reviews/,1,0,0
1777162982624,5001,Login for Token,Non HTTP response code: org.apache.http.conn.HttpHostConnectException,"Non HTTP response message: Connect to localhost:8001 [localhost/127.0.0.1, localhost/0:0:0:0:0:0:0:1] failed: Connection refused",Review Submission Load Test 3-308,text,false,,2623,0,138,275,http://localhost:8001/auth/login,0,0,5001
1777162987625,1,POST /reviews/,401,Unauthorized,Review Submission Load Test 3-308,text,false,"Test failed: code expected to equal /

****** received  : [[[4]]]01

****** comparison: [[[2]]]01

/",204,299,138,275,http://localhost:8004/reviews/,1,0,0
1777162982653,5002,POST /auth/login,Non HTTP response code: org.apache.http.conn.HttpHostConnectException,"Non HTTP response message: Connect to localhost:8001 [localhost/127.0.0.1, localhost/0:0:0:0:0:0:0:1] failed: Connection refused",Login Load Test 1-312,text,false,"Test failed: code expected to equal /

****** received  : [[[Non HTTP response code: org.apache.http.conn.HttpHostConnectException]]]

****** comparison: [[[200                                                                  ]]]

/",2623,0,137,274,http://localhost:8001/auth/login,0,0,5002
1777162978598,9081,Login for Token,200,OK,Review Submission Load Test 3-147,text,true,,316,251,137,273,http://localhost:8001/auth/login,9081,0,61
1777162979295,8384,POST /auth/login,200,OK,Login Load Test 1-177,text,true,,316,251,136,273,http://localhost:8001/auth/login,8384,0,90
1777162987679,2,POST /reviews/,201,Created,Review Submission Load Test 3-147,text,true,,380,440,137,272,http://localhost:8004/reviews/,2,0,0
1777162982683,5001,POST /auth/login,Non HTTP response code: org.apache.http.conn.HttpHostConnectException,"Non HTTP response message: Connect to localhost:8001 [localhost/127.0.0.1, localhost/0:0:0:0:0:0:0:1] failed: Connection refused",Login Load Test 1-313,text,false,"Test failed: code expected to equal /

****** received  : [[[Non HTTP response code: org.apache.http.conn.HttpHostConnectException]]]

****** comparison: [[[200                                                                  ]]]

/",2623,0,135,271,http://localhost:8001/auth/login,0,0,5001
1777162982696,5000,Login for Token,Non HTTP response code: org.apache.http.conn.HttpHostConnectException,"Non HTTP response message: Connect to localhost:8001 [localhost/127.0.0.1, localhost/0:0:0:0:0:0:0:1] failed: Connection refused",Review Submission Load Test 3-311,text,false,,2623,0,136,270,http://localhost:8001/auth/login,0,0,5000
1777162987696,1,POST /reviews/,401,Unauthorized,Review Submission Load Test 3-311,text,false,"Test failed: code expected to equal /

****** received  : [[[4]]]01

****** comparison: [[[2]]]01

/",204,299,136,270,http://localhost:8004/reviews/,1,0,0
1777162982708,5002,POST /auth/login,Non HTTP response code: org.apache.http.conn.HttpHostConnectException,"Non HTTP response message: Connect to localhost:8001 [localhost/127.0.0.1, localhost/0:0:0:0:0:0:0:1] failed: Connection refused",Login Load Test 1-314,text,false,"Test failed: code expected to equal /

****** received  : [[[Non HTTP response code: org.apache.http.conn.HttpHostConnectException]]]

****** comparison: [[[200                                                                  ]]]

/",2623,0,134,269,http://localhost:8001/auth/login,0,0,5002
1777162982732,5001,POST /auth/login,Non HTTP response code: org.apache.http.conn.HttpHostConnectException,"Non HTTP response message: Connect to localhost:8001 [localhost/127.0.0.1, localhost/0:0:0:0:0:0:0:1] failed: Connection refused",Login Load Test 1-315,text,false,"Test failed: code expected to equal /

****** received  : [[[Non HTTP response code: org.apache.http.conn.HttpHostConnectException]]]

****** comparison: [[[200                                                                  ]]]

/",2623,0,133,268,http://localhost:8001/auth/login,0,0,5001
1777162982753,5002,POST /auth/login,Non HTTP response code: org.apache.http.conn.HttpHostConnectException,"Non HTTP response message: Connect to localhost:8001 [localhost/127.0.0.1, localhost/0:0:0:0:0:0:0:1] failed: Connection refused",Login Load Test 1-316,text,false,"Test failed: code expected to equal /

****** received  : [[[Non HTTP response code: org.apache.http.conn.HttpHostConnectException]]]

****** comparison: [[[200                                                                  ]]]

/",2623,0,132,267,http://localhost:8001/auth/login,0,0,5002
1777162982771,5001,Login for Token,Non HTTP response code: org.apache.http.conn.HttpHostConnectException,"Non HTTP response message: Connect to localhost:8001 [localhost/127.0.0.1, localhost/0:0:0:0:0:0:0:1] failed: Connection refused",Review Submission Load Test 3-314,text,false,,2623,0,135,266,http://localhost:8001/auth/login,0,0,5001
1777162987772,1,POST /reviews/,401,Unauthorized,Review Submission Load Test 3-314,text,false,"Test failed: code expected to equal /

****** received  : [[[4]]]01

****** comparison: [[[2]]]01

/",204,299,135,266,http://localhost:8004/reviews/,1,0,0
1777162982779,5001,POST /auth/login,Non HTTP response code: org.apache.http.conn.HttpHostConnectException,"Non HTTP response message: Connect to localhost:8001 [localhost/127.0.0.1, localhost/0:0:0:0:0:0:0:1] failed: Connection refused",Login Load Test 1-317,text,false,"Test failed: code expected to equal /

****** received  : [[[Non HTTP response code: org.apache.http.conn.HttpHostConnectException]]]

****** comparison: [[[200                                                                  ]]]

/",2623,0,131,265,http://localhost:8001/auth/login,0,0,5001
1777162982798,5001,Login for Token,Non HTTP response code: org.apache.http.conn.HttpHostConnectException,"Non HTTP response message: Connect to localhost:8001 [localhost/127.0.0.1, localhost/0:0:0:0:0:0:0:1] failed: Connection refused",Review Submission Load Test 3-315,text,false,,2623,0,134,264,http://localhost:8001/auth/login,0,0,5001
1777162987800,0,POST /reviews/,401,Unauthorized,Review Submission Load Test 3-315,text,false,"Test failed: code expected to equal /

****** received  : [[[4]]]01

****** comparison: [[[2]]]01

/",204,299,134,264,http://localhost:8004/reviews/,0,0,0
1777162979394,8455,POST /auth/login,200,OK,Login Load Test 1-181,text,true,,316,251,130,263,http://localhost:8001/auth/login,8455,0,1
1777162978500,9349,POST /auth/login,200,OK,Login Load Test 1-145,text,true,,316,251,130,263,http://localhost:8001/auth/login,9349,0,331
1777162978873,8984,POST /auth/login,200,OK,Login Load Test 1-160,text,true,,316,251,128,261,http://localhost:8001/auth/login,8984,0,151
1777162979497,8360,POST /auth/login,200,OK,Login Load Test 1-185,text,true,,316,251,127,260,http://localhost:8001/auth/login,8360,0,61
1777162979498,8359,Login for Token,200,OK,Review Submission Load Test 3-183,text,true,,316,251,133,260,http://localhost:8001/auth/login,8359,0,61
1777162987857,3,POST /reviews/,201,Created,Review Submission Load Test 3-183,text,true,,380,440,133,259,http://localhost:8004/reviews/,3,0,0
1777162982873,5002,POST /auth/login,Non HTTP response code: org.apache.http.conn.HttpHostConnectException,"Non HTTP response message: Connect to localhost:8001 [localhost/127.0.0.1, localhost/0:0:0:0:0:0:0:1] failed: Connection refused",Login Load Test 1-321,text,false,"Test failed: code expected to equal /

****** received  : [[[Non HTTP response code: org.apache.http.conn.HttpHostConnectException]]]

****** comparison: [[[200                                                                  ]]]

/",2623,0,126,258,http://localhost:8001/auth/login,0,0,5002
1777162979621,8258,POST /auth/login,200,OK,Login Load Test 1-190,text,true,,316,251,125,257,http://localhost:8001/auth/login,8258,0,122
1777162979624,8255,Login for Token,200,OK,Review Submission Load Test 3-188,text,true,,316,251,132,257,http://localhost:8001/auth/login,8255,0,121
1777162987879,3,POST /reviews/,201,Created,Review Submission Load Test 3-188,text,true,,380,440,132,256,http://localhost:8004/reviews/,3,0,0
1777162982898,5002,Login for Token,Non HTTP response code: org.apache.http.conn.HttpHostConnectException,"Non HTTP response message: Connect to localhost:8001 [localhost/127.0.0.1, localhost/0:0:0:0:0:0:0:1] failed: Connection refused",Review Submission Load Test 3-319,text,false,,2623,0,131,255,http://localhost:8001/auth/login,0,0,5002
1777162987900,0,POST /reviews/,401,Unauthorized,Review Submission Load Test 3-319,text,false,"Test failed: code expected to equal /

****** received  : [[[4]]]01

****** comparison: [[[2]]]01

/",204,299,131,255,http://localhost:8004/reviews/,0,0,0
1777162982903,5001,POST /auth/login,Non HTTP response code: org.apache.http.conn.HttpHostConnectException,"Non HTTP response message: Connect to localhost:8001 [localhost/127.0.0.1, localhost/0:0:0:0:0:0:0:1] failed: Connection refused",Login Load Test 1-322,text,false,"Test failed: code expected to equal /

****** received  : [[[Non HTTP response code: org.apache.http.conn.HttpHostConnectException]]]

****** comparison: [[[200                                                                  ]]]

/",2623,0,124,254,http://localhost:8001/auth/login,0,0,5001
1777162982921,5001,Login for Token,Non HTTP response code: org.apache.http.conn.HttpHostConnectException,"Non HTTP response message: Connect to localhost:8001 [localhost/127.0.0.1, localhost/0:0:0:0:0:0:0:1] failed: Connection refused",Review Submission Load Test 3-320,text,false,,2623,0,130,253,http://localhost:8001/auth/login,0,0,5001
1777162987922,1,POST /reviews/,401,Unauthorized,Review Submission Load Test 3-320,text,false,"Test failed: code expected to equal /

****** received  : [[[4]]]01

****** comparison: [[[2]]]01

/",204,299,130,253,http://localhost:8004/reviews/,1,0,0
1777162982948,5002,Login for Token,Non HTTP response code: org.apache.http.conn.HttpHostConnectException,"Non HTTP response message: Connect to localhost:8001 [localhost/127.0.0.1, localhost/0:0:0:0:0:0:0:1] failed: Connection refused",Review Submission Load Test 3-321,text,false,,2623,0,129,252,http://localhost:8001/auth/login,0,0,5002
1777162987950,0,POST /reviews/,401,Unauthorized,Review Submission Load Test 3-321,text,false,"Test failed: code expected to equal /

****** received  : [[[4]]]01

****** comparison: [[[2]]]01

/",204,299,129,252,http://localhost:8004/reviews/,0,0,0
1777162982951,5001,POST /auth/login,Non HTTP response code: org.apache.http.conn.HttpHostConnectException,"Non HTTP response message: Connect to localhost:8001 [localhost/127.0.0.1, localhost/0:0:0:0:0:0:0:1] failed: Connection refused",Login Load Test 1-324,text,false,"Test failed: code expected to equal /

****** received  : [[[Non HTTP response code: org.apache.http.conn.HttpHostConnectException]]]

****** comparison: [[[200                                                                  ]]]

/",2623,0,123,251,http://localhost:8001/auth/login,0,0,5001
1777162982970,5002,Login for Token,Non HTTP response code: org.apache.http.conn.HttpHostConnectException,"Non HTTP response message: Connect to localhost:8001 [localhost/127.0.0.1, localhost/0:0:0:0:0:0:0:1] failed: Connection refused",Review Submission Load Test 3-322,text,false,,2623,0,128,250,http://localhost:8001/auth/login,0,0,5002
1777162987972,1,POST /reviews/,401,Unauthorized,Review Submission Load Test 3-322,text,false,"Test failed: code expected to equal /

****** received  : [[[4]]]01

****** comparison: [[[2]]]01

/",204,299,128,250,http://localhost:8004/reviews/,1,0,0
1777162982998,5001,Login for Token,Non HTTP response code: org.apache.http.conn.HttpHostConnectException,"Non HTTP response message: Connect to localhost:8001 [localhost/127.0.0.1, localhost/0:0:0:0:0:0:0:1] failed: Connection refused",Review Submission Load Test 3-323,text,false,,2623,0,127,249,http://localhost:8001/auth/login,0,0,5001
1777162988000,0,POST /reviews/,401,Unauthorized,Review Submission Load Test 3-323,text,false,"Test failed: code expected to equal /

****** received  : [[[4]]]01

****** comparison: [[[2]]]01

/",204,299,127,249,http://localhost:8004/reviews/,0,0,0
1777162983047,5002,POST /auth/login,Non HTTP response code: org.apache.http.conn.HttpHostConnectException,"Non HTTP response message: Connect to localhost:8001 [localhost/127.0.0.1, localhost/0:0:0:0:0:0:0:1] failed: Connection refused",Login Load Test 1-328,text,false,"Test failed: code expected to equal /

****** received  : [[[Non HTTP response code: org.apache.http.conn.HttpHostConnectException]]]

****** comparison: [[[200                                                                  ]]]

/",2623,0,122,248,http://localhost:8001/auth/login,0,0,5002
1777162979194,8857,Login for Token,200,OK,Review Submission Load Test 3-171,text,true,,316,251,126,247,http://localhost:8001/auth/login,8857,0,572
1777162979174,8877,Login for Token,200,OK,Review Submission Load Test 3-170,text,true,,316,251,126,247,http://localhost:8001/auth/login,8877,0,211
1777162988051,2,POST /reviews/,201,Created,Review Submission Load Test 3-171,text,true,,380,440,126,247,http://localhost:8004/reviews/,2,0,0
1777162988051,2,POST /reviews/,201,Created,Review Submission Load Test 3-170,text,true,,380,440,126,247,http://localhost:8004/reviews/,2,0,0
1777162983072,5001,POST /auth/login,Non HTTP response code: org.apache.http.conn.HttpHostConnectException,"Non HTTP response message: Connect to localhost:8001 [localhost/127.0.0.1, localhost/0:0:0:0:0:0:0:1] failed: Connection refused",Login Load Test 1-329,text,false,"Test failed: code expected to equal /

****** received  : [[[Non HTTP response code: org.apache.http.conn.HttpHostConnectException]]]

****** comparison: [[[200                                                                  ]]]

/",2623,0,121,245,http://localhost:8001/auth/login,0,0,5001
1777162983072,5001,Login for Token,Non HTTP response code: org.apache.http.conn.HttpHostConnectException,"Non HTTP response message: Connect to localhost:8001 [localhost/127.0.0.1, localhost/0:0:0:0:0:0:0:1] failed: Connection refused",Review Submission Load Test 3-326,text,false,,2623,0,124,245,http://localhost:8001/auth/login,0,0,5001
1777162988073,1,POST /reviews/,401,Unauthorized,Review Submission Load Test 3-326,text,false,"Test failed: code expected to equal /

****** received  : [[[4]]]01

****** comparison: [[[2]]]01

/",204,299,124,244,http://localhost:8004/reviews/,1,0,1
1777162983099,5001,Login for Token,Non HTTP response code: org.apache.http.conn.HttpHostConnectException,"Non HTTP response message: Connect to localhost:8001 [localhost/127.0.0.1, localhost/0:0:0:0:0:0:0:1] failed: Connection refused",Review Submission Load Test 3-327,text,false,,2623,0,123,243,http://localhost:8001/auth/login,0,0,5001
1777162988100,1,POST /reviews/,401,Unauthorized,Review Submission Load Test 3-327,text,false,"Test failed: code expected to equal /

****** received  : [[[4]]]01

****** comparison: [[[2]]]01

/",204,299,123,243,http://localhost:8004/reviews/,1,0,1
1777162983104,5001,POST /auth/login,Non HTTP response code: org.apache.http.conn.HttpHostConnectException,"Non HTTP response message: Connect to localhost:8001 [localhost/127.0.0.1, localhost/0:0:0:0:0:0:0:1] failed: Connection refused",Login Load Test 1-330,text,false,"Test failed: code expected to equal /

****** received  : [[[Non HTTP response code: org.apache.http.conn.HttpHostConnectException]]]

****** comparison: [[[200                                                                  ]]]

/",2623,0,120,242,http://localhost:8001/auth/login,0,0,5001
1777162983124,5001,Login for Token,Non HTTP response code: org.apache.http.conn.HttpHostConnectException,"Non HTTP response message: Connect to localhost:8001 [localhost/127.0.0.1, localhost/0:0:0:0:0:0:0:1] failed: Connection refused",Review Submission Load Test 3-328,text,false,,2623,0,122,241,http://localhost:8001/auth/login,0,0,5001
1777162988125,1,POST /reviews/,401,Unauthorized,Review Submission Load Test 3-328,text,false,"Test failed: code expected to equal /

****** received  : [[[4]]]01

****** comparison: [[[2]]]01

/",204,299,122,241,http://localhost:8004/reviews/,1,0,1
1777162983127,5002,POST /auth/login,Non HTTP response code: org.apache.http.conn.HttpHostConnectException,"Non HTTP response message: Connect to localhost:8001 [localhost/127.0.0.1, localhost/0:0:0:0:0:0:0:1] failed: Connection refused",Login Load Test 1-331,text,false,"Test failed: code expected to equal /

****** received  : [[[Non HTTP response code: org.apache.http.conn.HttpHostConnectException]]]

****** comparison: [[[200                                                                  ]]]

/",2623,0,119,240,http://localhost:8001/auth/login,0,0,5001
1777162983148,5002,Login for Token,Non HTTP response code: org.apache.http.conn.HttpHostConnectException,"Non HTTP response message: Connect to localhost:8001 [localhost/127.0.0.1, localhost/0:0:0:0:0:0:0:1] failed: Connection refused",Review Submission Load Test 3-329,text,false,,2623,0,121,239,http://localhost:8001/auth/login,0,0,5002
1777162983149,5001,POST /auth/login,Non HTTP response code: org.apache.http.conn.HttpHostConnectException,"Non HTTP response message: Connect to localhost:8001 [localhost/127.0.0.1, localhost/0:0:0:0:0:0:0:1] failed: Connection refused",Login Load Test 1-332,text,false,"Test failed: code expected to equal /

****** received  : [[[Non HTTP response code: org.apache.http.conn.HttpHostConnectException]]]

****** comparison: [[[200                                                                  ]]]

/",2623,0,118,239,http://localhost:8001/auth/login,0,0,5001
1777162988150,0,POST /reviews/,401,Unauthorized,Review Submission Load Test 3-329,text,false,"Test failed: code expected to equal /

****** received  : [[[4]]]01

****** comparison: [[[2]]]01

/",204,299,121,238,http://localhost:8004/reviews/,0,0,0
1777162979274,8941,Login for Token,200,OK,Review Submission Load Test 3-174,text,true,,316,251,120,237,http://localhost:8001/auth/login,8941,0,121
1777162980049,8166,Login for Token,200,OK,Review Submission Load Test 3-205,text,true,,316,251,120,237,http://localhost:8001/auth/login,8166,0,60
1777162988215,3,POST /reviews/,201,Created,Review Submission Load Test 3-205,text,true,,380,440,120,237,http://localhost:8004/reviews/,3,0,0
1777162988215,3,POST /reviews/,201,Created,Review Submission Load Test 3-174,text,true,,380,440,120,237,http://localhost:8004/reviews/,3,0,0
1777162980046,8174,POST /auth/login,200,OK,Login Load Test 1-207,text,true,,316,251,117,235,http://localhost:8001/auth/login,8174,0,90
1777162980242,7998,POST /auth/login,200,OK,Login Load Test 1-215,text,true,,316,251,116,234,http://localhost:8001/auth/login,7998,0,60
1777162983295,5002,POST /auth/login,Non HTTP response code: org.apache.http.conn.HttpHostConnectException,"Non HTTP response message: Connect to localhost:8001 [localhost/127.0.0.1, localhost/0:0:0:0:0:0:0:1] failed: Connection refused",Login Load Test 1-338,text,false,"Test failed: code expected to equal /

****** received  : [[[Non HTTP response code: org.apache.http.conn.HttpHostConnectException]]]

****** comparison: [[[200                                                                  ]]]

/",2623,0,115,233,http://localhost:8001/auth/login,0,0,5002
1777162983296,5001,Login for Token,Non HTTP response code: org.apache.http.conn.HttpHostConnectException,"Non HTTP response message: Connect to localhost:8001 [localhost/127.0.0.1, localhost/0:0:0:0:0:0:0:1] failed: Connection refused",Review Submission Load Test 3-335,text,false,,2623,0,118,232,http://localhost:8001/auth/login,0,0,5001
1777162988297,1,POST /reviews/,401,Unauthorized,Review Submission Load Test 3-335,text,false,"Test failed: code expected to equal /

****** received  : [[[4]]]01

****** comparison: [[[2]]]01

/",204,299,118,232,http://localhost:8004/reviews/,1,0,0
1777162983348,5002,POST /auth/login,Non HTTP response code: org.apache.http.conn.HttpHostConnectException,"Non HTTP response message: Connect to localhost:8001 [localhost/127.0.0.1, localhost/0:0:0:0:0:0:0:1] failed: Connection refused",Login Load Test 1-340,text,false,"Test failed: code expected to equal /

****** received  : [[[Non HTTP response code: org.apache.http.conn.HttpHostConnectException]]]

****** comparison: [[[200                                                                  ]]]

/",2623,0,114,231,http://localhost:8001/auth/login,0,0,5002
1777162983349,5001,Login for Token,Non HTTP response code: org.apache.http.conn.HttpHostConnectException,"Non HTTP response message: Connect to localhost:8001 [localhost/127.0.0.1, localhost/0:0:0:0:0:0:0:1] failed: Connection refused",Review Submission Load Test 3-337,text,false,,2623,0,117,230,http://localhost:8001/auth/login,0,0,5001
1777162988350,1,POST /reviews/,401,Unauthorized,Review Submission Load Test 3-337,text,false,"Test failed: code expected to equal /

****** received  : [[[4]]]01

****** comparison: [[[2]]]01

/",204,299,117,230,http://localhost:8004/reviews/,1,0,1
1777162983372,5001,POST /auth/login,Non HTTP response code: org.apache.http.conn.HttpHostConnectException,"Non HTTP response message: Connect to localhost:8001 [localhost/127.0.0.1, localhost/0:0:0:0:0:0:0:1] failed: Connection refused",Login Load Test 1-341,text,false,"Test failed: code expected to equal /

****** received  : [[[Non HTTP response code: org.apache.http.conn.HttpHostConnectException]]]

****** comparison: [[[200                                                                  ]]]

/",2623,0,113,229,http://localhost:8001/auth/login,0,0,5001
1777162979192,9223,POST /auth/login,200,OK,Login Load Test 1-173,text,true,,316,251,112,228,http://localhost:8001/auth/login,9223,0,574
1777162980321,8094,POST /auth/login,200,OK,Login Load Test 1-218,text,true,,316,251,112,228,http://localhost:8001/auth/login,8094,0,151
1777162983445,5002,POST /auth/login,Non HTTP response code: org.apache.http.conn.HttpHostConnectException,"Non HTTP response message: Connect to localhost:8001 [localhost/127.0.0.1, localhost/0:0:0:0:0:0:0:1] failed: Connection refused",Login Load Test 1-344,text,false,"Test failed: code expected to equal /

****** received  : [[[Non HTTP response code: org.apache.http.conn.HttpHostConnectException]]]

****** comparison: [[[200                                                                  ]]]

/",2623,0,110,226,http://localhost:8001/auth/login,0,0,5002
1777162983448,5002,Login for Token,Non HTTP response code: org.apache.http.conn.HttpHostConnectException,"Non HTTP response message: Connect to localhost:8001 [localhost/127.0.0.1, localhost/0:0:0:0:0:0:0:1] failed: Connection refused",Review Submission Load Test 3-341,text,false,,2623,0,116,225,http://localhost:8001/auth/login,0,0,5002
1777162988450,1,POST /reviews/,401,Unauthorized,Review Submission Load Test 3-341,text,false,"Test failed: code expected to equal /

****** received  : [[[4]]]01

****** comparison: [[[2]]]01

/",204,299,116,225,http://localhost:8004/reviews/,1,0,0
1777162983470,5002,POST /auth/login,Non HTTP response code: org.apache.http.conn.HttpHostConnectException,"Non HTTP response message: Connect to localhost:8001 [localhost/127.0.0.1, localhost/0:0:0:0:0:0:0:1] failed: Connection refused",Login Load Test 1-345,text,false,"Test failed: code expected to equal /

****** received  : [[[Non HTTP response code: org.apache.http.conn.HttpHostConnectException]]]

****** comparison: [[[200                                                                  ]]]

/",2623,0,109,224,http://localhost:8001/auth/login,0,0,5002
1777162983473,5002,Login for Token,Non HTTP response code: org.apache.http.conn.HttpHostConnectException,"Non HTTP response message: Connect to localhost:8001 [localhost/127.0.0.1, localhost/0:0:0:0:0:0:0:1] failed: Connection refused",Review Submission Load Test 3-342,text,false,,2623,0,115,223,http://localhost:8001/auth/login,0,0,5002
1777162988475,0,POST /reviews/,401,Unauthorized,Review Submission Load Test 3-342,text,false,"Test failed: code expected to equal /

****** received  : [[[4]]]01

****** comparison: [[[2]]]01

/",204,299,115,223,http://localhost:8004/reviews/,0,0,0
1777162983493,5001,POST /auth/login,Non HTTP response code: org.apache.http.conn.HttpHostConnectException,"Non HTTP response message: Connect to localhost:8001 [localhost/127.0.0.1, localhost/0:0:0:0:0:0:0:1] failed: Connection refused",Login Load Test 1-346,text,false,"Test failed: code expected to equal /

****** received  : [[[Non HTTP response code: org.apache.http.conn.HttpHostConnectException]]]

****** comparison: [[[200                                                                  ]]]

/",2623,0,108,222,http://localhost:8001/auth/login,0,0,5001
1777162983493,5001,Login for Token,Non HTTP response code: org.apache.http.conn.HttpHostConnectException,"Non HTTP response message: Connect to localhost:8001 [localhost/127.0.0.1, localhost/0:0:0:0:0:0:0:1] failed: Connection refused",Review Submission Load Test 3-343,text,false,,2623,0,114,221,http://localhost:8001/auth/login,0,0,5001
1777162988495,1,POST /reviews/,401,Unauthorized,Review Submission Load Test 3-343,text,false,"Test failed: code expected to equal /

****** received  : [[[4]]]01

****** comparison: [[[2]]]01

/",204,299,114,221,http://localhost:8004/reviews/,1,0,0
1777162983522,5002,POST /auth/login,Non HTTP response code: org.apache.http.conn.HttpHostConnectException,"Non HTTP response message: Connect to localhost:8001 [localhost/127.0.0.1, localhost/0:0:0:0:0:0:0:1] failed: Connection refused",Login Load Test 1-347,text,false,"Test failed: code expected to equal /

****** received  : [[[Non HTTP response code: org.apache.http.conn.HttpHostConnectException]]]

****** comparison: [[[200                                                                  ]]]

/",2623,0,107,220,http://localhost:8001/auth/login,0,0,5002
1777162983524,5001,Login for Token,Non HTTP response code: org.apache.http.conn.HttpHostConnectException,"Non HTTP response message: Connect to localhost:8001 [localhost/127.0.0.1, localhost/0:0:0:0:0:0:0:1] failed: Connection refused",Review Submission Load Test 3-344,text,false,,2623,0,113,219,http://localhost:8001/auth/login,0,0,5001
1777162988525,1,POST /reviews/,401,Unauthorized,Review Submission Load Test 3-344,text,false,"Test failed: code expected to equal /

****** received  : [[[4]]]01

****** comparison: [[[2]]]01

/",204,299,113,219,http://localhost:8004/reviews/,1,0,0
1777162983545,5001,POST /auth/login,Non HTTP response code: org.apache.http.conn.HttpHostConnectException,"Non HTTP response message: Connect to localhost:8001 [localhost/127.0.0.1, localhost/0:0:0:0:0:0:0:1] failed: Connection refused",Login Load Test 1-348,text,false,"Test failed: code expected to equal /

****** received  : [[[Non HTTP response code: org.apache.http.conn.HttpHostConnectException]]]

****** comparison: [[[200                                                                  ]]]

/",2623,0,106,218,http://localhost:8001/auth/login,0,0,5001
1777162979993,8592,POST /auth/login,200,OK,Login Load Test 1-205,text,true,,316,251,105,217,http://localhost:8001/auth/login,8592,0,120
1777162980424,8161,Login for Token,200,OK,Review Submission Load Test 3-220,text,true,,316,251,112,217,http://localhost:8001/auth/login,8161,0,61
1777162988585,3,POST /reviews/,201,Created,Review Submission Load Test 3-220,text,true,,380,440,112,216,http://localhost:8004/reviews/,3,0,0
1777162980487,8102,POST /auth/login,200,OK,Login Load Test 1-225,text,true,,316,251,104,215,http://localhost:8001/auth/login,8102,0,0
1777162979924,8665,Login for Token,200,OK,Review Submission Load Test 3-200,text,true,,316,251,111,215,http://localhost:8001/auth/login,8665,0,212
1777162988589,1,POST /reviews/,201,Created,Review Submission Load Test 3-200,text,true,,380,440,111,214,http://localhost:8004/reviews/,1,0,0
1777162980091,8517,POST /auth/login,200,OK,Login Load Test 1-209,text,true,,316,251,103,213,http://localhost:8001/auth/login,8517,0,212
1777162980294,8314,POST /auth/login,200,OK,Login Load Test 1-217,text,true,,316,251,103,213,http://localhost:8001/auth/login,8314,0,213
1777162983671,5001,Login for Token,Non HTTP response code: org.apache.http.conn.HttpHostConnectException,"Non HTTP response message: Connect to localhost:8001 [localhost/127.0.0.1, localhost/0:0:0:0:0:0:0:1] failed: Connection refused",Review Submission Load Test 3-350,text,false,,2623,0,110,211,http://localhost:8001/auth/login,0,0,5001
1777162988672,1,POST /reviews/,401,Unauthorized,Review Submission Load Test 3-350,text,false,"Test failed: code expected to equal /

****** received  : [[[4]]]01

****** comparison: [[[2]]]01

/",204,299,110,211,http://localhost:8004/reviews/,1,0,1
1777162983723,5002,Login for Token,Non HTTP response code: org.apache.http.conn.HttpHostConnectException,"Non HTTP response message: Connect to localhost:8001 [localhost/127.0.0.1, localhost/0:0:0:0:0:0:0:1] failed: Connection refused",Review Submission Load Test 3-352,text,false,,2623,0,109,210,http://localhost:8001/auth/login,0,0,5002
1777162988725,1,POST /reviews/,401,Unauthorized,Review Submission Load Test 3-352,text,false,"Test failed: code expected to equal /

****** received  : [[[4]]]01

****** comparison: [[[2]]]01

/",204,299,109,210,http://localhost:8004/reviews/,1,0,0
1777162983744,5002,POST /auth/login,Non HTTP response code: org.apache.http.conn.HttpHostConnectException,"Non HTTP response message: Connect to localhost:8001 [localhost/127.0.0.1, localhost/0:0:0:0:0:0:0:1] failed: Connection refused",Login Load Test 1-356,text,false,"Test failed: code expected to equal /

****** received  : [[[Non HTTP response code: org.apache.http.conn.HttpHostConnectException]]]

****** comparison: [[[200                                                                  ]]]

/",2623,0,101,209,http://localhost:8001/auth/login,0,0,5002
1777162980622,8163,POST /auth/login,200,OK,Login Load Test 1-230,text,true,,316,251,100,208,http://localhost:8001/auth/login,8163,0,212
1777162980472,8313,Login for Token,200,OK,Review Submission Load Test 3-222,text,true,,316,251,108,208,http://localhost:8001/auth/login,8313,0,1
1777162988785,3,POST /reviews/,201,Created,Review Submission Load Test 3-222,text,true,,380,440,108,207,http://localhost:8004/reviews/,3,0,0
1777162983791,5000,POST /auth/login,Non HTTP response code: org.apache.http.conn.HttpHostConnectException,"Non HTTP response message: Connect to localhost:8001 [localhost/127.0.0.1, localhost/0:0:0:0:0:0:0:1] failed: Connection refused",Login Load Test 1-358,text,false,"Test failed: code expected to equal /

****** received  : [[[Non HTTP response code: org.apache.http.conn.HttpHostConnectException]]]

****** comparison: [[[200                                                                  ]]]

/",2623,0,99,206,http://localhost:8001/auth/login,0,0,5000
1777162983819,5002,POST /auth/login,Non HTTP response code: org.apache.http.conn.HttpHostConnectException,"Non HTTP response message: Connect to localhost:8001 [localhost/127.0.0.1, localhost/0:0:0:0:0:0:0:1] failed: Connection refused",Login Load Test 1-359,text,false,"Test failed: code expected to equal /

****** received  : [[[Non HTTP response code: org.apache.http.conn.HttpHostConnectException]]]

****** comparison: [[[200                                                                  ]]]

/",2623,0,98,205,http://localhost:8001/auth/login,0,0,5002
1777162983823,5001,Login for Token,Non HTTP response code: org.apache.http.conn.HttpHostConnectException,"Non HTTP response message: Connect to localhost:8001 [localhost/127.0.0.1, localhost/0:0:0:0:0:0:0:1] failed: Connection refused",Review Submission Load Test 3-356,text,false,,2623,0,107,204,http://localhost:8001/auth/login,0,0,5001
1777162988825,0,POST /reviews/,401,Unauthorized,Review Submission Load Test 3-356,text,false,"Test failed: code expected to equal /

****** received  : [[[4]]]01

****** comparison: [[[2]]]01

/",204,299,107,204,http://localhost:8004/reviews/,0,0,0
1777162983843,5002,POST /auth/login,Non HTTP response code: org.apache.http.conn.HttpHostConnectException,"Non HTTP response message: Connect to localhost:8001 [localhost/127.0.0.1, localhost/0:0:0:0:0:0:0:1] failed: Connection refused",Login Load Test 1-360,text,false,"Test failed: code expected to equal /

****** received  : [[[Non HTTP response code: org.apache.http.conn.HttpHostConnectException]]]

****** comparison: [[[200                                                                  ]]]

/",2623,0,97,203,http://localhost:8001/auth/login,0,0,5002
1777162983849,5002,Login for Token,Non HTTP response code: org.apache.http.conn.HttpHostConnectException,"Non HTTP response message: Connect to localhost:8001 [localhost/127.0.0.1, localhost/0:0:0:0:0:0:0:1] failed: Connection refused",Review Submission Load Test 3-357,text,false,,2623,0,106,202,http://localhost:8001/auth/login,0,0,5002
1777162988851,0,POST /reviews/,401,Unauthorized,Review Submission Load Test 3-357,text,false,"Test failed: code expected to equal /

****** received  : [[[4]]]01

****** comparison: [[[2]]]01

/",204,299,106,202,http://localhost:8004/reviews/,0,0,0
1777162983869,5001,POST /auth/login,Non HTTP response code: org.apache.http.conn.HttpHostConnectException,"Non HTTP response message: Connect to localhost:8001 [localhost/127.0.0.1, localhost/0:0:0:0:0:0:0:1] failed: Connection refused",Login Load Test 1-361,text,false,"Test failed: code expected to equal /

****** received  : [[[Non HTTP response code: org.apache.http.conn.HttpHostConnectException]]]

****** comparison: [[[200                                                                  ]]]

/",2623,0,96,201,http://localhost:8001/auth/login,0,0,5001
1777162983871,5002,Login for Token,Non HTTP response code: org.apache.http.conn.HttpHostConnectException,"Non HTTP response message: Connect to localhost:8001 [localhost/127.0.0.1, localhost/0:0:0:0:0:0:0:1] failed: Connection refused",Review Submission Load Test 3-358,text,false,,2623,0,105,200,http://localhost:8001/auth/login,0,0,5002
1777162988873,0,POST /reviews/,401,Unauthorized,Review Submission Load Test 3-358,text,false,"Test failed: code expected to equal /

****** received  : [[[4]]]01

****** comparison: [[[2]]]01

/",204,299,105,200,http://localhost:8004/reviews/,0,0,0
1777162983893,5002,POST /auth/login,Non HTTP response code: org.apache.http.conn.HttpHostConnectException,"Non HTTP response message: Connect to localhost:8001 [localhost/127.0.0.1, localhost/0:0:0:0:0:0:0:1] failed: Connection refused",Login Load Test 1-362,text,false,"Test failed: code expected to equal /

****** received  : [[[Non HTTP response code: org.apache.http.conn.HttpHostConnectException]]]

****** comparison: [[[200                                                                  ]]]

/",2623,0,95,199,http://localhost:8001/auth/login,0,0,5002
1777162983899,5001,Login for Token,Non HTTP response code: org.apache.http.conn.HttpHostConnectException,"Non HTTP response message: Connect to localhost:8001 [localhost/127.0.0.1, localhost/0:0:0:0:0:0:0:1] failed: Connection refused",Review Submission Load Test 3-359,text,false,,2623,0,104,198,http://localhost:8001/auth/login,0,0,5001
1777162988900,1,POST /reviews/,401,Unauthorized,Review Submission Load Test 3-359,text,false,"Test failed: code expected to equal /

****** received  : [[[4]]]01

****** comparison: [[[2]]]01

/",204,299,104,198,http://localhost:8004/reviews/,1,0,1
1777162983916,5001,POST /auth/login,Non HTTP response code: org.apache.http.conn.HttpHostConnectException,"Non HTTP response message: Connect to localhost:8001 [localhost/127.0.0.1, localhost/0:0:0:0:0:0:0:1] failed: Connection refused",Login Load Test 1-363,text,false,"Test failed: code expected to equal /

****** received  : [[[Non HTTP response code: org.apache.http.conn.HttpHostConnectException]]]

****** comparison: [[[200                                                                  ]]]

/",2623,0,94,197,http://localhost:8001/auth/login,0,0,5001
1777162980392,8558,POST /auth/login,200,OK,Login Load Test 1-221,text,true,,316,251,93,196,http://localhost:8001/auth/login,8558,0,93
1777162980820,8130,POST /auth/login,200,OK,Login Load Test 1-238,text,true,,316,251,93,196,http://localhost:8001/auth/login,8130,0,30
1777162978473,10483,POST /auth/login,200,OK,Login Load Test 1-144,text,true,,316,251,91,194,http://localhost:8001/auth/login,10483,0,2016
1777162979799,9157,Login for Token,200,OK,Review Submission Load Test 3-195,text,true,,316,251,103,194,http://localhost:8001/auth/login,9157,0,1054
1777162988957,2,POST /reviews/,201,Created,Review Submission Load Test 3-195,text,true,,380,440,103,193,http://localhost:8004/reviews/,2,0,0
1777162980418,8561,POST /auth/login,200,OK,Login Load Test 1-222,text,true,,316,251,90,192,http://localhost:8001/auth/login,8561,0,90
1777162980721,8258,Login for Token,200,OK,Review Submission Load Test 3-232,text,true,,316,251,102,192,http://localhost:8001/auth/login,8258,0,154
1777162988979,3,POST /reviews/,201,Created,Review Submission Load Test 3-232,text,true,,380,440,102,191,http://localhost:8004/reviews/,3,0,1
1777162983996,5001,Login for Token,Non HTTP response code: org.apache.http.conn.HttpHostConnectException,"Non HTTP response message: Connect to localhost:8001 [localhost/127.0.0.1, localhost/0:0:0:0:0:0:0:1] failed: Connection refused",Review Submission Load Test 3-363,text,false,,2623,0,101,190,http://localhost:8001/auth/login,0,0,5001
1777162988997,1,POST /reviews/,401,Unauthorized,Review Submission Load Test 3-363,text,false,"Test failed: code expected to equal /

****** received  : [[[4]]]01

****** comparison: [[[2]]]01

/",204,299,101,190,http://localhost:8004/reviews/,1,0,0
1777162984043,5002,POST /auth/login,Non HTTP response code: org.apache.http.conn.HttpHostConnectException,"Non HTTP response message: Connect to localhost:8001 [localhost/127.0.0.1, localhost/0:0:0:0:0:0:0:1] failed: Connection refused",Login Load Test 1-368,text,false,"Test failed: code expected to equal /

****** received  : [[[Non HTTP response code: org.apache.http.conn.HttpHostConnectException]]]

****** comparison: [[[200                                                                  ]]]

/",2623,0,89,189,http://localhost:8001/auth/login,0,0,5002
1777162984071,5001,POST /auth/login,Non HTTP response code: org.apache.http.conn.HttpHostConnectException,"Non HTTP response message: Connect to localhost:8001 [localhost/127.0.0.1, localhost/0:0:0:0:0:0:0:1] failed: Connection refused",Login Load Test 1-369,text,false,"Test failed: code expected to equal /

****** received  : [[[Non HTTP response code: org.apache.http.conn.HttpHostConnectException]]]

****** comparison: [[[200                                                                  ]]]

/",2623,0,88,188,http://localhost:8001/auth/login,0,0,5001
1777162984095,5001,Login for Token,Non HTTP response code: org.apache.http.conn.HttpHostConnectException,"Non HTTP response message: Connect to localhost:8001 [localhost/127.0.0.1, localhost/0:0:0:0:0:0:0:1] failed: Connection refused",Review Submission Load Test 3-367,text,false,,2623,0,100,187,http://localhost:8001/auth/login,0,0,5001
1777162984095,5002,POST /auth/login,Non HTTP response code: org.apache.http.conn.HttpHostConnectException,"Non HTTP response message: Connect to localhost:8001 [localhost/127.0.0.1, localhost/0:0:0:0:0:0:0:1] failed: Connection refused",Login Load Test 1-370,text,false,"Test failed: code expected to equal /

****** received  : [[[Non HTTP response code: org.apache.http.conn.HttpHostConnectException]]]

****** comparison: [[[200                                                                  ]]]

/",2623,0,87,187,http://localhost:8001/auth/login,0,0,5002
1777162989097,0,POST /reviews/,401,Unauthorized,Review Submission Load Test 3-367,text,false,"Test failed: code expected to equal /

****** received  : [[[4]]]01

****** comparison: [[[2]]]01

/",204,299,100,186,http://localhost:8004/reviews/,0,0,0
1777162978822,10330,Login for Token,200,OK,Review Submission Load Test 3-156,text,true,,316,251,99,185,http://localhost:8001/auth/login,10330,0,2014
1777162980824,8328,Login for Token,200,OK,Review Submission Load Test 3-236,text,true,,316,251,99,185,http://localhost:8001/auth/login,8328,0,212
1777162989152,3,POST /reviews/,201,Created,Review Submission Load Test 3-156,text,true,,380,440,99,185,http://localhost:8004/reviews/,3,0,0
1777162989152,3,POST /reviews/,201,Created,Review Submission Load Test 3-236,text,true,,380,440,98,184,http://localhost:8004/reviews/,3,0,0
1777162984243,5002,POST /auth/login,Non HTTP response code: org.apache.http.conn.HttpHostConnectException,"Non HTTP response message: Connect to localhost:8001 [localhost/127.0.0.1, localhost/0:0:0:0:0:0:0:1] failed: Connection refused",Login Load Test 1-376,text,false,"Test failed: code expected to equal /

****** received  : [[[Non HTTP response code: org.apache.http.conn.HttpHostConnectException]]]

****** comparison: [[[200                                                                  ]]]

/",2623,0,86,183,http://localhost:8001/auth/login,0,0,5002
1777162984248,5002,Login for Token,Non HTTP response code: org.apache.http.conn.HttpHostConnectException,"Non HTTP response message: Connect to localhost:8001 [localhost/127.0.0.1, localhost/0:0:0:0:0:0:0:1] failed: Connection refused",Review Submission Load Test 3-373,text,false,,2623,0,97,182,http://localhost:8001/auth/login,0,0,5002
1777162989250,1,POST /reviews/,401,Unauthorized,Review Submission Load Test 3-373,text,false,"Test failed: code expected to equal /

****** received  : [[[4]]]01

****** comparison: [[[2]]]01

/",204,299,97,182,http://localhost:8004/reviews/,1,0,0
1777162984266,5002,POST /auth/login,Non HTTP response code: org.apache.http.conn.HttpHostConnectException,"Non HTTP response message: Connect to localhost:8001 [localhost/127.0.0.1, localhost/0:0:0:0:0:0:0:1] failed: Connection refused",Login Load Test 1-377,text,false,"Test failed: code expected to equal /

****** received  : [[[Non HTTP response code: org.apache.http.conn.HttpHostConnectException]]]

****** comparison: [[[200                                                                  ]]]

/",2623,0,85,181,http://localhost:8001/auth/login,0,0,5002
1777162984269,5001,Login for Token,Non HTTP response code: org.apache.http.conn.HttpHostConnectException,"Non HTTP response message: Connect to localhost:8001 [localhost/127.0.0.1, localhost/0:0:0:0:0:0:0:1] failed: Connection refused",Review Submission Load Test 3-374,text,false,,2623,0,96,180,http://localhost:8001/auth/login,0,0,5001
1777162989271,1,POST /reviews/,401,Unauthorized,Review Submission Load Test 3-374,text,false,"Test failed: code expected to equal /

****** received  : [[[4]]]01

****** comparison: [[[2]]]01

/",204,299,96,180,http://localhost:8004/reviews/,0,0,0
1777162980791,8523,POST /auth/login,200,OK,Login Load Test 1-237,text,true,,316,251,84,179,http://localhost:8001/auth/login,8523,0,61
1777162981150,8164,Login for Token,200,OK,Review Submission Load Test 3-249,text,true,,316,251,95,179,http://localhost:8001/auth/login,8164,0,61
1777162989315,2,POST /reviews/,201,Created,Review Submission Load Test 3-249,text,true,,380,440,95,178,http://localhost:8004/reviews/,2,0,0
1777162980173,9147,Login for Token,200,OK,Review Submission Load Test 3-210,text,true,,316,251,94,177,http://localhost:8001/auth/login,9147,0,1052
1777162980699,8621,Login for Token,200,OK,Review Submission Load Test 3-231,text,true,,316,251,94,177,http://localhost:8001/auth/login,8621,0,153
1777162989320,3,POST /reviews/,201,Created,Review Submission Load Test 3-231,text,true,,380,440,94,177,http://localhost:8004/reviews/,3,0,0
1777162989320,3,POST /reviews/,201,Created,Review Submission Load Test 3-210,text,true,,380,440,93,176,http://localhost:8004/reviews/,3,0,0
1777162981242,8097,POST /auth/login,200,OK,Login Load Test 1-255,text,true,,316,249,83,175,http://localhost:8001/auth/login,8097,0,0
1777162980845,8494,POST /auth/login,200,OK,Login Load Test 1-239,text,true,,316,251,83,175,http://localhost:8001/auth/login,8494,0,32
1777162984394,5002,Login for Token,Non HTTP response code: org.apache.http.conn.HttpHostConnectException,"Non HTTP response message: Connect to localhost:8001 [localhost/127.0.0.1, localhost/0:0:0:0:0:0:0:1] failed: Connection refused",Review Submission Load Test 3-379,text,false,,2623,0,92,173,http://localhost:8001/auth/login,0,0,5002
1777162989396,1,POST /reviews/,401,Unauthorized,Review Submission Load Test 3-379,text,false,"Test failed: code expected to equal /

****** received  : [[[4]]]01

****** comparison: [[[2]]]01

/",204,299,92,173,http://localhost:8004/reviews/,1,0,0
1777162984414,5002,POST /auth/login,Non HTTP response code: org.apache.http.conn.HttpHostConnectException,"Non HTTP response message: Connect to localhost:8001 [localhost/127.0.0.1, localhost/0:0:0:0:0:0:0:1] failed: Connection refused",Login Load Test 1-383,text,false,"Test failed: code expected to equal /

****** received  : [[[Non HTTP response code: org.apache.http.conn.HttpHostConnectException]]]

****** comparison: [[[200                                                                  ]]]

/",2623,0,81,172,http://localhost:8001/auth/login,0,0,5002
1777162984474,5001,Login for Token,Non HTTP response code: org.apache.http.conn.HttpHostConnectException,"Non HTTP response message: Connect to localhost:8001 [localhost/127.0.0.1, localhost/0:0:0:0:0:0:0:1] failed: Connection refused",Review Submission Load Test 3-382,text,false,,2623,0,91,171,http://localhost:8001/auth/login,0,0,5001
1777162989475,1,POST /reviews/,401,Unauthorized,Review Submission Load Test 3-382,text,false,"Test failed: code expected to equal /

****** received  : [[[4]]]01

****** comparison: [[[2]]]01

/",204,299,91,171,http://localhost:8004/reviews/,1,0,1
1777162981320,8192,Login for Token,200,OK,Review Submission Load Test 3-256,text,true,,316,250,90,170,http://localhost:8001/auth/login,8192,0,90
1777162980947,8565,Login for Token,200,OK,Review Submission Load Test 3-241,text,true,,316,251,90,170,http://localhost:8001/auth/login,8565,0,91
1777162989513,3,POST /reviews/,201,Created,Review Submission Load Test 3-256,text,true,,380,440,90,170,http://localhost:8004/reviews/,3,0,0
1777162989513,3,POST /reviews/,201,Created,Review Submission Load Test 3-241,text,true,,380,440,90,170,http://localhost:8004/reviews/,3,0,0
1777162984535,5001,POST /auth/login,Non HTTP response code: org.apache.http.conn.HttpHostConnectException,"Non HTTP response message: Connect to localhost:8001 [localhost/127.0.0.1, localhost/0:0:0:0:0:0:0:1] failed: Connection refused",Login Load Test 1-388,text,false,"Test failed: code expected to equal /

****** received  : [[[Non HTTP response code: org.apache.http.conn.HttpHostConnectException]]]

****** comparison: [[[200                                                                  ]]]

/",2623,0,80,168,http://localhost:8001/auth/login,0,0,5001
1777162984547,5002,Login for Token,Non HTTP response code: org.apache.http.conn.HttpHostConnectException,"Non HTTP response message: Connect to localhost:8001 [localhost/127.0.0.1, localhost/0:0:0:0:0:0:0:1] failed: Connection refused",Review Submission Load Test 3-385,text,false,,2623,0,88,167,http://localhost:8001/auth/login,0,0,5002
1777162989549,1,POST /reviews/,401,Unauthorized,Review Submission Load Test 3-385,text,false,"Test failed: code expected to equal /

****** received  : [[[4]]]01

****** comparison: [[[2]]]01

/",204,299,88,167,http://localhost:8004/reviews/,1,0,0
1777162984586,5001,POST /auth/login,Non HTTP response code: org.apache.http.conn.HttpHostConnectException,"Non HTTP response message: Connect to localhost:8001 [localhost/127.0.0.1, localhost/0:0:0:0:0:0:0:1] failed: Connection refused",Login Load Test 1-390,text,false,"Test failed: code expected to equal /

****** received  : [[[Non HTTP response code: org.apache.http.conn.HttpHostConnectException]]]

****** comparison: [[[200                                                                  ]]]

/",2623,0,79,166,http://localhost:8001/auth/login,0,0,5001
1777162984636,5002,POST /auth/login,Non HTTP response code: org.apache.http.conn.HttpHostConnectException,"Non HTTP response message: Connect to localhost:8001 [localhost/127.0.0.1, localhost/0:0:0:0:0:0:0:1] failed: Connection refused",Login Load Test 1-392,text,false,"Test failed: code expected to equal /

****** received  : [[[Non HTTP response code: org.apache.http.conn.HttpHostConnectException]]]

****** comparison: [[[200                                                                  ]]]

/",2623,0,78,165,http://localhost:8001/auth/login,0,0,5002
1777162984649,5001,Login for Token,Non HTTP response code: org.apache.http.conn.HttpHostConnectException,"Non HTTP response message: Connect to localhost:8001 [localhost/127.0.0.1, localhost/0:0:0:0:0:0:0:1] failed: Connection refused",Review Submission Load Test 3-389,text,false,,2623,0,87,164,http://localhost:8001/auth/login,0,0,5001
1777162989650,1,POST /reviews/,401,Unauthorized,Review Submission Load Test 3-389,text,false,"Test failed: code expected to equal /

****** received  : [[[4]]]01

****** comparison: [[[2]]]01

/",204,299,87,164,http://localhost:8004/reviews/,1,0,1
1777162981088,8588,POST /auth/login,200,OK,Login Load Test 1-249,text,true,,316,251,77,163,http://localhost:8001/auth/login,8588,0,123
1777162981371,8305,Login for Token,200,OK,Review Submission Load Test 3-258,text,true,,316,250,86,163,http://localhost:8001/auth/login,8305,0,212
1777162980172,9506,POST /auth/login,200,OK,Login Load Test 1-212,text,true,,316,251,76,162,http://localhost:8001/auth/login,9506,0,1053
1777162981263,8415,POST /auth/login,200,OK,Login Load Test 1-256,text,true,,316,249,76,162,http://localhost:8001/auth/login,8415,0,332
1777162989676,2,POST /reviews/,201,Created,Review Submission Load Test 3-258,text,true,,380,440,86,160,http://localhost:8004/reviews/,2,0,0
1777162981123,8574,Login for Token,200,OK,Review Submission Load Test 3-248,text,true,,316,251,85,159,http://localhost:8001/auth/login,8574,0,121
1777162979599,10098,Login for Token,200,OK,Review Submission Load Test 3-187,text,true,,316,251,85,159,http://localhost:8001/auth/login,10098,0,2013
1777162989697,2,POST /reviews/,201,Created,Review Submission Load Test 3-187,text,true,,380,440,85,159,http://localhost:8004/reviews/,2,0,0
1777162989697,2,POST /reviews/,201,Created,Review Submission Load Test 3-248,text,true,,380,440,85,159,http://localhost:8004/reviews/,2,0,0
1777162981319,8549,POST /auth/login,200,OK,Login Load Test 1-258,text,true,,316,250,74,157,http://localhost:8001/auth/login,8549,0,91
1777162981715,8153,POST /auth/login,200,OK,Login Load Test 1-274,text,true,,316,250,74,157,http://localhost:8001/auth/login,8153,0,61
1777162981596,8443,Login for Token,200,OK,Review Submission Load Test 3-267,text,true,,316,250,83,155,http://localhost:8001/auth/login,8443,0,0
1777162981899,8140,Login for Token,200,OK,Review Submission Load Test 3-279,text,true,,316,250,83,155,http://localhost:8001/auth/login,8140,0,60
1777162980897,9143,POST /auth/login,200,OK,Login Load Test 1-241,text,true,,316,251,72,155,http://localhost:8001/auth/login,9143,0,1052
1777162981488,8552,POST /auth/login,200,OK,Login Load Test 1-265,text,true,,316,250,72,155,http://localhost:8001/auth/login,8552,0,93
1777162990039,3,POST /reviews/,201,Created,Review Submission Load Test 3-279,text,true,,380,440,83,153,http://localhost:8004/reviews/,3,0,0
1777162990039,3,POST /reviews/,201,Created,Review Submission Load Test 3-267,text,true,,380,440,83,153,http://localhost:8004/reviews/,3,0,0
1777162981612,8449,POST /auth/login,200,OK,Login Load Test 1-270,text,true,,316,250,70,151,http://localhost:8001/auth/login,8449,0,1
1777162981891,8170,POST /auth/login,200,OK,Login Load Test 1-281,text,true,,316,250,70,151,http://localhost:8001/auth/login,8170,0,92
1777162981749,8483,Login for Token,200,OK,Review Submission Load Test 3-273,text,true,,316,250,81,149,http://localhost:8001/auth/login,8483,0,30
1777162982148,8084,Login for Token,200,OK,Review Submission Load Test 3-289,text,true,,316,250,81,149,http://localhost:8001/auth/login,8084,0,0
1777162990232,3,POST /reviews/,201,Created,Review Submission Load Test 3-273,text,true,,380,440,81,149,http://localhost:8004/reviews/,3,0,1
1777162990232,3,POST /reviews/,201,Created,Review Submission Load Test 3-289,text,true,,380,440,81,149,http://localhost:8004/reviews/,3,0,1
1777162979948,10446,Login for Token,200,OK,Review Submission Load Test 3-201,text,true,,316,251,79,147,http://localhost:8001/auth/login,10446,0,2011
1777162982298,8096,Login for Token,200,OK,Review Submission Load Test 3-295,text,true,,316,250,79,147,http://localhost:8001/auth/login,8096,0,30
1777162990394,3,POST /reviews/,201,Created,Review Submission Load Test 3-201,text,true,,380,440,79,147,http://localhost:8004/reviews/,3,0,1
1777162990394,3,POST /reviews/,201,Created,Review Submission Load Test 3-295,text,true,,380,440,79,147,http://localhost:8004/reviews/,3,0,1
1777162982289,8108,POST /auth/login,200,OK,Login Load Test 1-297,text,true,,316,250,68,145,http://localhost:8001/auth/login,8108,0,30
1777162980900,9497,Login for Token,200,OK,Review Submission Load Test 3-239,text,true,,316,251,77,145,http://localhost:8001/auth/login,9497,0,1050
1777162990398,1,POST /reviews/,201,Created,Review Submission Load Test 3-239,text,true,,380,440,77,144,http://localhost:8004/reviews/,1,0,0
1777162981923,8496,Login for Token,200,OK,Review Submission Load Test 3-280,text,true,,316,250,76,143,http://localhost:8001/auth/login,8496,0,60
1777162981298,9121,Login for Token,200,OK,Review Submission Load Test 3-255,text,true,,316,250,76,143,http://localhost:8001/auth/login,9121,0,1054
1777162990419,3,POST /reviews/,201,Created,Review Submission Load Test 3-255,text,true,,380,440,76,143,http://localhost:8004/reviews/,3,0,0
1777162990419,3,POST /reviews/,201,Created,Review Submission Load Test 3-280,text,true,,380,440,76,143,http://localhost:8004/reviews/,3,0,0
1777162981938,8650,POST /auth/login,200,OK,Login Load Test 1-283,text,true,,316,250,67,141,http://localhost:8001/auth/login,8650,0,211
1777162982424,8164,Login for Token,200,OK,Review Submission Load Test 3-300,text,true,,316,251,74,141,http://localhost:8001/auth/login,8164,0,90
1777162990588,3,POST /reviews/,201,Created,Review Submission Load Test 3-300,text,true,,380,440,74,140,http://localhost:8004/reviews/,3,0,0
1777162982632,8128,POST /auth/login,200,OK,Login Load Test 1-311,text,true,,316,251,66,139,http://localhost:8001/auth/login,8128,0,60
1777162982199,8561,Login for Token,200,OK,Review Submission Load Test 3-291,text,true,,316,250,73,139,http://localhost:8001/auth/login,8561,0,121
1777162982239,8521,POST /auth/login,200,OK,Login Load Test 1-295,text,true,,316,250,66,139,http://localhost:8001/auth/login,8521,0,91
1777162982369,8391,Login for Token,200,OK,Review Submission Load Test 3-298,text,true,,316,250,73,139,http://localhost:8001/auth/login,8391,0,332
1777162990760,3,POST /reviews/,201,Created,Review Submission Load Test 3-291,text,true,,380,440,73,137,http://localhost:8004/reviews/,3,0,0
1777162990760,3,POST /reviews/,201,Created,Review Submission Load Test 3-298,text,true,,380,440,73,137,http://localhost:8004/reviews/,3,0,0
1777162982139,8640,POST /auth/login,200,OK,Login Load Test 1-291,text,true,,316,250,64,135,http://localhost:8001/auth/login,8640,0,212
1777162982507,8272,POST /auth/login,200,OK,Login Load Test 1-306,text,true,,316,251,64,135,http://localhost:8001/auth/login,8272,0,210
1777162982485,8469,POST /auth/login,200,OK,Login Load Test 1-305,text,true,,316,251,62,133,http://localhost:8001/auth/login,8469,0,31
1777162982824,8130,Login for Token,200,OK,Review Submission Load Test 3-316,text,true,,316,251,71,133,http://localhost:8001/auth/login,8130,0,61
1777162990954,1,POST /reviews/,400,Bad Request,Review Submission Load Test 3-316,text,false,"Test failed: code expected to equal /

****** received  : [[[400]]]

****** comparison: [[[201]]]

/",188,440,71,132,http://localhost:8004/reviews/,1,0,0
1777162983006,8124,POST /auth/login,200,OK,Login Load Test 1-326,text,true,,316,251,61,131,http://localhost:8001/auth/login,8124,0,61
1777162982673,8457,Login for Token,200,OK,Review Submission Load Test 3-310,text,true,,316,251,70,131,http://localhost:8001/auth/login,8457,0,31
1777162982602,8529,POST /auth/login,200,OK,Login Load Test 1-310,text,true,,316,251,60,130,http://localhost:8001/auth/login,8529,0,90
1777162982723,8408,Login for Token,200,OK,Review Submission Load Test 3-312,text,true,,316,251,70,130,http://localhost:8001/auth/login,8408,0,333
1777162991130,2,POST /reviews/,201,Created,Review Submission Load Test 3-310,text,true,,380,440,70,129,http://localhost:8004/reviews/,2,0,0
1777162991131,2,POST /reviews/,201,Created,Review Submission Load Test 3-312,text,true,,380,440,69,128,http://localhost:8004/reviews/,2,0,1
1777162981666,9483,POST /auth/login,200,OK,Login Load Test 1-272,text,true,,316,250,59,127,http://localhost:8001/auth/login,9483,0,1054
1777162981065,10084,POST /auth/login,200,OK,Login Load Test 1-248,text,true,,316,251,59,127,http://localhost:8001/auth/login,10084,0,2015
1777162982823,8502,POST /auth/login,200,OK,Login Load Test 1-319,text,true,,316,251,57,125,http://localhost:8001/auth/login,8502,0,60
1777162983245,8080,Login for Token,200,OK,Review Submission Load Test 3-333,text,true,,316,251,68,125,http://localhost:8001/auth/login,8080,0,0
1777162983246,8079,POST /auth/login,200,OK,Login Load Test 1-336,text,true,,316,251,56,124,http://localhost:8001/auth/login,8079,0,0
1777162991325,3,POST /reviews/,201,Created,Review Submission Load Test 3-333,text,true,,380,440,68,123,http://localhost:8004/reviews/,3,0,0
1777162983396,8102,POST /auth/login,200,OK,Login Load Test 1-342,text,true,,316,251,55,122,http://localhost:8001/auth/login,8102,0,32
1777162982976,8522,POST /auth/login,200,OK,Login Load Test 1-325,text,true,,316,251,55,122,http://localhost:8001/auth/login,8522,0,91
1777162981413,10086,POST /auth/login,200,OK,Login Load Test 1-262,text,true,,316,250,53,120,http://localhost:8001/auth/login,10086,0,2015
1777162979121,12379,Login for Token,200,OK,Review Submission Load Test 3-168,text,true,,316,251,67,119,http://localhost:8001/auth/login,12379,0,3935
1777162983421,8079,Login for Token,200,OK,Review Submission Load Test 3-340,text,true,,316,251,67,119,http://localhost:8001/auth/login,8079,0,0
1777162991500,2,POST /reviews/,201,Created,Review Submission Load Test 3-340,text,true,,380,440,67,119,http://localhost:8004/reviews/,2,0,0
1777162991500,2,POST /reviews/,201,Created,Review Submission Load Test 3-168,text,true,,380,440,67,119,http://localhost:8004/reviews/,2,0,0
1777162983324,8193,POST /auth/login,200,OK,Login Load Test 1-339,text,true,,316,251,52,117,http://localhost:8001/auth/login,8193,0,121
1777162982749,8768,Login for Token,200,OK,Review Submission Load Test 3-313,text,true,,316,251,65,117,http://localhost:8001/auth/login,8768,0,332
1777162991517,3,POST /reviews/,201,Created,Review Submission Load Test 3-313,text,true,,380,440,65,116,http://localhost:8004/reviews/,3,0,0
1777162983616,8074,POST /auth/login,200,OK,Login Load Test 1-351,text,true,,316,251,51,115,http://localhost:8001/auth/login,8074,0,0
1777162983766,8100,POST /auth/login,200,OK,Login Load Test 1-357,text,true,,316,251,50,114,http://localhost:8001/auth/login,8100,0,30
1777162983421,8448,POST /auth/login,200,OK,Login Load Test 1-343,text,true,,316,251,49,113,http://localhost:8001/auth/login,8448,0,0
1777162983697,8173,Login for Token,200,OK,Review Submission Load Test 3-351,text,true,,316,251,64,112,http://localhost:8001/auth/login,8173,0,91
1777162991870,2,POST /reviews/,400,Bad Request,Review Submission Load Test 3-351,text,false,"Test failed: code expected to equal /

****** received  : [[[400]]]

****** comparison: [[[201]]]

/",188,440,64,112,http://localhost:8004/reviews/,2,0,0
1777162983720,8167,POST /auth/login,200,OK,Login Load Test 1-355,text,true,,316,251,48,111,http://localhost:8001/auth/login,8167,0,91
1777162983323,8564,Login for Token,200,OK,Review Submission Load Test 3-336,text,true,,316,251,63,111,http://localhost:8001/auth/login,8564,0,122
1777162991888,2,POST /reviews/,201,Created,Review Submission Load Test 3-336,text,true,,380,440,63,110,http://localhost:8004/reviews/,2,0,0
1777162982931,9123,POST /auth/login,200,OK,Login Load Test 1-323,text,true,,316,251,47,109,http://localhost:8001/auth/login,9123,0,1051
1777162983048,9006,Login for Token,200,OK,Review Submission Load Test 3-325,text,true,,316,251,62,109,http://localhost:8001/auth/login,9006,0,574
1777162983774,8281,Login for Token,200,OK,Review Submission Load Test 3-354,text,true,,316,251,62,108,http://localhost:8001/auth/login,8281,0,210
1777162992055,2,POST /reviews/,400,Bad Request,Review Submission Load Test 3-354,text,false,"Test failed: code expected to equal /

****** received  : [[[400]]]

****** comparison: [[[201]]]

/",188,440,62,108,http://localhost:8004/reviews/,2,0,0
1777162992054,3,POST /reviews/,400,Bad Request,Review Submission Load Test 3-325,text,false,"Test failed: code expected to equal /

****** received  : [[[400]]]

****** comparison: [[[201]]]

/",188,440,62,108,http://localhost:8004/reviews/,3,0,1
1777162983225,9009,POST /auth/login,200,OK,Login Load Test 1-335,text,true,,316,251,46,106,http://localhost:8001/auth/login,9009,0,571
1777162980220,12014,POST /auth/login,200,OK,Login Load Test 1-214,text,true,,316,251,46,106,http://localhost:8001/auth/login,12014,0,3933
1777162983695,8543,POST /auth/login,200,OK,Login Load Test 1-354,text,true,,316,251,44,104,http://localhost:8001/auth/login,8543,0,93
1777162984073,8165,Login for Token,200,OK,Review Submission Load Test 3-366,text,true,,316,251,60,104,http://localhost:8001/auth/login,8165,0,91
1777162992238,2,POST /reviews/,400,Bad Request,Review Submission Load Test 3-366,text,false,"Test failed: code expected to equal /

****** received  : [[[400]]]

****** comparison: [[[201]]]

/",188,440,60,103,http://localhost:8004/reviews/,2,0,0
1777162983597,8655,POST /auth/login,200,OK,Login Load Test 1-350,text,true,,316,251,43,102,http://localhost:8001/auth/login,8655,0,214
1777162984149,8103,Login for Token,200,OK,Review Submission Load Test 3-369,text,true,,316,251,59,101,http://localhost:8001/auth/login,8103,0,30
1777162992252,2,POST /reviews/,400,Bad Request,Review Submission Load Test 3-369,text,false,"Test failed: code expected to equal /

****** received  : [[[400]]]

****** comparison: [[[201]]]

/",188,440,59,101,http://localhost:8004/reviews/,2,0,0
1777162984024,8400,Login for Token,200,OK,Review Submission Load Test 3-364,text,true,,316,251,58,100,http://localhost:8001/auth/login,8400,0,330
1777162984141,8283,POST /auth/login,200,OK,Login Load Test 1-372,text,true,,316,251,42,100,http://localhost:8001/auth/login,8283,0,213
1777162992424,2,POST /reviews/,400,Bad Request,Review Submission Load Test 3-364,text,false,"Test failed: code expected to equal /

****** received  : [[[400]]]

****** comparison: [[[201]]]

/",188,440,58,99,http://localhost:8004/reviews/,2,0,1
1777162984499,8102,Login for Token,200,OK,Review Submission Load Test 3-383,text,true,,316,251,57,98,http://localhost:8001/auth/login,8102,0,31
1777162984123,8478,Login for Token,200,OK,Review Submission Load Test 3-368,text,true,,316,251,57,98,http://localhost:8001/auth/login,8478,0,31
1777162984165,8438,POST /auth/login,200,OK,Login Load Test 1-373,text,true,,316,251,41,98,http://localhost:8001/auth/login,8438,0,1
1777162984449,8154,Login for Token,200,OK,Review Submission Load Test 3-381,text,true,,316,251,57,98,http://localhost:8001/auth/login,8154,0,91
1777162992601,3,POST /reviews/,400,Bad Request,Review Submission Load Test 3-368,text,false,"Test failed: code expected to equal /

****** received  : [[[400]]]

****** comparison: [[[201]]]

/",188,440,57,97,http://localhost:8004/reviews/,3,0,0
1777162992601,4,POST /reviews/,201,Created,Review Submission Load Test 3-383,text,true,,380,440,56,96,http://localhost:8004/reviews/,4,0,0
1777162992604,2,POST /reviews/,201,Created,Review Submission Load Test 3-381,text,true,,380,440,55,95,http://localhost:8004/reviews/,2,0,0
1777162984119,8495,POST /auth/login,200,OK,Login Load Test 1-371,text,true,,316,251,40,94,http://localhost:8001/auth/login,8495,0,60
1777162980619,11995,Login for Token,200,OK,Review Submission Load Test 3-228,text,true,,316,251,54,94,http://localhost:8001/auth/login,11995,0,3933
1777162992614,2,POST /reviews/,201,Created,Review Submission Load Test 3-228,text,true,,380,440,54,93,http://localhost:8004/reviews/,2,0,0
1777162984698,8094,Login for Token,200,OK,Review Submission Load Test 3-391,text,true,,316,251,53,92,http://localhost:8001/auth/login,8094,0,32
1777162992793,2,POST /reviews/,400,Bad Request,Review Submission Load Test 3-391,text,false,"Test failed: code expected to equal /

****** received  : [[[400]]]

****** comparison: [[[201]]]

/",188,440,53,92,http://localhost:8004/reviews/,2,0,0
1777162984463,8334,POST /auth/login,200,OK,Login Load Test 1-385,text,true,,316,251,39,91,http://localhost:8001/auth/login,8334,0,91
1777162984772,8025,Login for Token,200,OK,Review Submission Load Test 3-394,text,true,,316,251,52,91,http://localhost:8001/auth/login,8025,0,150
1777162992797,2,POST /reviews/,201,Created,Review Submission Load Test 3-394,text,true,,380,440,52,90,http://localhost:8004/reviews/,2,0,1
1777162984440,8533,POST /auth/login,200,OK,Login Load Test 1-384,text,true,,316,251,38,89,http://localhost:8001/auth/login,8533,0,90
1777162984840,8133,POST /auth/login,200,OK,Login Load Test 1-400,text,true,,316,251,38,89,http://localhost:8001/auth/login,8133,0,60
1777162984899,8076,Login for Token,200,OK,Review Submission Load Test 3-399,text,true,,316,251,51,87,http://localhost:8001/auth/login,8076,0,0
1777162984420,8555,Login for Token,200,OK,Review Submission Load Test 3-380,text,true,,316,251,51,87,http://localhost:8001/auth/login,8555,0,120
1777162992976,3,POST /reviews/,201,Created,Review Submission Load Test 3-380,text,true,,380,440,51,87,http://localhost:8004/reviews/,3,0,0
1777162992976,3,POST /reviews/,201,Created,Review Submission Load Test 3-399,text,true,,380,440,51,87,http://localhost:8004/reviews/,3,0,0
1777162981173,11986,Login for Token,200,OK,Review Submission Load Test 3-250,text,true,,316,249,49,85,http://localhost:8001/auth/login,11986,0,3934
1777162984521,8638,Login for Token,200,OK,Review Submission Load Test 3-384,text,true,,316,251,49,85,http://localhost:8001/auth/login,8638,0,211
1777162993159,3,POST /reviews/,201,Created,Review Submission Load Test 3-250,text,true,,380,440,49,85,http://localhost:8004/reviews/,3,0,0
1777162993159,3,POST /reviews/,201,Created,Review Submission Load Test 3-384,text,true,,380,440,49,85,http://localhost:8004/reviews/,3,0,0
1777162984924,8244,Login for Token,200,OK,Review Submission Load Test 3-400,text,true,,316,251,47,83,http://localhost:8001/auth/login,8244,0,0
1777162984714,8455,POST /auth/login,200,OK,Login Load Test 1-395,text,true,,316,251,36,83,http://localhost:8001/auth/login,8455,0,575
1777162993168,3,POST /reviews/,201,Created,Review Submission Load Test 3-400,text,true,,380,440,47,82,http://localhost:8004/reviews/,3,0,0
1777162984217,9119,POST /auth/login,200,OK,Login Load Test 1-375,text,true,,316,251,35,81,http://localhost:8001/auth/login,9119,0,1051
1777162984574,8762,Login for Token,200,OK,Review Submission Load Test 3-386,text,true,,316,251,46,81,http://localhost:8001/auth/login,8762,0,333
1777162993336,3,POST /reviews/,400,Bad Request,Review Submission Load Test 3-386,text,false,"Test failed: code expected to equal /

****** received  : [[[400]]]

****** comparison: [[[201]]]

/",188,440,46,80,http://localhost:8004/reviews/,3,0,1
1777162984847,8494,Login for Token,200,OK,Review Submission Load Test 3-397,text,true,,316,251,45,79,http://localhost:8001/auth/login,8494,0,60
1777162981346,11995,Login for Token,200,OK,Review Submission Load Test 3-257,text,true,,316,250,45,79,http://localhost:8001/auth/login,11995,0,3935
1777162993341,2,POST /reviews/,201,Created,Review Submission Load Test 3-257,text,true,,380,440,45,79,http://localhost:8004/reviews/,2,0,0
1777162993341,2,POST /reviews/,201,Created,Review Submission Load Test 3-397,text,true,,380,440,45,79,http://localhost:8004/reviews/,2,0,0
1777162984764,8764,POST /auth/login,200,OK,Login Load Test 1-397,text,true,,316,251,34,77,http://localhost:8001/auth/login,8764,0,332
1777162981548,11980,Login for Token,200,OK,Review Submission Load Test 3-265,text,true,,316,250,43,77,http://localhost:8001/auth/login,11980,0,3935
1777162993529,2,POST /reviews/,201,Created,Review Submission Load Test 3-265,text,true,,380,440,43,76,http://localhost:8004/reviews/,2,0,0
1777162984723,8814,Login for Token,200,OK,Review Submission Load Test 3-392,text,true,,316,251,42,75,http://localhost:8001/auth/login,8814,0,573
1777162993537,2,POST /reviews/,201,Created,Review Submission Load Test 3-392,text,true,,380,440,42,75,http://localhost:8004/reviews/,2,0,0
1777162984597,9108,Login for Token,200,OK,Review Submission Load Test 3-387,text,true,,316,251,41,74,http://localhost:8001/auth/login,9108,0,1053
1777162984219,9486,Login for Token,200,OK,Review Submission Load Test 3-372,text,true,,316,251,41,74,http://localhost:8001/auth/login,9486,0,1052
1777162993706,2,POST /reviews/,400,Bad Request,Review Submission Load Test 3-372,text,false,"Test failed: code expected to equal /

****** received  : [[[400]]]

****** comparison: [[[201]]]

/",188,440,41,74,http://localhost:8004/reviews/,2,0,0
1777162993706,3,POST /reviews/,201,Created,Review Submission Load Test 3-387,text,true,,380,440,40,73,http://localhost:8004/reviews/,3,0,0
1777162983274,10435,Login for Token,200,OK,Review Submission Load Test 3-334,text,true,,316,251,40,73,http://localhost:8001/auth/login,10435,0,2011
1777162983647,10062,Login for Token,200,OK,Review Submission Load Test 3-349,text,true,,316,251,39,72,http://localhost:8001/auth/login,10062,0,2010
1777162993709,1,POST /reviews/,400,Bad Request,Review Submission Load Test 3-334,text,false,"Test failed: code expected to equal /

****** received  : [[[400]]]

****** comparison: [[[201]]]

/",188,440,39,72,http://localhost:8004/reviews/,1,0,0
1777162993709,1,POST /reviews/,400,Bad Request,Review Submission Load Test 3-349,text,false,"Test failed: code expected to equal /

****** received  : [[[400]]]

****** comparison: [[[201]]]

/",188,440,38,71,http://localhost:8004/reviews/,1,0,0
1777162981540,12355,POST /auth/login,200,OK,Login Load Test 1-267,text,true,,316,250,33,70,http://localhost:8001/auth/login,12355,0,3933
1777162984621,9274,Login for Token,200,OK,Review Submission Load Test 3-388,text,true,,316,251,37,70,http://localhost:8001/auth/login,9274,0,1052
1777162993895,3,POST /reviews/,201,Created,Review Submission Load Test 3-388,text,true,,380,440,37,69,http://localhost:8004/reviews/,3,0,0
1777162984615,9287,POST /auth/login,200,OK,Login Load Test 1-391,text,true,,316,251,32,68,http://localhost:8001/auth/login,9287,0,1057
1777162981916,11986,POST /auth/login,200,OK,Login Load Test 1-282,text,true,,316,250,32,68,http://localhost:8001/auth/login,11986,0,3934
1777162982123,11779,Login for Token,200,OK,Review Submission Load Test 3-288,text,true,,316,250,36,68,http://localhost:8001/auth/login,11779,0,3932
1777162993902,2,POST /reviews/,201,Created,Review Submission Load Test 3-288,text,true,,380,440,36,66,http://localhost:8004/reviews/,2,0,1
1777162982085,11985,POST /auth/login,200,OK,Login Load Test 1-289,text,true,,316,250,30,65,http://localhost:8001/auth/login,11985,0,3932
1777162981723,12347,Login for Token,200,OK,Review Submission Load Test 3-272,text,true,,316,250,35,65,http://localhost:8001/auth/login,12347,0,3933
1777162994070,3,POST /reviews/,201,Created,Review Submission Load Test 3-272,text,true,,380,440,35,64,http://localhost:8004/reviews/,3,0,1
1777162982116,11961,POST /auth/login,200,OK,Login Load Test 1-290,text,true,,316,250,29,63,http://localhost:8001/auth/login,11961,0,3931
1777162983646,10431,POST /auth/login,200,OK,Login Load Test 1-352,text,true,,316,251,29,63,http://localhost:8001/auth/login,10431,0,2011
1777162984019,10058,POST /auth/login,200,OK,Login Load Test 1-367,text,true,,316,251,27,61,http://localhost:8001/auth/login,10058,0,2013
1777162984789,9471,POST /auth/login,200,OK,Login Load Test 1-398,text,true,,316,251,26,60,http://localhost:8001/auth/login,9471,0,1054
1777162984044,10216,Login for Token,200,OK,Review Submission Load Test 3-365,text,true,,316,251,34,60,http://localhost:8001/auth/login,10216,0,2012
1777162994261,2,POST /reviews/,400,Bad Request,Review Submission Load Test 3-365,text,false,"Test failed: code expected to equal /

****** received  : [[[400]]]

****** comparison: [[[201]]]

/",188,440,34,59,http://localhost:8004/reviews/,2,0,0
1777162982456,11810,POST /auth/login,200,OK,Login Load Test 1-304,text,true,,316,251,25,58,http://localhost:8001/auth/login,11810,0,3935
1777162984390,9876,POST /auth/login,200,OK,Login Load Test 1-382,text,true,,316,251,24,57,http://localhost:8001/auth/login,9876,0,2015
1777162982270,12170,Login for Token,200,OK,Review Submission Load Test 3-294,text,true,,316,250,33,56,http://localhost:8001/auth/login,12170,0,3936
1777162982095,12345,Login for Token,200,OK,Review Submission Load Test 3-287,text,true,,316,250,33,56,http://localhost:8001/auth/login,12345,0,3936
1777162994440,3,POST /reviews/,201,Created,Review Submission Load Test 3-287,text,true,,380,440,33,56,http://localhost:8004/reviews/,3,0,0
1777162994440,3,POST /reviews/,201,Created,Review Submission Load Test 3-294,text,true,,380,440,32,55,http://localhost:8004/reviews/,3,0,0
1777162982448,11999,Login for Token,200,OK,Review Submission Load Test 3-301,text,true,,316,251,31,54,http://localhost:8001/auth/login,11999,0,3934
1777162994449,3,POST /reviews/,201,Created,Review Submission Load Test 3-301,text,true,,380,440,31,54,http://localhost:8004/reviews/,3,0,0
1777162984193,10432,POST /auth/login,200,OK,Login Load Test 1-374,text,true,,316,251,23,53,http://localhost:8001/auth/login,10432,0,2013
1777162982473,12152,Login for Token,200,OK,Review Submission Load Test 3-302,text,true,,316,251,30,53,http://localhost:8001/auth/login,12152,0,3932
1777162994625,3,POST /reviews/,201,Created,Review Submission Load Test 3-302,text,true,,380,440,30,52,http://localhost:8004/reviews/,3,0,0
1777162982857,11774,POST /auth/login,200,OK,Login Load Test 1-320,text,true,,316,251,22,51,http://localhost:8001/auth/login,11774,0,3932
1777162982848,11783,Login for Token,200,OK,Review Submission Load Test 3-317,text,true,,316,251,29,51,http://localhost:8001/auth/login,11783,0,3935
1777162994631,2,POST /reviews/,201,Created,Review Submission Load Test 3-317,text,true,,380,440,29,50,http://localhost:8004/reviews/,2,0,0
1777162984365,10436,POST /auth/login,200,OK,Login Load Test 1-381,text,true,,316,251,21,49,http://localhost:8001/auth/login,10436,0,2013
1777162982644,12157,Login for Token,200,OK,Review Submission Load Test 3-309,text,true,,316,251,28,49,http://localhost:8001/auth/login,12157,0,3933
1777162994801,4,POST /reviews/,201,Created,Review Submission Load Test 3-309,text,true,,380,440,28,48,http://localhost:8004/reviews/,4,0,1
1777162984736,10075,POST /auth/login,200,OK,Login Load Test 1-396,text,true,,316,251,20,47,http://localhost:8001/auth/login,10075,0,2012
1777162984373,10438,Login for Token,200,OK,Review Submission Load Test 3-378,text,true,,316,251,27,46,http://localhost:8001/auth/login,10438,0,2014
1777162994811,2,POST /reviews/,201,Created,Review Submission Load Test 3-378,text,true,,380,440,27,46,http://localhost:8004/reviews/,2,0,0
1777162984564,10427,POST /auth/login,200,OK,Login Load Test 1-389,text,true,,316,251,19,45,http://localhost:8001/auth/login,10427,0,2013
1777162982873,12118,Login for Token,200,OK,Review Submission Load Test 3-318,text,true,,316,251,26,45,http://localhost:8001/auth/login,12118,0,3935
1777162994990,2,POST /reviews/,400,Bad Request,Review Submission Load Test 3-318,text,false,"Test failed: code expected to equal /

****** received  : [[[400]]]

****** comparison: [[[201]]]

/",188,440,26,44,http://localhost:8004/reviews/,2,0,1
1777162983023,11972,Login for Token,200,OK,Review Submission Load Test 3-324,text,true,,316,251,25,43,http://localhost:8001/auth/login,11972,0,3937
1777162994995,2,POST /reviews/,201,Created,Review Submission Load Test 3-324,text,true,,380,440,25,43,http://localhost:8004/reviews/,2,0,0
1777162982808,12358,POST /auth/login,200,OK,Login Load Test 1-318,text,true,,316,251,18,42,http://localhost:8001/auth/login,12358,0,3933
1777162983174,11992,Login for Token,200,OK,Review Submission Load Test 3-330,text,true,,316,251,24,42,http://localhost:8001/auth/login,11992,0,3933
1777162995165,3,POST /reviews/,201,Created,Review Submission Load Test 3-330,text,true,,380,440,24,41,http://localhost:8004/reviews/,3,0,0
1777162983201,11972,POST /auth/login,200,OK,Login Load Test 1-334,text,true,,316,251,17,40,http://localhost:8001/auth/login,11972,0,3934
1777162984747,10426,Login for Token,200,OK,Review Submission Load Test 3-393,text,true,,316,251,23,40,http://localhost:8001/auth/login,10426,0,2013
1777162995172,2,POST /reviews/,201,Created,Review Submission Load Test 3-393,text,true,,380,440,23,39,http://localhost:8004/reviews/,2,0,0
1777162983027,12328,POST /auth/login,200,OK,Login Load Test 1-327,text,true,,316,251,16,38,http://localhost:8001/auth/login,12328,0,3933
1777162983272,12083,POST /auth/login,200,OK,Login Load Test 1-337,text,true,,316,251,16,38,http://localhost:8001/auth/login,12083,0,3933
1777162983175,12181,POST /auth/login,200,OK,Login Load Test 1-333,text,true,,316,251,14,36,http://localhost:8001/auth/login,12181,0,3932
1777162983399,11957,Login for Token,200,OK,Review Submission Load Test 3-339,text,true,,316,251,22,36,http://localhost:8001/auth/login,11957,0,3931
1777162995355,2,POST /reviews/,400,Bad Request,Review Submission Load Test 3-339,text,false,"Test failed: code expected to equal /

****** received  : [[[400]]]

****** comparison: [[[201]]]

/",188,440,22,35,http://localhost:8004/reviews/,2,0,1
1777162983571,11956,POST /auth/login,200,OK,Login Load Test 1-349,text,true,,316,251,13,34,http://localhost:8001/auth/login,11956,0,3931
1777162983198,12329,Login for Token,200,OK,Review Submission Load Test 3-331,text,true,,316,251,21,34,http://localhost:8001/auth/login,12329,0,3933
1777162995526,3,POST /reviews/,201,Created,Review Submission Load Test 3-331,text,true,,380,440,21,33,http://localhost:8004/reviews/,3,0,0
1777162983222,12312,Login for Token,200,OK,Review Submission Load Test 3-332,text,true,,316,251,20,32,http://localhost:8001/auth/login,12312,0,3934
1777162983593,11941,Login for Token,200,OK,Review Submission Load Test 3-347,text,true,,316,251,20,32,http://localhost:8001/auth/login,11941,0,3934
1777162995533,3,POST /reviews/,201,Created,Review Submission Load Test 3-332,text,true,,380,440,20,32,http://localhost:8004/reviews/,3,0,0
1777162995533,3,POST /reviews/,201,Created,Review Submission Load Test 3-347,text,true,,380,440,19,31,http://localhost:8004/reviews/,3,0,0
1777162983671,12049,POST /auth/login,200,OK,Login Load Test 1-353,text,true,,316,251,12,30,http://localhost:8001/auth/login,12049,0,3935
1777162983374,12346,Login for Token,200,OK,Review Submission Load Test 3-338,text,true,,316,251,18,30,http://localhost:8001/auth/login,12346,0,3935
1777162995719,2,POST /reviews/,400,Bad Request,Review Submission Load Test 3-338,text,false,"Test failed: code expected to equal /

****** received  : [[[400]]]

****** comparison: [[[201]]]

/",188,440,18,29,http://localhost:8004/reviews/,2,0,0
1777162983547,12175,Login for Token,200,OK,Review Submission Load Test 3-345,text,true,,316,251,17,28,http://localhost:8001/auth/login,12175,0,3934
1777162983920,11802,Login for Token,200,OK,Review Submission Load Test 3-360,text,true,,316,251,17,28,http://localhost:8001/auth/login,11802,0,3935
1777162995721,1,POST /reviews/,400,Bad Request,Review Submission Load Test 3-345,text,false,"Test failed: code expected to equal /

****** received  : [[[400]]]

****** comparison: [[[201]]]

/",188,440,17,28,http://localhost:8004/reviews/,1,0,0
1777162995721,2,POST /reviews/,400,Bad Request,Review Submission Load Test 3-360,text,false,"Test failed: code expected to equal /

****** received  : [[[400]]]

****** comparison: [[[201]]]

/",188,440,16,27,http://localhost:8004/reviews/,2,0,0
1777162983947,11946,Login for Token,200,OK,Review Submission Load Test 3-361,text,true,,316,251,15,26,http://localhost:8001/auth/login,11946,0,3930
1777162983571,12322,Login for Token,200,OK,Review Submission Load Test 3-346,text,true,,316,251,15,26,http://localhost:8001/auth/login,12322,0,3931
1777162995893,2,POST /reviews/,400,Bad Request,Review Submission Load Test 3-361,text,false,"Test failed: code expected to equal /

****** received  : [[[400]]]

****** comparison: [[[201]]]

/",188,440,15,26,http://localhost:8004/reviews/,2,0,0
1777162995893,3,POST /reviews/,201,Created,Review Submission Load Test 3-346,text,true,,380,440,14,25,http://localhost:8004/reviews/,3,0,0
1777162983624,12274,Login for Token,200,OK,Review Submission Load Test 3-348,text,true,,316,251,13,24,http://localhost:8001/auth/login,12274,0,3933
1777162983970,11928,Login for Token,200,OK,Review Submission Load Test 3-362,text,true,,316,251,13,24,http://localhost:8001/auth/login,11928,0,3932
1777162995897,2,POST /reviews/,400,Bad Request,Review Submission Load Test 3-348,text,false,"Test failed: code expected to equal /

****** received  : [[[400]]]

****** comparison: [[[201]]]

/",188,440,13,24,http://localhost:8004/reviews/,2,0,0
1777162995897,2,POST /reviews/,400,Bad Request,Review Submission Load Test 3-362,text,false,"Test failed: code expected to equal /

****** received  : [[[400]]]

****** comparison: [[[201]]]

/",188,440,12,23,http://localhost:8004/reviews/,2,0,0
1777162984199,11887,Login for Token,200,OK,Review Submission Load Test 3-371,text,true,,316,251,11,22,http://localhost:8001/auth/login,11887,0,3936
1777162983794,12292,Login for Token,200,OK,Review Submission Load Test 3-355,text,true,,316,251,11,22,http://localhost:8001/auth/login,12292,0,3933
1777162984514,11572,POST /auth/login,200,OK,Login Load Test 1-387,text,true,,316,251,11,22,http://localhost:8001/auth/login,11572,0,3934
1777162984295,11791,Login for Token,200,OK,Review Submission Load Test 3-375,text,true,,316,251,11,22,http://localhost:8001/auth/login,11791,0,3932
1777162983990,12097,POST /auth/login,200,OK,Login Load Test 1-366,text,true,,316,251,10,21,http://localhost:8001/auth/login,12097,0,3937
1777162983748,12339,Login for Token,200,OK,Review Submission Load Test 3-353,text,true,,316,251,11,21,http://localhost:8001/auth/login,12339,0,3935
1777162984664,11423,POST /auth/login,200,OK,Login Load Test 1-393,text,true,,316,251,9,20,http://localhost:8001/auth/login,11423,0,3937
1777162996085,2,POST /reviews/,400,Bad Request,Review Submission Load Test 3-371,text,false,"Test failed: code expected to equal /

****** received  : [[[400]]]

****** comparison: [[[201]]]

/",188,440,11,19,http://localhost:8004/reviews/,2,0,0
1777162996085,2,POST /reviews/,400,Bad Request,Review Submission Load Test 3-355,text,false,"Test failed: code expected to equal /

****** received  : [[[400]]]

****** comparison: [[[201]]]

/",188,440,10,18,http://localhost:8004/reviews/,2,0,1
1777162996086,2,POST /reviews/,400,Bad Request,Review Submission Load Test 3-353,text,false,"Test failed: code expected to equal /

****** received  : [[[400]]]

****** comparison: [[[201]]]

/",188,440,9,17,http://localhost:8004/reviews/,2,0,0
1777162996085,3,POST /reviews/,201,Created,Review Submission Load Test 3-375,text,true,,380,440,8,16,http://localhost:8004/reviews/,3,0,0
1777162983942,12316,POST /auth/login,200,OK,Login Load Test 1-364,text,true,,316,251,8,15,http://localhost:8001/auth/login,12316,0,3935
1777162984291,11967,POST /auth/login,200,OK,Login Load Test 1-378,text,true,,316,251,8,15,http://localhost:8001/auth/login,11967,0,3936
1777162984315,11943,POST /auth/login,200,OK,Login Load Test 1-379,text,true,,316,251,6,13,http://localhost:8001/auth/login,11943,0,3933
1777162984674,11584,Login for Token,200,OK,Review Submission Load Test 3-390,text,true,,316,251,7,13,http://localhost:8001/auth/login,11584,0,3933
1777162984689,11570,POST /auth/login,200,OK,Login Load Test 1-394,text,true,,316,251,5,12,http://localhost:8001/auth/login,11570,0,3935
1777162996257,4,POST /reviews/,201,Created,Review Submission Load Test 3-390,text,true,,380,440,7,11,http://localhost:8004/reviews/,4,0,1
1777162983969,12295,POST /auth/login,200,OK,Login Load Test 1-365,text,true,,316,251,4,10,http://localhost:8001/auth/login,12295,0,3933
1777162984320,11944,Login for Token,200,OK,Review Submission Load Test 3-376,text,true,,316,251,6,10,http://localhost:8001/auth/login,11944,0,3932
1777162984335,11929,POST /auth/login,200,OK,Login Load Test 1-380,text,true,,316,251,3,9,http://localhost:8001/auth/login,11929,0,3934
1777162984799,11465,Login for Token,200,OK,Review Submission Load Test 3-395,text,true,,316,251,6,9,http://localhost:8001/auth/login,11465,0,3935
1777162984810,11455,POST /auth/login,200,OK,Login Load Test 1-399,text,true,,316,251,2,8,http://localhost:8001/auth/login,11455,0,3933
1777162996263,3,POST /reviews/,201,Created,Review Submission Load Test 3-395,text,true,,380,440,6,7,http://localhost:8004/reviews/,3,0,0
1777162996263,3,POST /reviews/,201,Created,Review Submission Load Test 3-376,text,true,,380,440,6,7,http://localhost:8004/reviews/,3,0,0
1777162984486,11947,POST /auth/login,200,OK,Login Load Test 1-386,text,true,,316,251,1,5,http://localhost:8001/auth/login,11947,0,3935
1777162984174,12259,Login for Token,200,OK,Review Submission Load Test 3-370,text,true,,316,251,4,5,http://localhost:8001/auth/login,12259,0,3932
1777162984348,12085,Login for Token,200,OK,Review Submission Load Test 3-377,text,true,,316,251,4,4,http://localhost:8001/auth/login,12085,0,3935
1777162984821,11612,Login for Token,200,OK,Review Submission Load Test 3-396,text,true,,316,251,4,4,http://localhost:8001/auth/login,11612,0,3934
1777162984874,11560,Login for Token,200,OK,Review Submission Load Test 3-398,text,true,,316,251,4,4,http://localhost:8001/auth/login,11560,0,3935
1777162996432,2,POST /reviews/,400,Bad Request,Review Submission Load Test 3-370,text,false,"Test failed: code expected to equal /

****** received  : [[[400]]]

****** comparison: [[[201]]]

/",188,440,4,4,http://localhost:8004/reviews/,2,0,0
1777162996432,3,POST /reviews/,201,Created,Review Submission Load Test 3-396,text,true,,380,440,3,3,http://localhost:8004/reviews/,3,0,0
1777162996432,3,POST /reviews/,201,Created,Review Submission Load Test 3-377,text,true,,380,440,3,3,http://localhost:8004/reviews/,3,0,0
1777162996433,2,POST /reviews/,201,Created,Review Submission Load Test 3-398,text,true,,380,440,1,1,http://localhost:8004/reviews/,2,0,0
1777221561996,19,GET /restaurants?q=ramen,200,OK,Restaurant Search Load Test 2-1,text,true,,587,137,1,3,http://localhost:8002/restaurants/?q=ramen,19,0,13
1777221562168,4,GET /restaurants?q=ramen,200,OK,Restaurant Search Load Test 2-2,text,true,,587,137,1,4,http://localhost:8002/restaurants/?q=ramen,4,0,1
1777221561996,201,POST /auth/login,200,OK,Login Load Test 1-1,text,true,,316,249,2,4,http://localhost:8001/auth/login,201,0,13
1777221561996,201,Login for Token,200,OK,Review Submission Load Test 3-1,text,true,,316,249,2,4,http://localhost:8001/auth/login,201,0,13
1777221562199,3,POST /reviews/,400,Bad Request,Review Submission Load Test 3-1,text,false,"Test failed: code expected to equal /

****** received  : [[[400]]]

****** comparison: [[[201]]]

/",188,440,2,3,http://localhost:8004/reviews/,3,0,1
1777221562155,174,POST /auth/login,200,OK,Login Load Test 1-2,text,true,,316,249,1,2,http://localhost:8001/auth/login,174,0,1
1777221562192,170,Login for Token,200,OK,Review Submission Load Test 3-2,text,true,,316,249,1,2,http://localhost:8001/auth/login,170,0,0
1777221562363,2,POST /reviews/,400,Bad Request,Review Submission Load Test 3-2,text,false,"Test failed: code expected to equal /

****** received  : [[[400]]]

****** comparison: [[[201]]]

/",188,440,1,2,http://localhost:8004/reviews/,2,0,0
1777221562368,3,GET /restaurants?q=ramen,200,OK,Restaurant Search Load Test 2-3,text,true,,587,137,1,2,http://localhost:8002/restaurants/?q=ramen,3,0,0
1777221562354,173,POST /auth/login,200,OK,Login Load Test 1-3,text,true,,316,249,1,2,http://localhost:8001/auth/login,173,0,0
1777221562389,172,Login for Token,200,OK,Review Submission Load Test 3-3,text,true,,316,249,1,1,http://localhost:8001/auth/login,172,0,0
1777221562562,2,POST /reviews/,400,Bad Request,Review Submission Load Test 3-3,text,false,"Test failed: code expected to equal /

****** received  : [[[400]]]

****** comparison: [[[201]]]

/",188,440,1,2,http://localhost:8004/reviews/,2,0,0
1777221562568,3,GET /restaurants?q=ramen,200,OK,Restaurant Search Load Test 2-4,text,true,,587,137,1,2,http://localhost:8002/restaurants/?q=ramen,3,0,0
1777221562562,171,POST /auth/login,200,OK,Login Load Test 1-4,text,true,,316,249,1,2,http://localhost:8001/auth/login,171,0,0
1777221562590,171,Login for Token,200,OK,Review Submission Load Test 3-4,text,true,,316,249,1,2,http://localhost:8001/auth/login,171,0,0
1777221562761,2,POST /reviews/,400,Bad Request,Review Submission Load Test 3-4,text,false,"Test failed: code expected to equal /

****** received  : [[[400]]]

****** comparison: [[[201]]]

/",188,440,1,2,http://localhost:8004/reviews/,2,0,0
1777221562768,5,GET /restaurants?q=ramen,200,OK,Restaurant Search Load Test 2-5,text,true,,587,137,1,2,http://localhost:8002/restaurants/?q=ramen,4,0,1
1777221562758,178,POST /auth/login,200,OK,Login Load Test 1-5,text,true,,316,249,1,2,http://localhost:8001/auth/login,178,0,1
1777221562966,2,GET /restaurants?q=ramen,200,OK,Restaurant Search Load Test 2-6,text,true,,587,137,1,3,http://localhost:8002/restaurants/?q=ramen,2,0,0
1777221562793,176,Login for Token,200,OK,Review Submission Load Test 3-5,text,true,,316,250,1,2,http://localhost:8001/auth/login,176,0,0
1777221562969,2,POST /reviews/,400,Bad Request,Review Submission Load Test 3-5,text,false,"Test failed: code expected to equal /

****** received  : [[[400]]]

****** comparison: [[[201]]]

/",188,440,1,2,http://localhost:8004/reviews/,2,0,0
1777221562956,174,POST /auth/login,200,OK,Login Load Test 1-6,text,true,,316,250,1,2,http://localhost:8001/auth/login,174,0,0
1777221562992,173,Login for Token,200,OK,Review Submission Load Test 3-6,text,true,,316,250,1,3,http://localhost:8001/auth/login,173,0,0
1777221563164,1,GET /restaurants?q=ramen,200,OK,Restaurant Search Load Test 2-7,text,true,,587,137,1,3,http://localhost:8002/restaurants/?q=ramen,1,0,0
1777221563165,2,POST /reviews/,400,Bad Request,Review Submission Load Test 3-6,text,false,"Test failed: code expected to equal /

****** received  : [[[400]]]

****** comparison: [[[201]]]

/",188,440,1,2,http://localhost:8004/reviews/,2,0,1
1777221563157,188,POST /auth/login,200,OK,Login Load Test 1-7,text,true,,316,250,1,2,http://localhost:8001/auth/login,188,0,1
1777221563366,2,GET /restaurants?q=ramen,200,OK,Restaurant Search Load Test 2-8,text,true,,587,137,1,3,http://localhost:8002/restaurants/?q=ramen,2,0,1
1777221563192,187,Login for Token,200,OK,Review Submission Load Test 3-7,text,true,,316,250,1,2,http://localhost:8001/auth/login,187,0,0
1777221563379,2,POST /reviews/,400,Bad Request,Review Submission Load Test 3-7,text,false,"Test failed: code expected to equal /

****** received  : [[[400]]]

****** comparison: [[[201]]]

/",188,440,1,2,http://localhost:8004/reviews/,2,0,0
1777221563358,174,POST /auth/login,200,OK,Login Load Test 1-8,text,true,,316,250,1,2,http://localhost:8001/auth/login,174,0,0
1777221563389,172,Login for Token,200,OK,Review Submission Load Test 3-8,text,true,,316,250,1,2,http://localhost:8001/auth/login,172,0,0
1777221563561,1,POST /reviews/,400,Bad Request,Review Submission Load Test 3-8,text,false,"Test failed: code expected to equal /

****** received  : [[[400]]]

****** comparison: [[[201]]]

/",188,440,1,2,http://localhost:8004/reviews/,1,0,0
1777221563568,2,GET /restaurants?q=ramen,200,OK,Restaurant Search Load Test 2-9,text,true,,587,137,1,2,http://localhost:8002/restaurants/?q=ramen,2,0,0
1777221563556,171,POST /auth/login,200,OK,Login Load Test 1-9,text,true,,316,250,1,2,http://localhost:8001/auth/login,171,0,0
1777221563592,171,Login for Token,200,OK,Review Submission Load Test 3-9,text,true,,316,250,1,2,http://localhost:8001/auth/login,171,0,0
1777221563763,2,POST /reviews/,400,Bad Request,Review Submission Load Test 3-9,text,false,"Test failed: code expected to equal /

****** received  : [[[400]]]

****** comparison: [[[201]]]

/",188,440,1,3,http://localhost:8004/reviews/,2,0,0
1777221563764,3,GET /restaurants?q=ramen,200,OK,Restaurant Search Load Test 2-10,text,true,,587,137,1,2,http://localhost:8002/restaurants/?q=ramen,3,0,0
1777221563756,172,POST /auth/login,200,OK,Login Load Test 1-10,text,true,,316,250,1,2,http://localhost:8001/auth/login,172,0,0
1777221563790,171,Login for Token,200,OK,Review Submission Load Test 3-10,text,true,,316,250,1,2,http://localhost:8001/auth/login,171,0,0
1777221563962,4,POST /reviews/,400,Bad Request,Review Submission Load Test 3-10,text,false,"Test failed: code expected to equal /

****** received  : [[[400]]]

****** comparison: [[[201]]]

/",188,440,1,2,http://localhost:8004/reviews/,4,0,1
1777221563968,3,GET /restaurants?q=ramen,200,OK,Restaurant Search Load Test 2-11,text,true,,587,137,1,2,http://localhost:8002/restaurants/?q=ramen,3,0,0
1777221563958,175,POST /auth/login,200,OK,Login Load Test 1-11,text,true,,316,250,1,2,http://localhost:8001/auth/login,175,0,1
1777221563992,172,Login for Token,200,OK,Review Submission Load Test 3-11,text,true,,316,250,1,3,http://localhost:8001/auth/login,172,0,1
1777221564165,2,POST /reviews/,400,Bad Request,Review Submission Load Test 3-11,text,false,"Test failed: code expected to equal /

****** received  : [[[400]]]

****** comparison: [[[201]]]

/",188,440,1,3,http://localhost:8004/reviews/,2,0,0
1777221564164,3,GET /restaurants?q=ramen,200,OK,Restaurant Search Load Test 2-12,text,true,,587,137,1,2,http://localhost:8002/restaurants/?q=ramen,3,0,0
1777221564151,171,POST /auth/login,200,OK,Login Load Test 1-12,text,true,,316,250,1,2,http://localhost:8001/auth/login,171,0,1
1777221564193,171,Login for Token,200,OK,Review Submission Load Test 3-12,text,true,,316,250,1,2,http://localhost:8001/auth/login,171,0,1
1777221564364,2,POST /reviews/,400,Bad Request,Review Submission Load Test 3-12,text,false,"Test failed: code expected to equal /

****** received  : [[[400]]]

****** comparison: [[[201]]]

/",188,440,1,3,http://localhost:8004/reviews/,2,0,0
1777221564366,3,GET /restaurants?q=ramen,200,OK,Restaurant Search Load Test 2-13,text,true,,587,137,1,2,http://localhost:8002/restaurants/?q=ramen,3,0,0
1777221564358,171,POST /auth/login,200,OK,Login Load Test 1-13,text,true,,316,250,1,2,http://localhost:8001/auth/login,171,0,1
1777221564389,170,Login for Token,200,OK,Review Submission Load Test 3-13,text,true,,316,250,1,2,http://localhost:8001/auth/login,170,0,1
1777221564559,2,POST /reviews/,400,Bad Request,Review Submission Load Test 3-13,text,false,"Test failed: code expected to equal /

****** received  : [[[400]]]

****** comparison: [[[201]]]

/",188,440,1,2,http://localhost:8004/reviews/,2,0,0
1777221564568,3,GET /restaurants?q=ramen,200,OK,Restaurant Search Load Test 2-14,text,true,,587,137,1,2,http://localhost:8002/restaurants/?q=ramen,3,0,0
1777221564559,171,POST /auth/login,200,OK,Login Load Test 1-14,text,true,,316,250,1,2,http://localhost:8001/auth/login,171,0,0
1777221564588,171,Login for Token,200,OK,Review Submission Load Test 3-14,text,true,,316,250,1,2,http://localhost:8001/auth/login,171,0,0
1777221564759,2,POST /reviews/,400,Bad Request,Review Submission Load Test 3-14,text,false,"Test failed: code expected to equal /

****** received  : [[[400]]]

****** comparison: [[[201]]]

/",188,440,1,2,http://localhost:8004/reviews/,2,0,0
1777221564768,4,GET /restaurants?q=ramen,200,OK,Restaurant Search Load Test 2-15,text,true,,587,137,1,2,http://localhost:8002/restaurants/?q=ramen,4,0,1
1777221564758,172,POST /auth/login,200,OK,Login Load Test 1-15,text,true,,316,250,1,2,http://localhost:8001/auth/login,172,0,1
1777221564792,173,Login for Token,200,OK,Review Submission Load Test 3-15,text,true,,316,250,1,2,http://localhost:8001/auth/login,173,0,1
1777221564966,3,POST /reviews/,400,Bad Request,Review Submission Load Test 3-15,text,false,"Test failed: code expected to equal /

****** received  : [[[400]]]

****** comparison: [[[201]]]

/",188,440,1,3,http://localhost:8004/reviews/,3,0,0
1777221564967,3,GET /restaurants?q=ramen,200,OK,Restaurant Search Load Test 2-16,text,true,,587,137,1,2,http://localhost:8002/restaurants/?q=ramen,3,0,1
1777221564958,175,POST /auth/login,200,OK,Login Load Test 1-16,text,true,,316,250,1,2,http://localhost:8001/auth/login,175,0,1
1777221564988,172,Login for Token,200,OK,Review Submission Load Test 3-16,text,true,,316,250,1,2,http://localhost:8001/auth/login,172,0,1
1777221565161,2,POST /reviews/,400,Bad Request,Review Submission Load Test 3-16,text,false,"Test failed: code expected to equal /

****** received  : [[[400]]]

****** comparison: [[[201]]]

/",188,440,1,2,http://localhost:8004/reviews/,2,0,0
1777221565168,4,GET /restaurants?q=ramen,200,OK,Restaurant Search Load Test 2-17,text,true,,587,137,1,2,http://localhost:8002/restaurants/?q=ramen,4,0,0
1777221565158,172,POST /auth/login,200,OK,Login Load Test 1-17,text,true,,316,250,1,2,http://localhost:8001/auth/login,172,0,1
1777221565192,170,Login for Token,200,OK,Review Submission Load Test 3-17,text,true,,316,250,1,2,http://localhost:8001/auth/login,170,0,0
1777221565362,2,POST /reviews/,400,Bad Request,Review Submission Load Test 3-17,text,false,"Test failed: code expected to equal /

****** received  : [[[400]]]

****** comparison: [[[201]]]

/",188,440,1,3,http://localhost:8004/reviews/,2,0,1
1777221565364,4,GET /restaurants?q=ramen,200,OK,Restaurant Search Load Test 2-18,text,true,,587,137,1,2,http://localhost:8002/restaurants/?q=ramen,4,0,0
1777221565355,173,POST /auth/login,200,OK,Login Load Test 1-18,text,true,,316,250,1,2,http://localhost:8001/auth/login,173,0,1
1777221565388,172,Login for Token,200,OK,Review Submission Load Test 3-18,text,true,,316,250,1,2,http://localhost:8001/auth/login,172,0,0
1777221565560,2,POST /reviews/,400,Bad Request,Review Submission Load Test 3-18,text,false,"Test failed: code expected to equal /

****** received  : [[[400]]]

****** comparison: [[[201]]]

/",188,440,1,2,http://localhost:8004/reviews/,2,0,0
1777221565564,3,GET /restaurants?q=ramen,200,OK,Restaurant Search Load Test 2-19,text,true,,587,137,1,2,http://localhost:8002/restaurants/?q=ramen,3,0,0
1777221565556,174,POST /auth/login,200,OK,Login Load Test 1-19,text,true,,316,250,1,2,http://localhost:8001/auth/login,174,0,0
1777221565590,173,Login for Token,200,OK,Review Submission Load Test 3-19,text,true,,316,250,1,2,http://localhost:8001/auth/login,173,0,1
1777221565763,2,POST /reviews/,400,Bad Request,Review Submission Load Test 3-19,text,false,"Test failed: code expected to equal /

****** received  : [[[400]]]

****** comparison: [[[201]]]

/",188,440,1,3,http://localhost:8004/reviews/,2,0,1
1777221565765,3,GET /restaurants?q=ramen,200,OK,Restaurant Search Load Test 2-20,text,true,,587,137,1,2,http://localhost:8002/restaurants/?q=ramen,3,0,0
1777221565755,173,POST /auth/login,200,OK,Login Load Test 1-20,text,true,,316,250,1,2,http://localhost:8001/auth/login,173,0,0
1777221565790,172,Login for Token,200,OK,Review Submission Load Test 3-20,text,true,,316,250,1,2,http://localhost:8001/auth/login,172,0,0
1777221565963,2,POST /reviews/,400,Bad Request,Review Submission Load Test 3-20,text,false,"Test failed: code expected to equal /

****** received  : [[[400]]]

****** comparison: [[[201]]]

/",188,440,1,2,http://localhost:8004/reviews/,2,0,0
1777221565966,2,GET /restaurants?q=ramen,200,OK,Restaurant Search Load Test 2-21,text,true,,587,137,1,2,http://localhost:8002/restaurants/?q=ramen,2,0,0
1777221565955,174,POST /auth/login,200,OK,Login Load Test 1-21,text,true,,316,250,1,2,http://localhost:8001/auth/login,174,0,1
1777221565992,172,Login for Token,200,OK,Review Submission Load Test 3-21,text,true,,316,250,1,3,http://localhost:8001/auth/login,172,0,0
1777221566164,2,POST /reviews/,400,Bad Request,Review Submission Load Test 3-21,text,false,"Test failed: code expected to equal /

****** received  : [[[400]]]

****** comparison: [[[201]]]

/",188,440,1,3,http://localhost:8004/reviews/,2,0,0
1777221566163,4,GET /restaurants?q=ramen,200,OK,Restaurant Search Load Test 2-22,text,true,,587,137,1,2,http://localhost:8002/restaurants/?q=ramen,4,0,0
1777221566156,173,POST /auth/login,200,OK,Login Load Test 1-22,text,true,,316,250,1,2,http://localhost:8001/auth/login,173,0,1
1777221566192,171,Login for Token,200,OK,Review Submission Load Test 3-22,text,true,,316,250,1,2,http://localhost:8001/auth/login,171,0,0
1777221566363,3,POST /reviews/,400,Bad Request,Review Submission Load Test 3-22,text,false,"Test failed: code expected to equal /

****** received  : [[[400]]]

****** comparison: [[[201]]]

/",188,440,1,2,http://localhost:8004/reviews/,3,0,1
1777221566369,3,GET /restaurants?q=ramen,200,OK,Restaurant Search Load Test 2-23,text,true,,587,137,1,2,http://localhost:8002/restaurants/?q=ramen,3,0,0
1777221566353,171,POST /auth/login,200,OK,Login Load Test 1-23,text,true,,316,250,1,2,http://localhost:8001/auth/login,171,0,0
1777221566388,170,Login for Token,200,OK,Review Submission Load Test 3-23,text,true,,316,250,1,2,http://localhost:8001/auth/login,170,0,0
1777221566559,2,POST /reviews/,400,Bad Request,Review Submission Load Test 3-23,text,false,"Test failed: code expected to equal /

****** received  : [[[400]]]

****** comparison: [[[201]]]

/",188,440,1,2,http://localhost:8004/reviews/,2,0,0
1777221566570,3,GET /restaurants?q=ramen,200,OK,Restaurant Search Load Test 2-24,text,true,,587,137,1,2,http://localhost:8002/restaurants/?q=ramen,3,0,0
1777221566553,171,POST /auth/login,200,OK,Login Load Test 1-24,text,true,,316,250,1,2,http://localhost:8001/auth/login,171,0,0
1777221566592,172,Login for Token,200,OK,Review Submission Load Test 3-24,text,true,,316,250,1,2,http://localhost:8001/auth/login,171,0,0
1777221566764,1,POST /reviews/,400,Bad Request,Review Submission Load Test 3-24,text,false,"Test failed: code expected to equal /

****** received  : [[[400]]]

****** comparison: [[[201]]]

/",188,440,1,3,http://localhost:8004/reviews/,1,0,0
1777221566765,2,GET /restaurants?q=ramen,200,OK,Restaurant Search Load Test 2-25,text,true,,587,137,1,2,http://localhost:8002/restaurants/?q=ramen,2,0,0
1777221566753,172,POST /auth/login,200,OK,Login Load Test 1-25,text,true,,316,250,1,2,http://localhost:8001/auth/login,172,0,1
1777221566788,171,Login for Token,200,OK,Review Submission Load Test 3-25,text,true,,316,250,1,2,http://localhost:8001/auth/login,171,0,0
1777221566959,2,POST /reviews/,400,Bad Request,Review Submission Load Test 3-25,text,false,"Test failed: code expected to equal /

****** received  : [[[400]]]

****** comparison: [[[201]]]

/",188,440,1,2,http://localhost:8004/reviews/,2,0,0
1777221566968,3,GET /restaurants?q=ramen,200,OK,Restaurant Search Load Test 2-26,text,true,,587,137,1,2,http://localhost:8002/restaurants/?q=ramen,3,0,0
1777221566950,176,POST /auth/login,200,OK,Login Load Test 1-26,text,true,,316,250,1,2,http://localhost:8001/auth/login,176,0,1
1777221566993,173,Login for Token,200,OK,Review Submission Load Test 3-26,text,true,,316,250,1,3,http://localhost:8001/auth/login,173,0,1
1777221567165,3,GET /restaurants?q=ramen,200,OK,Restaurant Search Load Test 2-27,text,true,,587,137,1,3,http://localhost:8002/restaurants/?q=ramen,3,0,0
1777221567167,2,POST /reviews/,400,Bad Request,Review Submission Load Test 3-26,text,false,"Test failed: code expected to equal /

****** received  : [[[400]]]

****** comparison: [[[201]]]

/",188,440,1,2,http://localhost:8004/reviews/,2,0,0
1777221567155,172,POST /auth/login,200,OK,Login Load Test 1-27,text,true,,316,250,1,2,http://localhost:8001/auth/login,172,0,0
1777221567188,170,Login for Token,200,OK,Review Submission Load Test 3-27,text,true,,316,250,1,2,http://localhost:8001/auth/login,170,0,0
1777221567358,2,POST /reviews/,400,Bad Request,Review Submission Load Test 3-27,text,false,"Test failed: code expected to equal /

****** received  : [[[400]]]

****** comparison: [[[201]]]

/",188,440,1,2,http://localhost:8004/reviews/,2,0,0
1777221567365,3,GET /restaurants?q=ramen,200,OK,Restaurant Search Load Test 2-28,text,true,,587,137,1,2,http://localhost:8002/restaurants/?q=ramen,3,0,0
1777221567355,170,POST /auth/login,200,OK,Login Load Test 1-28,text,true,,316,250,1,2,http://localhost:8001/auth/login,170,0,0
1777221567392,171,Login for Token,200,OK,Review Submission Load Test 3-28,text,true,,316,250,1,2,http://localhost:8001/auth/login,171,0,0
1777221567563,2,POST /reviews/,400,Bad Request,Review Submission Load Test 3-28,text,false,"Test failed: code expected to equal /

****** received  : [[[400]]]

****** comparison: [[[201]]]

/",188,440,1,3,http://localhost:8004/reviews/,2,0,0
1777221567564,3,GET /restaurants?q=ramen,200,OK,Restaurant Search Load Test 2-29,text,true,,587,137,1,2,http://localhost:8002/restaurants/?q=ramen,3,0,1
1777221567551,172,POST /auth/login,200,OK,Login Load Test 1-29,text,true,,316,250,1,2,http://localhost:8001/auth/login,172,0,0
1777221567592,170,Login for Token,200,OK,Review Submission Load Test 3-29,text,true,,316,250,1,2,http://localhost:8001/auth/login,170,0,0
1777221567763,2,POST /reviews/,400,Bad Request,Review Submission Load Test 3-29,text,false,"Test failed: code expected to equal /

****** received  : [[[400]]]

****** comparison: [[[201]]]

/",188,440,1,3,http://localhost:8004/reviews/,2,0,0
1777221567764,3,GET /restaurants?q=ramen,200,OK,Restaurant Search Load Test 2-30,text,true,,587,137,1,2,http://localhost:8002/restaurants/?q=ramen,3,0,0
1777221567750,171,POST /auth/login,200,OK,Login Load Test 1-30,text,true,,316,250,1,2,http://localhost:8001/auth/login,171,0,0
1777221567791,171,Login for Token,200,OK,Review Submission Load Test 3-30,text,true,,316,250,1,2,http://localhost:8001/auth/login,171,0,0
1777221567962,2,POST /reviews/,400,Bad Request,Review Submission Load Test 3-30,text,false,"Test failed: code expected to equal /

****** received  : [[[400]]]

****** comparison: [[[201]]]

/",188,440,1,2,http://localhost:8004/reviews/,2,0,0
1777221567967,3,GET /restaurants?q=ramen,200,OK,Restaurant Search Load Test 2-31,text,true,,587,137,1,2,http://localhost:8002/restaurants/?q=ramen,3,0,1
1777221567952,173,POST /auth/login,200,OK,Login Load Test 1-31,text,true,,316,250,1,2,http://localhost:8001/auth/login,173,0,0
1777221567990,171,Login for Token,200,OK,Review Submission Load Test 3-31,text,true,,316,250,1,2,http://localhost:8001/auth/login,171,0,0
1777221568161,2,POST /reviews/,400,Bad Request,Review Submission Load Test 3-31,text,false,"Test failed: code expected to equal /

****** received  : [[[400]]]

****** comparison: [[[201]]]

/",188,440,1,2,http://localhost:8004/reviews/,1,0,0
1777221568168,3,GET /restaurants?q=ramen,200,OK,Restaurant Search Load Test 2-32,text,true,,587,137,1,2,http://localhost:8002/restaurants/?q=ramen,3,0,0
1777221568153,172,POST /auth/login,200,OK,Login Load Test 1-32,text,true,,316,250,1,2,http://localhost:8001/auth/login,172,0,0
1777221568192,171,Login for Token,200,OK,Review Submission Load Test 3-32,text,true,,316,250,1,3,http://localhost:8001/auth/login,171,0,1
1777221568363,3,POST /reviews/,400,Bad Request,Review Submission Load Test 3-32,text,false,"Test failed: code expected to equal /

****** received  : [[[400]]]

****** comparison: [[[201]]]

/",188,440,1,3,http://localhost:8004/reviews/,3,0,1
1777221568363,4,GET /restaurants?q=ramen,200,OK,Restaurant Search Load Test 2-33,text,true,,587,137,1,2,http://localhost:8002/restaurants/?q=ramen,4,0,0
1777221568354,172,POST /auth/login,200,OK,Login Load Test 1-33,text,true,,316,250,1,2,http://localhost:8001/auth/login,172,0,1
1777221568392,170,Login for Token,200,OK,Review Submission Load Test 3-33,text,true,,316,250,1,2,http://localhost:8001/auth/login,170,0,0
1777221568562,2,POST /reviews/,400,Bad Request,Review Submission Load Test 3-33,text,false,"Test failed: code expected to equal /

****** received  : [[[400]]]

****** comparison: [[[201]]]

/",188,440,1,2,http://localhost:8004/reviews/,2,0,1
1777221568568,3,GET /restaurants?q=ramen,200,OK,Restaurant Search Load Test 2-34,text,true,,587,137,1,2,http://localhost:8002/restaurants/?q=ramen,3,0,0
1777221568551,172,POST /auth/login,200,OK,Login Load Test 1-34,text,true,,316,250,1,2,http://localhost:8001/auth/login,172,0,1
1777221568592,172,Login for Token,200,OK,Review Submission Load Test 3-34,text,true,,316,250,1,3,http://localhost:8001/auth/login,172,0,1
1777221568764,2,POST /reviews/,400,Bad Request,Review Submission Load Test 3-34,text,false,"Test failed: code expected to equal /

****** received  : [[[400]]]

****** comparison: [[[201]]]

/",188,440,1,3,http://localhost:8004/reviews/,2,0,0
1777221568763,3,GET /restaurants?q=ramen,200,OK,Restaurant Search Load Test 2-35,text,true,,587,137,1,2,http://localhost:8002/restaurants/?q=ramen,3,0,0
1777221568750,171,POST /auth/login,200,OK,Login Load Test 1-35,text,true,,316,250,1,2,http://localhost:8001/auth/login,171,0,0
1777221568788,170,Login for Token,200,OK,Review Submission Load Test 3-35,text,true,,316,250,1,2,http://localhost:8001/auth/login,170,0,0
1777221568958,2,POST /reviews/,400,Bad Request,Review Submission Load Test 3-35,text,false,"Test failed: code expected to equal /

****** received  : [[[400]]]

****** comparison: [[[201]]]

/",188,440,1,2,http://localhost:8004/reviews/,2,0,1
1777221568967,1,GET /restaurants?q=ramen,200,OK,Restaurant Search Load Test 2-36,text,true,,587,137,1,2,http://localhost:8002/restaurants/?q=ramen,1,0,0
1777221568954,174,POST /auth/login,200,OK,Login Load Test 1-36,text,true,,316,250,1,2,http://localhost:8001/auth/login,174,0,0
1777221568988,173,Login for Token,200,OK,Review Submission Load Test 3-36,text,true,,316,250,1,2,http://localhost:8001/auth/login,173,0,0
1777221569161,2,POST /reviews/,400,Bad Request,Review Submission Load Test 3-36,text,false,"Test failed: code expected to equal /

****** received  : [[[400]]]

****** comparison: [[[201]]]

/",188,440,1,3,http://localhost:8004/reviews/,2,0,0
1777221569163,3,GET /restaurants?q=ramen,200,OK,Restaurant Search Load Test 2-37,text,true,,587,137,1,2,http://localhost:8002/restaurants/?q=ramen,3,0,0
1777221569154,171,POST /auth/login,200,OK,Login Load Test 1-37,text,true,,316,250,1,2,http://localhost:8001/auth/login,171,0,0
1777221569192,170,Login for Token,200,OK,Review Submission Load Test 3-37,text,true,,316,250,1,2,http://localhost:8001/auth/login,170,0,0
1777221569362,3,POST /reviews/,400,Bad Request,Review Submission Load Test 3-37,text,false,"Test failed: code expected to equal /

****** received  : [[[400]]]

****** comparison: [[[201]]]

/",188,440,1,3,http://localhost:8004/reviews/,3,0,1
1777221569363,3,GET /restaurants?q=ramen,200,OK,Restaurant Search Load Test 2-38,text,true,,587,137,1,2,http://localhost:8002/restaurants/?q=ramen,3,0,0
1777221569349,171,POST /auth/login,200,OK,Login Load Test 1-38,text,true,,316,250,1,2,http://localhost:8001/auth/login,171,0,0
1777221569391,170,Login for Token,200,OK,Review Submission Load Test 3-38,text,true,,316,250,1,2,http://localhost:8001/auth/login,170,0,0
1777221569561,2,POST /reviews/,400,Bad Request,Review Submission Load Test 3-38,text,false,"Test failed: code expected to equal /

****** received  : [[[400]]]

****** comparison: [[[201]]]

/",188,440,1,3,http://localhost:8004/reviews/,2,0,0
1777221569563,3,GET /restaurants?q=ramen,200,OK,Restaurant Search Load Test 2-39,text,true,,587,137,1,2,http://localhost:8002/restaurants/?q=ramen,3,0,0
1777221569548,171,POST /auth/login,200,OK,Login Load Test 1-39,text,true,,316,250,1,2,http://localhost:8001/auth/login,171,0,0
1777221569591,170,Login for Token,200,OK,Review Submission Load Test 3-39,text,true,,316,250,1,2,http://localhost:8001/auth/login,170,0,0
1777221569762,2,POST /reviews/,400,Bad Request,Review Submission Load Test 3-39,text,false,"Test failed: code expected to equal /

****** received  : [[[400]]]

****** comparison: [[[201]]]

/",188,440,1,2,http://localhost:8004/reviews/,2,0,0
1777221569768,3,GET /restaurants?q=ramen,200,OK,Restaurant Search Load Test 2-40,text,true,,587,137,1,2,http://localhost:8002/restaurants/?q=ramen,3,0,0
1777221569749,172,POST /auth/login,200,OK,Login Load Test 1-40,text,true,,316,250,1,2,http://localhost:8001/auth/login,172,0,1
1777221569792,171,Login for Token,200,OK,Review Submission Load Test 3-40,text,true,,316,250,1,2,http://localhost:8001/auth/login,170,0,0
1777221569963,2,POST /reviews/,400,Bad Request,Review Submission Load Test 3-40,text,false,"Test failed: code expected to equal /

****** received  : [[[400]]]

****** comparison: [[[201]]]

/",188,440,1,3,http://localhost:8004/reviews/,2,0,0
1777221569964,3,GET /restaurants?q=ramen,200,OK,Restaurant Search Load Test 2-41,text,true,,587,137,1,2,http://localhost:8002/restaurants/?q=ramen,3,0,0
1777221569954,177,POST /auth/login,200,OK,Login Load Test 1-41,text,true,,316,250,1,2,http://localhost:8001/auth/login,177,0,0
1777221569992,172,Login for Token,200,OK,Review Submission Load Test 3-41,text,true,,316,250,1,2,http://localhost:8001/auth/login,172,0,0
1777221570164,2,POST /reviews/,400,Bad Request,Review Submission Load Test 3-41,text,false,"Test failed: code expected to equal /

****** received  : [[[400]]]

****** comparison: [[[201]]]

/",188,440,1,2,http://localhost:8004/reviews/,2,0,1
1777221570168,3,GET /restaurants?q=ramen,200,OK,Restaurant Search Load Test 2-42,text,true,,587,137,1,2,http://localhost:8002/restaurants/?q=ramen,3,0,0
1777221570148,170,POST /auth/login,200,OK,Login Load Test 1-42,text,true,,316,250,1,2,http://localhost:8001/auth/login,170,0,0
1777221570190,171,Login for Token,200,OK,Review Submission Load Test 3-42,text,true,,316,250,1,2,http://localhost:8001/auth/login,171,0,0
1777221570361,2,POST /reviews/,400,Bad Request,Review Submission Load Test 3-42,text,false,"Test failed: code expected to equal /

****** received  : [[[400]]]

****** comparison: [[[201]]]

/",188,440,1,2,http://localhost:8004/reviews/,2,0,0
1777221570366,2,GET /restaurants?q=ramen,200,OK,Restaurant Search Load Test 2-43,text,true,,587,137,1,2,http://localhost:8002/restaurants/?q=ramen,2,0,0
1777221570351,182,POST /auth/login,200,OK,Login Load Test 1-43,text,true,,316,250,1,2,http://localhost:8001/auth/login,182,0,0
1777221570565,2,GET /restaurants?q=ramen,200,OK,Restaurant Search Load Test 2-44,text,true,,587,137,1,3,http://localhost:8002/restaurants/?q=ramen,2,0,0
1777221570390,178,Login for Token,200,OK,Review Submission Load Test 3-43,text,true,,316,250,1,2,http://localhost:8001/auth/login,178,0,0
1777221570568,2,POST /reviews/,400,Bad Request,Review Submission Load Test 3-43,text,false,"Test failed: code expected to equal /

****** received  : [[[400]]]

****** comparison: [[[201]]]

/",188,440,1,2,http://localhost:8004/reviews/,2,0,1
1777221570552,173,POST /auth/login,200,OK,Login Load Test 1-44,text,true,,316,250,1,2,http://localhost:8001/auth/login,173,0,0
1777221570592,171,Login for Token,200,OK,Review Submission Load Test 3-44,text,true,,316,250,1,2,http://localhost:8001/auth/login,171,0,0
1777221570764,2,POST /reviews/,400,Bad Request,Review Submission Load Test 3-44,text,false,"Test failed: code expected to equal /

****** received  : [[[400]]]

****** comparison: [[[201]]]

/",188,440,1,2,http://localhost:8004/reviews/,2,0,0
1777221570766,4,GET /restaurants?q=ramen,200,OK,Restaurant Search Load Test 2-45,text,true,,587,137,1,2,http://localhost:8002/restaurants/?q=ramen,4,0,1
1777221570752,173,POST /auth/login,200,OK,Login Load Test 1-45,text,true,,316,250,1,2,http://localhost:8001/auth/login,173,0,0
1777221570791,171,Login for Token,200,OK,Review Submission Load Test 3-45,text,true,,316,250,1,2,http://localhost:8001/auth/login,171,0,0
1777221570963,1,POST /reviews/,400,Bad Request,Review Submission Load Test 3-45,text,false,"Test failed: code expected to equal /

****** received  : [[[400]]]

****** comparison: [[[201]]]

/",188,440,1,2,http://localhost:8004/reviews/,1,0,0
1777221570967,2,GET /restaurants?q=ramen,200,OK,Restaurant Search Load Test 2-46,text,true,,587,137,1,2,http://localhost:8002/restaurants/?q=ramen,2,0,1
1777221570952,175,POST /auth/login,200,OK,Login Load Test 1-46,text,true,,316,250,1,2,http://localhost:8001/auth/login,175,0,0
1777221570992,172,Login for Token,200,OK,Review Submission Load Test 3-46,text,true,,316,250,1,2,http://localhost:8001/auth/login,172,0,0
1777221571164,2,POST /reviews/,400,Bad Request,Review Submission Load Test 3-46,text,false,"Test failed: code expected to equal /

****** received  : [[[400]]]

****** comparison: [[[201]]]

/",188,440,1,2,http://localhost:8004/reviews/,2,0,1
1777221571168,4,GET /restaurants?q=ramen,200,OK,Restaurant Search Load Test 2-47,text,true,,587,137,1,2,http://localhost:8002/restaurants/?q=ramen,4,0,1
1777221571152,171,POST /auth/login,200,OK,Login Load Test 1-47,text,true,,316,250,1,2,http://localhost:8001/auth/login,171,0,0
1777221571192,170,Login for Token,200,OK,Review Submission Load Test 3-47,text,true,,316,250,1,2,http://localhost:8001/auth/login,170,0,0
1777221571363,2,POST /reviews/,400,Bad Request,Review Submission Load Test 3-47,text,false,"Test failed: code expected to equal /

****** received  : [[[400]]]

****** comparison: [[[201]]]

/",188,440,1,3,http://localhost:8004/reviews/,2,0,0
1777221571363,3,GET /restaurants?q=ramen,200,OK,Restaurant Search Load Test 2-48,text,true,,587,137,1,2,http://localhost:8002/restaurants/?q=ramen,3,0,0
1777221571348,171,POST /auth/login,200,OK,Login Load Test 1-48,text,true,,316,250,1,2,http://localhost:8001/auth/login,171,0,0
1777221571392,171,Login for Token,200,OK,Review Submission Load Test 3-48,text,true,,316,250,1,2,http://localhost:8001/auth/login,171,0,1
1777221571563,2,POST /reviews/,400,Bad Request,Review Submission Load Test 3-48,text,false,"Test failed: code expected to equal /

****** received  : [[[400]]]

****** comparison: [[[201]]]

/",188,440,1,2,http://localhost:8004/reviews/,2,0,1
1777221571567,3,GET /restaurants?q=ramen,200,OK,Restaurant Search Load Test 2-49,text,true,,587,137,1,2,http://localhost:8002/restaurants/?q=ramen,3,0,0
1777221571550,171,POST /auth/login,200,OK,Login Load Test 1-49,text,true,,316,250,1,2,http://localhost:8001/auth/login,171,0,0
1777221571591,171,Login for Token,200,OK,Review Submission Load Test 3-49,text,true,,316,250,1,2,http://localhost:8001/auth/login,171,0,1
1777221571762,2,POST /reviews/,400,Bad Request,Review Submission Load Test 3-49,text,false,"Test failed: code expected to equal /

****** received  : [[[400]]]

****** comparison: [[[201]]]

/",188,440,1,3,http://localhost:8004/reviews/,2,0,0
1777221571763,3,GET /restaurants?q=ramen,200,OK,Restaurant Search Load Test 2-50,text,true,,587,137,1,2,http://localhost:8002/restaurants/?q=ramen,3,0,0
1777221571747,171,POST /auth/login,200,OK,Login Load Test 1-50,text,true,,316,250,1,2,http://localhost:8001/auth/login,171,0,0
1777221571792,170,Login for Token,200,OK,Review Submission Load Test 3-50,text,true,,316,251,1,2,http://localhost:8001/auth/login,170,0,0
1777221571963,2,POST /reviews/,400,Bad Request,Review Submission Load Test 3-50,text,false,"Test failed: code expected to equal /

****** received  : [[[400]]]

****** comparison: [[[201]]]

/",188,440,1,2,http://localhost:8004/reviews/,2,0,0
1777221571968,4,GET /restaurants?q=ramen,200,OK,Restaurant Search Load Test 2-51,text,true,,587,137,1,2,http://localhost:8002/restaurants/?q=ramen,4,0,0
1777221571953,174,POST /auth/login,200,OK,Login Load Test 1-51,text,true,,316,251,1,2,http://localhost:8001/auth/login,174,0,0
1777221571989,172,Login for Token,200,OK,Review Submission Load Test 3-51,text,true,,316,251,1,2,http://localhost:8001/auth/login,172,0,1
1777221572161,2,POST /reviews/,400,Bad Request,Review Submission Load Test 3-51,text,false,"Test failed: code expected to equal /

****** received  : [[[400]]]

****** comparison: [[[201]]]

/",188,440,1,2,http://localhost:8004/reviews/,2,0,0
1777221572166,3,GET /restaurants?q=ramen,200,OK,Restaurant Search Load Test 2-52,text,true,,587,137,1,2,http://localhost:8002/restaurants/?q=ramen,3,0,0
1777221572150,171,POST /auth/login,200,OK,Login Load Test 1-52,text,true,,316,251,1,2,http://localhost:8001/auth/login,171,0,0
1777221572192,171,Login for Token,200,OK,Review Submission Load Test 3-52,text,true,,316,251,1,2,http://localhost:8001/auth/login,171,0,1
1777221572363,2,POST /reviews/,400,Bad Request,Review Submission Load Test 3-52,text,false,"Test failed: code expected to equal /

****** received  : [[[400]]]

****** comparison: [[[201]]]

/",188,440,1,3,http://localhost:8004/reviews/,2,0,0
1777221572363,3,GET /restaurants?q=ramen,200,OK,Restaurant Search Load Test 2-53,text,true,,587,137,1,2,http://localhost:8002/restaurants/?q=ramen,3,0,0
1777221572351,170,POST /auth/login,200,OK,Login Load Test 1-53,text,true,,316,251,1,2,http://localhost:8001/auth/login,170,0,0
1777221572392,170,Login for Token,200,OK,Review Submission Load Test 3-53,text,true,,316,251,1,2,http://localhost:8001/auth/login,170,0,0
1777221572562,2,POST /reviews/,400,Bad Request,Review Submission Load Test 3-53,text,false,"Test failed: code expected to equal /

****** received  : [[[400]]]

****** comparison: [[[201]]]

/",188,440,1,2,http://localhost:8004/reviews/,2,0,0
1777221572567,3,GET /restaurants?q=ramen,200,OK,Restaurant Search Load Test 2-54,text,true,,587,137,1,2,http://localhost:8002/restaurants/?q=ramen,3,0,0
1777221572547,171,POST /auth/login,200,OK,Login Load Test 1-54,text,true,,316,251,1,2,http://localhost:8001/auth/login,171,0,0
1777221572593,171,Login for Token,200,OK,Review Submission Load Test 3-54,text,true,,316,251,1,2,http://localhost:8001/auth/login,171,0,0
1777221572764,2,POST /reviews/,400,Bad Request,Review Submission Load Test 3-54,text,false,"Test failed: code expected to equal /

****** received  : [[[400]]]

****** comparison: [[[201]]]

/",188,440,1,2,http://localhost:8004/reviews/,2,0,0
1777221572768,3,GET /restaurants?q=ramen,200,OK,Restaurant Search Load Test 2-55,text,true,,587,137,1,2,http://localhost:8002/restaurants/?q=ramen,3,0,0
1777221572749,171,POST /auth/login,200,OK,Login Load Test 1-55,text,true,,316,251,1,2,http://localhost:8001/auth/login,171,0,0
1777221572788,170,Login for Token,200,OK,Review Submission Load Test 3-55,text,true,,316,251,1,2,http://localhost:8001/auth/login,170,0,0
1777221572959,1,POST /reviews/,400,Bad Request,Review Submission Load Test 3-55,text,false,"Test failed: code expected to equal /

****** received  : [[[400]]]

****** comparison: [[[201]]]

/",188,440,1,2,http://localhost:8004/reviews/,1,0,0
1777221572966,5,GET /restaurants?q=ramen,200,OK,Restaurant Search Load Test 2-56,text,true,,587,137,1,2,http://localhost:8002/restaurants/?q=ramen,5,0,1
1777221572951,174,POST /auth/login,200,OK,Login Load Test 1-56,text,true,,316,251,1,2,http://localhost:8001/auth/login,174,0,0
1777221572993,172,Login for Token,200,OK,Review Submission Load Test 3-56,text,true,,316,251,1,2,http://localhost:8001/auth/login,172,0,1
1777221573165,2,POST /reviews/,400,Bad Request,Review Submission Load Test 3-56,text,false,"Test failed: code expected to equal /

****** received  : [[[400]]]

****** comparison: [[[201]]]

/",188,440,1,2,http://localhost:8004/reviews/,2,0,0
1777221573168,4,GET /restaurants?q=ramen,200,OK,Restaurant Search Load Test 2-57,text,true,,587,137,1,2,http://localhost:8002/restaurants/?q=ramen,4,0,0
1777221573147,171,POST /auth/login,200,OK,Login Load Test 1-57,text,true,,316,251,1,2,http://localhost:8001/auth/login,171,0,0
1777221573192,170,Login for Token,200,OK,Review Submission Load Test 3-57,text,true,,316,251,1,2,http://localhost:8001/auth/login,170,0,0
1777221573363,1,POST /reviews/,400,Bad Request,Review Submission Load Test 3-57,text,false,"Test failed: code expected to equal /

****** received  : [[[400]]]

****** comparison: [[[201]]]

/",188,440,1,3,http://localhost:8004/reviews/,1,0,0
1777221573363,3,GET /restaurants?q=ramen,200,OK,Restaurant Search Load Test 2-58,text,true,,587,137,1,2,http://localhost:8002/restaurants/?q=ramen,3,0,0
1777221573349,183,POST /auth/login,200,OK,Login Load Test 1-58,text,true,,316,251,1,2,http://localhost:8001/auth/login,183,0,0
1777221573563,2,GET /restaurants?q=ramen,200,OK,Restaurant Search Load Test 2-59,text,true,,587,137,1,3,http://localhost:8002/restaurants/?q=ramen,2,0,1
1777221573389,187,Login for Token,200,OK,Review Submission Load Test 3-58,text,true,,316,251,1,2,http://localhost:8001/auth/login,187,0,1
1777221573577,1,POST /reviews/,400,Bad Request,Review Submission Load Test 3-58,text,false,"Test failed: code expected to equal /

****** received  : [[[400]]]

****** comparison: [[[201]]]

/",188,440,1,2,http://localhost:8004/reviews/,1,0,0
1777221573547,176,POST /auth/login,200,OK,Login Load Test 1-59,text,true,,316,251,1,2,http://localhost:8001/auth/login,176,0,0
1777221573589,172,Login for Token,200,OK,Review Submission Load Test 3-59,text,true,,316,251,1,2,http://localhost:8001/auth/login,172,0,1
1777221573762,1,POST /reviews/,400,Bad Request,Review Submission Load Test 3-59,text,false,"Test failed: code expected to equal /

****** received  : [[[400]]]

****** comparison: [[[201]]]

/",188,440,1,3,http://localhost:8004/reviews/,1,0,0
1777221573763,2,GET /restaurants?q=ramen,200,OK,Restaurant Search Load Test 2-60,text,true,,587,137,1,2,http://localhost:8002/restaurants/?q=ramen,2,0,0
1777221573746,171,POST /auth/login,200,OK,Login Load Test 1-60,text,true,,316,251,1,2,http://localhost:8001/auth/login,171,0,0
1777221573787,170,Login for Token,200,OK,Review Submission Load Test 3-60,text,true,,316,251,1,2,http://localhost:8001/auth/login,170,0,1
1777221573958,1,POST /reviews/,400,Bad Request,Review Submission Load Test 3-60,text,false,"Test failed: code expected to equal /

****** received  : [[[400]]]

****** comparison: [[[201]]]

/",188,440,1,2,http://localhost:8004/reviews/,1,0,0
1777221573965,3,GET /restaurants?q=ramen,200,OK,Restaurant Search Load Test 2-61,text,true,,587,137,1,2,http://localhost:8002/restaurants/?q=ramen,3,0,0
1777221573948,174,POST /auth/login,200,OK,Login Load Test 1-61,text,true,,316,251,1,2,http://localhost:8001/auth/login,174,0,0
1777221573989,173,Login for Token,200,OK,Review Submission Load Test 3-61,text,true,,316,251,1,2,http://localhost:8001/auth/login,173,0,0
1777221574162,3,POST /reviews/,400,Bad Request,Review Submission Load Test 3-61,text,false,"Test failed: code expected to equal /

****** received  : [[[400]]]

****** comparison: [[[201]]]

/",188,440,1,2,http://localhost:8004/reviews/,3,0,1
1777221574168,3,GET /restaurants?q=ramen,200,OK,Restaurant Search Load Test 2-62,text,true,,587,137,1,2,http://localhost:8002/restaurants/?q=ramen,3,0,0
1777221574144,172,POST /auth/login,200,OK,Login Load Test 1-62,text,true,,316,251,1,2,http://localhost:8001/auth/login,172,0,1
1777221574192,170,Login for Token,200,OK,Review Submission Load Test 3-62,text,true,,316,251,1,2,http://localhost:8001/auth/login,170,0,0
1777221574363,2,POST /reviews/,400,Bad Request,Review Submission Load Test 3-62,text,false,"Test failed: code expected to equal /

****** received  : [[[400]]]

****** comparison: [[[201]]]

/",188,440,1,2,http://localhost:8004/reviews/,2,0,0
1777221574369,3,GET /restaurants?q=ramen,200,OK,Restaurant Search Load Test 2-63,text,true,,587,137,1,2,http://localhost:8002/restaurants/?q=ramen,3,0,0
1777221574347,171,POST /auth/login,200,OK,Login Load Test 1-63,text,true,,316,251,1,2,http://localhost:8001/auth/login,171,0,1
1777221574391,169,Login for Token,200,OK,Review Submission Load Test 3-63,text,true,,316,251,1,2,http://localhost:8001/auth/login,169,0,0
1777221574560,2,POST /reviews/,400,Bad Request,Review Submission Load Test 3-63,text,false,"Test failed: code expected to equal /

****** received  : [[[400]]]

****** comparison: [[[201]]]

/",188,440,1,2,http://localhost:8004/reviews/,2,0,1
1777221574569,4,GET /restaurants?q=ramen,200,OK,Restaurant Search Load Test 2-64,text,true,,587,137,1,2,http://localhost:8002/restaurants/?q=ramen,4,0,1
1777221574551,172,POST /auth/login,200,OK,Login Load Test 1-64,text,true,,316,251,1,2,http://localhost:8001/auth/login,172,0,0
1777221574592,171,Login for Token,200,OK,Review Submission Load Test 3-64,text,true,,316,251,1,2,http://localhost:8001/auth/login,171,0,0
1777221574763,2,POST /reviews/,400,Bad Request,Review Submission Load Test 3-64,text,false,"Test failed: code expected to equal /

****** received  : [[[400]]]

****** comparison: [[[201]]]

/",188,440,1,2,http://localhost:8004/reviews/,2,0,1
1777221574768,3,GET /restaurants?q=ramen,200,OK,Restaurant Search Load Test 2-65,text,true,,587,137,1,2,http://localhost:8002/restaurants/?q=ramen,3,0,0
1777221574747,171,POST /auth/login,200,OK,Login Load Test 1-65,text,true,,316,251,1,2,http://localhost:8001/auth/login,171,0,0
1777221574788,171,Login for Token,200,OK,Review Submission Load Test 3-65,text,true,,316,251,1,2,http://localhost:8001/auth/login,171,0,0
1777221574959,2,POST /reviews/,400,Bad Request,Review Submission Load Test 3-65,text,false,"Test failed: code expected to equal /

****** received  : [[[400]]]

****** comparison: [[[201]]]

/",188,440,1,2,http://localhost:8004/reviews/,2,0,0
1777221574965,3,GET /restaurants?q=ramen,200,OK,Restaurant Search Load Test 2-66,text,true,,587,137,1,2,http://localhost:8002/restaurants/?q=ramen,3,0,0
1777221574948,174,POST /auth/login,200,OK,Login Load Test 1-66,text,true,,316,251,1,2,http://localhost:8001/auth/login,174,0,1
1777221574988,174,Login for Token,200,OK,Review Submission Load Test 3-66,text,true,,316,251,1,2,http://localhost:8001/auth/login,174,0,1
1777221575162,2,POST /reviews/,400,Bad Request,Review Submission Load Test 3-66,text,false,"Test failed: code expected to equal /

****** received  : [[[400]]]

****** comparison: [[[201]]]

/",188,440,1,2,http://localhost:8004/reviews/,2,0,0
1777221575166,3,GET /restaurants?q=ramen,200,OK,Restaurant Search Load Test 2-67,text,true,,587,137,1,2,http://localhost:8002/restaurants/?q=ramen,3,0,0
1777221575145,170,POST /auth/login,200,OK,Login Load Test 1-67,text,true,,316,251,1,2,http://localhost:8001/auth/login,170,0,0
1777221575193,170,Login for Token,200,OK,Review Submission Load Test 3-67,text,true,,316,251,1,2,http://localhost:8001/auth/login,170,0,0
1777221575363,2,POST /reviews/,400,Bad Request,Review Submission Load Test 3-67,text,false,"Test failed: code expected to equal /

****** received  : [[[400]]]

****** comparison: [[[201]]]

/",188,440,1,2,http://localhost:8004/reviews/,2,0,0
1777221575368,3,GET /restaurants?q=ramen,200,OK,Restaurant Search Load Test 2-68,text,true,,587,137,1,2,http://localhost:8002/restaurants/?q=ramen,3,0,0
1777221575346,173,POST /auth/login,200,OK,Login Load Test 1-68,text,true,,316,251,1,2,http://localhost:8001/auth/login,173,0,0
1777221575390,172,Login for Token,200,OK,Review Submission Load Test 3-68,text,true,,316,251,1,2,http://localhost:8001/auth/login,172,0,1
1777221575563,2,POST /reviews/,400,Bad Request,Review Submission Load Test 3-68,text,false,"Test failed: code expected to equal /

****** received  : [[[400]]]

****** comparison: [[[201]]]

/",188,440,1,2,http://localhost:8004/reviews/,2,0,0
1777221575565,4,GET /restaurants?q=ramen,200,OK,Restaurant Search Load Test 2-69,text,true,,587,137,1,2,http://localhost:8002/restaurants/?q=ramen,4,0,0
1777221575546,173,POST /auth/login,200,OK,Login Load Test 1-69,text,true,,316,251,1,2,http://localhost:8001/auth/login,173,0,0
1777221575588,172,Login for Token,200,OK,Review Submission Load Test 3-69,text,true,,316,251,1,2,http://localhost:8001/auth/login,172,0,0
1777221575760,2,POST /reviews/,400,Bad Request,Review Submission Load Test 3-69,text,false,"Test failed: code expected to equal /

****** received  : [[[400]]]

****** comparison: [[[201]]]

/",188,440,1,2,http://localhost:8004/reviews/,2,0,1
1777221575768,4,GET /restaurants?q=ramen,200,OK,Restaurant Search Load Test 2-70,text,true,,587,137,1,2,http://localhost:8002/restaurants/?q=ramen,4,0,1
1777221575749,172,POST /auth/login,200,OK,Login Load Test 1-70,text,true,,316,251,1,2,http://localhost:8001/auth/login,172,0,0
1777221575791,173,Login for Token,200,OK,Review Submission Load Test 3-70,text,true,,316,251,1,3,http://localhost:8001/auth/login,173,0,1
1777221575964,3,POST /reviews/,400,Bad Request,Review Submission Load Test 3-70,text,false,"Test failed: code expected to equal /

****** received  : [[[400]]]

****** comparison: [[[201]]]

/",188,440,1,3,http://localhost:8004/reviews/,3,0,1
1777221575964,4,GET /restaurants?q=ramen,200,OK,Restaurant Search Load Test 2-71,text,true,,587,137,1,2,http://localhost:8002/restaurants/?q=ramen,4,0,0
1777221575949,186,POST /auth/login,200,OK,Login Load Test 1-71,text,true,,316,251,1,2,http://localhost:8001/auth/login,186,0,0
1777221576167,2,GET /restaurants?q=ramen,200,OK,Restaurant Search Load Test 2-72,text,true,,587,137,1,3,http://localhost:8002/restaurants/?q=ramen,2,0,0
1777221575992,185,Login for Token,200,OK,Review Submission Load Test 3-71,text,true,,316,251,1,2,http://localhost:8001/auth/login,185,0,0
1777221576177,2,POST /reviews/,400,Bad Request,Review Submission Load Test 3-71,text,false,"Test failed: code expected to equal /

****** received  : [[[400]]]

****** comparison: [[[201]]]

/",188,440,1,2,http://localhost:8004/reviews/,2,0,1
1777221576146,187,POST /auth/login,200,OK,Login Load Test 1-72,text,true,,316,251,1,2,http://localhost:8001/auth/login,187,0,1
1777221576368,2,GET /restaurants?q=ramen,200,OK,Restaurant Search Load Test 2-73,text,true,,587,137,1,3,http://localhost:8002/restaurants/?q=ramen,2,0,0
1777221576189,185,Login for Token,200,OK,Review Submission Load Test 3-72,text,true,,316,251,1,2,http://localhost:8001/auth/login,185,0,1
1777221576374,1,POST /reviews/,400,Bad Request,Review Submission Load Test 3-72,text,false,"Test failed: code expected to equal /

****** received  : [[[400]]]

****** comparison: [[[201]]]

/",188,440,1,2,http://localhost:8004/reviews/,1,0,0
1777221576351,173,POST /auth/login,200,OK,Login Load Test 1-73,text,true,,316,251,1,2,http://localhost:8001/auth/login,173,0,0
1777221576389,172,Login for Token,200,OK,Review Submission Load Test 3-73,text,true,,316,251,1,2,http://localhost:8001/auth/login,172,0,0
1777221576561,2,POST /reviews/,400,Bad Request,Review Submission Load Test 3-73,text,false,"Test failed: code expected to equal /

****** received  : [[[400]]]

****** comparison: [[[201]]]

/",188,440,1,2,http://localhost:8004/reviews/,2,0,0
1777221576566,2,GET /restaurants?q=ramen,200,OK,Restaurant Search Load Test 2-74,text,true,,587,137,1,2,http://localhost:8002/restaurants/?q=ramen,2,0,0
1777221576548,171,POST /auth/login,200,OK,Login Load Test 1-74,text,true,,316,251,1,2,http://localhost:8001/auth/login,171,0,0
1777221576588,171,Login for Token,200,OK,Review Submission Load Test 3-74,text,true,,316,251,1,2,http://localhost:8001/auth/login,171,0,0
1777221576759,2,POST /reviews/,400,Bad Request,Review Submission Load Test 3-74,text,false,"Test failed: code expected to equal /

****** received  : [[[400]]]

****** comparison: [[[201]]]

/",188,440,1,2,http://localhost:8004/reviews/,2,0,0
1777221576766,3,GET /restaurants?q=ramen,200,OK,Restaurant Search Load Test 2-75,text,true,,587,137,1,2,http://localhost:8002/restaurants/?q=ramen,3,0,0
1777221576749,172,POST /auth/login,200,OK,Login Load Test 1-75,text,true,,316,251,1,2,http://localhost:8001/auth/login,172,0,1
1777221576792,171,Login for Token,200,OK,Review Submission Load Test 3-75,text,true,,316,251,1,2,http://localhost:8001/auth/login,171,0,0
1777221576963,3,POST /reviews/,400,Bad Request,Review Submission Load Test 3-75,text,false,"Test failed: code expected to equal /

****** received  : [[[400]]]

****** comparison: [[[201]]]

/",188,440,1,3,http://localhost:8004/reviews/,3,0,1
1777221576964,3,GET /restaurants?q=ramen,200,OK,Restaurant Search Load Test 2-76,text,true,,587,137,1,2,http://localhost:8002/restaurants/?q=ramen,3,0,0
1777221576946,174,POST /auth/login,200,OK,Login Load Test 1-76,text,true,,316,251,1,2,http://localhost:8001/auth/login,174,0,1
1777221576988,171,Login for Token,200,OK,Review Submission Load Test 3-76,text,true,,316,251,1,2,http://localhost:8001/auth/login,171,0,0
1777221577160,2,POST /reviews/,400,Bad Request,Review Submission Load Test 3-76,text,false,"Test failed: code expected to equal /

****** received  : [[[400]]]

****** comparison: [[[201]]]

/",188,440,1,2,http://localhost:8004/reviews/,2,0,0
1777221577168,3,GET /restaurants?q=ramen,200,OK,Restaurant Search Load Test 2-77,text,true,,587,137,1,2,http://localhost:8002/restaurants/?q=ramen,3,0,0
1777221577151,172,POST /auth/login,200,OK,Login Load Test 1-77,text,true,,316,251,1,2,http://localhost:8001/auth/login,172,0,1
1777221577193,171,Login for Token,200,OK,Review Submission Load Test 3-77,text,true,,316,251,1,2,http://localhost:8001/auth/login,171,0,0
1777221577364,2,POST /reviews/,400,Bad Request,Review Submission Load Test 3-77,text,false,"Test failed: code expected to equal /

****** received  : [[[400]]]

****** comparison: [[[201]]]

/",188,440,1,3,http://localhost:8004/reviews/,2,0,0
1777221577366,3,GET /restaurants?q=ramen,200,OK,Restaurant Search Load Test 2-78,text,true,,587,137,1,2,http://localhost:8002/restaurants/?q=ramen,3,0,0
1777221577349,171,POST /auth/login,200,OK,Login Load Test 1-78,text,true,,316,251,1,2,http://localhost:8001/auth/login,171,0,1
1777221577391,171,Login for Token,200,OK,Review Submission Load Test 3-78,text,true,,316,251,1,2,http://localhost:8001/auth/login,171,0,1
1777221577562,2,POST /reviews/,400,Bad Request,Review Submission Load Test 3-78,text,false,"Test failed: code expected to equal /

****** received  : [[[400]]]

****** comparison: [[[201]]]

/",188,440,1,2,http://localhost:8004/reviews/,2,0,0
1777221577568,3,GET /restaurants?q=ramen,200,OK,Restaurant Search Load Test 2-79,text,true,,587,137,1,2,http://localhost:8002/restaurants/?q=ramen,3,0,0
1777221577549,172,POST /auth/login,200,OK,Login Load Test 1-79,text,true,,316,251,1,2,http://localhost:8001/auth/login,172,0,0
1777221577592,171,Login for Token,200,OK,Review Submission Load Test 3-79,text,true,,316,251,1,2,http://localhost:8001/auth/login,171,0,0
1777221577763,2,POST /reviews/,400,Bad Request,Review Submission Load Test 3-79,text,false,"Test failed: code expected to equal /

****** received  : [[[400]]]

****** comparison: [[[201]]]

/",188,440,1,3,http://localhost:8004/reviews/,2,0,0
1777221577763,3,GET /restaurants?q=ramen,200,OK,Restaurant Search Load Test 2-80,text,true,,587,137,1,2,http://localhost:8002/restaurants/?q=ramen,3,0,1
1777221577746,172,POST /auth/login,200,OK,Login Load Test 1-80,text,true,,316,251,1,2,http://localhost:8001/auth/login,172,0,1
1777221577792,171,Login for Token,200,OK,Review Submission Load Test 3-80,text,true,,316,251,1,2,http://localhost:8001/auth/login,171,0,0
1777221577963,2,POST /reviews/,400,Bad Request,Review Submission Load Test 3-80,text,false,"Test failed: code expected to equal /

****** received  : [[[400]]]

****** comparison: [[[201]]]

/",188,440,1,3,http://localhost:8004/reviews/,2,0,0
1777221577964,3,GET /restaurants?q=ramen,200,OK,Restaurant Search Load Test 2-81,text,true,,587,137,1,2,http://localhost:8002/restaurants/?q=ramen,3,0,0
1777221577947,173,POST /auth/login,200,OK,Login Load Test 1-81,text,true,,316,251,1,2,http://localhost:8001/auth/login,173,0,0
1777221577992,172,Login for Token,200,OK,Review Submission Load Test 3-81,text,true,,316,251,1,2,http://localhost:8001/auth/login,172,0,0
1777221578164,2,POST /reviews/,400,Bad Request,Review Submission Load Test 3-81,text,false,"Test failed: code expected to equal /

****** received  : [[[400]]]

****** comparison: [[[201]]]

/",188,440,1,2,http://localhost:8004/reviews/,2,0,0
1777221578168,4,GET /restaurants?q=ramen,200,OK,Restaurant Search Load Test 2-82,text,true,,587,137,1,2,http://localhost:8002/restaurants/?q=ramen,4,0,1
1777221578148,171,POST /auth/login,200,OK,Login Load Test 1-82,text,true,,316,251,1,2,http://localhost:8001/auth/login,171,0,1
1777221578192,170,Login for Token,200,OK,Review Submission Load Test 3-82,text,true,,316,251,1,2,http://localhost:8001/auth/login,170,0,0
1777221578362,2,POST /reviews/,400,Bad Request,Review Submission Load Test 3-82,text,false,"Test failed: code expected to equal /

****** received  : [[[400]]]

****** comparison: [[[201]]]

/",188,440,1,2,http://localhost:8004/reviews/,2,0,0
1777221578369,4,GET /restaurants?q=ramen,200,OK,Restaurant Search Load Test 2-83,text,true,,587,137,1,2,http://localhost:8002/restaurants/?q=ramen,4,0,0
1777221578346,172,POST /auth/login,200,OK,Login Load Test 1-83,text,true,,316,251,1,2,http://localhost:8001/auth/login,172,0,1
1777221578392,170,Login for Token,200,OK,Review Submission Load Test 3-83,text,true,,316,251,1,2,http://localhost:8001/auth/login,170,0,0
1777221578562,2,POST /reviews/,400,Bad Request,Review Submission Load Test 3-83,text,false,"Test failed: code expected to equal /

****** received  : [[[400]]]

****** comparison: [[[201]]]

/",188,440,1,2,http://localhost:8004/reviews/,2,0,0
1777221578568,4,GET /restaurants?q=ramen,200,OK,Restaurant Search Load Test 2-84,text,true,,587,137,1,2,http://localhost:8002/restaurants/?q=ramen,4,0,0
1777221578546,171,POST /auth/login,200,OK,Login Load Test 1-84,text,true,,316,251,1,2,http://localhost:8001/auth/login,171,0,0
1777221578588,171,Login for Token,200,OK,Review Submission Load Test 3-84,text,true,,316,251,1,2,http://localhost:8001/auth/login,171,0,0
1777221578759,3,POST /reviews/,400,Bad Request,Review Submission Load Test 3-84,text,false,"Test failed: code expected to equal /

****** received  : [[[400]]]

****** comparison: [[[201]]]

/",188,440,1,2,http://localhost:8004/reviews/,3,0,1
1777221578764,4,GET /restaurants?q=ramen,200,OK,Restaurant Search Load Test 2-85,text,true,,587,137,1,2,http://localhost:8002/restaurants/?q=ramen,4,0,1
1777221578747,170,POST /auth/login,200,OK,Login Load Test 1-85,text,true,,316,251,1,2,http://localhost:8001/auth/login,170,0,0
1777221578792,170,Login for Token,200,OK,Review Submission Load Test 3-85,text,true,,316,251,1,2,http://localhost:8001/auth/login,170,0,1
1777221578963,2,POST /reviews/,400,Bad Request,Review Submission Load Test 3-85,text,false,"Test failed: code expected to equal /

****** received  : [[[400]]]

****** comparison: [[[201]]]

/",188,440,1,3,http://localhost:8004/reviews/,1,0,0
1777221578963,3,GET /restaurants?q=ramen,200,OK,Restaurant Search Load Test 2-86,text,true,,587,137,1,2,http://localhost:8002/restaurants/?q=ramen,3,0,1
1777221578949,174,POST /auth/login,200,OK,Login Load Test 1-86,text,true,,316,251,1,2,http://localhost:8001/auth/login,174,0,1
1777221578988,174,Login for Token,200,OK,Review Submission Load Test 3-86,text,true,,316,251,1,2,http://localhost:8001/auth/login,174,0,1
1777221579162,2,POST /reviews/,400,Bad Request,Review Submission Load Test 3-86,text,false,"Test failed: code expected to equal /

****** received  : [[[400]]]

****** comparison: [[[201]]]

/",188,440,1,3,http://localhost:8004/reviews/,2,0,0
1777221579163,3,GET /restaurants?q=ramen,200,OK,Restaurant Search Load Test 2-87,text,true,,587,137,1,2,http://localhost:8002/restaurants/?q=ramen,3,0,0
1777221579147,171,POST /auth/login,200,OK,Login Load Test 1-87,text,true,,316,251,1,2,http://localhost:8001/auth/login,171,0,0
1777221579188,171,Login for Token,200,OK,Review Submission Load Test 3-87,text,true,,316,251,1,2,http://localhost:8001/auth/login,171,0,0
1777221579359,2,POST /reviews/,400,Bad Request,Review Submission Load Test 3-87,text,false,"Test failed: code expected to equal /

****** received  : [[[400]]]

****** comparison: [[[201]]]

/",188,440,1,2,http://localhost:8004/reviews/,2,0,0
1777221579363,3,GET /restaurants?q=ramen,200,OK,Restaurant Search Load Test 2-88,text,true,,587,137,1,2,http://localhost:8002/restaurants/?q=ramen,3,0,0
1777221579346,171,POST /auth/login,200,OK,Login Load Test 1-88,text,true,,316,251,1,2,http://localhost:8001/auth/login,171,0,1
1777221579392,170,Login for Token,200,OK,Review Submission Load Test 3-88,text,true,,316,251,1,2,http://localhost:8001/auth/login,170,0,0
1777221579562,3,POST /reviews/,400,Bad Request,Review Submission Load Test 3-88,text,false,"Test failed: code expected to equal /

****** received  : [[[400]]]

****** comparison: [[[201]]]

/",188,440,1,3,http://localhost:8004/reviews/,3,0,1
1777221579563,4,GET /restaurants?q=ramen,200,OK,Restaurant Search Load Test 2-89,text,true,,587,137,1,2,http://localhost:8002/restaurants/?q=ramen,4,0,0
1777221579545,172,POST /auth/login,200,OK,Login Load Test 1-89,text,true,,316,251,1,2,http://localhost:8001/auth/login,172,0,1
1777221579591,170,Login for Token,200,OK,Review Submission Load Test 3-89,text,true,,316,251,1,2,http://localhost:8001/auth/login,170,0,0
1777221579762,1,POST /reviews/,400,Bad Request,Review Submission Load Test 3-89,text,false,"Test failed: code expected to equal /

****** received  : [[[400]]]

****** comparison: [[[201]]]

/",188,440,1,2,http://localhost:8004/reviews/,1,0,0
1777221579764,3,GET /restaurants?q=ramen,200,OK,Restaurant Search Load Test 2-90,text,true,,587,137,1,2,http://localhost:8002/restaurants/?q=ramen,3,0,0
1777221579750,172,POST /auth/login,200,OK,Login Load Test 1-90,text,true,,316,251,1,2,http://localhost:8001/auth/login,172,0,1
1777221579790,171,Login for Token,200,OK,Review Submission Load Test 3-90,text,true,,316,251,1,2,http://localhost:8001/auth/login,171,0,0
1777221579961,2,POST /reviews/,400,Bad Request,Review Submission Load Test 3-90,text,false,"Test failed: code expected to equal /

****** received  : [[[400]]]

****** comparison: [[[201]]]

/",188,440,1,2,http://localhost:8004/reviews/,2,0,0
1777221579966,4,GET /restaurants?q=ramen,200,OK,Restaurant Search Load Test 2-91,text,true,,587,137,1,2,http://localhost:8002/restaurants/?q=ramen,4,0,0
1777221579949,184,POST /auth/login,200,OK,Login Load Test 1-91,text,true,,316,251,1,2,http://localhost:8001/auth/login,184,0,1
1777221580165,2,GET /restaurants?q=ramen,200,OK,Restaurant Search Load Test 2-92,text,true,,587,137,1,3,http://localhost:8002/restaurants/?q=ramen,2,0,0
1777221579992,189,Login for Token,200,OK,Review Submission Load Test 3-91,text,true,,316,251,1,2,http://localhost:8001/auth/login,189,0,0
1777221580182,3,POST /reviews/,400,Bad Request,Review Submission Load Test 3-91,text,false,"Test failed: code expected to equal /

****** received  : [[[400]]]

****** comparison: [[[201]]]

/",188,440,1,2,http://localhost:8004/reviews/,3,0,0
1777221580142,182,POST /auth/login,200,OK,Login Load Test 1-92,text,true,,316,251,1,2,http://localhost:8001/auth/login,181,0,0
1777221580363,2,GET /restaurants?q=ramen,200,OK,Restaurant Search Load Test 2-93,text,true,,587,137,1,3,http://localhost:8002/restaurants/?q=ramen,2,0,1
1777221580193,175,Login for Token,200,OK,Review Submission Load Test 3-92,text,true,,316,251,1,2,http://localhost:8001/auth/login,175,0,0
1777221580368,2,POST /reviews/,400,Bad Request,Review Submission Load Test 3-92,text,false,"Test failed: code expected to equal /

****** received  : [[[400]]]

****** comparison: [[[201]]]

/",188,440,1,2,http://localhost:8004/reviews/,2,0,1
1777221580347,179,POST /auth/login,200,OK,Login Load Test 1-93,text,true,,316,251,1,2,http://localhost:8001/auth/login,179,0,0
1777221580388,178,Login for Token,200,OK,Review Submission Load Test 3-93,text,true,,316,251,1,2,http://localhost:8001/auth/login,177,0,1
1777221580566,1,POST /reviews/,400,Bad Request,Review Submission Load Test 3-93,text,false,"Test failed: code expected to equal /

****** received  : [[[400]]]

****** comparison: [[[201]]]

/",188,440,1,3,http://localhost:8004/reviews/,1,0,0
1777221580567,2,GET /restaurants?q=ramen,200,OK,Restaurant Search Load Test 2-94,text,true,,587,137,1,2,http://localhost:8002/restaurants/?q=ramen,2,0,1
1777221580548,174,POST /auth/login,200,OK,Login Load Test 1-94,text,true,,316,251,1,2,http://localhost:8001/auth/login,174,0,1
1777221580592,172,Login for Token,200,OK,Review Submission Load Test 3-94,text,true,,316,251,1,3,http://localhost:8001/auth/login,172,0,0
1777221580764,2,POST /reviews/,400,Bad Request,Review Submission Load Test 3-94,text,false,"Test failed: code expected to equal /

****** received  : [[[400]]]

****** comparison: [[[201]]]

/",188,440,1,3,http://localhost:8004/reviews/,2,0,0
1777221580763,4,GET /restaurants?q=ramen,200,OK,Restaurant Search Load Test 2-95,text,true,,587,137,1,2,http://localhost:8002/restaurants/?q=ramen,4,0,1
1777221580747,173,POST /auth/login,200,OK,Login Load Test 1-95,text,true,,316,251,1,2,http://localhost:8001/auth/login,173,0,1
1777221580788,172,Login for Token,200,OK,Review Submission Load Test 3-95,text,true,,316,251,1,2,http://localhost:8001/auth/login,172,0,0
1777221580960,2,POST /reviews/,400,Bad Request,Review Submission Load Test 3-95,text,false,"Test failed: code expected to equal /

****** received  : [[[400]]]

****** comparison: [[[201]]]

/",188,440,1,2,http://localhost:8004/reviews/,2,0,0
1777221580964,4,GET /restaurants?q=ramen,200,OK,Restaurant Search Load Test 2-96,text,true,,587,137,1,2,http://localhost:8002/restaurants/?q=ramen,4,0,1
1777221580946,175,POST /auth/login,200,OK,Login Load Test 1-96,text,true,,316,251,1,2,http://localhost:8001/auth/login,175,0,1
1777221580990,174,Login for Token,200,OK,Review Submission Load Test 3-96,text,true,,316,251,1,2,http://localhost:8001/auth/login,174,0,1
1777221581164,2,POST /reviews/,400,Bad Request,Review Submission Load Test 3-96,text,false,"Test failed: code expected to equal /

****** received  : [[[400]]]

****** comparison: [[[201]]]

/",188,440,1,2,http://localhost:8004/reviews/,2,0,1
1777221581167,3,GET /restaurants?q=ramen,200,OK,Restaurant Search Load Test 2-97,text,true,,587,137,1,2,http://localhost:8002/restaurants/?q=ramen,3,0,0
1777221581144,172,POST /auth/login,200,OK,Login Load Test 1-97,text,true,,316,251,1,2,http://localhost:8001/auth/login,172,0,1
1777221581191,171,Login for Token,200,OK,Review Submission Load Test 3-97,text,true,,316,251,1,2,http://localhost:8001/auth/login,171,0,1
1777221581362,2,POST /reviews/,400,Bad Request,Review Submission Load Test 3-97,text,false,"Test failed: code expected to equal /

****** received  : [[[400]]]

****** comparison: [[[201]]]

/",188,440,1,2,http://localhost:8004/reviews/,2,0,0
1777221581368,3,GET /restaurants?q=ramen,200,OK,Restaurant Search Load Test 2-98,text,true,,587,137,1,2,http://localhost:8002/restaurants/?q=ramen,3,0,0
1777221581348,171,POST /auth/login,200,OK,Login Load Test 1-98,text,true,,316,251,1,2,http://localhost:8001/auth/login,171,0,0
1777221581390,171,Login for Token,200,OK,Review Submission Load Test 3-98,text,true,,316,251,1,2,http://localhost:8001/auth/login,171,0,1
1777221581561,2,POST /reviews/,400,Bad Request,Review Submission Load Test 3-98,text,false,"Test failed: code expected to equal /

****** received  : [[[400]]]

****** comparison: [[[201]]]

/",188,440,1,3,http://localhost:8004/reviews/,2,0,0
1777221581563,3,GET /restaurants?q=ramen,200,OK,Restaurant Search Load Test 2-99,text,true,,587,137,1,2,http://localhost:8002/restaurants/?q=ramen,3,0,0
1777221581548,171,POST /auth/login,200,OK,Login Load Test 1-99,text,true,,316,251,1,2,http://localhost:8001/auth/login,171,0,0
1777221581588,172,Login for Token,200,OK,Review Submission Load Test 3-99,text,true,,316,251,1,2,http://localhost:8001/auth/login,172,0,0
1777221581760,2,POST /reviews/,400,Bad Request,Review Submission Load Test 3-99,text,false,"Test failed: code expected to equal /

****** received  : [[[400]]]

****** comparison: [[[201]]]

/",188,440,1,2,http://localhost:8004/reviews/,2,0,1
1777221581767,3,GET /restaurants?q=ramen,200,OK,Restaurant Search Load Test 2-100,text,true,,587,137,1,2,http://localhost:8002/restaurants/?q=ramen,3,0,0
1777221581745,172,POST /auth/login,200,OK,Login Load Test 1-100,text,true,,316,251,1,2,http://localhost:8001/auth/login,172,0,0
1777221581788,171,Login for Token,200,OK,Review Submission Load Test 3-100,text,true,,316,251,1,2,http://localhost:8001/auth/login,171,0,0
1777221581959,2,POST /reviews/,400,Bad Request,Review Submission Load Test 3-100,text,false,"Test failed: code expected to equal /

****** received  : [[[400]]]

****** comparison: [[[201]]]

/",188,440,1,2,http://localhost:8004/reviews/,2,0,0
1777221581968,4,GET /restaurants?q=ramen,200,OK,Restaurant Search Load Test 2-101,text,true,,587,137,1,2,http://localhost:8002/restaurants/?q=ramen,4,0,0
1777221581940,174,POST /auth/login,200,OK,Login Load Test 1-101,text,true,,316,251,1,2,http://localhost:8001/auth/login,174,0,0
1777221581988,173,Login for Token,200,OK,Review Submission Load Test 3-101,text,true,,316,251,1,2,http://localhost:8001/auth/login,173,0,0
1777221582160,1,POST /reviews/,400,Bad Request,Review Submission Load Test 3-101,text,false,"Test failed: code expected to equal /

****** received  : [[[400]]]

****** comparison: [[[201]]]

/",188,440,1,2,http://localhost:8004/reviews/,1,0,0
1777221582165,3,GET /restaurants?q=ramen,200,OK,Restaurant Search Load Test 2-102,text,true,,587,137,1,2,http://localhost:8002/restaurants/?q=ramen,3,0,0
1777221582146,171,POST /auth/login,200,OK,Login Load Test 1-102,text,true,,316,251,1,2,http://localhost:8001/auth/login,171,0,0
1777221582188,170,Login for Token,200,OK,Review Submission Load Test 3-102,text,true,,316,251,1,2,http://localhost:8001/auth/login,170,0,0
1777221582358,2,POST /reviews/,400,Bad Request,Review Submission Load Test 3-102,text,false,"Test failed: code expected to equal /

****** received  : [[[400]]]

****** comparison: [[[201]]]

/",188,440,1,2,http://localhost:8004/reviews/,2,0,0
1777221582366,4,GET /restaurants?q=ramen,200,OK,Restaurant Search Load Test 2-103,text,true,,587,137,1,2,http://localhost:8002/restaurants/?q=ramen,4,0,0
1777221582343,170,POST /auth/login,200,OK,Login Load Test 1-103,text,true,,316,251,1,2,http://localhost:8001/auth/login,170,0,0
1777221582387,169,Login for Token,200,OK,Review Submission Load Test 3-103,text,true,,316,251,1,2,http://localhost:8001/auth/login,169,0,0
1777221582557,2,POST /reviews/,400,Bad Request,Review Submission Load Test 3-103,text,false,"Test failed: code expected to equal /

****** received  : [[[400]]]

****** comparison: [[[201]]]

/",188,440,1,2,http://localhost:8004/reviews/,2,0,0
1777221582563,4,GET /restaurants?q=ramen,200,OK,Restaurant Search Load Test 2-104,text,true,,587,137,1,2,http://localhost:8002/restaurants/?q=ramen,4,0,0
1777221582545,171,POST /auth/login,200,OK,Login Load Test 1-104,text,true,,316,251,1,2,http://localhost:8001/auth/login,171,0,0
1777221582589,171,Login for Token,200,OK,Review Submission Load Test 3-104,text,true,,316,251,1,2,http://localhost:8001/auth/login,171,0,0
1777221582760,2,POST /reviews/,400,Bad Request,Review Submission Load Test 3-104,text,false,"Test failed: code expected to equal /

****** received  : [[[400]]]

****** comparison: [[[201]]]

/",188,440,1,2,http://localhost:8004/reviews/,2,0,0
1777221582763,3,GET /restaurants?q=ramen,200,OK,Restaurant Search Load Test 2-105,text,true,,587,137,1,2,http://localhost:8002/restaurants/?q=ramen,3,0,0
1777221582739,171,POST /auth/login,200,OK,Login Load Test 1-105,text,true,,316,251,1,2,http://localhost:8001/auth/login,171,0,0
1777221582791,171,Login for Token,200,OK,Review Submission Load Test 3-105,text,true,,316,251,1,2,http://localhost:8001/auth/login,171,0,0
1777221582962,2,POST /reviews/,400,Bad Request,Review Submission Load Test 3-105,text,false,"Test failed: code expected to equal /

****** received  : [[[400]]]

****** comparison: [[[201]]]

/",188,440,1,3,http://localhost:8004/reviews/,2,0,0
1777221582963,4,GET /restaurants?q=ramen,200,OK,Restaurant Search Load Test 2-106,text,true,,587,137,1,2,http://localhost:8002/restaurants/?q=ramen,4,0,0
1777221582945,173,POST /auth/login,200,OK,Login Load Test 1-106,text,true,,316,251,1,2,http://localhost:8001/auth/login,173,0,0
1777221582991,172,Login for Token,200,OK,Review Submission Load Test 3-106,text,true,,316,251,1,2,http://localhost:8001/auth/login,172,0,0
1777221583163,2,POST /reviews/,400,Bad Request,Review Submission Load Test 3-106,text,false,"Test failed: code expected to equal /

****** received  : [[[400]]]

****** comparison: [[[201]]]

/",188,440,1,3,http://localhost:8004/reviews/,2,0,1
1777221583164,3,GET /restaurants?q=ramen,200,OK,Restaurant Search Load Test 2-107,text,true,,587,137,1,2,http://localhost:8002/restaurants/?q=ramen,3,0,0
1777221583144,171,POST /auth/login,200,OK,Login Load Test 1-107,text,true,,316,251,1,2,http://localhost:8001/auth/login,171,0,0
1777221583187,170,Login for Token,200,OK,Review Submission Load Test 3-107,text,true,,316,251,1,2,http://localhost:8001/auth/login,170,0,0
1777221583357,2,POST /reviews/,400,Bad Request,Review Submission Load Test 3-107,text,false,"Test failed: code expected to equal /

****** received  : [[[400]]]

****** comparison: [[[201]]]

/",188,440,1,2,http://localhost:8004/reviews/,2,0,1
1777221583365,3,GET /restaurants?q=ramen,200,OK,Restaurant Search Load Test 2-108,text,true,,587,137,1,2,http://localhost:8002/restaurants/?q=ramen,3,0,0
1777221583346,171,POST /auth/login,200,OK,Login Load Test 1-108,text,true,,316,251,1,2,http://localhost:8001/auth/login,171,0,0
1777221583390,174,Login for Token,200,OK,Review Submission Load Test 3-108,text,true,,316,251,1,2,http://localhost:8001/auth/login,174,0,1
1777221583564,3,POST /reviews/,400,Bad Request,Review Submission Load Test 3-108,text,false,"Test failed: code expected to equal /

****** received  : [[[400]]]

****** comparison: [[[201]]]

/",188,440,1,2,http://localhost:8004/reviews/,3,0,1
1777221583567,3,GET /restaurants?q=ramen,200,OK,Restaurant Search Load Test 2-109,text,true,,587,137,1,2,http://localhost:8002/restaurants/?q=ramen,3,0,0
1777221583543,181,POST /auth/login,200,OK,Login Load Test 1-109,text,true,,316,251,1,2,http://localhost:8001/auth/login,181,0,0
1777221583764,2,GET /restaurants?q=ramen,200,OK,Restaurant Search Load Test 2-110,text,true,,587,137,1,3,http://localhost:8002/restaurants/?q=ramen,2,0,0
1777221583587,188,Login for Token,200,OK,Review Submission Load Test 3-109,text,true,,316,251,1,2,http://localhost:8001/auth/login,188,0,0
1777221583776,2,POST /reviews/,400,Bad Request,Review Submission Load Test 3-109,text,false,"Test failed: code expected to equal /

****** received  : [[[400]]]

****** comparison: [[[201]]]

/",188,440,1,2,http://localhost:8004/reviews/,2,0,0
1777221583743,178,POST /auth/login,200,OK,Login Load Test 1-110,text,true,,316,251,1,2,http://localhost:8001/auth/login,178,0,0
1777221583791,175,Login for Token,200,OK,Review Submission Load Test 3-110,text,true,,316,251,1,2,http://localhost:8001/auth/login,175,0,0
1777221583967,1,POST /reviews/,400,Bad Request,Review Submission Load Test 3-110,text,false,"Test failed: code expected to equal /

****** received  : [[[400]]]

****** comparison: [[[201]]]

/",188,440,1,3,http://localhost:8004/reviews/,1,0,0
1777221583967,1,GET /restaurants?q=ramen,200,OK,Restaurant Search Load Test 2-111,text,true,,587,137,1,2,http://localhost:8002/restaurants/?q=ramen,1,0,0
1777221583938,175,POST /auth/login,200,OK,Login Load Test 1-111,text,true,,316,251,1,2,http://localhost:8001/auth/login,175,0,1
1777221583991,172,Login for Token,200,OK,Review Submission Load Test 3-111,text,true,,316,251,1,2,http://localhost:8001/auth/login,172,0,0
1777221584164,2,POST /reviews/,400,Bad Request,Review Submission Load Test 3-111,text,false,"Test failed: code expected to equal /

****** received  : [[[400]]]

****** comparison: [[[201]]]

/",188,440,1,2,http://localhost:8004/reviews/,2,0,0
1777221584167,3,GET /restaurants?q=ramen,200,OK,Restaurant Search Load Test 2-112,text,true,,587,137,1,2,http://localhost:8002/restaurants/?q=ramen,3,0,0
1777221584143,171,POST /auth/login,200,OK,Login Load Test 1-112,text,true,,316,251,1,2,http://localhost:8001/auth/login,171,0,0
1777221584187,171,Login for Token,200,OK,Review Submission Load Test 3-112,text,true,,316,251,1,2,http://localhost:8001/auth/login,171,0,0
1777221584358,2,POST /reviews/,400,Bad Request,Review Submission Load Test 3-112,text,false,"Test failed: code expected to equal /

****** received  : [[[400]]]

****** comparison: [[[201]]]

/",188,440,1,2,http://localhost:8004/reviews/,2,0,0
1777221584364,3,GET /restaurants?q=ramen,200,OK,Restaurant Search Load Test 2-113,text,true,,587,137,1,2,http://localhost:8002/restaurants/?q=ramen,3,0,0
1777221584344,171,POST /auth/login,200,OK,Login Load Test 1-113,text,true,,316,251,1,2,http://localhost:8001/auth/login,171,0,0
1777221584387,170,Login for Token,200,OK,Review Submission Load Test 3-113,text,true,,316,251,1,2,http://localhost:8001/auth/login,170,0,0
1777221584557,2,POST /reviews/,400,Bad Request,Review Submission Load Test 3-113,text,false,"Test failed: code expected to equal /

****** received  : [[[400]]]

****** comparison: [[[201]]]

/",188,440,1,2,http://localhost:8004/reviews/,2,0,0
1777221584567,4,GET /restaurants?q=ramen,200,OK,Restaurant Search Load Test 2-114,text,true,,587,137,1,2,http://localhost:8002/restaurants/?q=ramen,4,0,0
1777221584542,171,POST /auth/login,200,OK,Login Load Test 1-114,text,true,,316,251,1,2,http://localhost:8001/auth/login,171,0,1
1777221584590,171,Login for Token,200,OK,Review Submission Load Test 3-114,text,true,,316,251,1,2,http://localhost:8001/auth/login,171,0,1
1777221584761,2,POST /reviews/,400,Bad Request,Review Submission Load Test 3-114,text,false,"Test failed: code expected to equal /

****** received  : [[[400]]]

****** comparison: [[[201]]]

/",188,440,1,2,http://localhost:8004/reviews/,2,0,0
1777221584767,3,GET /restaurants?q=ramen,200,OK,Restaurant Search Load Test 2-115,text,true,,587,137,1,2,http://localhost:8002/restaurants/?q=ramen,3,0,0
1777221584739,172,POST /auth/login,200,OK,Login Load Test 1-115,text,true,,316,251,1,2,http://localhost:8001/auth/login,172,0,0
1777221584787,171,Login for Token,200,OK,Review Submission Load Test 3-115,text,true,,316,251,1,2,http://localhost:8001/auth/login,171,0,0
1777221584958,2,POST /reviews/,400,Bad Request,Review Submission Load Test 3-115,text,false,"Test failed: code expected to equal /

****** received  : [[[400]]]

****** comparison: [[[201]]]

/",188,440,1,2,http://localhost:8004/reviews/,2,0,0
1777221584965,4,GET /restaurants?q=ramen,200,OK,Restaurant Search Load Test 2-116,text,true,,587,137,1,2,http://localhost:8002/restaurants/?q=ramen,4,0,0
1777221584941,174,POST /auth/login,200,OK,Login Load Test 1-116,text,true,,316,251,1,2,http://localhost:8001/auth/login,174,0,1
1777221584992,175,Login for Token,200,OK,Review Submission Load Test 3-116,text,true,,316,251,1,3,http://localhost:8001/auth/login,175,0,1
1777221585167,2,POST /reviews/,400,Bad Request,Review Submission Load Test 3-116,text,false,"Test failed: code expected to equal /

****** received  : [[[400]]]

****** comparison: [[[201]]]

/",188,440,1,3,http://localhost:8004/reviews/,2,0,0
1777221585166,4,GET /restaurants?q=ramen,200,OK,Restaurant Search Load Test 2-117,text,true,,587,137,1,2,http://localhost:8002/restaurants/?q=ramen,4,0,1
1777221585142,171,POST /auth/login,200,OK,Login Load Test 1-117,text,true,,316,251,1,2,http://localhost:8001/auth/login,171,0,0
1777221585187,170,Login for Token,200,OK,Review Submission Load Test 3-117,text,true,,316,251,1,2,http://localhost:8001/auth/login,170,0,0
1777221585358,2,POST /reviews/,400,Bad Request,Review Submission Load Test 3-117,text,false,"Test failed: code expected to equal /

****** received  : [[[400]]]

****** comparison: [[[201]]]

/",188,440,1,2,http://localhost:8004/reviews/,2,0,0
1777221585363,3,GET /restaurants?q=ramen,200,OK,Restaurant Search Load Test 2-118,text,true,,587,137,1,2,http://localhost:8002/restaurants/?q=ramen,3,0,0
1777221585343,173,POST /auth/login,200,OK,Login Load Test 1-118,text,true,,316,251,1,2,http://localhost:8001/auth/login,173,0,0
1777221585386,173,Login for Token,200,OK,Review Submission Load Test 3-118,text,true,,316,251,1,2,http://localhost:8001/auth/login,173,0,1
1777221585559,2,POST /reviews/,400,Bad Request,Review Submission Load Test 3-118,text,false,"Test failed: code expected to equal /

****** received  : [[[400]]]

****** comparison: [[[201]]]

/",188,440,1,2,http://localhost:8004/reviews/,2,0,0
1777221585565,4,GET /restaurants?q=ramen,200,OK,Restaurant Search Load Test 2-119,text,true,,587,137,1,2,http://localhost:8002/restaurants/?q=ramen,4,0,0
1777221585537,174,POST /auth/login,200,OK,Login Load Test 1-119,text,true,,316,251,1,2,http://localhost:8001/auth/login,174,0,1
1777221585589,173,Login for Token,200,OK,Review Submission Load Test 3-119,text,true,,316,251,1,2,http://localhost:8001/auth/login,173,0,0
1777221585762,2,POST /reviews/,400,Bad Request,Review Submission Load Test 3-119,text,false,"Test failed: code expected to equal /

****** received  : [[[400]]]

****** comparison: [[[201]]]

/",188,440,1,3,http://localhost:8004/reviews/,2,0,0
1777221585763,2,GET /restaurants?q=ramen,200,OK,Restaurant Search Load Test 2-120,text,true,,587,137,1,2,http://localhost:8002/restaurants/?q=ramen,2,0,0
1777221585740,174,POST /auth/login,200,OK,Login Load Test 1-120,text,true,,316,251,1,2,http://localhost:8001/auth/login,174,0,1
1777221585787,173,Login for Token,200,OK,Review Submission Load Test 3-120,text,true,,316,251,1,2,http://localhost:8001/auth/login,173,0,0
1777221585960,2,POST /reviews/,400,Bad Request,Review Submission Load Test 3-120,text,false,"Test failed: code expected to equal /

****** received  : [[[400]]]

****** comparison: [[[201]]]

/",188,440,1,2,http://localhost:8004/reviews/,2,0,0
1777221585962,3,GET /restaurants?q=ramen,200,OK,Restaurant Search Load Test 2-121,text,true,,587,137,1,2,http://localhost:8002/restaurants/?q=ramen,3,0,1
1777221585945,173,POST /auth/login,200,OK,Login Load Test 1-121,text,true,,316,251,1,2,http://localhost:8001/auth/login,173,0,0
1777221585987,173,Login for Token,200,OK,Review Submission Load Test 3-121,text,true,,316,251,1,2,http://localhost:8001/auth/login,173,0,1
1777221586161,2,POST /reviews/,400,Bad Request,Review Submission Load Test 3-121,text,false,"Test failed: code expected to equal /

****** received  : [[[400]]]

****** comparison: [[[201]]]

/",188,440,1,3,http://localhost:8004/reviews/,2,0,0
1777221586163,2,GET /restaurants?q=ramen,200,OK,Restaurant Search Load Test 2-122,text,true,,587,137,1,2,http://localhost:8002/restaurants/?q=ramen,2,0,0
1777221586140,172,POST /auth/login,200,OK,Login Load Test 1-122,text,true,,316,251,1,2,http://localhost:8001/auth/login,172,0,0
1777221586188,171,Login for Token,200,OK,Review Submission Load Test 3-122,text,true,,316,251,1,2,http://localhost:8001/auth/login,171,0,0
1777221586359,2,POST /reviews/,400,Bad Request,Review Submission Load Test 3-122,text,false,"Test failed: code expected to equal /

****** received  : [[[400]]]

****** comparison: [[[201]]]

/",188,440,1,2,http://localhost:8004/reviews/,2,0,0
1777221586362,3,GET /restaurants?q=ramen,200,OK,Restaurant Search Load Test 2-123,text,true,,587,137,1,2,http://localhost:8002/restaurants/?q=ramen,3,0,0
1777221586339,171,POST /auth/login,200,OK,Login Load Test 1-123,text,true,,316,251,1,2,http://localhost:8001/auth/login,171,0,0
1777221586389,171,Login for Token,200,OK,Review Submission Load Test 3-123,text,true,,316,251,1,2,http://localhost:8001/auth/login,171,0,0
1777221586560,3,POST /reviews/,400,Bad Request,Review Submission Load Test 3-123,text,false,"Test failed: code expected to equal /

****** received  : [[[400]]]

****** comparison: [[[201]]]

/",188,440,1,2,http://localhost:8004/reviews/,3,0,1
1777221586566,4,GET /restaurants?q=ramen,200,OK,Restaurant Search Load Test 2-124,text,true,,587,137,1,2,http://localhost:8002/restaurants/?q=ramen,4,0,1
1777221586540,172,POST /auth/login,200,OK,Login Load Test 1-124,text,true,,316,251,1,2,http://localhost:8001/auth/login,172,0,1
1777221586586,171,Login for Token,200,OK,Review Submission Load Test 3-124,text,true,,316,251,1,2,http://localhost:8001/auth/login,171,0,0
1777221586757,1,POST /reviews/,400,Bad Request,Review Submission Load Test 3-124,text,false,"Test failed: code expected to equal /

****** received  : [[[400]]]

****** comparison: [[[201]]]

/",188,440,1,2,http://localhost:8004/reviews/,1,0,0
1777221586767,4,GET /restaurants?q=ramen,200,OK,Restaurant Search Load Test 2-125,text,true,,587,137,1,2,http://localhost:8002/restaurants/?q=ramen,4,0,0
1777221586744,171,POST /auth/login,200,OK,Login Load Test 1-125,text,true,,316,251,1,2,http://localhost:8001/auth/login,171,0,1
1777221586787,171,Login for Token,200,OK,Review Submission Load Test 3-125,text,true,,316,251,1,2,http://localhost:8001/auth/login,171,0,0
1777221586958,2,POST /reviews/,400,Bad Request,Review Submission Load Test 3-125,text,false,"Test failed: code expected to equal /

****** received  : [[[400]]]

****** comparison: [[[201]]]

/",188,440,1,2,http://localhost:8004/reviews/,2,0,0
1777221586967,3,GET /restaurants?q=ramen,200,OK,Restaurant Search Load Test 2-126,text,true,,587,137,1,2,http://localhost:8002/restaurants/?q=ramen,3,0,0
1777221586941,173,POST /auth/login,200,OK,Login Load Test 1-126,text,true,,316,251,1,2,http://localhost:8001/auth/login,173,0,0
1777221586990,173,Login for Token,200,OK,Review Submission Load Test 3-126,text,true,,316,251,1,2,http://localhost:8001/auth/login,173,0,0
1777221587165,2,POST /reviews/,400,Bad Request,Review Submission Load Test 3-126,text,false,"Test failed: code expected to equal /

****** received  : [[[400]]]

****** comparison: [[[201]]]

/",188,440,1,3,http://localhost:8004/reviews/,2,0,0
1777221587165,4,GET /restaurants?q=ramen,200,OK,Restaurant Search Load Test 2-127,text,true,,587,137,1,2,http://localhost:8002/restaurants/?q=ramen,4,0,1
1777221587141,171,POST /auth/login,200,OK,Login Load Test 1-127,text,true,,316,251,1,2,http://localhost:8001/auth/login,171,0,0
1777221587193,170,Login for Token,200,OK,Review Submission Load Test 3-127,text,true,,316,251,1,2,http://localhost:8001/auth/login,170,0,0
1777221587363,3,POST /reviews/,400,Bad Request,Review Submission Load Test 3-127,text,false,"Test failed: code expected to equal /

****** received  : [[[400]]]

****** comparison: [[[201]]]

/",188,440,1,3,http://localhost:8004/reviews/,3,0,1
1777221587364,3,GET /restaurants?q=ramen,200,OK,Restaurant Search Load Test 2-128,text,true,,587,137,1,2,http://localhost:8002/restaurants/?q=ramen,3,0,0
1777221587344,171,POST /auth/login,200,OK,Login Load Test 1-128,text,true,,316,251,1,2,http://localhost:8001/auth/login,171,0,1
1777221587388,171,Login for Token,200,OK,Review Submission Load Test 3-128,text,true,,316,251,1,2,http://localhost:8001/auth/login,171,0,0
1777221587559,3,POST /reviews/,400,Bad Request,Review Submission Load Test 3-128,text,false,"Test failed: code expected to equal /

****** received  : [[[400]]]

****** comparison: [[[201]]]

/",188,440,1,2,http://localhost:8004/reviews/,3,0,0
1777221587564,4,GET /restaurants?q=ramen,200,OK,Restaurant Search Load Test 2-129,text,true,,587,137,1,2,http://localhost:8002/restaurants/?q=ramen,4,0,1
1777221587541,173,POST /auth/login,200,OK,Login Load Test 1-129,text,true,,316,251,1,2,http://localhost:8001/auth/login,173,0,1
1777221587588,171,Login for Token,200,OK,Review Submission Load Test 3-129,text,true,,316,251,1,2,http://localhost:8001/auth/login,171,0,0
1777221587759,3,POST /reviews/,400,Bad Request,Review Submission Load Test 3-129,text,false,"Test failed: code expected to equal /

****** received  : [[[400]]]

****** comparison: [[[201]]]

/",188,440,1,2,http://localhost:8004/reviews/,3,0,1
1777221587764,3,GET /restaurants?q=ramen,200,OK,Restaurant Search Load Test 2-130,text,true,,587,137,1,2,http://localhost:8002/restaurants/?q=ramen,3,0,0
1777221587740,172,POST /auth/login,200,OK,Login Load Test 1-130,text,true,,316,251,1,2,http://localhost:8001/auth/login,172,0,1
1777221587790,171,Login for Token,200,OK,Review Submission Load Test 3-130,text,true,,316,251,1,2,http://localhost:8001/auth/login,171,0,0
1777221587961,2,POST /reviews/,400,Bad Request,Review Submission Load Test 3-130,text,false,"Test failed: code expected to equal /

****** received  : [[[400]]]

****** comparison: [[[201]]]

/",188,440,1,2,http://localhost:8004/reviews/,2,0,1
1777221587967,3,GET /restaurants?q=ramen,200,OK,Restaurant Search Load Test 2-131,text,true,,587,137,1,2,http://localhost:8002/restaurants/?q=ramen,3,0,0
1777221587942,173,POST /auth/login,200,OK,Login Load Test 1-131,text,true,,316,251,1,2,http://localhost:8001/auth/login,173,0,1
1777221587992,173,Login for Token,200,OK,Review Submission Load Test 3-131,text,true,,316,251,1,2,http://localhost:8001/auth/login,173,0,0
1777221588165,2,POST /reviews/,400,Bad Request,Review Submission Load Test 3-131,text,false,"Test failed: code expected to equal /

****** received  : [[[400]]]

****** comparison: [[[201]]]

/",188,440,1,2,http://localhost:8004/reviews/,2,0,0
1777221588168,3,GET /restaurants?q=ramen,200,OK,Restaurant Search Load Test 2-132,text,true,,587,137,1,2,http://localhost:8002/restaurants/?q=ramen,3,0,0
1777221588144,170,POST /auth/login,200,OK,Login Load Test 1-132,text,true,,316,251,1,2,http://localhost:8001/auth/login,170,0,0
1777221588191,170,Login for Token,200,OK,Review Submission Load Test 3-132,text,true,,316,251,1,2,http://localhost:8001/auth/login,170,0,1
1777221588362,2,POST /reviews/,400,Bad Request,Review Submission Load Test 3-132,text,false,"Test failed: code expected to equal /

****** received  : [[[400]]]

****** comparison: [[[201]]]

/",188,440,1,2,http://localhost:8004/reviews/,2,0,0
1777221588366,4,GET /restaurants?q=ramen,200,OK,Restaurant Search Load Test 2-133,text,true,,587,137,1,2,http://localhost:8002/restaurants/?q=ramen,4,0,0
1777221588343,171,POST /auth/login,200,OK,Login Load Test 1-133,text,true,,316,251,1,2,http://localhost:8001/auth/login,171,0,0
1777221588393,170,Login for Token,200,OK,Review Submission Load Test 3-133,text,true,,316,251,1,2,http://localhost:8001/auth/login,170,0,0
1777221588563,2,POST /reviews/,400,Bad Request,Review Submission Load Test 3-133,text,false,"Test failed: code expected to equal /

****** received  : [[[400]]]

****** comparison: [[[201]]]

/",188,440,1,2,http://localhost:8004/reviews/,2,0,1
1777221588567,3,GET /restaurants?q=ramen,200,OK,Restaurant Search Load Test 2-134,text,true,,587,137,1,2,http://localhost:8002/restaurants/?q=ramen,3,0,0
1777221588542,171,POST /auth/login,200,OK,Login Load Test 1-134,text,true,,316,251,1,2,http://localhost:8001/auth/login,171,0,0
1777221588587,171,Login for Token,200,OK,Review Submission Load Test 3-134,text,true,,316,251,1,2,http://localhost:8001/auth/login,171,0,0
1777221588758,2,POST /reviews/,400,Bad Request,Review Submission Load Test 3-134,text,false,"Test failed: code expected to equal /

****** received  : [[[400]]]

****** comparison: [[[201]]]

/",188,440,1,2,http://localhost:8004/reviews/,2,0,0
1777221588763,3,GET /restaurants?q=ramen,200,OK,Restaurant Search Load Test 2-135,text,true,,587,137,1,2,http://localhost:8002/restaurants/?q=ramen,3,0,0
1777221588740,171,POST /auth/login,200,OK,Login Load Test 1-135,text,true,,316,251,1,2,http://localhost:8001/auth/login,171,0,0
1777221588788,171,Login for Token,200,OK,Review Submission Load Test 3-135,text,true,,316,251,1,2,http://localhost:8001/auth/login,171,0,0
1777221588959,2,POST /reviews/,400,Bad Request,Review Submission Load Test 3-135,text,false,"Test failed: code expected to equal /

****** received  : [[[400]]]

****** comparison: [[[201]]]

/",188,440,1,2,http://localhost:8004/reviews/,2,0,0
1777221588968,3,GET /restaurants?q=ramen,200,OK,Restaurant Search Load Test 2-136,text,true,,587,137,1,2,http://localhost:8002/restaurants/?q=ramen,3,0,0
1777221588941,173,POST /auth/login,200,OK,Login Load Test 1-136,text,true,,316,251,1,2,http://localhost:8001/auth/login,173,0,0
1777221588990,172,Login for Token,200,OK,Review Submission Load Test 3-136,text,true,,316,251,1,2,http://localhost:8001/auth/login,172,0,0
1777221589163,1,POST /reviews/,400,Bad Request,Review Submission Load Test 3-136,text,false,"Test failed: code expected to equal /

****** received  : [[[400]]]

****** comparison: [[[201]]]

/",188,440,1,3,http://localhost:8004/reviews/,1,0,0
1777221589163,3,GET /restaurants?q=ramen,200,OK,Restaurant Search Load Test 2-137,text,true,,587,137,1,2,http://localhost:8002/restaurants/?q=ramen,3,0,1
1777221589143,171,POST /auth/login,200,OK,Login Load Test 1-137,text,true,,316,251,1,2,http://localhost:8001/auth/login,171,0,0
1777221589192,171,Login for Token,200,OK,Review Submission Load Test 3-137,text,true,,316,251,1,2,http://localhost:8001/auth/login,171,0,1
1777221589363,2,POST /reviews/,400,Bad Request,Review Submission Load Test 3-137,text,false,"Test failed: code expected to equal /

****** received  : [[[400]]]

****** comparison: [[[201]]]

/",188,440,1,2,http://localhost:8004/reviews/,2,0,0
1777221589368,4,GET /restaurants?q=ramen,200,OK,Restaurant Search Load Test 2-138,text,true,,587,137,1,2,http://localhost:8002/restaurants/?q=ramen,4,0,0
1777221589343,171,POST /auth/login,200,OK,Login Load Test 1-138,text,true,,316,251,1,2,http://localhost:8001/auth/login,171,0,1
1777221589392,170,Login for Token,200,OK,Review Submission Load Test 3-138,text,true,,316,251,1,2,http://localhost:8001/auth/login,170,0,0
1777221589562,2,POST /reviews/,400,Bad Request,Review Submission Load Test 3-138,text,false,"Test failed: code expected to equal /

****** received  : [[[400]]]

****** comparison: [[[201]]]

/",188,440,1,3,http://localhost:8004/reviews/,2,0,1
1777221589564,3,GET /restaurants?q=ramen,200,OK,Restaurant Search Load Test 2-139,text,true,,587,137,1,2,http://localhost:8002/restaurants/?q=ramen,3,0,0
1777221589543,173,POST /auth/login,200,OK,Login Load Test 1-139,text,true,,316,251,1,2,http://localhost:8001/auth/login,173,0,0
1777221589588,170,Login for Token,200,OK,Review Submission Load Test 3-139,text,true,,316,251,1,2,http://localhost:8001/auth/login,170,0,0
1777221589759,2,POST /reviews/,400,Bad Request,Review Submission Load Test 3-139,text,false,"Test failed: code expected to equal /

****** received  : [[[400]]]

****** comparison: [[[201]]]

/",188,440,1,2,http://localhost:8004/reviews/,2,0,0
1777221589765,3,GET /restaurants?q=ramen,200,OK,Restaurant Search Load Test 2-140,text,true,,587,137,1,2,http://localhost:8002/restaurants/?q=ramen,3,0,0
1777221589739,172,POST /auth/login,200,OK,Login Load Test 1-140,text,true,,316,251,1,2,http://localhost:8001/auth/login,172,0,1
1777221589792,171,Login for Token,200,OK,Review Submission Load Test 3-140,text,true,,316,251,1,2,http://localhost:8001/auth/login,171,0,0
1777221589963,2,POST /reviews/,400,Bad Request,Review Submission Load Test 3-140,text,false,"Test failed: code expected to equal /

****** received  : [[[400]]]

****** comparison: [[[201]]]

/",188,440,1,2,http://localhost:8004/reviews/,2,0,0
1777221589968,3,GET /restaurants?q=ramen,200,OK,Restaurant Search Load Test 2-141,text,true,,587,137,1,2,http://localhost:8002/restaurants/?q=ramen,3,0,0
1777221589943,177,POST /auth/login,200,OK,Login Load Test 1-141,text,true,,316,251,1,2,http://localhost:8001/auth/login,177,0,0
1777221590164,1,GET /restaurants?q=ramen,200,OK,Restaurant Search Load Test 2-142,text,true,,587,137,1,3,http://localhost:8002/restaurants/?q=ramen,1,0,0
1777221589991,179,Login for Token,200,OK,Review Submission Load Test 3-141,text,true,,316,251,1,2,http://localhost:8001/auth/login,179,0,0
1777221590170,2,POST /reviews/,400,Bad Request,Review Submission Load Test 3-141,text,false,"Test failed: code expected to equal /

****** received  : [[[400]]]

****** comparison: [[[201]]]

/",188,440,1,2,http://localhost:8004/reviews/,2,0,0
1777221590140,186,POST /auth/login,200,OK,Login Load Test 1-142,text,true,,316,251,1,2,http://localhost:8001/auth/login,186,0,1
1777221590365,2,GET /restaurants?q=ramen,200,OK,Restaurant Search Load Test 2-143,text,true,,587,137,1,3,http://localhost:8002/restaurants/?q=ramen,2,0,1
1777221590192,188,Login for Token,200,OK,Review Submission Load Test 3-142,text,true,,316,251,1,2,http://localhost:8001/auth/login,188,0,0
1777221590381,1,POST /reviews/,400,Bad Request,Review Submission Load Test 3-142,text,false,"Test failed: code expected to equal /

****** received  : [[[400]]]

****** comparison: [[[201]]]

/",188,440,1,2,http://localhost:8004/reviews/,1,0,0
1777221590338,186,POST /auth/login,200,OK,Login Load Test 1-143,text,true,,316,251,1,2,http://localhost:8001/auth/login,186,0,0
1777221590563,2,GET /restaurants?q=ramen,200,OK,Restaurant Search Load Test 2-144,text,true,,587,137,1,3,http://localhost:8002/restaurants/?q=ramen,2,0,1
1777221590387,182,Login for Token,200,OK,Review Submission Load Test 3-143,text,true,,316,251,1,2,http://localhost:8001/auth/login,182,0,1
1777221590569,2,POST /reviews/,400,Bad Request,Review Submission Load Test 3-143,text,false,"Test failed: code expected to equal /

****** received  : [[[400]]]

****** comparison: [[[201]]]

/",188,440,1,2,http://localhost:8004/reviews/,2,0,0
1777221590542,173,POST /auth/login,200,OK,Login Load Test 1-144,text,true,,316,251,1,2,http://localhost:8001/auth/login,173,0,1
1777221590589,174,Login for Token,200,OK,Review Submission Load Test 3-144,text,true,,316,251,1,3,http://localhost:8001/auth/login,174,0,0
1777221590763,3,POST /reviews/,400,Bad Request,Review Submission Load Test 3-144,text,false,"Test failed: code expected to equal /

****** received  : [[[400]]]

****** comparison: [[[201]]]

/",188,440,1,3,http://localhost:8004/reviews/,3,0,1
1777221590763,4,GET /restaurants?q=ramen,200,OK,Restaurant Search Load Test 2-145,text,true,,587,137,1,2,http://localhost:8002/restaurants/?q=ramen,4,0,1
1777221590741,175,POST /auth/login,200,OK,Login Load Test 1-145,text,true,,316,251,1,2,http://localhost:8001/auth/login,175,0,1
1777221590788,173,Login for Token,200,OK,Review Submission Load Test 3-145,text,true,,316,251,1,2,http://localhost:8001/auth/login,172,0,0
1777221590961,2,POST /reviews/,400,Bad Request,Review Submission Load Test 3-145,text,false,"Test failed: code expected to equal /

****** received  : [[[400]]]

****** comparison: [[[201]]]

/",188,440,1,2,http://localhost:8004/reviews/,2,0,0
1777221590965,4,GET /restaurants?q=ramen,200,OK,Restaurant Search Load Test 2-146,text,true,,587,137,1,2,http://localhost:8002/restaurants/?q=ramen,4,0,1
1777221590942,173,POST /auth/login,200,OK,Login Load Test 1-146,text,true,,316,251,1,2,http://localhost:8001/auth/login,173,0,0
1777221590992,174,Login for Token,200,OK,Review Submission Load Test 3-146,text,true,,316,251,1,2,http://localhost:8001/auth/login,174,0,1
1777221591166,2,POST /reviews/,400,Bad Request,Review Submission Load Test 3-146,text,false,"Test failed: code expected to equal /

****** received  : [[[400]]]

****** comparison: [[[201]]]

/",188,440,1,3,http://localhost:8004/reviews/,2,0,0
1777221591167,4,GET /restaurants?q=ramen,200,OK,Restaurant Search Load Test 2-147,text,true,,587,137,1,2,http://localhost:8002/restaurants/?q=ramen,4,0,1
1777221591138,171,POST /auth/login,200,OK,Login Load Test 1-147,text,true,,316,251,1,2,http://localhost:8001/auth/login,171,0,0
1777221591190,172,Login for Token,200,OK,Review Submission Load Test 3-147,text,true,,316,251,1,2,http://localhost:8001/auth/login,172,0,1
1777221591362,2,POST /reviews/,400,Bad Request,Review Submission Load Test 3-147,text,false,"Test failed: code expected to equal /

****** received  : [[[400]]]

****** comparison: [[[201]]]

/",188,440,1,2,http://localhost:8004/reviews/,2,0,0
1777221591368,3,GET /restaurants?q=ramen,200,OK,Restaurant Search Load Test 2-148,text,true,,587,137,1,2,http://localhost:8002/restaurants/?q=ramen,3,0,0
1777221591340,171,POST /auth/login,200,OK,Login Load Test 1-148,text,true,,316,251,1,2,http://localhost:8001/auth/login,171,0,0
1777221591387,170,Login for Token,200,OK,Review Submission Load Test 3-148,text,true,,316,251,1,2,http://localhost:8001/auth/login,170,0,0
1777221591557,2,POST /reviews/,400,Bad Request,Review Submission Load Test 3-148,text,false,"Test failed: code expected to equal /

****** received  : [[[400]]]

****** comparison: [[[201]]]

/",188,440,1,2,http://localhost:8004/reviews/,2,0,0
1777221591563,3,GET /restaurants?q=ramen,200,OK,Restaurant Search Load Test 2-149,text,true,,587,137,1,2,http://localhost:8002/restaurants/?q=ramen,3,0,0
1777221591542,173,POST /auth/login,200,OK,Login Load Test 1-149,text,true,,316,251,1,2,http://localhost:8001/auth/login,173,0,1
1777221591591,171,Login for Token,200,OK,Review Submission Load Test 3-149,text,true,,316,251,1,2,http://localhost:8001/auth/login,171,0,1
1777221591762,2,POST /reviews/,400,Bad Request,Review Submission Load Test 3-149,text,false,"Test failed: code expected to equal /

****** received  : [[[400]]]

****** comparison: [[[201]]]

/",188,440,1,2,http://localhost:8004/reviews/,2,0,1
1777221591764,4,GET /restaurants?q=ramen,200,OK,Restaurant Search Load Test 2-150,text,true,,587,137,1,2,http://localhost:8002/restaurants/?q=ramen,4,0,0
1777221591738,177,POST /auth/login,200,OK,Login Load Test 1-150,text,true,,316,251,1,2,http://localhost:8001/auth/login,177,0,1
1777221591966,2,GET /restaurants?q=ramen,200,OK,Restaurant Search Load Test 2-151,text,true,,587,137,1,3,http://localhost:8002/restaurants/?q=ramen,2,0,0
1777221591792,181,Login for Token,200,OK,Review Submission Load Test 3-150,text,true,,316,251,1,2,http://localhost:8001/auth/login,181,0,0
1777221591973,2,POST /reviews/,400,Bad Request,Review Submission Load Test 3-150,text,false,"Test failed: code expected to equal /

****** received  : [[[400]]]

****** comparison: [[[201]]]

/",188,440,1,2,http://localhost:8004/reviews/,2,0,1
1777221591938,187,POST /auth/login,200,OK,Login Load Test 1-151,text,true,,316,251,1,2,http://localhost:8001/auth/login,187,0,1
1777221592163,2,GET /restaurants?q=ramen,200,OK,Restaurant Search Load Test 2-152,text,true,,587,137,1,3,http://localhost:8002/restaurants/?q=ramen,2,0,0
1777221591991,189,Login for Token,200,OK,Review Submission Load Test 3-151,text,true,,316,251,1,2,http://localhost:8001/auth/login,189,0,1
1777221592180,1,POST /reviews/,400,Bad Request,Review Submission Load Test 3-151,text,false,"Test failed: code expected to equal /

****** received  : [[[400]]]

****** comparison: [[[201]]]

/",188,440,1,2,http://localhost:8004/reviews/,1,0,0
1777221592138,178,POST /auth/login,200,OK,Login Load Test 1-152,text,true,,316,251,1,2,http://localhost:8001/auth/login,178,0,1
1777221592362,2,GET /restaurants?q=ramen,200,OK,Restaurant Search Load Test 2-153,text,true,,587,137,1,3,http://localhost:8002/restaurants/?q=ramen,2,0,1
1777221592193,176,Login for Token,200,OK,Review Submission Load Test 3-152,text,true,,316,251,1,2,http://localhost:8001/auth/login,176,0,0
1777221592369,1,POST /reviews/,400,Bad Request,Review Submission Load Test 3-152,text,false,"Test failed: code expected to equal /

****** received  : [[[400]]]

****** comparison: [[[201]]]

/",188,440,1,2,http://localhost:8004/reviews/,1,0,0
1777221592340,172,POST /auth/login,200,OK,Login Load Test 1-153,text,true,,316,251,1,2,http://localhost:8001/auth/login,172,0,1
1777221592388,170,Login for Token,200,OK,Review Submission Load Test 3-153,text,true,,316,251,1,2,http://localhost:8001/auth/login,170,0,0
1777221592558,2,POST /reviews/,400,Bad Request,Review Submission Load Test 3-153,text,false,"Test failed: code expected to equal /

****** received  : [[[400]]]

****** comparison: [[[201]]]

/",188,440,1,2,http://localhost:8004/reviews/,2,0,0
1777221592565,3,GET /restaurants?q=ramen,200,OK,Restaurant Search Load Test 2-154,text,true,,587,137,1,2,http://localhost:8002/restaurants/?q=ramen,3,0,0
1777221592539,171,POST /auth/login,200,OK,Login Load Test 1-154,text,true,,316,251,1,2,http://localhost:8001/auth/login,171,0,0
1777221592591,171,Login for Token,200,OK,Review Submission Load Test 3-154,text,true,,316,251,1,2,http://localhost:8001/auth/login,171,0,0
1777221592762,2,POST /reviews/,400,Bad Request,Review Submission Load Test 3-154,text,false,"Test failed: code expected to equal /

****** received  : [[[400]]]

****** comparison: [[[201]]]

/",188,440,1,2,http://localhost:8004/reviews/,2,0,0
1777221592768,3,GET /restaurants?q=ramen,200,OK,Restaurant Search Load Test 2-155,text,true,,587,137,1,2,http://localhost:8002/restaurants/?q=ramen,3,0,0
1777221592733,172,POST /auth/login,200,OK,Login Load Test 1-155,text,true,,316,251,1,2,http://localhost:8001/auth/login,172,0,1
1777221592787,171,Login for Token,200,OK,Review Submission Load Test 3-155,text,true,,316,251,1,2,http://localhost:8001/auth/login,171,0,0
1777221592958,2,POST /reviews/,400,Bad Request,Review Submission Load Test 3-155,text,false,"Test failed: code expected to equal /

****** received  : [[[400]]]

****** comparison: [[[201]]]

/",188,440,1,2,http://localhost:8004/reviews/,2,0,0
1777221592967,3,GET /restaurants?q=ramen,200,OK,Restaurant Search Load Test 2-156,text,true,,587,137,1,2,http://localhost:8002/restaurants/?q=ramen,3,0,0
1777221592937,172,POST /auth/login,200,OK,Login Load Test 1-156,text,true,,316,251,1,2,http://localhost:8001/auth/login,172,0,0
1777221592991,173,Login for Token,200,OK,Review Submission Load Test 3-156,text,true,,316,251,1,2,http://localhost:8001/auth/login,173,0,0
1777221593164,2,POST /reviews/,400,Bad Request,Review Submission Load Test 3-156,text,false,"Test failed: code expected to equal /

****** received  : [[[400]]]

****** comparison: [[[201]]]

/",188,440,1,3,http://localhost:8004/reviews/,2,0,1
1777221593165,3,GET /restaurants?q=ramen,200,OK,Restaurant Search Load Test 2-157,text,true,,587,137,1,2,http://localhost:8002/restaurants/?q=ramen,3,0,0
1777221593136,171,POST /auth/login,200,OK,Login Load Test 1-157,text,true,,316,251,1,2,http://localhost:8001/auth/login,171,0,1
1777221593186,170,Login for Token,200,OK,Review Submission Load Test 3-157,text,true,,316,251,1,2,http://localhost:8001/auth/login,170,0,0
1777221593356,2,POST /reviews/,400,Bad Request,Review Submission Load Test 3-157,text,false,"Test failed: code expected to equal /

****** received  : [[[400]]]

****** comparison: [[[201]]]

/",188,440,1,2,http://localhost:8004/reviews/,2,0,0
1777221593365,4,GET /restaurants?q=ramen,200,OK,Restaurant Search Load Test 2-158,text,true,,587,137,1,2,http://localhost:8002/restaurants/?q=ramen,4,0,1
1777221593337,171,POST /auth/login,200,OK,Login Load Test 1-158,text,true,,316,251,1,2,http://localhost:8001/auth/login,171,0,0
1777221593391,171,Login for Token,200,OK,Review Submission Load Test 3-158,text,true,,316,251,1,3,http://localhost:8001/auth/login,171,0,0
1777221593562,2,POST /reviews/,400,Bad Request,Review Submission Load Test 3-158,text,false,"Test failed: code expected to equal /

****** received  : [[[400]]]

****** comparison: [[[201]]]

/",188,440,1,3,http://localhost:8004/reviews/,2,0,1
1777221593562,4,GET /restaurants?q=ramen,200,OK,Restaurant Search Load Test 2-159,text,true,,587,137,1,2,http://localhost:8002/restaurants/?q=ramen,4,0,0
1777221593533,171,POST /auth/login,200,OK,Login Load Test 1-159,text,true,,316,251,1,2,http://localhost:8001/auth/login,171,0,0
1777221593587,171,Login for Token,200,OK,Review Submission Load Test 3-159,text,true,,316,251,1,2,http://localhost:8001/auth/login,171,0,0
1777221593759,1,POST /reviews/,400,Bad Request,Review Submission Load Test 3-159,text,false,"Test failed: code expected to equal /

****** received  : [[[400]]]

****** comparison: [[[201]]]

/",188,440,1,2,http://localhost:8004/reviews/,1,0,0
1777221593767,3,GET /restaurants?q=ramen,200,OK,Restaurant Search Load Test 2-160,text,true,,587,137,1,2,http://localhost:8002/restaurants/?q=ramen,3,0,1
1777221593736,178,POST /auth/login,200,OK,Login Load Test 1-160,text,true,,316,251,1,2,http://localhost:8001/auth/login,178,0,0
1777221593967,2,GET /restaurants?q=ramen,200,OK,Restaurant Search Load Test 2-161,text,true,,587,137,1,3,http://localhost:8002/restaurants/?q=ramen,2,0,0
1777221593787,183,Login for Token,200,OK,Review Submission Load Test 3-160,text,true,,316,251,1,2,http://localhost:8001/auth/login,183,0,0
1777221593970,2,POST /reviews/,400,Bad Request,Review Submission Load Test 3-160,text,false,"Test failed: code expected to equal /

****** received  : [[[400]]]

****** comparison: [[[201]]]

/",188,440,1,2,http://localhost:8004/reviews/,2,0,0
1777221593937,188,POST /auth/login,200,OK,Login Load Test 1-161,text,true,,316,251,1,2,http://localhost:8001/auth/login,188,0,1
1777221594167,2,GET /restaurants?q=ramen,200,OK,Restaurant Search Load Test 2-162,text,true,,587,137,1,3,http://localhost:8002/restaurants/?q=ramen,2,0,0
1777221593991,180,Login for Token,200,OK,Review Submission Load Test 3-161,text,true,,316,251,1,2,http://localhost:8001/auth/login,180,0,1
1777221594171,1,POST /reviews/,400,Bad Request,Review Submission Load Test 3-161,text,false,"Test failed: code expected to equal /

****** received  : [[[400]]]

****** comparison: [[[201]]]

/",188,440,1,2,http://localhost:8004/reviews/,1,0,0
1777221594133,171,POST /auth/login,200,OK,Login Load Test 1-162,text,true,,316,251,1,2,http://localhost:8001/auth/login,171,0,0
1777221594187,170,Login for Token,200,OK,Review Submission Load Test 3-162,text,true,,316,251,1,2,http://localhost:8001/auth/login,170,0,1
1777221594358,2,POST /reviews/,400,Bad Request,Review Submission Load Test 3-162,text,false,"Test failed: code expected to equal /

****** received  : [[[400]]]

****** comparison: [[[201]]]

/",188,440,1,2,http://localhost:8004/reviews/,2,0,0
1777221594367,3,GET /restaurants?q=ramen,200,OK,Restaurant Search Load Test 2-163,text,true,,587,137,1,2,http://localhost:8002/restaurants/?q=ramen,3,0,0
1777221594336,172,POST /auth/login,200,OK,Login Load Test 1-163,text,true,,316,251,1,2,http://localhost:8001/auth/login,172,0,1
1777221594391,170,Login for Token,200,OK,Review Submission Load Test 3-163,text,true,,316,251,1,2,http://localhost:8001/auth/login,170,0,0
1777221594561,2,POST /reviews/,400,Bad Request,Review Submission Load Test 3-163,text,false,"Test failed: code expected to equal /

****** received  : [[[400]]]

****** comparison: [[[201]]]

/",188,440,1,3,http://localhost:8004/reviews/,2,0,0
1777221594562,3,GET /restaurants?q=ramen,200,OK,Restaurant Search Load Test 2-164,text,true,,587,137,1,2,http://localhost:8002/restaurants/?q=ramen,3,0,0
1777221594537,171,POST /auth/login,200,OK,Login Load Test 1-164,text,true,,316,251,1,2,http://localhost:8001/auth/login,171,0,0
1777221594587,171,Login for Token,200,OK,Review Submission Load Test 3-164,text,true,,316,251,1,2,http://localhost:8001/auth/login,171,0,1
1777221594758,2,POST /reviews/,400,Bad Request,Review Submission Load Test 3-164,text,false,"Test failed: code expected to equal /

****** received  : [[[400]]]

****** comparison: [[[201]]]

/",188,440,1,2,http://localhost:8004/reviews/,2,0,0
1777221594767,3,GET /restaurants?q=ramen,200,OK,Restaurant Search Load Test 2-165,text,true,,587,137,1,2,http://localhost:8002/restaurants/?q=ramen,3,0,0
1777221594738,171,POST /auth/login,200,OK,Login Load Test 1-165,text,true,,316,251,1,2,http://localhost:8001/auth/login,171,0,0
1777221594791,172,Login for Token,200,OK,Review Submission Load Test 3-165,text,true,,316,251,1,3,http://localhost:8001/auth/login,172,0,1
1777221594963,2,POST /reviews/,400,Bad Request,Review Submission Load Test 3-165,text,false,"Test failed: code expected to equal /

****** received  : [[[400]]]

****** comparison: [[[201]]]

/",188,440,1,3,http://localhost:8004/reviews/,2,0,0
1777221594963,3,GET /restaurants?q=ramen,200,OK,Restaurant Search Load Test 2-166,text,true,,587,137,1,2,http://localhost:8002/restaurants/?q=ramen,3,0,0
1777221594932,173,POST /auth/login,200,OK,Login Load Test 1-166,text,true,,316,251,1,2,http://localhost:8001/auth/login,173,0,1
1777221594991,172,Login for Token,200,OK,Review Submission Load Test 3-166,text,true,,316,251,1,3,http://localhost:8001/auth/login,172,0,0
1777221595163,2,POST /reviews/,400,Bad Request,Review Submission Load Test 3-166,text,false,"Test failed: code expected to equal /

****** received  : [[[400]]]

****** comparison: [[[201]]]

/",188,440,1,3,http://localhost:8004/reviews/,2,0,0
1777221595163,3,GET /restaurants?q=ramen,200,OK,Restaurant Search Load Test 2-167,text,true,,587,137,1,2,http://localhost:8002/restaurants/?q=ramen,3,0,0
1777221595136,171,POST /auth/login,200,OK,Login Load Test 1-167,text,true,,316,251,1,2,http://localhost:8001/auth/login,171,0,0
1777221595188,171,Login for Token,200,OK,Review Submission Load Test 3-167,text,true,,316,251,1,2,http://localhost:8001/auth/login,171,0,1
1777221595359,3,POST /reviews/,400,Bad Request,Review Submission Load Test 3-167,text,false,"Test failed: code expected to equal /

****** received  : [[[400]]]

****** comparison: [[[201]]]

/",188,440,1,2,http://localhost:8004/reviews/,3,0,1
1777221595367,3,GET /restaurants?q=ramen,200,OK,Restaurant Search Load Test 2-168,text,true,,587,137,1,2,http://localhost:8002/restaurants/?q=ramen,3,0,0
1777221595336,172,POST /auth/login,200,OK,Login Load Test 1-168,text,true,,316,251,1,2,http://localhost:8001/auth/login,172,0,0
1777221595387,173,Login for Token,200,OK,Review Submission Load Test 3-168,text,true,,316,251,1,2,http://localhost:8001/auth/login,173,0,0
1777221595560,2,POST /reviews/,400,Bad Request,Review Submission Load Test 3-168,text,false,"Test failed: code expected to equal /

****** received  : [[[400]]]

****** comparison: [[[201]]]

/",188,440,1,2,http://localhost:8004/reviews/,2,0,0
1777221595567,3,GET /restaurants?q=ramen,200,OK,Restaurant Search Load Test 2-169,text,true,,587,137,1,2,http://localhost:8002/restaurants/?q=ramen,3,0,0
1777221595537,174,POST /auth/login,200,OK,Login Load Test 1-169,text,true,,316,251,1,2,http://localhost:8001/auth/login,174,0,1
1777221595587,174,Login for Token,200,OK,Review Submission Load Test 3-169,text,true,,316,251,1,2,http://localhost:8001/auth/login,174,0,0
1777221595761,2,POST /reviews/,400,Bad Request,Review Submission Load Test 3-169,text,false,"Test failed: code expected to equal /

****** received  : [[[400]]]

****** comparison: [[[201]]]

/",188,440,1,2,http://localhost:8004/reviews/,2,0,0
1777221595764,3,GET /restaurants?q=ramen,200,OK,Restaurant Search Load Test 2-170,text,true,,587,137,1,2,http://localhost:8002/restaurants/?q=ramen,3,0,0
1777221595733,173,POST /auth/login,200,OK,Login Load Test 1-170,text,true,,316,251,1,2,http://localhost:8001/auth/login,173,0,0
1777221595786,172,Login for Token,200,OK,Review Submission Load Test 3-170,text,true,,316,251,1,2,http://localhost:8001/auth/login,172,0,0
1777221595958,2,POST /reviews/,400,Bad Request,Review Submission Load Test 3-170,text,false,"Test failed: code expected to equal /

****** received  : [[[400]]]

****** comparison: [[[201]]]

/",188,440,1,2,http://localhost:8004/reviews/,2,0,1
1777221595962,3,GET /restaurants?q=ramen,200,OK,Restaurant Search Load Test 2-171,text,true,,587,137,1,2,http://localhost:8002/restaurants/?q=ramen,3,0,0
1777221595938,173,POST /auth/login,200,OK,Login Load Test 1-171,text,true,,316,251,1,2,http://localhost:8001/auth/login,173,0,0
1777221595991,174,Login for Token,200,OK,Review Submission Load Test 3-171,text,true,,316,251,1,2,http://localhost:8001/auth/login,174,0,1
1777221596165,2,POST /reviews/,400,Bad Request,Review Submission Load Test 3-171,text,false,"Test failed: code expected to equal /

****** received  : [[[400]]]

****** comparison: [[[201]]]

/",188,440,1,3,http://localhost:8004/reviews/,2,0,0
1777221596165,4,GET /restaurants?q=ramen,200,OK,Restaurant Search Load Test 2-172,text,true,,587,137,1,2,http://localhost:8002/restaurants/?q=ramen,4,0,1
1777221596132,171,POST /auth/login,200,OK,Login Load Test 1-172,text,true,,316,251,1,2,http://localhost:8001/auth/login,171,0,0
1777221596187,171,Login for Token,200,OK,Review Submission Load Test 3-172,text,true,,316,251,1,2,http://localhost:8001/auth/login,171,0,0
1777221596358,2,POST /reviews/,400,Bad Request,Review Submission Load Test 3-172,text,false,"Test failed: code expected to equal /

****** received  : [[[400]]]

****** comparison: [[[201]]]

/",188,440,1,2,http://localhost:8004/reviews/,2,0,0
1777221596366,3,GET /restaurants?q=ramen,200,OK,Restaurant Search Load Test 2-173,text,true,,587,137,1,2,http://localhost:8002/restaurants/?q=ramen,3,0,0
1777221596334,172,POST /auth/login,200,OK,Login Load Test 1-173,text,true,,316,251,1,2,http://localhost:8001/auth/login,171,0,1
1777221596390,171,Login for Token,200,OK,Review Submission Load Test 3-173,text,true,,316,251,1,2,http://localhost:8001/auth/login,171,0,1
1777221596561,2,POST /reviews/,400,Bad Request,Review Submission Load Test 3-173,text,false,"Test failed: code expected to equal /

****** received  : [[[400]]]

****** comparison: [[[201]]]

/",188,440,1,2,http://localhost:8004/reviews/,2,0,0
1777221596565,3,GET /restaurants?q=ramen,200,OK,Restaurant Search Load Test 2-174,text,true,,587,137,1,2,http://localhost:8002/restaurants/?q=ramen,3,0,0
1777221596536,171,POST /auth/login,200,OK,Login Load Test 1-174,text,true,,316,251,1,2,http://localhost:8001/auth/login,171,0,1
1777221596591,171,Login for Token,200,OK,Review Submission Load Test 3-174,text,true,,316,251,1,2,http://localhost:8001/auth/login,171,0,0
1777221596762,1,POST /reviews/,400,Bad Request,Review Submission Load Test 3-174,text,false,"Test failed: code expected to equal /

****** received  : [[[400]]]

****** comparison: [[[201]]]

/",188,440,1,3,http://localhost:8004/reviews/,1,0,0
1777221596763,3,GET /restaurants?q=ramen,200,OK,Restaurant Search Load Test 2-175,text,true,,587,137,1,2,http://localhost:8002/restaurants/?q=ramen,3,0,0
1777221596735,171,POST /auth/login,200,OK,Login Load Test 1-175,text,true,,316,251,1,2,http://localhost:8001/auth/login,171,0,0
1777221596791,170,Login for Token,200,OK,Review Submission Load Test 3-175,text,true,,316,251,1,2,http://localhost:8001/auth/login,170,0,0
1777221596961,2,POST /reviews/,400,Bad Request,Review Submission Load Test 3-175,text,false,"Test failed: code expected to equal /

****** received  : [[[400]]]

****** comparison: [[[201]]]

/",188,440,1,3,http://localhost:8004/reviews/,2,0,1
1777221596963,2,GET /restaurants?q=ramen,200,OK,Restaurant Search Load Test 2-176,text,true,,587,137,1,2,http://localhost:8002/restaurants/?q=ramen,2,0,0
1777221596936,173,POST /auth/login,200,OK,Login Load Test 1-176,text,true,,316,251,1,2,http://localhost:8001/auth/login,173,0,1
1777221596988,173,Login for Token,200,OK,Review Submission Load Test 3-176,text,true,,316,251,1,2,http://localhost:8001/auth/login,173,0,0
1777221597161,3,POST /reviews/,400,Bad Request,Review Submission Load Test 3-176,text,false,"Test failed: code expected to equal /

****** received  : [[[400]]]

****** comparison: [[[201]]]

/",188,440,1,3,http://localhost:8004/reviews/,3,0,1
1777221597163,4,GET /restaurants?q=ramen,200,OK,Restaurant Search Load Test 2-177,text,true,,587,137,1,2,http://localhost:8002/restaurants/?q=ramen,4,0,1
1777221597133,171,POST /auth/login,200,OK,Login Load Test 1-177,text,true,,316,251,1,2,http://localhost:8001/auth/login,171,0,1
1777221597192,171,Login for Token,200,OK,Review Submission Load Test 3-177,text,true,,316,251,1,2,http://localhost:8001/auth/login,171,0,0
1777221597363,2,POST /reviews/,400,Bad Request,Review Submission Load Test 3-177,text,false,"Test failed: code expected to equal /

****** received  : [[[400]]]

****** comparison: [[[201]]]

/",188,440,1,2,http://localhost:8004/reviews/,2,0,0
1777221597365,3,GET /restaurants?q=ramen,200,OK,Restaurant Search Load Test 2-178,text,true,,587,137,1,2,http://localhost:8002/restaurants/?q=ramen,3,0,0
1777221597336,172,POST /auth/login,200,OK,Login Load Test 1-178,text,true,,316,251,1,2,http://localhost:8001/auth/login,172,0,1
1777221597389,170,Login for Token,200,OK,Review Submission Load Test 3-178,text,true,,316,251,1,2,http://localhost:8001/auth/login,170,0,0
1777221597559,3,POST /reviews/,400,Bad Request,Review Submission Load Test 3-178,text,false,"Test failed: code expected to equal /

****** received  : [[[400]]]

****** comparison: [[[201]]]

/",188,440,1,2,http://localhost:8004/reviews/,3,0,1
1777221597564,4,GET /restaurants?q=ramen,200,OK,Restaurant Search Load Test 2-179,text,true,,587,137,1,2,http://localhost:8002/restaurants/?q=ramen,4,0,0
1777221597529,171,POST /auth/login,200,OK,Login Load Test 1-179,text,true,,316,251,1,2,http://localhost:8001/auth/login,171,0,0
1777221597591,170,Login for Token,200,OK,Review Submission Load Test 3-179,text,true,,316,251,1,2,http://localhost:8001/auth/login,170,0,0
1777221597761,3,POST /reviews/,400,Bad Request,Review Submission Load Test 3-179,text,false,"Test failed: code expected to equal /

****** received  : [[[400]]]

****** comparison: [[[201]]]

/",188,440,1,3,http://localhost:8004/reviews/,3,0,1
1777221597762,4,GET /restaurants?q=ramen,200,OK,Restaurant Search Load Test 2-180,text,true,,587,137,1,2,http://localhost:8002/restaurants/?q=ramen,4,0,0
1777221597736,172,POST /auth/login,200,OK,Login Load Test 1-180,text,true,,316,251,1,2,http://localhost:8001/auth/login,172,0,1
1777221597787,173,Login for Token,200,OK,Review Submission Load Test 3-180,text,true,,316,251,1,2,http://localhost:8001/auth/login,173,0,0
1777221597960,2,POST /reviews/,400,Bad Request,Review Submission Load Test 3-180,text,false,"Test failed: code expected to equal /

****** received  : [[[400]]]

****** comparison: [[[201]]]

/",188,440,1,2,http://localhost:8004/reviews/,2,0,0
1777221597962,3,GET /restaurants?q=ramen,200,OK,Restaurant Search Load Test 2-181,text,true,,587,137,1,2,http://localhost:8002/restaurants/?q=ramen,3,0,0
1777221597933,173,POST /auth/login,200,OK,Login Load Test 1-181,text,true,,316,251,1,2,http://localhost:8001/auth/login,173,0,1
1777221597987,173,Login for Token,200,OK,Review Submission Load Test 3-181,text,true,,316,251,1,2,http://localhost:8001/auth/login,173,0,0
1777221598160,2,POST /reviews/,400,Bad Request,Review Submission Load Test 3-181,text,false,"Test failed: code expected to equal /

****** received  : [[[400]]]

****** comparison: [[[201]]]

/",188,440,1,2,http://localhost:8004/reviews/,2,0,0
1777221598167,4,GET /restaurants?q=ramen,200,OK,Restaurant Search Load Test 2-182,text,true,,587,137,1,2,http://localhost:8002/restaurants/?q=ramen,4,0,0
1777221598136,172,POST /auth/login,200,OK,Login Load Test 1-182,text,true,,316,251,1,2,http://localhost:8001/auth/login,172,0,0
1777221598187,171,Login for Token,200,OK,Review Submission Load Test 3-182,text,true,,316,251,1,2,http://localhost:8001/auth/login,171,0,0
1777221598358,3,POST /reviews/,400,Bad Request,Review Submission Load Test 3-182,text,false,"Test failed: code expected to equal /

****** received  : [[[400]]]

****** comparison: [[[201]]]

/",188,440,1,2,http://localhost:8004/reviews/,3,0,1
1777221598363,4,GET /restaurants?q=ramen,200,OK,Restaurant Search Load Test 2-183,text,true,,587,137,1,2,http://localhost:8002/restaurants/?q=ramen,4,0,1
1777221598333,171,POST /auth/login,200,OK,Login Load Test 1-183,text,true,,316,251,1,2,http://localhost:8001/auth/login,171,0,0
1777221598390,171,Login for Token,200,OK,Review Submission Load Test 3-183,text,true,,316,251,1,2,http://localhost:8001/auth/login,171,0,1
1777221598561,2,POST /reviews/,400,Bad Request,Review Submission Load Test 3-183,text,false,"Test failed: code expected to equal /

****** received  : [[[400]]]

****** comparison: [[[201]]]

/",188,440,1,3,http://localhost:8004/reviews/,2,0,1
1777221598562,3,GET /restaurants?q=ramen,200,OK,Restaurant Search Load Test 2-184,text,true,,587,137,1,2,http://localhost:8002/restaurants/?q=ramen,3,0,0
1777221598535,172,POST /auth/login,200,OK,Login Load Test 1-184,text,true,,316,251,1,2,http://localhost:8001/auth/login,172,0,0
1777221598591,171,Login for Token,200,OK,Review Submission Load Test 3-184,text,true,,316,251,1,2,http://localhost:8001/auth/login,171,0,0
1777221598763,2,POST /reviews/,400,Bad Request,Review Submission Load Test 3-184,text,false,"Test failed: code expected to equal /

****** received  : [[[400]]]

****** comparison: [[[201]]]

/",188,440,1,2,http://localhost:8004/reviews/,2,0,0
1777221598767,3,GET /restaurants?q=ramen,200,OK,Restaurant Search Load Test 2-185,text,true,,587,137,1,2,http://localhost:8002/restaurants/?q=ramen,3,0,0
1777221598735,172,POST /auth/login,200,OK,Login Load Test 1-185,text,true,,316,251,1,2,http://localhost:8001/auth/login,172,0,0
1777221598787,172,Login for Token,200,OK,Review Submission Load Test 3-185,text,true,,316,251,1,2,http://localhost:8001/auth/login,172,0,1
1777221598959,2,POST /reviews/,400,Bad Request,Review Submission Load Test 3-185,text,false,"Test failed: code expected to equal /

****** received  : [[[400]]]

****** comparison: [[[201]]]

/",188,440,1,2,http://localhost:8004/reviews/,2,0,0
1777221598966,3,GET /restaurants?q=ramen,200,OK,Restaurant Search Load Test 2-186,text,true,,587,137,1,2,http://localhost:8002/restaurants/?q=ramen,3,0,0
1777221598935,172,POST /auth/login,200,OK,Login Load Test 1-186,text,true,,316,251,1,2,http://localhost:8001/auth/login,172,0,1
1777221598987,173,Login for Token,200,OK,Review Submission Load Test 3-186,text,true,,316,251,1,2,http://localhost:8001/auth/login,173,0,0
1777221599160,2,POST /reviews/,400,Bad Request,Review Submission Load Test 3-186,text,false,"Test failed: code expected to equal /

****** received  : [[[400]]]

****** comparison: [[[201]]]

/",188,440,1,2,http://localhost:8004/reviews/,2,0,0
1777221599164,3,GET /restaurants?q=ramen,200,OK,Restaurant Search Load Test 2-187,text,true,,587,137,1,2,http://localhost:8002/restaurants/?q=ramen,3,0,0
1777221599128,171,POST /auth/login,200,OK,Login Load Test 1-187,text,true,,316,251,1,2,http://localhost:8001/auth/login,171,0,0
1777221599190,171,Login for Token,200,OK,Review Submission Load Test 3-187,text,true,,316,251,1,2,http://localhost:8001/auth/login,171,0,1
1777221599361,2,POST /reviews/,400,Bad Request,Review Submission Load Test 3-187,text,false,"Test failed: code expected to equal /

****** received  : [[[400]]]

****** comparison: [[[201]]]

/",188,440,1,3,http://localhost:8004/reviews/,2,0,0
1777221599363,3,GET /restaurants?q=ramen,200,OK,Restaurant Search Load Test 2-188,text,true,,587,137,1,2,http://localhost:8002/restaurants/?q=ramen,3,0,0
1777221599330,172,POST /auth/login,200,OK,Login Load Test 1-188,text,true,,316,251,1,2,http://localhost:8001/auth/login,172,0,1
1777221599391,171,Login for Token,200,OK,Review Submission Load Test 3-188,text,true,,316,251,1,2,http://localhost:8001/auth/login,171,0,0
1777221599562,2,POST /reviews/,400,Bad Request,Review Submission Load Test 3-188,text,false,"Test failed: code expected to equal /

****** received  : [[[400]]]

****** comparison: [[[201]]]

/",188,440,1,3,http://localhost:8004/reviews/,2,0,1
1777221599562,3,GET /restaurants?q=ramen,200,OK,Restaurant Search Load Test 2-189,text,true,,587,137,1,2,http://localhost:8002/restaurants/?q=ramen,3,0,1
1777221599532,172,POST /auth/login,200,OK,Login Load Test 1-189,text,true,,316,251,1,2,http://localhost:8001/auth/login,172,0,0
1777221599587,171,Login for Token,200,OK,Review Submission Load Test 3-189,text,true,,316,251,1,2,http://localhost:8001/auth/login,171,0,0
1777221599758,2,POST /reviews/,400,Bad Request,Review Submission Load Test 3-189,text,false,"Test failed: code expected to equal /

****** received  : [[[400]]]

****** comparison: [[[201]]]

/",188,440,1,2,http://localhost:8004/reviews/,2,0,0
1777221599767,3,GET /restaurants?q=ramen,200,OK,Restaurant Search Load Test 2-190,text,true,,587,137,1,2,http://localhost:8002/restaurants/?q=ramen,3,0,0
1777221599729,171,POST /auth/login,200,OK,Login Load Test 1-190,text,true,,316,251,1,2,http://localhost:8001/auth/login,171,0,0
1777221599791,171,Login for Token,200,OK,Review Submission Load Test 3-190,text,true,,316,251,1,2,http://localhost:8001/auth/login,171,0,0
1777221599962,2,POST /reviews/,400,Bad Request,Review Submission Load Test 3-190,text,false,"Test failed: code expected to equal /

****** received  : [[[400]]]

****** comparison: [[[201]]]

/",188,440,1,3,http://localhost:8004/reviews/,2,0,0
1777221599962,3,GET /restaurants?q=ramen,200,OK,Restaurant Search Load Test 2-191,text,true,,587,137,1,2,http://localhost:8002/restaurants/?q=ramen,3,0,1
1777221599929,173,POST /auth/login,200,OK,Login Load Test 1-191,text,true,,316,251,1,2,http://localhost:8001/auth/login,173,0,0
1777221599987,173,Login for Token,200,OK,Review Submission Load Test 3-191,text,true,,316,251,1,2,http://localhost:8001/auth/login,173,0,1
1777221600160,3,POST /reviews/,400,Bad Request,Review Submission Load Test 3-191,text,false,"Test failed: code expected to equal /

****** received  : [[[400]]]

****** comparison: [[[201]]]

/",188,440,1,3,http://localhost:8004/reviews/,3,0,1
1777221600162,4,GET /restaurants?q=ramen,200,OK,Restaurant Search Load Test 2-192,text,true,,587,137,1,2,http://localhost:8002/restaurants/?q=ramen,4,0,0
1777221600131,171,POST /auth/login,200,OK,Login Load Test 1-192,text,true,,316,251,1,2,http://localhost:8001/auth/login,171,0,0
1777221600187,171,Login for Token,200,OK,Review Submission Load Test 3-192,text,true,,316,251,1,2,http://localhost:8001/auth/login,171,0,0
1777221600358,2,POST /reviews/,400,Bad Request,Review Submission Load Test 3-192,text,false,"Test failed: code expected to equal /

****** received  : [[[400]]]

****** comparison: [[[201]]]

/",188,440,1,2,http://localhost:8004/reviews/,2,0,0
1777221600365,4,GET /restaurants?q=ramen,200,OK,Restaurant Search Load Test 2-193,text,true,,587,137,1,2,http://localhost:8002/restaurants/?q=ramen,4,0,1
1777221600329,178,POST /auth/login,200,OK,Login Load Test 1-193,text,true,,316,251,1,2,http://localhost:8001/auth/login,178,0,1
1777221600387,177,Login for Token,200,OK,Review Submission Load Test 3-193,text,true,,316,251,1,3,http://localhost:8001/auth/login,177,0,0
1777221600563,2,GET /restaurants?q=ramen,200,OK,Restaurant Search Load Test 2-194,text,true,,587,137,1,3,http://localhost:8002/restaurants/?q=ramen,2,0,0
1777221600564,2,POST /reviews/,400,Bad Request,Review Submission Load Test 3-193,text,false,"Test failed: code expected to equal /

****** received  : [[[400]]]

****** comparison: [[[201]]]

/",188,440,1,2,http://localhost:8004/reviews/,2,0,0
1777221600531,172,POST /auth/login,200,OK,Login Load Test 1-194,text,true,,316,251,1,2,http://localhost:8001/auth/login,172,0,0
1777221600589,170,Login for Token,200,OK,Review Submission Load Test 3-194,text,true,,316,251,1,2,http://localhost:8001/auth/login,170,0,0
1777221600759,3,POST /reviews/,400,Bad Request,Review Submission Load Test 3-194,text,false,"Test failed: code expected to equal /

****** received  : [[[400]]]

****** comparison: [[[201]]]

/",188,440,1,2,http://localhost:8004/reviews/,3,0,1
1777221600767,3,GET /restaurants?q=ramen,200,OK,Restaurant Search Load Test 2-195,text,true,,587,137,1,2,http://localhost:8002/restaurants/?q=ramen,3,0,0
1777221600731,172,POST /auth/login,200,OK,Login Load Test 1-195,text,true,,316,251,1,2,http://localhost:8001/auth/login,172,0,0
1777221600788,170,Login for Token,200,OK,Review Submission Load Test 3-195,text,true,,316,251,1,2,http://localhost:8001/auth/login,170,0,0
1777221600959,2,POST /reviews/,400,Bad Request,Review Submission Load Test 3-195,text,false,"Test failed: code expected to equal /

****** received  : [[[400]]]

****** comparison: [[[201]]]

/",188,440,1,2,http://localhost:8004/reviews/,2,0,0
1777221600963,4,GET /restaurants?q=ramen,200,OK,Restaurant Search Load Test 2-196,text,true,,587,137,1,2,http://localhost:8002/restaurants/?q=ramen,4,0,0
1777221600926,172,POST /auth/login,200,OK,Login Load Test 1-196,text,true,,316,251,1,2,http://localhost:8001/auth/login,171,0,0
1777221600991,172,Login for Token,200,OK,Review Submission Load Test 3-196,text,true,,316,251,1,3,http://localhost:8001/auth/login,172,0,0
1777221601163,2,POST /reviews/,400,Bad Request,Review Submission Load Test 3-196,text,false,"Test failed: code expected to equal /

****** received  : [[[400]]]

****** comparison: [[[201]]]

/",188,440,1,3,http://localhost:8004/reviews/,2,0,0
1777221601162,3,GET /restaurants?q=ramen,200,OK,Restaurant Search Load Test 2-197,text,true,,587,137,1,2,http://localhost:8002/restaurants/?q=ramen,3,0,0
1777221601128,171,POST /auth/login,200,OK,Login Load Test 1-197,text,true,,316,251,1,2,http://localhost:8001/auth/login,171,0,1
1777221601187,171,Login for Token,200,OK,Review Submission Load Test 3-197,text,true,,316,251,1,2,http://localhost:8001/auth/login,171,0,0
1777221601358,2,POST /reviews/,400,Bad Request,Review Submission Load Test 3-197,text,false,"Test failed: code expected to equal /

****** received  : [[[400]]]

****** comparison: [[[201]]]

/",188,440,1,2,http://localhost:8004/reviews/,2,0,0
1777221601364,3,GET /restaurants?q=ramen,200,OK,Restaurant Search Load Test 2-198,text,true,,587,137,1,2,http://localhost:8002/restaurants/?q=ramen,3,0,0
1777221601330,171,POST /auth/login,200,OK,Login Load Test 1-198,text,true,,316,251,1,2,http://localhost:8001/auth/login,171,0,0
1777221601391,170,Login for Token,200,OK,Review Submission Load Test 3-198,text,true,,316,251,1,2,http://localhost:8001/auth/login,170,0,0
1777221601562,2,POST /reviews/,400,Bad Request,Review Submission Load Test 3-198,text,false,"Test failed: code expected to equal /

****** received  : [[[400]]]

****** comparison: [[[201]]]

/",188,440,1,2,http://localhost:8004/reviews/,2,0,0
1777221601567,3,GET /restaurants?q=ramen,200,OK,Restaurant Search Load Test 2-199,text,true,,587,137,1,2,http://localhost:8002/restaurants/?q=ramen,3,0,0
1777221601531,172,POST /auth/login,200,OK,Login Load Test 1-199,text,true,,316,251,1,2,http://localhost:8001/auth/login,172,0,0
1777221601589,171,Login for Token,200,OK,Review Submission Load Test 3-199,text,true,,316,251,1,2,http://localhost:8001/auth/login,171,0,0
1777221601760,2,POST /reviews/,400,Bad Request,Review Submission Load Test 3-199,text,false,"Test failed: code expected to equal /

****** received  : [[[400]]]

****** comparison: [[[201]]]

/",188,440,1,2,http://localhost:8004/reviews/,2,0,0
1777221601766,3,GET /restaurants?q=ramen,200,OK,Restaurant Search Load Test 2-200,text,true,,587,137,1,2,http://localhost:8002/restaurants/?q=ramen,3,0,0
1777221601726,172,POST /auth/login,200,OK,Login Load Test 1-200,text,true,,316,251,1,2,http://localhost:8001/auth/login,172,0,1
1777221601791,171,Login for Token,200,OK,Review Submission Load Test 3-200,text,true,,316,251,1,2,http://localhost:8001/auth/login,171,0,0
1777221601962,2,POST /reviews/,400,Bad Request,Review Submission Load Test 3-200,text,false,"Test failed: code expected to equal /

****** received  : [[[400]]]

****** comparison: [[[201]]]

/",188,440,1,3,http://localhost:8004/reviews/,2,0,0
1777221601962,3,GET /restaurants?q=ramen,200,OK,Restaurant Search Load Test 2-201,text,true,,587,137,1,2,http://localhost:8002/restaurants/?q=ramen,3,0,0
1777221601928,172,POST /auth/login,200,OK,Login Load Test 1-201,text,true,,316,251,1,2,http://localhost:8001/auth/login,172,0,1
1777221601987,173,Login for Token,200,OK,Review Submission Load Test 3-201,text,true,,316,251,1,2,http://localhost:8001/auth/login,173,0,0
1777221602161,2,POST /reviews/,400,Bad Request,Review Submission Load Test 3-201,text,false,"Test failed: code expected to equal /

****** received  : [[[400]]]

****** comparison: [[[201]]]

/",188,440,1,2,http://localhost:8004/reviews/,2,0,0
1777221602164,3,GET /restaurants?q=ramen,200,OK,Restaurant Search Load Test 2-202,text,true,,587,137,1,2,http://localhost:8002/restaurants/?q=ramen,3,0,0
1777221602128,171,POST /auth/login,200,OK,Login Load Test 1-202,text,true,,316,251,1,2,http://localhost:8001/auth/login,171,0,0
1777221602190,170,Login for Token,200,OK,Review Submission Load Test 3-202,text,true,,316,251,1,2,http://localhost:8001/auth/login,170,0,0
1777221602360,1,POST /reviews/,400,Bad Request,Review Submission Load Test 3-202,text,false,"Test failed: code expected to equal /

****** received  : [[[400]]]

****** comparison: [[[201]]]

/",188,440,1,2,http://localhost:8004/reviews/,1,0,0
1777221602363,3,GET /restaurants?q=ramen,200,OK,Restaurant Search Load Test 2-203,text,true,,587,137,1,2,http://localhost:8002/restaurants/?q=ramen,3,0,1
1777221602329,171,POST /auth/login,200,OK,Login Load Test 1-203,text,true,,316,251,1,2,http://localhost:8001/auth/login,171,0,1
1777221602388,171,Login for Token,200,OK,Review Submission Load Test 3-203,text,true,,316,251,1,2,http://localhost:8001/auth/login,171,0,1
1777221602559,3,POST /reviews/,400,Bad Request,Review Submission Load Test 3-203,text,false,"Test failed: code expected to equal /

****** received  : [[[400]]]

****** comparison: [[[201]]]

/",188,440,1,2,http://localhost:8004/reviews/,3,0,0
1777221602566,1,GET /restaurants?q=ramen,200,OK,Restaurant Search Load Test 2-204,text,true,,587,137,1,2,http://localhost:8002/restaurants/?q=ramen,1,0,0
1777221602531,171,POST /auth/login,200,OK,Login Load Test 1-204,text,true,,316,251,1,2,http://localhost:8001/auth/login,171,0,0
1777221602591,172,Login for Token,200,OK,Review Submission Load Test 3-204,text,true,,316,251,1,2,http://localhost:8001/auth/login,172,0,1
1777221602763,2,POST /reviews/,400,Bad Request,Review Submission Load Test 3-204,text,false,"Test failed: code expected to equal /

****** received  : [[[400]]]

****** comparison: [[[201]]]

/",188,440,1,3,http://localhost:8004/reviews/,2,0,0
1777221602763,4,GET /restaurants?q=ramen,200,OK,Restaurant Search Load Test 2-205,text,true,,587,137,1,2,http://localhost:8002/restaurants/?q=ramen,4,0,0
1777221602726,172,POST /auth/login,200,OK,Login Load Test 1-205,text,true,,316,251,1,2,http://localhost:8001/auth/login,172,0,0
1777221602793,171,Login for Token,200,OK,Review Submission Load Test 3-205,text,true,,316,251,1,3,http://localhost:8001/auth/login,171,0,0
1777221602964,3,POST /reviews/,400,Bad Request,Review Submission Load Test 3-205,text,false,"Test failed: code expected to equal /

****** received  : [[[400]]]

****** comparison: [[[201]]]

/",188,440,1,3,http://localhost:8004/reviews/,3,0,0
1777221602963,4,GET /restaurants?q=ramen,200,OK,Restaurant Search Load Test 2-206,text,true,,587,137,1,2,http://localhost:8002/restaurants/?q=ramen,4,0,1
1777221602930,172,POST /auth/login,200,OK,Login Load Test 1-206,text,true,,316,251,1,2,http://localhost:8001/auth/login,172,0,0
1777221602989,173,Login for Token,200,OK,Review Submission Load Test 3-206,text,true,,316,251,1,2,http://localhost:8001/auth/login,173,0,0
1777221603162,2,POST /reviews/,400,Bad Request,Review Submission Load Test 3-206,text,false,"Test failed: code expected to equal /

****** received  : [[[400]]]

****** comparison: [[[201]]]

/",188,440,1,3,http://localhost:8004/reviews/,2,0,0
1777221603163,3,GET /restaurants?q=ramen,200,OK,Restaurant Search Load Test 2-207,text,true,,587,137,1,2,http://localhost:8002/restaurants/?q=ramen,3,0,1
1777221603129,170,POST /auth/login,200,OK,Login Load Test 1-207,text,true,,316,251,1,2,http://localhost:8001/auth/login,170,0,0
1777221603189,170,Login for Token,200,OK,Review Submission Load Test 3-207,text,true,,316,251,1,2,http://localhost:8001/auth/login,170,0,1
1777221603359,2,POST /reviews/,400,Bad Request,Review Submission Load Test 3-207,text,false,"Test failed: code expected to equal /

****** received  : [[[400]]]

****** comparison: [[[201]]]

/",188,440,1,2,http://localhost:8004/reviews/,2,0,1
1777221603368,4,GET /restaurants?q=ramen,200,OK,Restaurant Search Load Test 2-208,text,true,,587,137,1,2,http://localhost:8002/restaurants/?q=ramen,4,0,0
1777221603331,170,POST /auth/login,200,OK,Login Load Test 1-208,text,true,,316,251,1,2,http://localhost:8001/auth/login,170,0,0
1777221603392,170,Login for Token,200,OK,Review Submission Load Test 3-208,text,true,,316,251,1,2,http://localhost:8001/auth/login,170,0,0
1777221603562,2,POST /reviews/,400,Bad Request,Review Submission Load Test 3-208,text,false,"Test failed: code expected to equal /

****** received  : [[[400]]]

****** comparison: [[[201]]]

/",188,440,1,3,http://localhost:8004/reviews/,2,0,0
1777221603564,3,GET /restaurants?q=ramen,200,OK,Restaurant Search Load Test 2-209,text,true,,587,137,1,2,http://localhost:8002/restaurants/?q=ramen,3,0,0
1777221603527,171,POST /auth/login,200,OK,Login Load Test 1-209,text,true,,316,251,1,2,http://localhost:8001/auth/login,171,0,0
1777221603592,171,Login for Token,200,OK,Review Submission Load Test 3-209,text,true,,316,251,1,2,http://localhost:8001/auth/login,171,0,1
1777221603764,2,POST /reviews/,400,Bad Request,Review Submission Load Test 3-209,text,false,"Test failed: code expected to equal /

****** received  : [[[400]]]

****** comparison: [[[201]]]

/",188,440,1,3,http://localhost:8004/reviews/,2,0,0
1777221603764,3,GET /restaurants?q=ramen,200,OK,Restaurant Search Load Test 2-210,text,true,,587,137,1,2,http://localhost:8002/restaurants/?q=ramen,3,0,0
1777221603730,171,POST /auth/login,200,OK,Login Load Test 1-210,text,true,,316,251,1,2,http://localhost:8001/auth/login,171,0,0
1777221603792,172,Login for Token,200,OK,Review Submission Load Test 3-210,text,true,,316,251,1,3,http://localhost:8001/auth/login,172,0,0
1777221603964,1,POST /reviews/,400,Bad Request,Review Submission Load Test 3-210,text,false,"Test failed: code expected to equal /

****** received  : [[[400]]]

****** comparison: [[[201]]]

/",188,440,1,3,http://localhost:8004/reviews/,1,0,0
1777221603963,3,GET /restaurants?q=ramen,200,OK,Restaurant Search Load Test 2-211,text,true,,587,137,1,2,http://localhost:8002/restaurants/?q=ramen,3,0,1
1777221603929,172,POST /auth/login,200,OK,Login Load Test 1-211,text,true,,316,251,1,2,http://localhost:8001/auth/login,172,0,0
1777221603992,176,Login for Token,200,OK,Review Submission Load Test 3-211,text,true,,316,251,1,3,http://localhost:8001/auth/login,176,0,1
1777221604168,2,GET /restaurants?q=ramen,200,OK,Restaurant Search Load Test 2-212,text,true,,587,137,1,3,http://localhost:8002/restaurants/?q=ramen,2,0,0
1777221604169,1,POST /reviews/,400,Bad Request,Review Submission Load Test 3-211,text,false,"Test failed: code expected to equal /

****** received  : [[[400]]]

****** comparison: [[[201]]]

/",188,440,1,2,http://localhost:8004/reviews/,1,0,0
1777221604128,186,POST /auth/login,200,OK,Login Load Test 1-212,text,true,,316,251,1,2,http://localhost:8001/auth/login,186,0,1
1777221604368,2,GET /restaurants?q=ramen,200,OK,Restaurant Search Load Test 2-213,text,true,,587,137,1,3,http://localhost:8002/restaurants/?q=ramen,2,0,1
1777221604190,181,Login for Token,200,OK,Review Submission Load Test 3-212,text,true,,316,251,1,2,http://localhost:8001/auth/login,181,0,0
1777221604371,2,POST /reviews/,400,Bad Request,Review Submission Load Test 3-212,text,false,"Test failed: code expected to equal /

****** received  : [[[400]]]

****** comparison: [[[201]]]

/",188,440,1,2,http://localhost:8004/reviews/,2,0,0
1777221604327,171,POST /auth/login,200,OK,Login Load Test 1-213,text,true,,316,251,1,2,http://localhost:8001/auth/login,171,0,0
1777221604392,170,Login for Token,200,OK,Review Submission Load Test 3-213,text,true,,316,251,1,2,http://localhost:8001/auth/login,170,0,0
1777221604562,2,POST /reviews/,400,Bad Request,Review Submission Load Test 3-213,text,false,"Test failed: code expected to equal /

****** received  : [[[400]]]

****** comparison: [[[201]]]

/",188,440,1,2,http://localhost:8004/reviews/,2,0,1
1777221604565,3,GET /restaurants?q=ramen,200,OK,Restaurant Search Load Test 2-214,text,true,,587,137,1,2,http://localhost:8002/restaurants/?q=ramen,3,0,0
1777221604528,172,POST /auth/login,200,OK,Login Load Test 1-214,text,true,,316,251,1,2,http://localhost:8001/auth/login,172,0,1
1777221604591,172,Login for Token,200,OK,Review Submission Load Test 3-214,text,true,,316,251,1,2,http://localhost:8001/auth/login,172,0,1
1777221604763,2,POST /reviews/,400,Bad Request,Review Submission Load Test 3-214,text,false,"Test failed: code expected to equal /

****** received  : [[[400]]]

****** comparison: [[[201]]]

/",188,440,1,2,http://localhost:8004/reviews/,2,0,0
1777221604768,3,GET /restaurants?q=ramen,200,OK,Restaurant Search Load Test 2-215,text,true,,587,137,1,2,http://localhost:8002/restaurants/?q=ramen,3,0,0
1777221604728,171,POST /auth/login,200,OK,Login Load Test 1-215,text,true,,316,251,1,2,http://localhost:8001/auth/login,171,0,1
1777221604791,171,Login for Token,200,OK,Review Submission Load Test 3-215,text,true,,316,251,1,2,http://localhost:8001/auth/login,171,0,1
1777221604962,2,POST /reviews/,400,Bad Request,Review Submission Load Test 3-215,text,false,"Test failed: code expected to equal /

****** received  : [[[400]]]

****** comparison: [[[201]]]

/",188,440,1,2,http://localhost:8004/reviews/,2,0,0
1777221604968,4,GET /restaurants?q=ramen,200,OK,Restaurant Search Load Test 2-216,text,true,,587,137,1,2,http://localhost:8002/restaurants/?q=ramen,4,0,1
1777221604930,171,POST /auth/login,200,OK,Login Load Test 1-216,text,true,,316,251,1,2,http://localhost:8001/auth/login,171,0,0
1777221604987,172,Login for Token,200,OK,Review Submission Load Test 3-216,text,true,,316,251,1,2,http://localhost:8001/auth/login,172,0,0
1777221605160,1,POST /reviews/,400,Bad Request,Review Submission Load Test 3-216,text,false,"Test failed: code expected to equal /

****** received  : [[[400]]]

****** comparison: [[[201]]]

/",188,440,1,2,http://localhost:8004/reviews/,1,0,0
1777221605165,2,GET /restaurants?q=ramen,200,OK,Restaurant Search Load Test 2-217,text,true,,587,137,1,2,http://localhost:8002/restaurants/?q=ramen,2,0,0
1777221605129,171,POST /auth/login,200,OK,Login Load Test 1-217,text,true,,316,251,1,2,http://localhost:8001/auth/login,171,0,0
1777221605188,172,Login for Token,200,OK,Review Submission Load Test 3-217,text,true,,316,251,1,2,http://localhost:8001/auth/login,172,0,0
1777221605360,2,POST /reviews/,400,Bad Request,Review Submission Load Test 3-217,text,false,"Test failed: code expected to equal /

****** received  : [[[400]]]

****** comparison: [[[201]]]

/",188,440,1,2,http://localhost:8004/reviews/,2,0,0
1777221605368,4,GET /restaurants?q=ramen,200,OK,Restaurant Search Load Test 2-218,text,true,,587,137,1,2,http://localhost:8002/restaurants/?q=ramen,4,0,0
1777221605326,172,POST /auth/login,200,OK,Login Load Test 1-218,text,true,,316,251,1,2,http://localhost:8001/auth/login,172,0,0
1777221605390,173,Login for Token,200,OK,Review Submission Load Test 3-218,text,true,,316,251,1,2,http://localhost:8001/auth/login,173,0,1
1777221605563,3,POST /reviews/,400,Bad Request,Review Submission Load Test 3-218,text,false,"Test failed: code expected to equal /

****** received  : [[[400]]]

****** comparison: [[[201]]]

/",188,440,1,2,http://localhost:8004/reviews/,3,0,1
1777221605567,3,GET /restaurants?q=ramen,200,OK,Restaurant Search Load Test 2-219,text,true,,587,137,1,2,http://localhost:8002/restaurants/?q=ramen,3,0,0
1777221605525,174,POST /auth/login,200,OK,Login Load Test 1-219,text,true,,316,251,1,2,http://localhost:8001/auth/login,174,0,0
1777221605592,173,Login for Token,200,OK,Review Submission Load Test 3-219,text,true,,316,251,1,2,http://localhost:8001/auth/login,173,0,0
1777221605765,2,POST /reviews/,400,Bad Request,Review Submission Load Test 3-219,text,false,"Test failed: code expected to equal /

****** received  : [[[400]]]

****** comparison: [[[201]]]

/",188,440,1,2,http://localhost:8004/reviews/,2,0,0
1777221605768,4,GET /restaurants?q=ramen,200,OK,Restaurant Search Load Test 2-220,text,true,,587,137,1,2,http://localhost:8002/restaurants/?q=ramen,4,0,0
1777221605729,173,POST /auth/login,200,OK,Login Load Test 1-220,text,true,,316,251,1,2,http://localhost:8001/auth/login,173,0,0
1777221605791,173,Login for Token,200,OK,Review Submission Load Test 3-220,text,true,,316,251,1,3,http://localhost:8001/auth/login,173,0,1
1777221605964,2,POST /reviews/,400,Bad Request,Review Submission Load Test 3-220,text,false,"Test failed: code expected to equal /

****** received  : [[[400]]]

****** comparison: [[[201]]]

/",188,440,1,3,http://localhost:8004/reviews/,2,0,0
1777221605963,4,GET /restaurants?q=ramen,200,OK,Restaurant Search Load Test 2-221,text,true,,587,137,1,2,http://localhost:8002/restaurants/?q=ramen,4,0,1
1777221605925,172,POST /auth/login,200,OK,Login Load Test 1-221,text,true,,316,251,1,2,http://localhost:8001/auth/login,172,0,0
1777221605991,172,Login for Token,200,OK,Review Submission Load Test 3-221,text,true,,316,251,1,3,http://localhost:8001/auth/login,172,0,1
1777221606163,2,GET /restaurants?q=ramen,200,OK,Restaurant Search Load Test 2-222,text,true,,587,137,1,3,http://localhost:8002/restaurants/?q=ramen,2,0,0
1777221606163,2,POST /reviews/,400,Bad Request,Review Submission Load Test 3-221,text,false,"Test failed: code expected to equal /

****** received  : [[[400]]]

****** comparison: [[[201]]]

/",188,440,1,2,http://localhost:8004/reviews/,2,0,1
1777221606129,171,POST /auth/login,200,OK,Login Load Test 1-222,text,true,,316,251,1,2,http://localhost:8001/auth/login,171,0,0
1777221606192,171,Login for Token,200,OK,Review Submission Load Test 3-222,text,true,,316,251,1,3,http://localhost:8001/auth/login,171,0,1
1777221606363,2,POST /reviews/,400,Bad Request,Review Submission Load Test 3-222,text,false,"Test failed: code expected to equal /

****** received  : [[[400]]]

****** comparison: [[[201]]]

/",188,440,1,3,http://localhost:8004/reviews/,2,0,0
1777221606363,4,GET /restaurants?q=ramen,200,OK,Restaurant Search Load Test 2-223,text,true,,587,137,1,2,http://localhost:8002/restaurants/?q=ramen,4,0,0
1777221606328,172,POST /auth/login,200,OK,Login Load Test 1-223,text,true,,316,251,1,2,http://localhost:8001/auth/login,172,0,0
1777221606387,171,Login for Token,200,OK,Review Submission Load Test 3-223,text,true,,316,251,1,2,http://localhost:8001/auth/login,171,0,1
1777221606559,1,POST /reviews/,400,Bad Request,Review Submission Load Test 3-223,text,false,"Test failed: code expected to equal /

****** received  : [[[400]]]

****** comparison: [[[201]]]

/",188,440,1,2,http://localhost:8004/reviews/,1,0,0
1777221606568,3,GET /restaurants?q=ramen,200,OK,Restaurant Search Load Test 2-224,text,true,,587,137,1,2,http://localhost:8002/restaurants/?q=ramen,3,0,0
1777221606524,171,POST /auth/login,200,OK,Login Load Test 1-224,text,true,,316,251,1,2,http://localhost:8001/auth/login,171,0,0
1777221606592,172,Login for Token,200,OK,Review Submission Load Test 3-224,text,true,,316,251,1,3,http://localhost:8001/auth/login,172,0,0
1777221606763,3,GET /restaurants?q=ramen,200,OK,Restaurant Search Load Test 2-225,text,true,,587,137,1,3,http://localhost:8002/restaurants/?q=ramen,3,0,1
1777221606765,2,POST /reviews/,400,Bad Request,Review Submission Load Test 3-224,text,false,"Test failed: code expected to equal /

****** received  : [[[400]]]

****** comparison: [[[201]]]

/",188,440,1,2,http://localhost:8004/reviews/,2,0,0
1777221606729,172,POST /auth/login,200,OK,Login Load Test 1-225,text,true,,316,251,1,2,http://localhost:8001/auth/login,172,0,1
1777221606792,171,Login for Token,200,OK,Review Submission Load Test 3-225,text,true,,316,251,1,2,http://localhost:8001/auth/login,171,0,0
1777221606963,3,POST /reviews/,400,Bad Request,Review Submission Load Test 3-225,text,false,"Test failed: code expected to equal /

****** received  : [[[400]]]

****** comparison: [[[201]]]

/",188,440,1,2,http://localhost:8004/reviews/,3,0,1
1777221606968,4,GET /restaurants?q=ramen,200,OK,Restaurant Search Load Test 2-226,text,true,,587,137,1,2,http://localhost:8002/restaurants/?q=ramen,4,0,0
1777221606927,172,POST /auth/login,200,OK,Login Load Test 1-226,text,true,,316,251,1,2,http://localhost:8001/auth/login,172,0,1
1777221606988,173,Login for Token,200,OK,Review Submission Load Test 3-226,text,true,,316,251,1,2,http://localhost:8001/auth/login,173,0,1
1777221607160,2,POST /reviews/,400,Bad Request,Review Submission Load Test 3-226,text,false,"Test failed: code expected to equal /

****** received  : [[[400]]]

****** comparison: [[[201]]]

/",188,440,1,2,http://localhost:8004/reviews/,2,0,0
1777221607162,2,GET /restaurants?q=ramen,200,OK,Restaurant Search Load Test 2-227,text,true,,587,137,1,2,http://localhost:8002/restaurants/?q=ramen,2,0,1
1777221607122,172,POST /auth/login,200,OK,Login Load Test 1-227,text,true,,316,251,1,2,http://localhost:8001/auth/login,172,0,0
1777221607187,171,Login for Token,200,OK,Review Submission Load Test 3-227,text,true,,316,251,1,2,http://localhost:8001/auth/login,171,0,1
1777221607359,1,POST /reviews/,400,Bad Request,Review Submission Load Test 3-227,text,false,"Test failed: code expected to equal /

****** received  : [[[400]]]

****** comparison: [[[201]]]

/",188,440,1,2,http://localhost:8004/reviews/,1,0,0
1777221607367,3,GET /restaurants?q=ramen,200,OK,Restaurant Search Load Test 2-228,text,true,,587,137,1,2,http://localhost:8002/restaurants/?q=ramen,3,0,1
1777221607327,172,POST /auth/login,200,OK,Login Load Test 1-228,text,true,,316,251,1,2,http://localhost:8001/auth/login,172,0,1
1777221607387,171,Login for Token,200,OK,Review Submission Load Test 3-228,text,true,,316,251,1,2,http://localhost:8001/auth/login,171,0,1
1777221607558,3,POST /reviews/,400,Bad Request,Review Submission Load Test 3-228,text,false,"Test failed: code expected to equal /

****** received  : [[[400]]]

****** comparison: [[[201]]]

/",188,440,1,2,http://localhost:8004/reviews/,3,0,1
1777221607567,3,GET /restaurants?q=ramen,200,OK,Restaurant Search Load Test 2-229,text,true,,587,137,1,2,http://localhost:8002/restaurants/?q=ramen,3,0,0
1777221607526,171,POST /auth/login,200,OK,Login Load Test 1-229,text,true,,316,251,1,2,http://localhost:8001/auth/login,171,0,0
1777221607587,175,Login for Token,200,OK,Review Submission Load Test 3-229,text,true,,316,251,1,2,http://localhost:8001/auth/login,175,0,0
1777221607763,1,POST /reviews/,400,Bad Request,Review Submission Load Test 3-229,text,false,"Test failed: code expected to equal /

****** received  : [[[400]]]

****** comparison: [[[201]]]

/",188,440,1,3,http://localhost:8004/reviews/,1,0,0
1777221607763,2,GET /restaurants?q=ramen,200,OK,Restaurant Search Load Test 2-230,text,true,,587,137,1,2,http://localhost:8002/restaurants/?q=ramen,2,0,0
1777221607723,187,POST /auth/login,200,OK,Login Load Test 1-230,text,true,,316,251,1,2,http://localhost:8001/auth/login,187,0,1
1777221607964,2,GET /restaurants?q=ramen,200,OK,Restaurant Search Load Test 2-231,text,true,,587,137,1,3,http://localhost:8002/restaurants/?q=ramen,2,0,1
1777221607791,185,Login for Token,200,OK,Review Submission Load Test 3-230,text,true,,316,251,1,2,http://localhost:8001/auth/login,185,0,0
1777221607976,2,POST /reviews/,400,Bad Request,Review Submission Load Test 3-230,text,false,"Test failed: code expected to equal /

****** received  : [[[400]]]

****** comparison: [[[201]]]

/",188,440,1,2,http://localhost:8004/reviews/,2,0,0
1777221607926,184,POST /auth/login,200,OK,Login Load Test 1-231,text,true,,316,251,1,2,http://localhost:8001/auth/login,184,0,0
1777221608166,1,GET /restaurants?q=ramen,200,OK,Restaurant Search Load Test 2-232,text,true,,587,137,1,3,http://localhost:8002/restaurants/?q=ramen,1,0,0
1777221607988,182,Login for Token,200,OK,Review Submission Load Test 3-231,text,true,,316,251,1,2,http://localhost:8001/auth/login,182,0,0
1777221608170,2,POST /reviews/,400,Bad Request,Review Submission Load Test 3-231,text,false,"Test failed: code expected to equal /

****** received  : [[[400]]]

****** comparison: [[[201]]]

/",188,440,1,2,http://localhost:8004/reviews/,2,0,1
1777221608124,173,POST /auth/login,200,OK,Login Load Test 1-232,text,true,,316,251,1,2,http://localhost:8001/auth/login,173,0,1
1777221608192,170,Login for Token,200,OK,Review Submission Load Test 3-232,text,true,,316,251,1,2,http://localhost:8001/auth/login,170,0,0
1777221608362,2,POST /reviews/,400,Bad Request,Review Submission Load Test 3-232,text,false,"Test failed: code expected to equal /

****** received  : [[[400]]]

****** comparison: [[[201]]]

/",188,440,1,3,http://localhost:8004/reviews/,2,0,0
1777221608363,3,GET /restaurants?q=ramen,200,OK,Restaurant Search Load Test 2-233,text,true,,587,137,1,2,http://localhost:8002/restaurants/?q=ramen,3,0,0
1777221608322,171,POST /auth/login,200,OK,Login Load Test 1-233,text,true,,316,251,1,2,http://localhost:8001/auth/login,171,0,0
1777221608388,170,Login for Token,200,OK,Review Submission Load Test 3-233,text,true,,316,251,1,2,http://localhost:8001/auth/login,170,0,0
1777221608558,2,POST /reviews/,400,Bad Request,Review Submission Load Test 3-233,text,false,"Test failed: code expected to equal /

****** received  : [[[400]]]

****** comparison: [[[201]]]

/",188,440,1,2,http://localhost:8004/reviews/,2,0,0
1777221608562,4,GET /restaurants?q=ramen,200,OK,Restaurant Search Load Test 2-234,text,true,,587,137,1,2,http://localhost:8002/restaurants/?q=ramen,4,0,0
1777221608524,173,POST /auth/login,200,OK,Login Load Test 1-234,text,true,,316,251,1,2,http://localhost:8001/auth/login,173,0,0
1777221608590,171,Login for Token,200,OK,Review Submission Load Test 3-234,text,true,,316,251,1,2,http://localhost:8001/auth/login,171,0,0
1777221608761,2,POST /reviews/,400,Bad Request,Review Submission Load Test 3-234,text,false,"Test failed: code expected to equal /

****** received  : [[[400]]]

****** comparison: [[[201]]]

/",188,440,1,2,http://localhost:8004/reviews/,2,0,0
1777221608764,3,GET /restaurants?q=ramen,200,OK,Restaurant Search Load Test 2-235,text,true,,587,137,1,2,http://localhost:8002/restaurants/?q=ramen,3,0,0
1777221608727,172,POST /auth/login,200,OK,Login Load Test 1-235,text,true,,316,251,1,2,http://localhost:8001/auth/login,172,0,1
1777221608787,172,Login for Token,200,OK,Review Submission Load Test 3-235,text,true,,316,251,1,2,http://localhost:8001/auth/login,172,0,1
1777221608959,2,POST /reviews/,400,Bad Request,Review Submission Load Test 3-235,text,false,"Test failed: code expected to equal /

****** received  : [[[400]]]

****** comparison: [[[201]]]

/",188,440,1,2,http://localhost:8004/reviews/,2,0,0
1777221608966,4,GET /restaurants?q=ramen,200,OK,Restaurant Search Load Test 2-236,text,true,,587,137,1,2,http://localhost:8002/restaurants/?q=ramen,4,0,0
1777221608923,172,POST /auth/login,200,OK,Login Load Test 1-236,text,true,,316,251,1,2,http://localhost:8001/auth/login,172,0,0
1777221608987,172,Login for Token,200,OK,Review Submission Load Test 3-236,text,true,,316,251,1,2,http://localhost:8001/auth/login,172,0,1
1777221609160,2,POST /reviews/,400,Bad Request,Review Submission Load Test 3-236,text,false,"Test failed: code expected to equal /

****** received  : [[[400]]]

****** comparison: [[[201]]]

/",188,440,1,2,http://localhost:8004/reviews/,2,0,0
1777221609165,3,GET /restaurants?q=ramen,200,OK,Restaurant Search Load Test 2-237,text,true,,587,137,1,2,http://localhost:8002/restaurants/?q=ramen,3,0,0
1777221609120,172,POST /auth/login,200,OK,Login Load Test 1-237,text,true,,316,251,1,2,http://localhost:8001/auth/login,172,0,0
1777221609187,170,Login for Token,200,OK,Review Submission Load Test 3-237,text,true,,316,251,1,2,http://localhost:8001/auth/login,170,0,0
1777221609358,2,POST /reviews/,400,Bad Request,Review Submission Load Test 3-237,text,false,"Test failed: code expected to equal /

****** received  : [[[400]]]

****** comparison: [[[201]]]

/",188,440,1,2,http://localhost:8004/reviews/,2,0,0
1777221609367,4,GET /restaurants?q=ramen,200,OK,Restaurant Search Load Test 2-238,text,true,,587,137,1,2,http://localhost:8002/restaurants/?q=ramen,4,0,0
1777221609319,172,POST /auth/login,200,OK,Login Load Test 1-238,text,true,,316,251,1,2,http://localhost:8001/auth/login,172,0,1
1777221609387,171,Login for Token,200,OK,Review Submission Load Test 3-238,text,true,,316,251,1,2,http://localhost:8001/auth/login,171,0,0
1777221609558,2,POST /reviews/,400,Bad Request,Review Submission Load Test 3-238,text,false,"Test failed: code expected to equal /

****** received  : [[[400]]]

****** comparison: [[[201]]]

/",188,440,1,2,http://localhost:8004/reviews/,2,0,0
1777221609564,4,GET /restaurants?q=ramen,200,OK,Restaurant Search Load Test 2-239,text,true,,587,137,1,2,http://localhost:8002/restaurants/?q=ramen,4,0,0
1777221609522,172,POST /auth/login,200,OK,Login Load Test 1-239,text,true,,316,251,1,2,http://localhost:8001/auth/login,172,0,0
1777221609587,171,Login for Token,200,OK,Review Submission Load Test 3-239,text,true,,316,251,1,2,http://localhost:8001/auth/login,171,0,1
1777221609758,3,POST /reviews/,400,Bad Request,Review Submission Load Test 3-239,text,false,"Test failed: code expected to equal /

****** received  : [[[400]]]

****** comparison: [[[201]]]

/",188,440,1,2,http://localhost:8004/reviews/,3,0,1
1777221609762,4,GET /restaurants?q=ramen,200,OK,Restaurant Search Load Test 2-240,text,true,,587,137,1,2,http://localhost:8002/restaurants/?q=ramen,4,0,0
1777221609722,171,POST /auth/login,200,OK,Login Load Test 1-240,text,true,,316,251,1,2,http://localhost:8001/auth/login,171,0,0
1777221609791,170,Login for Token,200,OK,Review Submission Load Test 3-240,text,true,,316,251,1,2,http://localhost:8001/auth/login,170,0,0
1777221609962,2,POST /reviews/,400,Bad Request,Review Submission Load Test 3-240,text,false,"Test failed: code expected to equal /

****** received  : [[[400]]]

****** comparison: [[[201]]]

/",188,440,1,2,http://localhost:8004/reviews/,2,0,0
1777221609964,4,GET /restaurants?q=ramen,200,OK,Restaurant Search Load Test 2-241,text,true,,587,137,1,2,http://localhost:8002/restaurants/?q=ramen,4,0,0
1777221609925,171,POST /auth/login,200,OK,Login Load Test 1-241,text,true,,316,251,1,2,http://localhost:8001/auth/login,171,0,0
1777221609991,172,Login for Token,200,OK,Review Submission Load Test 3-241,text,true,,316,251,1,3,http://localhost:8001/auth/login,172,0,0
1777221610161,3,GET /restaurants?q=ramen,200,OK,Restaurant Search Load Test 2-242,text,true,,587,137,1,3,http://localhost:8002/restaurants/?q=ramen,3,0,1
1777221610163,2,POST /reviews/,400,Bad Request,Review Submission Load Test 3-241,text,false,"Test failed: code expected to equal /

****** received  : [[[400]]]

****** comparison: [[[201]]]

/",188,440,1,2,http://localhost:8004/reviews/,2,0,0
1777221610125,172,POST /auth/login,200,OK,Login Load Test 1-242,text,true,,316,251,1,2,http://localhost:8001/auth/login,172,0,0
1777221610187,172,Login for Token,200,OK,Review Submission Load Test 3-242,text,true,,316,251,1,2,http://localhost:8001/auth/login,172,0,1
1777221610359,2,POST /reviews/,400,Bad Request,Review Submission Load Test 3-242,text,false,"Test failed: code expected to equal /

****** received  : [[[400]]]

****** comparison: [[[201]]]

/",188,440,1,2,http://localhost:8004/reviews/,2,0,0
1777221610363,2,GET /restaurants?q=ramen,200,OK,Restaurant Search Load Test 2-243,text,true,,587,137,1,2,http://localhost:8002/restaurants/?q=ramen,1,0,0
1777221610323,191,POST /auth/login,200,OK,Login Load Test 1-243,text,true,,316,251,1,2,http://localhost:8001/auth/login,191,0,0
1777221610566,2,GET /restaurants?q=ramen,200,OK,Restaurant Search Load Test 2-244,text,true,,587,137,1,3,http://localhost:8002/restaurants/?q=ramen,2,0,0
1777221610387,194,Login for Token,200,OK,Review Submission Load Test 3-243,text,true,,316,251,1,2,http://localhost:8001/auth/login,194,0,1
1777221610581,1,POST /reviews/,400,Bad Request,Review Submission Load Test 3-243,text,false,"Test failed: code expected to equal /

****** received  : [[[400]]]

****** comparison: [[[201]]]

/",188,440,1,2,http://localhost:8004/reviews/,1,0,0
1777221610518,178,POST /auth/login,200,OK,Login Load Test 1-244,text,true,,316,251,1,2,http://localhost:8001/auth/login,178,0,1
1777221610592,173,Login for Token,200,OK,Review Submission Load Test 3-244,text,true,,316,251,1,2,http://localhost:8001/auth/login,173,0,0
1777221610765,2,POST /reviews/,400,Bad Request,Review Submission Load Test 3-244,text,false,"Test failed: code expected to equal /

****** received  : [[[400]]]

****** comparison: [[[201]]]

/",188,440,1,3,http://localhost:8004/reviews/,2,0,1
1777221610766,2,GET /restaurants?q=ramen,200,OK,Restaurant Search Load Test 2-245,text,true,,587,137,1,2,http://localhost:8002/restaurants/?q=ramen,2,0,0
1777221610727,173,POST /auth/login,200,OK,Login Load Test 1-245,text,true,,316,251,1,2,http://localhost:8001/auth/login,173,0,1
1777221610791,171,Login for Token,200,OK,Review Submission Load Test 3-245,text,true,,316,251,1,2,http://localhost:8001/auth/login,171,0,0
1777221610962,2,POST /reviews/,400,Bad Request,Review Submission Load Test 3-245,text,false,"Test failed: code expected to equal /

****** received  : [[[400]]]

****** comparison: [[[201]]]

/",188,440,1,2,http://localhost:8004/reviews/,2,0,0
1777221610967,3,GET /restaurants?q=ramen,200,OK,Restaurant Search Load Test 2-246,text,true,,587,137,1,2,http://localhost:8002/restaurants/?q=ramen,3,0,0
1777221610926,172,POST /auth/login,200,OK,Login Load Test 1-246,text,true,,316,251,1,2,http://localhost:8001/auth/login,172,0,0
1777221610990,172,Login for Token,200,OK,Review Submission Load Test 3-246,text,true,,316,251,1,2,http://localhost:8001/auth/login,172,0,0
1777221611162,2,POST /reviews/,400,Bad Request,Review Submission Load Test 3-246,text,false,"Test failed: code expected to equal /

****** received  : [[[400]]]

****** comparison: [[[201]]]

/",188,440,1,3,http://localhost:8004/reviews/,2,0,1
1777221611163,3,GET /restaurants?q=ramen,200,OK,Restaurant Search Load Test 2-247,text,true,,587,137,1,2,http://localhost:8002/restaurants/?q=ramen,3,0,0
1777221611121,171,POST /auth/login,200,OK,Login Load Test 1-247,text,true,,316,251,1,2,http://localhost:8001/auth/login,171,0,0
1777221611187,171,Login for Token,200,OK,Review Submission Load Test 3-247,text,true,,316,251,1,2,http://localhost:8001/auth/login,171,0,1
1777221611358,2,POST /reviews/,400,Bad Request,Review Submission Load Test 3-247,text,false,"Test failed: code expected to equal /

****** received  : [[[400]]]

****** comparison: [[[201]]]

/",188,440,1,2,http://localhost:8004/reviews/,2,0,0
1777221611364,2,GET /restaurants?q=ramen,200,OK,Restaurant Search Load Test 2-248,text,true,,587,137,1,2,http://localhost:8002/restaurants/?q=ramen,2,0,0
1777221611321,172,POST /auth/login,200,OK,Login Load Test 1-248,text,true,,316,251,1,2,http://localhost:8001/auth/login,172,0,0
1777221611387,172,Login for Token,200,OK,Review Submission Load Test 3-248,text,true,,316,251,1,2,http://localhost:8001/auth/login,172,0,1
1777221611559,2,POST /reviews/,400,Bad Request,Review Submission Load Test 3-248,text,false,"Test failed: code expected to equal /

****** received  : [[[400]]]

****** comparison: [[[201]]]

/",188,440,1,2,http://localhost:8004/reviews/,2,0,0
1777221611567,4,GET /restaurants?q=ramen,200,OK,Restaurant Search Load Test 2-249,text,true,,587,137,1,2,http://localhost:8002/restaurants/?q=ramen,4,0,0
1777221611523,172,POST /auth/login,200,OK,Login Load Test 1-249,text,true,,316,251,1,2,http://localhost:8001/auth/login,172,0,1
1777221611590,173,Login for Token,200,OK,Review Submission Load Test 3-249,text,true,,316,251,1,2,http://localhost:8001/auth/login,173,0,1
1777221611763,3,POST /reviews/,400,Bad Request,Review Submission Load Test 3-249,text,false,"Test failed: code expected to equal /

****** received  : [[[400]]]

****** comparison: [[[201]]]

/",188,440,1,3,http://localhost:8004/reviews/,3,0,0
1777221611763,4,GET /restaurants?q=ramen,200,OK,Restaurant Search Load Test 2-250,text,true,,587,137,1,2,http://localhost:8002/restaurants/?q=ramen,4,0,1
1777221611718,172,POST /auth/login,200,OK,Login Load Test 1-250,text,true,,316,251,1,2,http://localhost:8001/auth/login,172,0,0
1777221611791,170,Login for Token,200,OK,Review Submission Load Test 3-250,text,true,,316,251,1,2,http://localhost:8001/auth/login,170,0,0
1777221611962,2,POST /reviews/,400,Bad Request,Review Submission Load Test 3-250,text,false,"Test failed: code expected to equal /

****** received  : [[[400]]]

****** comparison: [[[201]]]

/",188,440,1,2,http://localhost:8004/reviews/,2,0,0
1777221611966,3,GET /restaurants?q=ramen,200,OK,Restaurant Search Load Test 2-251,text,true,,587,137,1,2,http://localhost:8002/restaurants/?q=ramen,3,0,0
1777221611927,171,POST /auth/login,200,OK,Login Load Test 1-251,text,true,,316,249,1,2,http://localhost:8001/auth/login,171,0,1
1777221611987,172,Login for Token,200,OK,Review Submission Load Test 3-251,text,true,,316,249,1,2,http://localhost:8001/auth/login,172,0,1
1777221612159,2,POST /reviews/,400,Bad Request,Review Submission Load Test 3-251,text,false,"Test failed: code expected to equal /

****** received  : [[[400]]]

****** comparison: [[[201]]]

/",188,440,1,2,http://localhost:8004/reviews/,2,0,0
1777221612167,2,GET /restaurants?q=ramen,200,OK,Restaurant Search Load Test 2-252,text,true,,587,137,1,2,http://localhost:8002/restaurants/?q=ramen,2,0,0
1777221612121,171,POST /auth/login,200,OK,Login Load Test 1-252,text,true,,316,249,1,2,http://localhost:8001/auth/login,171,0,0
1777221612190,170,Login for Token,200,OK,Review Submission Load Test 3-252,text,true,,316,249,1,2,http://localhost:8001/auth/login,170,0,1
1777221612361,2,POST /reviews/,400,Bad Request,Review Submission Load Test 3-252,text,false,"Test failed: code expected to equal /

****** received  : [[[400]]]

****** comparison: [[[201]]]

/",188,440,1,2,http://localhost:8004/reviews/,2,0,0
1777221612363,4,GET /restaurants?q=ramen,200,OK,Restaurant Search Load Test 2-253,text,true,,587,137,1,2,http://localhost:8002/restaurants/?q=ramen,4,0,1
1777221612325,171,POST /auth/login,200,OK,Login Load Test 1-253,text,true,,316,249,1,2,http://localhost:8001/auth/login,171,0,0
1777221612391,170,Login for Token,200,OK,Review Submission Load Test 3-253,text,true,,316,249,1,2,http://localhost:8001/auth/login,170,0,0
1777221612562,1,POST /reviews/,400,Bad Request,Review Submission Load Test 3-253,text,false,"Test failed: code expected to equal /

****** received  : [[[400]]]

****** comparison: [[[201]]]

/",188,440,1,2,http://localhost:8004/reviews/,1,0,0
1777221612564,3,GET /restaurants?q=ramen,200,OK,Restaurant Search Load Test 2-254,text,true,,587,137,1,2,http://localhost:8002/restaurants/?q=ramen,3,0,0
1777221612521,170,POST /auth/login,200,OK,Login Load Test 1-254,text,true,,316,249,1,2,http://localhost:8001/auth/login,170,0,0
1777221612587,175,Login for Token,200,OK,Review Submission Load Test 3-254,text,true,,316,249,1,2,http://localhost:8001/auth/login,175,0,1
1777221612762,2,POST /reviews/,400,Bad Request,Review Submission Load Test 3-254,text,false,"Test failed: code expected to equal /

****** received  : [[[400]]]

****** comparison: [[[201]]]

/",188,440,1,3,http://localhost:8004/reviews/,2,0,0
1777221612763,1,GET /restaurants?q=ramen,200,OK,Restaurant Search Load Test 2-255,text,true,,587,137,1,2,http://localhost:8002/restaurants/?q=ramen,1,0,0
1777221612725,176,POST /auth/login,200,OK,Login Load Test 1-255,text,true,,316,249,1,2,http://localhost:8001/auth/login,176,0,0
1777221612791,171,Login for Token,200,OK,Review Submission Load Test 3-255,text,true,,316,250,1,3,http://localhost:8001/auth/login,171,0,0
1777221612962,2,GET /restaurants?q=ramen,200,OK,Restaurant Search Load Test 2-256,text,true,,587,137,1,3,http://localhost:8002/restaurants/?q=ramen,2,0,0
1777221612963,1,POST /reviews/,400,Bad Request,Review Submission Load Test 3-255,text,false,"Test failed: code expected to equal /

****** received  : [[[400]]]

****** comparison: [[[201]]]

/",188,440,1,3,http://localhost:8004/reviews/,1,0,0
1777221612922,172,POST /auth/login,200,OK,Login Load Test 1-256,text,true,,316,250,1,2,http://localhost:8001/auth/login,172,0,0
1777221612992,173,Login for Token,200,OK,Review Submission Load Test 3-256,text,true,,316,250,1,2,http://localhost:8001/auth/login,173,0,0
1777221613165,3,POST /reviews/,400,Bad Request,Review Submission Load Test 3-256,text,false,"Test failed: code expected to equal /

****** received  : [[[400]]]

****** comparison: [[[201]]]

/",188,440,1,3,http://localhost:8004/reviews/,3,0,1
1777221613167,3,GET /restaurants?q=ramen,200,OK,Restaurant Search Load Test 2-257,text,true,,587,137,1,2,http://localhost:8002/restaurants/?q=ramen,3,0,1
1777221613115,174,POST /auth/login,200,OK,Login Load Test 1-257,text,true,,316,250,1,2,http://localhost:8001/auth/login,174,0,1
1777221613188,170,Login for Token,200,OK,Review Submission Load Test 3-257,text,true,,316,250,1,2,http://localhost:8001/auth/login,170,0,0
1777221613358,2,POST /reviews/,400,Bad Request,Review Submission Load Test 3-257,text,false,"Test failed: code expected to equal /

****** received  : [[[400]]]

****** comparison: [[[201]]]

/",188,440,1,2,http://localhost:8004/reviews/,2,0,0
1777221613362,4,GET /restaurants?q=ramen,200,OK,Restaurant Search Load Test 2-258,text,true,,587,137,1,2,http://localhost:8002/restaurants/?q=ramen,4,0,1
1777221613320,170,POST /auth/login,200,OK,Login Load Test 1-258,text,true,,316,250,1,2,http://localhost:8001/auth/login,170,0,0
1777221613387,171,Login for Token,200,OK,Review Submission Load Test 3-258,text,true,,316,250,1,2,http://localhost:8001/auth/login,171,0,1
1777221613558,1,POST /reviews/,400,Bad Request,Review Submission Load Test 3-258,text,false,"Test failed: code expected to equal /

****** received  : [[[400]]]

****** comparison: [[[201]]]

/",188,440,1,2,http://localhost:8004/reviews/,1,0,0
1777221613566,2,GET /restaurants?q=ramen,200,OK,Restaurant Search Load Test 2-259,text,true,,587,137,1,2,http://localhost:8002/restaurants/?q=ramen,2,0,1
1777221613520,172,POST /auth/login,200,OK,Login Load Test 1-259,text,true,,316,250,1,2,http://localhost:8001/auth/login,172,0,0
1777221613587,171,Login for Token,200,OK,Review Submission Load Test 3-259,text,true,,316,250,1,2,http://localhost:8001/auth/login,171,0,1
1777221613758,2,POST /reviews/,400,Bad Request,Review Submission Load Test 3-259,text,false,"Test failed: code expected to equal /

****** received  : [[[400]]]

****** comparison: [[[201]]]

/",188,440,1,2,http://localhost:8004/reviews/,2,0,1
1777221613767,4,GET /restaurants?q=ramen,200,OK,Restaurant Search Load Test 2-260,text,true,,587,137,1,2,http://localhost:8002/restaurants/?q=ramen,4,0,0
1777221613722,171,POST /auth/login,200,OK,Login Load Test 1-260,text,true,,316,250,1,2,http://localhost:8001/auth/login,171,0,0
1777221613791,170,Login for Token,200,OK,Review Submission Load Test 3-260,text,true,,316,250,1,2,http://localhost:8001/auth/login,170,0,0
1777221613962,2,POST /reviews/,400,Bad Request,Review Submission Load Test 3-260,text,false,"Test failed: code expected to equal /

****** received  : [[[400]]]

****** comparison: [[[201]]]

/",188,440,1,2,http://localhost:8004/reviews/,2,0,0
1777221613968,3,GET /restaurants?q=ramen,200,OK,Restaurant Search Load Test 2-261,text,true,,587,137,1,2,http://localhost:8002/restaurants/?q=ramen,3,0,0
1777221613919,171,POST /auth/login,200,OK,Login Load Test 1-261,text,true,,316,250,1,2,http://localhost:8001/auth/login,171,0,1
1777221613987,171,Login for Token,200,OK,Review Submission Load Test 3-261,text,true,,316,250,1,2,http://localhost:8001/auth/login,171,0,0
1777221614158,1,POST /reviews/,400,Bad Request,Review Submission Load Test 3-261,text,false,"Test failed: code expected to equal /

****** received  : [[[400]]]

****** comparison: [[[201]]]

/",188,440,1,2,http://localhost:8004/reviews/,1,0,0
1777221614167,3,GET /restaurants?q=ramen,200,OK,Restaurant Search Load Test 2-262,text,true,,587,137,1,2,http://localhost:8002/restaurants/?q=ramen,3,0,0
1777221614119,171,POST /auth/login,200,OK,Login Load Test 1-262,text,true,,316,250,1,2,http://localhost:8001/auth/login,171,0,0
1777221614189,175,Login for Token,200,OK,Review Submission Load Test 3-262,text,true,,316,250,1,3,http://localhost:8001/auth/login,175,0,0
1777221614363,2,GET /restaurants?q=ramen,200,OK,Restaurant Search Load Test 2-263,text,true,,587,137,1,3,http://localhost:8002/restaurants/?q=ramen,2,0,0
1777221614364,2,POST /reviews/,400,Bad Request,Review Submission Load Test 3-262,text,false,"Test failed: code expected to equal /

****** received  : [[[400]]]

****** comparison: [[[201]]]

/",188,440,1,2,http://localhost:8004/reviews/,2,0,0
1777221614320,185,POST /auth/login,200,OK,Login Load Test 1-263,text,true,,316,250,1,2,http://localhost:8001/auth/login,185,0,1
1777221614564,2,GET /restaurants?q=ramen,200,OK,Restaurant Search Load Test 2-264,text,true,,587,137,1,3,http://localhost:8002/restaurants/?q=ramen,2,0,0
1777221614388,187,Login for Token,200,OK,Review Submission Load Test 3-263,text,true,,316,250,1,2,http://localhost:8001/auth/login,187,0,1
1777221614575,2,POST /reviews/,400,Bad Request,Review Submission Load Test 3-263,text,false,"Test failed: code expected to equal /

****** received  : [[[400]]]

****** comparison: [[[201]]]

/",188,440,1,2,http://localhost:8004/reviews/,2,0,1
1777221614521,172,POST /auth/login,200,OK,Login Load Test 1-264,text,true,,316,250,1,2,http://localhost:8001/auth/login,172,0,0
1777221614591,172,Login for Token,200,OK,Review Submission Load Test 3-264,text,true,,316,250,1,3,http://localhost:8001/auth/login,172,0,0
1777221614763,2,POST /reviews/,400,Bad Request,Review Submission Load Test 3-264,text,false,"Test failed: code expected to equal /

****** received  : [[[400]]]

****** comparison: [[[201]]]

/",188,440,1,3,http://localhost:8004/reviews/,2,0,0
1777221614763,2,GET /restaurants?q=ramen,200,OK,Restaurant Search Load Test 2-265,text,true,,587,137,1,2,http://localhost:8002/restaurants/?q=ramen,2,0,0
1777221614721,170,POST /auth/login,200,OK,Login Load Test 1-265,text,true,,316,250,1,2,http://localhost:8001/auth/login,170,0,0
1777221614791,170,Login for Token,200,OK,Review Submission Load Test 3-265,text,true,,316,250,1,2,http://localhost:8001/auth/login,170,0,1
1777221614961,3,POST /reviews/,400,Bad Request,Review Submission Load Test 3-265,text,false,"Test failed: code expected to equal /

****** received  : [[[400]]]

****** comparison: [[[201]]]

/",188,440,1,3,http://localhost:8004/reviews/,3,0,1
1777221614963,4,GET /restaurants?q=ramen,200,OK,Restaurant Search Load Test 2-266,text,true,,587,137,1,2,http://localhost:8002/restaurants/?q=ramen,4,0,1
1777221614920,171,POST /auth/login,200,OK,Login Load Test 1-266,text,true,,316,250,1,2,http://localhost:8001/auth/login,171,0,0
1777221614987,172,Login for Token,200,OK,Review Submission Load Test 3-266,text,true,,316,250,1,2,http://localhost:8001/auth/login,172,0,1
1777221615159,2,POST /reviews/,400,Bad Request,Review Submission Load Test 3-266,text,false,"Test failed: code expected to equal /

****** received  : [[[400]]]

****** comparison: [[[201]]]

/",188,440,1,2,http://localhost:8004/reviews/,2,0,0
1777221615163,3,GET /restaurants?q=ramen,200,OK,Restaurant Search Load Test 2-267,text,true,,587,137,1,2,http://localhost:8002/restaurants/?q=ramen,3,0,0
1777221615117,171,POST /auth/login,200,OK,Login Load Test 1-267,text,true,,316,250,1,2,http://localhost:8001/auth/login,171,0,0
1777221615188,171,Login for Token,200,OK,Review Submission Load Test 3-267,text,true,,316,250,1,2,http://localhost:8001/auth/login,171,0,0
1777221615359,2,POST /reviews/,400,Bad Request,Review Submission Load Test 3-267,text,false,"Test failed: code expected to equal /

****** received  : [[[400]]]

****** comparison: [[[201]]]

/",188,440,1,2,http://localhost:8004/reviews/,2,0,0
1777221615362,4,GET /restaurants?q=ramen,200,OK,Restaurant Search Load Test 2-268,text,true,,587,137,1,2,http://localhost:8002/restaurants/?q=ramen,4,0,1
1777221615321,172,POST /auth/login,200,OK,Login Load Test 1-268,text,true,,316,250,1,2,http://localhost:8001/auth/login,172,0,0
1777221615387,172,Login for Token,200,OK,Review Submission Load Test 3-268,text,true,,316,250,1,2,http://localhost:8001/auth/login,172,0,1
1777221615559,2,POST /reviews/,400,Bad Request,Review Submission Load Test 3-268,text,false,"Test failed: code expected to equal /

****** received  : [[[400]]]

****** comparison: [[[201]]]

/",188,440,1,2,http://localhost:8004/reviews/,2,0,1
1777221615567,3,GET /restaurants?q=ramen,200,OK,Restaurant Search Load Test 2-269,text,true,,587,137,1,2,http://localhost:8002/restaurants/?q=ramen,3,0,0
1777221615517,173,POST /auth/login,200,OK,Login Load Test 1-269,text,true,,316,250,1,2,http://localhost:8001/auth/login,173,0,1
1777221615592,172,Login for Token,200,OK,Review Submission Load Test 3-269,text,true,,316,250,1,2,http://localhost:8001/auth/login,172,0,0
1777221615765,1,POST /reviews/,400,Bad Request,Review Submission Load Test 3-269,text,false,"Test failed: code expected to equal /

****** received  : [[[400]]]

****** comparison: [[[201]]]

/",188,440,1,3,http://localhost:8004/reviews/,1,0,0
1777221615766,4,GET /restaurants?q=ramen,200,OK,Restaurant Search Load Test 2-270,text,true,,587,137,1,2,http://localhost:8002/restaurants/?q=ramen,4,0,0
1777221615717,173,POST /auth/login,200,OK,Login Load Test 1-270,text,true,,316,250,1,2,http://localhost:8001/auth/login,173,0,0
1777221615791,172,Login for Token,200,OK,Review Submission Load Test 3-270,text,true,,316,250,1,2,http://localhost:8001/auth/login,172,0,0
1777221615963,2,POST /reviews/,400,Bad Request,Review Submission Load Test 3-270,text,false,"Test failed: code expected to equal /

****** received  : [[[400]]]

****** comparison: [[[201]]]

/",188,440,1,2,http://localhost:8004/reviews/,2,0,0
1777221615967,3,GET /restaurants?q=ramen,200,OK,Restaurant Search Load Test 2-271,text,true,,587,137,1,2,http://localhost:8002/restaurants/?q=ramen,3,0,0
1777221615920,172,POST /auth/login,200,OK,Login Load Test 1-271,text,true,,316,250,1,2,http://localhost:8001/auth/login,172,0,0
1777221615988,171,Login for Token,200,OK,Review Submission Load Test 3-271,text,true,,316,250,1,2,http://localhost:8001/auth/login,171,0,0
1777221616160,1,POST /reviews/,400,Bad Request,Review Submission Load Test 3-271,text,false,"Test failed: code expected to equal /

****** received  : [[[400]]]

****** comparison: [[[201]]]

/",188,440,1,2,http://localhost:8004/reviews/,1,0,0
1777221616163,2,GET /restaurants?q=ramen,200,OK,Restaurant Search Load Test 2-272,text,true,,587,137,1,2,http://localhost:8002/restaurants/?q=ramen,2,0,0
1777221616118,172,POST /auth/login,200,OK,Login Load Test 1-272,text,true,,316,250,1,2,http://localhost:8001/auth/login,172,0,0
1777221616187,170,Login for Token,200,OK,Review Submission Load Test 3-272,text,true,,316,250,1,2,http://localhost:8001/auth/login,170,0,1
1777221616357,2,POST /reviews/,400,Bad Request,Review Submission Load Test 3-272,text,false,"Test failed: code expected to equal /

****** received  : [[[400]]]

****** comparison: [[[201]]]

/",188,440,1,2,http://localhost:8004/reviews/,2,0,1
1777221616366,3,GET /restaurants?q=ramen,200,OK,Restaurant Search Load Test 2-273,text,true,,587,137,1,2,http://localhost:8002/restaurants/?q=ramen,3,0,0
1777221616316,170,POST /auth/login,200,OK,Login Load Test 1-273,text,true,,316,250,1,2,http://localhost:8001/auth/login,170,0,0
1777221616391,170,Login for Token,200,OK,Review Submission Load Test 3-273,text,true,,316,250,1,2,http://localhost:8001/auth/login,170,0,0
1777221616562,2,POST /reviews/,400,Bad Request,Review Submission Load Test 3-273,text,false,"Test failed: code expected to equal /

****** received  : [[[400]]]

****** comparison: [[[201]]]

/",188,440,1,3,http://localhost:8004/reviews/,2,0,0
1777221616562,4,GET /restaurants?q=ramen,200,OK,Restaurant Search Load Test 2-274,text,true,,587,137,1,2,http://localhost:8002/restaurants/?q=ramen,4,0,0
1777221616522,172,POST /auth/login,200,OK,Login Load Test 1-274,text,true,,316,250,1,2,http://localhost:8001/auth/login,172,0,1
1777221616591,171,Login for Token,200,OK,Review Submission Load Test 3-274,text,true,,316,250,1,2,http://localhost:8001/auth/login,171,0,1
1777221616762,2,POST /reviews/,400,Bad Request,Review Submission Load Test 3-274,text,false,"Test failed: code expected to equal /

****** received  : [[[400]]]

****** comparison: [[[201]]]

/",188,440,1,3,http://localhost:8004/reviews/,2,0,1
1777221616763,3,GET /restaurants?q=ramen,200,OK,Restaurant Search Load Test 2-275,text,true,,587,137,1,2,http://localhost:8002/restaurants/?q=ramen,3,0,0
1777221616718,171,POST /auth/login,200,OK,Login Load Test 1-275,text,true,,316,250,1,2,http://localhost:8001/auth/login,171,0,0
1777221616791,170,Login for Token,200,OK,Review Submission Load Test 3-275,text,true,,316,250,1,2,http://localhost:8001/auth/login,170,0,0
1777221616962,2,POST /reviews/,400,Bad Request,Review Submission Load Test 3-275,text,false,"Test failed: code expected to equal /

****** received  : [[[400]]]

****** comparison: [[[201]]]

/",188,440,1,2,http://localhost:8004/reviews/,2,0,0
1777221616967,3,GET /restaurants?q=ramen,200,OK,Restaurant Search Load Test 2-276,text,true,,587,137,1,2,http://localhost:8002/restaurants/?q=ramen,3,0,0
1777221616919,170,POST /auth/login,200,OK,Login Load Test 1-276,text,true,,316,250,1,2,http://localhost:8001/auth/login,170,0,0
1777221616991,171,Login for Token,200,OK,Review Submission Load Test 3-276,text,true,,316,250,1,2,http://localhost:8001/auth/login,171,0,0
1777221617162,2,POST /reviews/,400,Bad Request,Review Submission Load Test 3-276,text,false,"Test failed: code expected to equal /

****** received  : [[[400]]]

****** comparison: [[[201]]]

/",188,440,1,3,http://localhost:8004/reviews/,2,0,0
1777221617162,4,GET /restaurants?q=ramen,200,OK,Restaurant Search Load Test 2-277,text,true,,587,137,1,2,http://localhost:8002/restaurants/?q=ramen,4,0,0
1777221617116,172,POST /auth/login,200,OK,Login Load Test 1-277,text,true,,316,250,1,2,http://localhost:8001/auth/login,172,0,0
1777221617187,170,Login for Token,200,OK,Review Submission Load Test 3-277,text,true,,316,250,1,2,http://localhost:8001/auth/login,170,0,0
1777221617357,2,POST /reviews/,400,Bad Request,Review Submission Load Test 3-277,text,false,"Test failed: code expected to equal /

****** received  : [[[400]]]

****** comparison: [[[201]]]

/",188,440,1,2,http://localhost:8004/reviews/,2,0,0
1777221617362,4,GET /restaurants?q=ramen,200,OK,Restaurant Search Load Test 2-278,text,true,,587,137,1,2,http://localhost:8002/restaurants/?q=ramen,4,0,1
1777221617323,171,POST /auth/login,200,OK,Login Load Test 1-278,text,true,,316,250,1,2,http://localhost:8001/auth/login,171,0,0
1777221617385,171,Login for Token,200,OK,Review Submission Load Test 3-278,text,true,,316,250,1,2,http://localhost:8001/auth/login,171,0,1
1777221617556,2,POST /reviews/,400,Bad Request,Review Submission Load Test 3-278,text,false,"Test failed: code expected to equal /

****** received  : [[[400]]]

****** comparison: [[[201]]]

/",188,440,1,2,http://localhost:8004/reviews/,2,0,0
1777221617567,3,GET /restaurants?q=ramen,200,OK,Restaurant Search Load Test 2-279,text,true,,587,137,1,2,http://localhost:8002/restaurants/?q=ramen,3,0,0
1777221617520,172,POST /auth/login,200,OK,Login Load Test 1-279,text,true,,316,250,1,2,http://localhost:8001/auth/login,172,0,1
1777221617590,174,Login for Token,200,OK,Review Submission Load Test 3-279,text,true,,316,250,1,2,http://localhost:8001/auth/login,174,0,3
1777221617764,2,POST /reviews/,400,Bad Request,Review Submission Load Test 3-279,text,false,"Test failed: code expected to equal /

****** received  : [[[400]]]

****** comparison: [[[201]]]

/",188,440,1,3,http://localhost:8004/reviews/,2,0,0
1777221617765,3,GET /restaurants?q=ramen,200,OK,Restaurant Search Load Test 2-280,text,true,,587,137,1,2,http://localhost:8002/restaurants/?q=ramen,3,0,0
1777221617723,171,POST /auth/login,200,OK,Login Load Test 1-280,text,true,,316,250,1,2,http://localhost:8001/auth/login,171,0,0
1777221617791,170,Login for Token,200,OK,Review Submission Load Test 3-280,text,true,,316,250,1,2,http://localhost:8001/auth/login,170,0,0
1777221617961,2,POST /reviews/,400,Bad Request,Review Submission Load Test 3-280,text,false,"Test failed: code expected to equal /

****** received  : [[[400]]]

****** comparison: [[[201]]]

/",188,440,1,3,http://localhost:8004/reviews/,2,0,1
1777221617963,2,GET /restaurants?q=ramen,200,OK,Restaurant Search Load Test 2-281,text,true,,587,137,1,2,http://localhost:8002/restaurants/?q=ramen,2,0,0
1777221617918,171,POST /auth/login,200,OK,Login Load Test 1-281,text,true,,316,250,1,2,http://localhost:8001/auth/login,171,0,0
1777221617991,171,Login for Token,200,OK,Review Submission Load Test 3-281,text,true,,316,250,1,2,http://localhost:8001/auth/login,171,0,0
1777221618162,2,POST /reviews/,400,Bad Request,Review Submission Load Test 3-281,text,false,"Test failed: code expected to equal /

****** received  : [[[400]]]

****** comparison: [[[201]]]

/",188,440,1,3,http://localhost:8004/reviews/,2,0,0
1777221618163,3,GET /restaurants?q=ramen,200,OK,Restaurant Search Load Test 2-282,text,true,,587,137,1,2,http://localhost:8002/restaurants/?q=ramen,3,0,0
1777221618117,172,POST /auth/login,200,OK,Login Load Test 1-282,text,true,,316,250,1,2,http://localhost:8001/auth/login,172,0,0
1777221618186,171,Login for Token,200,OK,Review Submission Load Test 3-282,text,true,,316,250,1,2,http://localhost:8001/auth/login,171,0,0
1777221618357,2,POST /reviews/,400,Bad Request,Review Submission Load Test 3-282,text,false,"Test failed: code expected to equal /

****** received  : [[[400]]]

****** comparison: [[[201]]]

/",188,440,1,2,http://localhost:8004/reviews/,2,0,0
1777221618364,3,GET /restaurants?q=ramen,200,OK,Restaurant Search Load Test 2-283,text,true,,587,137,1,2,http://localhost:8002/restaurants/?q=ramen,3,0,0
1777221618318,170,POST /auth/login,200,OK,Login Load Test 1-283,text,true,,316,250,1,2,http://localhost:8001/auth/login,170,0,0
1777221618391,169,Login for Token,200,OK,Review Submission Load Test 3-283,text,true,,316,250,1,2,http://localhost:8001/auth/login,169,0,0
1777221618561,2,POST /reviews/,400,Bad Request,Review Submission Load Test 3-283,text,false,"Test failed: code expected to equal /

****** received  : [[[400]]]

****** comparison: [[[201]]]

/",188,440,1,3,http://localhost:8004/reviews/,2,0,0
1777221618563,2,GET /restaurants?q=ramen,200,OK,Restaurant Search Load Test 2-284,text,true,,587,137,1,2,http://localhost:8002/restaurants/?q=ramen,2,0,0
1777221618520,180,POST /auth/login,200,OK,Login Load Test 1-284,text,true,,316,250,1,2,http://localhost:8001/auth/login,180,0,1
1777221618592,176,Login for Token,200,OK,Review Submission Load Test 3-284,text,true,,316,250,1,3,http://localhost:8001/auth/login,176,0,0
1777221618767,3,GET /restaurants?q=ramen,200,OK,Restaurant Search Load Test 2-285,text,true,,587,137,1,3,http://localhost:8002/restaurants/?q=ramen,3,0,1
1777221618768,2,POST /reviews/,400,Bad Request,Review Submission Load Test 3-284,text,false,"Test failed: code expected to equal /

****** received  : [[[400]]]

****** comparison: [[[201]]]

/",188,440,1,2,http://localhost:8004/reviews/,2,0,1
1777221618720,172,POST /auth/login,200,OK,Login Load Test 1-285,text,true,,316,250,1,2,http://localhost:8001/auth/login,172,0,0
1777221618787,171,Login for Token,200,OK,Review Submission Load Test 3-285,text,true,,316,250,1,2,http://localhost:8001/auth/login,171,0,1
1777221618958,2,POST /reviews/,400,Bad Request,Review Submission Load Test 3-285,text,false,"Test failed: code expected to equal /

****** received  : [[[400]]]

****** comparison: [[[201]]]

/",188,440,1,2,http://localhost:8004/reviews/,2,0,1
1777221618966,4,GET /restaurants?q=ramen,200,OK,Restaurant Search Load Test 2-286,text,true,,587,137,1,2,http://localhost:8002/restaurants/?q=ramen,4,0,1
1777221618920,172,POST /auth/login,200,OK,Login Load Test 1-286,text,true,,316,250,1,2,http://localhost:8001/auth/login,172,0,0
1777221618987,172,Login for Token,200,OK,Review Submission Load Test 3-286,text,true,,316,250,1,2,http://localhost:8001/auth/login,172,0,1
1777221619160,2,POST /reviews/,400,Bad Request,Review Submission Load Test 3-286,text,false,"Test failed: code expected to equal /

****** received  : [[[400]]]

****** comparison: [[[201]]]

/",188,440,1,2,http://localhost:8004/reviews/,2,0,0
1777221619167,2,GET /restaurants?q=ramen,200,OK,Restaurant Search Load Test 2-287,text,true,,587,137,1,2,http://localhost:8002/restaurants/?q=ramen,2,0,0
1777221619114,172,POST /auth/login,200,OK,Login Load Test 1-287,text,true,,316,250,1,2,http://localhost:8001/auth/login,172,0,1
1777221619189,170,Login for Token,200,OK,Review Submission Load Test 3-287,text,true,,316,250,1,2,http://localhost:8001/auth/login,170,0,0
1777221619360,2,POST /reviews/,400,Bad Request,Review Submission Load Test 3-287,text,false,"Test failed: code expected to equal /

****** received  : [[[400]]]

****** comparison: [[[201]]]

/",188,440,1,2,http://localhost:8004/reviews/,2,0,0
1777221619367,3,GET /restaurants?q=ramen,200,OK,Restaurant Search Load Test 2-288,text,true,,587,137,1,2,http://localhost:8002/restaurants/?q=ramen,3,0,0
1777221619319,171,POST /auth/login,200,OK,Login Load Test 1-288,text,true,,316,250,1,2,http://localhost:8001/auth/login,171,0,0
1777221619391,170,Login for Token,200,OK,Review Submission Load Test 3-288,text,true,,316,250,1,2,http://localhost:8001/auth/login,170,0,0
1777221619562,2,POST /reviews/,400,Bad Request,Review Submission Load Test 3-288,text,false,"Test failed: code expected to equal /

****** received  : [[[400]]]

****** comparison: [[[201]]]

/",188,440,1,3,http://localhost:8004/reviews/,2,0,0
1777221619563,2,GET /restaurants?q=ramen,200,OK,Restaurant Search Load Test 2-289,text,true,,587,137,1,2,http://localhost:8002/restaurants/?q=ramen,2,0,0
1777221619519,172,POST /auth/login,200,OK,Login Load Test 1-289,text,true,,316,250,1,2,http://localhost:8001/auth/login,172,0,0
1777221619587,171,Login for Token,200,OK,Review Submission Load Test 3-289,text,true,,316,250,1,2,http://localhost:8001/auth/login,171,0,1
1777221619758,2,POST /reviews/,400,Bad Request,Review Submission Load Test 3-289,text,false,"Test failed: code expected to equal /

****** received  : [[[400]]]

****** comparison: [[[201]]]

/",188,440,1,2,http://localhost:8004/reviews/,2,0,0
1777221619765,4,GET /restaurants?q=ramen,200,OK,Restaurant Search Load Test 2-290,text,true,,587,137,1,2,http://localhost:8002/restaurants/?q=ramen,4,0,1
1777221619717,172,POST /auth/login,200,OK,Login Load Test 1-290,text,true,,316,250,1,2,http://localhost:8001/auth/login,172,0,1
1777221619791,170,Login for Token,200,OK,Review Submission Load Test 3-290,text,true,,316,250,1,2,http://localhost:8001/auth/login,170,0,0
1777221619961,2,POST /reviews/,400,Bad Request,Review Submission Load Test 3-290,text,false,"Test failed: code expected to equal /

****** received  : [[[400]]]

****** comparison: [[[201]]]

/",188,440,1,3,http://localhost:8004/reviews/,2,0,0
1777221619962,3,GET /restaurants?q=ramen,200,OK,Restaurant Search Load Test 2-291,text,true,,587,137,1,2,http://localhost:8002/restaurants/?q=ramen,3,0,1
1777221619917,171,POST /auth/login,200,OK,Login Load Test 1-291,text,true,,316,250,1,2,http://localhost:8001/auth/login,171,0,0
1777221619987,172,Login for Token,200,OK,Review Submission Load Test 3-291,text,true,,316,250,1,2,http://localhost:8001/auth/login,172,0,1
1777221620159,2,POST /reviews/,400,Bad Request,Review Submission Load Test 3-291,text,false,"Test failed: code expected to equal /

****** received  : [[[400]]]

****** comparison: [[[201]]]

/",188,440,1,2,http://localhost:8004/reviews/,2,0,1
1777221620163,3,GET /restaurants?q=ramen,200,OK,Restaurant Search Load Test 2-292,text,true,,587,137,1,2,http://localhost:8002/restaurants/?q=ramen,3,0,0
1777221620117,172,POST /auth/login,200,OK,Login Load Test 1-292,text,true,,316,250,1,2,http://localhost:8001/auth/login,172,0,0
1777221620188,170,Login for Token,200,OK,Review Submission Load Test 3-292,text,true,,316,250,1,2,http://localhost:8001/auth/login,170,0,0
1777221620359,2,POST /reviews/,400,Bad Request,Review Submission Load Test 3-292,text,false,"Test failed: code expected to equal /

****** received  : [[[400]]]

****** comparison: [[[201]]]

/",188,440,1,2,http://localhost:8004/reviews/,2,0,0
1777221620367,4,GET /restaurants?q=ramen,200,OK,Restaurant Search Load Test 2-293,text,true,,587,137,1,2,http://localhost:8002/restaurants/?q=ramen,4,0,0
1777221620314,175,POST /auth/login,200,OK,Login Load Test 1-293,text,true,,316,250,1,2,http://localhost:8001/auth/login,175,0,1
1777221620563,2,GET /restaurants?q=ramen,200,OK,Restaurant Search Load Test 2-294,text,true,,587,137,1,3,http://localhost:8002/restaurants/?q=ramen,2,0,0
1777221620388,186,Login for Token,200,OK,Review Submission Load Test 3-293,text,true,,316,250,1,2,http://localhost:8001/auth/login,186,0,0
1777221620574,2,POST /reviews/,400,Bad Request,Review Submission Load Test 3-293,text,false,"Test failed: code expected to equal /

****** received  : [[[400]]]

****** comparison: [[[201]]]

/",188,440,1,2,http://localhost:8004/reviews/,2,0,1
1777221620516,180,POST /auth/login,200,OK,Login Load Test 1-294,text,true,,316,250,1,2,http://localhost:8001/auth/login,180,0,0
1777221620765,4,GET /restaurants?q=ramen,200,OK,Restaurant Search Load Test 2-295,text,true,,587,137,1,3,http://localhost:8002/restaurants/?q=ramen,4,0,0
1777221620588,181,Login for Token,200,OK,Review Submission Load Test 3-294,text,true,,316,250,1,3,http://localhost:8001/auth/login,181,0,0
1777221620769,2,POST /reviews/,400,Bad Request,Review Submission Load Test 3-294,text,false,"Test failed: code expected to equal /

****** received  : [[[400]]]

****** comparison: [[[201]]]

/",188,440,1,2,http://localhost:8004/reviews/,2,0,0
1777221620713,181,POST /auth/login,200,OK,Login Load Test 1-295,text,true,,316,250,1,2,http://localhost:8001/auth/login,181,0,0
1777221620788,177,Login for Token,200,OK,Review Submission Load Test 3-295,text,true,,316,250,1,2,http://localhost:8001/auth/login,177,0,0
1777221620965,4,POST /reviews/,400,Bad Request,Review Submission Load Test 3-295,text,false,"Test failed: code expected to equal /

****** received  : [[[400]]]

****** comparison: [[[201]]]

/",188,440,1,3,http://localhost:8004/reviews/,4,0,1
1777221620966,5,GET /restaurants?q=ramen,200,OK,Restaurant Search Load Test 2-296,text,true,,587,137,1,2,http://localhost:8002/restaurants/?q=ramen,5,0,0
1777221620916,173,POST /auth/login,200,OK,Login Load Test 1-296,text,true,,316,250,1,2,http://localhost:8001/auth/login,173,0,0
1777221620991,172,Login for Token,200,OK,Review Submission Load Test 3-296,text,true,,316,250,1,3,http://localhost:8001/auth/login,172,0,0
1777221621164,2,POST /reviews/,400,Bad Request,Review Submission Load Test 3-296,text,false,"Test failed: code expected to equal /

****** received  : [[[400]]]

****** comparison: [[[201]]]

/",188,440,1,3,http://localhost:8004/reviews/,2,0,0
1777221621163,4,GET /restaurants?q=ramen,200,OK,Restaurant Search Load Test 2-297,text,true,,587,137,1,2,http://localhost:8002/restaurants/?q=ramen,4,0,1
1777221621116,173,POST /auth/login,200,OK,Login Load Test 1-297,text,true,,316,250,1,2,http://localhost:8001/auth/login,173,0,0
1777221621187,172,Login for Token,200,OK,Review Submission Load Test 3-297,text,true,,316,250,1,2,http://localhost:8001/auth/login,172,0,1
1777221621359,3,POST /reviews/,400,Bad Request,Review Submission Load Test 3-297,text,false,"Test failed: code expected to equal /

****** received  : [[[400]]]

****** comparison: [[[201]]]

/",188,440,1,2,http://localhost:8004/reviews/,3,0,0
1777221621367,5,GET /restaurants?q=ramen,200,OK,Restaurant Search Load Test 2-298,text,true,,587,137,1,2,http://localhost:8002/restaurants/?q=ramen,5,0,1
1777221621319,172,POST /auth/login,200,OK,Login Load Test 1-298,text,true,,316,250,1,2,http://localhost:8001/auth/login,172,0,1
1777221621390,172,Login for Token,200,OK,Review Submission Load Test 3-298,text,true,,316,250,1,2,http://localhost:8001/auth/login,172,0,1
1777221621562,3,POST /reviews/,400,Bad Request,Review Submission Load Test 3-298,text,false,"Test failed: code expected to equal /

****** received  : [[[400]]]

****** comparison: [[[201]]]

/",188,440,1,2,http://localhost:8004/reviews/,3,0,1
1777221621567,4,GET /restaurants?q=ramen,200,OK,Restaurant Search Load Test 2-299,text,true,,587,137,1,2,http://localhost:8002/restaurants/?q=ramen,4,0,0
1777221621513,171,POST /auth/login,200,OK,Login Load Test 1-299,text,true,,316,250,1,2,http://localhost:8001/auth/login,171,0,0
1777221621590,172,Login for Token,200,OK,Review Submission Load Test 3-299,text,true,,316,250,1,2,http://localhost:8001/auth/login,172,0,1
1777221621762,2,POST /reviews/,400,Bad Request,Review Submission Load Test 3-299,text,false,"Test failed: code expected to equal /

****** received  : [[[400]]]

****** comparison: [[[201]]]

/",188,440,1,3,http://localhost:8004/reviews/,2,0,1
1777221621762,4,GET /restaurants?q=ramen,200,OK,Restaurant Search Load Test 2-300,text,true,,587,137,1,2,http://localhost:8002/restaurants/?q=ramen,4,0,1
1777221621713,172,POST /auth/login,200,OK,Login Load Test 1-300,text,true,,316,250,1,2,http://localhost:8001/auth/login,172,0,0
1777221621788,172,Login for Token,200,OK,Review Submission Load Test 3-300,text,true,,316,251,1,2,http://localhost:8001/auth/login,172,0,1
1777221621960,2,POST /reviews/,400,Bad Request,Review Submission Load Test 3-300,text,false,"Test failed: code expected to equal /

****** received  : [[[400]]]

****** comparison: [[[201]]]

/",188,440,1,2,http://localhost:8004/reviews/,2,0,0
1777221621968,3,GET /restaurants?q=ramen,200,OK,Restaurant Search Load Test 2-301,text,true,,587,137,1,2,http://localhost:8002/restaurants/?q=ramen,3,0,0
1777221621913,170,POST /auth/login,200,OK,Login Load Test 1-301,text,true,,316,251,1,2,http://localhost:8001/auth/login,170,0,0
1777221621992,169,Login for Token,200,OK,Review Submission Load Test 3-301,text,true,,316,251,1,2,http://localhost:8001/auth/login,169,0,0
1777221622163,2,POST /reviews/,400,Bad Request,Review Submission Load Test 3-301,text,false,"Test failed: code expected to equal /

****** received  : [[[400]]]

****** comparison: [[[201]]]

/",188,440,1,3,http://localhost:8004/reviews/,2,0,0
1777221622163,3,GET /restaurants?q=ramen,200,OK,Restaurant Search Load Test 2-302,text,true,,587,137,1,2,http://localhost:8002/restaurants/?q=ramen,3,0,0
1777221622119,172,POST /auth/login,200,OK,Login Load Test 1-302,text,true,,316,251,1,2,http://localhost:8001/auth/login,172,0,1
1777221622189,171,Login for Token,200,OK,Review Submission Load Test 3-302,text,true,,316,251,1,2,http://localhost:8001/auth/login,171,0,0
1777221622360,2,POST /reviews/,400,Bad Request,Review Submission Load Test 3-302,text,false,"Test failed: code expected to equal /

****** received  : [[[400]]]

****** comparison: [[[201]]]

/",188,440,1,2,http://localhost:8004/reviews/,2,0,0
1777221622367,4,GET /restaurants?q=ramen,200,OK,Restaurant Search Load Test 2-303,text,true,,587,137,1,2,http://localhost:8002/restaurants/?q=ramen,4,0,1
1777221622314,170,POST /auth/login,200,OK,Login Load Test 1-303,text,true,,316,251,1,2,http://localhost:8001/auth/login,170,0,0
1777221622390,171,Login for Token,200,OK,Review Submission Load Test 3-303,text,true,,316,251,1,2,http://localhost:8001/auth/login,171,0,1
1777221622561,3,POST /reviews/,400,Bad Request,Review Submission Load Test 3-303,text,false,"Test failed: code expected to equal /

****** received  : [[[400]]]

****** comparison: [[[201]]]

/",188,440,1,3,http://localhost:8004/reviews/,3,0,1
1777221622562,4,GET /restaurants?q=ramen,200,OK,Restaurant Search Load Test 2-304,text,true,,587,137,1,2,http://localhost:8002/restaurants/?q=ramen,4,0,1
1777221622514,172,POST /auth/login,200,OK,Login Load Test 1-304,text,true,,316,251,1,2,http://localhost:8001/auth/login,172,0,0
1777221622588,172,Login for Token,200,OK,Review Submission Load Test 3-304,text,true,,316,251,1,2,http://localhost:8001/auth/login,172,0,1
1777221622760,2,POST /reviews/,400,Bad Request,Review Submission Load Test 3-304,text,false,"Test failed: code expected to equal /

****** received  : [[[400]]]

****** comparison: [[[201]]]

/",188,440,1,2,http://localhost:8004/reviews/,2,0,0
1777221622768,3,GET /restaurants?q=ramen,200,OK,Restaurant Search Load Test 2-305,text,true,,587,137,1,2,http://localhost:8002/restaurants/?q=ramen,3,0,0
1777221622715,170,POST /auth/login,200,OK,Login Load Test 1-305,text,true,,316,251,1,2,http://localhost:8001/auth/login,170,0,1
1777221622792,170,Login for Token,200,OK,Review Submission Load Test 3-305,text,true,,316,251,1,2,http://localhost:8001/auth/login,170,0,0
1777221622963,2,POST /reviews/,400,Bad Request,Review Submission Load Test 3-305,text,false,"Test failed: code expected to equal /

****** received  : [[[400]]]

****** comparison: [[[201]]]

/",188,440,1,2,http://localhost:8004/reviews/,2,0,0
1777221622970,3,GET /restaurants?q=ramen,200,OK,Restaurant Search Load Test 2-306,text,true,,587,137,1,2,http://localhost:8002/restaurants/?q=ramen,3,0,0
1777221622914,171,POST /auth/login,200,OK,Login Load Test 1-306,text,true,,316,251,1,2,http://localhost:8001/auth/login,171,0,0
1777221622989,170,Login for Token,200,OK,Review Submission Load Test 3-306,text,true,,316,251,1,2,http://localhost:8001/auth/login,170,0,0
1777221623160,2,POST /reviews/,400,Bad Request,Review Submission Load Test 3-306,text,false,"Test failed: code expected to equal /

****** received  : [[[400]]]

****** comparison: [[[201]]]

/",188,440,1,2,http://localhost:8004/reviews/,2,0,0
1777221623165,4,GET /restaurants?q=ramen,200,OK,Restaurant Search Load Test 2-307,text,true,,587,137,1,2,http://localhost:8002/restaurants/?q=ramen,4,0,1
1777221623121,173,POST /auth/login,200,OK,Login Load Test 1-307,text,true,,316,251,1,2,http://localhost:8001/auth/login,173,0,1
1777221623192,171,Login for Token,200,OK,Review Submission Load Test 3-307,text,true,,316,251,1,2,http://localhost:8001/auth/login,171,0,0
1777221623363,2,POST /reviews/,400,Bad Request,Review Submission Load Test 3-307,text,false,"Test failed: code expected to equal /

****** received  : [[[400]]]

****** comparison: [[[201]]]

/",188,440,1,3,http://localhost:8004/reviews/,2,0,0
1777221623364,3,GET /restaurants?q=ramen,200,OK,Restaurant Search Load Test 2-308,text,true,,587,137,1,2,http://localhost:8002/restaurants/?q=ramen,3,0,0
1777221623321,171,POST /auth/login,200,OK,Login Load Test 1-308,text,true,,316,251,1,2,http://localhost:8001/auth/login,171,0,0
1777221623392,170,Login for Token,200,OK,Review Submission Load Test 3-308,text,true,,316,251,1,2,http://localhost:8001/auth/login,170,0,0
1777221623563,2,POST /reviews/,400,Bad Request,Review Submission Load Test 3-308,text,false,"Test failed: code expected to equal /

****** received  : [[[400]]]

****** comparison: [[[201]]]

/",188,440,1,3,http://localhost:8004/reviews/,2,0,0
1777221623563,4,GET /restaurants?q=ramen,200,OK,Restaurant Search Load Test 2-309,text,true,,587,137,1,2,http://localhost:8002/restaurants/?q=ramen,4,0,1
1777221623520,180,POST /auth/login,200,OK,Login Load Test 1-309,text,true,,316,251,1,2,http://localhost:8001/auth/login,180,0,0
1777221623765,2,GET /restaurants?q=ramen,200,OK,Restaurant Search Load Test 2-310,text,true,,587,137,1,3,http://localhost:8002/restaurants/?q=ramen,2,0,0
1777221623588,185,Login for Token,200,OK,Review Submission Load Test 3-309,text,true,,316,251,1,2,http://localhost:8001/auth/login,185,0,1
1777221623773,2,POST /reviews/,400,Bad Request,Review Submission Load Test 3-309,text,false,"Test failed: code expected to equal /

****** received  : [[[400]]]

****** comparison: [[[201]]]

/",188,440,1,2,http://localhost:8004/reviews/,2,0,0
1777221623716,182,POST /auth/login,200,OK,Login Load Test 1-310,text,true,,316,251,1,2,http://localhost:8001/auth/login,182,0,1
1777221623966,3,GET /restaurants?q=ramen,200,OK,Restaurant Search Load Test 2-311,text,true,,587,137,1,3,http://localhost:8002/restaurants/?q=ramen,3,0,1
1777221623789,183,Login for Token,200,OK,Review Submission Load Test 3-310,text,true,,316,251,1,2,http://localhost:8001/auth/login,183,0,0
1777221623973,1,POST /reviews/,400,Bad Request,Review Submission Load Test 3-310,text,false,"Test failed: code expected to equal /

****** received  : [[[400]]]

****** comparison: [[[201]]]

/",188,440,1,2,http://localhost:8004/reviews/,1,0,0
1777221623920,175,POST /auth/login,200,OK,Login Load Test 1-311,text,true,,316,251,1,2,http://localhost:8001/auth/login,175,0,1
1777221623992,172,Login for Token,200,OK,Review Submission Load Test 3-311,text,true,,316,251,1,3,http://localhost:8001/auth/login,172,0,0
1777221624164,2,POST /reviews/,400,Bad Request,Review Submission Load Test 3-311,text,false,"Test failed: code expected to equal /

****** received  : [[[400]]]

****** comparison: [[[201]]]

/",188,440,1,3,http://localhost:8004/reviews/,2,0,0
1777221624164,2,GET /restaurants?q=ramen,200,OK,Restaurant Search Load Test 2-312,text,true,,587,137,1,2,http://localhost:8002/restaurants/?q=ramen,2,0,0
1777221624118,171,POST /auth/login,200,OK,Login Load Test 1-312,text,true,,316,251,1,2,http://localhost:8001/auth/login,171,0,0
1777221624188,172,Login for Token,200,OK,Review Submission Load Test 3-312,text,true,,316,251,1,2,http://localhost:8001/auth/login,172,0,1
1777221624361,2,POST /reviews/,400,Bad Request,Review Submission Load Test 3-312,text,false,"Test failed: code expected to equal /

****** received  : [[[400]]]

****** comparison: [[[201]]]

/",188,440,1,2,http://localhost:8004/reviews/,2,0,0
1777221624365,4,GET /restaurants?q=ramen,200,OK,Restaurant Search Load Test 2-313,text,true,,587,137,1,2,http://localhost:8002/restaurants/?q=ramen,4,0,0
1777221624318,172,POST /auth/login,200,OK,Login Load Test 1-313,text,true,,316,251,1,2,http://localhost:8001/auth/login,172,0,0
1777221624392,173,Login for Token,200,OK,Review Submission Load Test 3-313,text,true,,316,251,1,3,http://localhost:8001/auth/login,173,0,0
1777221624564,2,GET /restaurants?q=ramen,200,OK,Restaurant Search Load Test 2-314,text,true,,587,137,1,3,http://localhost:8002/restaurants/?q=ramen,2,0,1
1777221624565,1,POST /reviews/,400,Bad Request,Review Submission Load Test 3-313,text,false,"Test failed: code expected to equal /

****** received  : [[[400]]]

****** comparison: [[[201]]]

/",188,440,1,2,http://localhost:8004/reviews/,1,0,0
1777221624515,187,POST /auth/login,200,OK,Login Load Test 1-314,text,true,,316,251,1,2,http://localhost:8001/auth/login,187,0,0
1777221624767,2,GET /restaurants?q=ramen,200,OK,Restaurant Search Load Test 2-315,text,true,,587,137,1,3,http://localhost:8002/restaurants/?q=ramen,2,0,1
1777221624587,187,Login for Token,200,OK,Review Submission Load Test 3-314,text,true,,316,251,1,2,http://localhost:8001/auth/login,187,0,1
1777221624774,2,POST /reviews/,400,Bad Request,Review Submission Load Test 3-314,text,false,"Test failed: code expected to equal /

****** received  : [[[400]]]

****** comparison: [[[201]]]

/",188,440,1,2,http://localhost:8004/reviews/,2,0,1
1777221624713,177,POST /auth/login,200,OK,Login Load Test 1-315,text,true,,316,251,1,2,http://localhost:8001/auth/login,177,0,1
1777221624789,170,Login for Token,200,OK,Review Submission Load Test 3-315,text,true,,316,251,1,2,http://localhost:8001/auth/login,170,0,0
1777221624960,1,POST /reviews/,400,Bad Request,Review Submission Load Test 3-315,text,false,"Test failed: code expected to equal /

****** received  : [[[400]]]

****** comparison: [[[201]]]

/",188,440,1,2,http://localhost:8004/reviews/,1,0,0
1777221624967,2,GET /restaurants?q=ramen,200,OK,Restaurant Search Load Test 2-316,text,true,,587,137,1,2,http://localhost:8002/restaurants/?q=ramen,2,0,0
1777221624914,171,POST /auth/login,200,OK,Login Load Test 1-316,text,true,,316,251,1,2,http://localhost:8001/auth/login,171,0,0
1777221624992,171,Login for Token,200,OK,Review Submission Load Test 3-316,text,true,,316,251,1,2,http://localhost:8001/auth/login,171,0,0
1777221625163,2,POST /reviews/,400,Bad Request,Review Submission Load Test 3-316,text,false,"Test failed: code expected to equal /

****** received  : [[[400]]]

****** comparison: [[[201]]]

/",188,440,1,3,http://localhost:8004/reviews/,2,0,1
1777221625165,2,GET /restaurants?q=ramen,200,OK,Restaurant Search Load Test 2-317,text,true,,587,137,1,2,http://localhost:8002/restaurants/?q=ramen,2,0,0
1777221625115,172,POST /auth/login,200,OK,Login Load Test 1-317,text,true,,316,251,1,2,http://localhost:8001/auth/login,172,0,0
1777221625192,171,Login for Token,200,OK,Review Submission Load Test 3-317,text,true,,316,251,1,2,http://localhost:8001/auth/login,171,0,0
1777221625363,2,POST /reviews/,400,Bad Request,Review Submission Load Test 3-317,text,false,"Test failed: code expected to equal /

****** received  : [[[400]]]

****** comparison: [[[201]]]

/",188,440,1,3,http://localhost:8004/reviews/,2,0,0
1777221625363,4,GET /restaurants?q=ramen,200,OK,Restaurant Search Load Test 2-318,text,true,,587,137,1,2,http://localhost:8002/restaurants/?q=ramen,4,0,1
1777221625314,171,POST /auth/login,200,OK,Login Load Test 1-318,text,true,,316,251,1,2,http://localhost:8001/auth/login,171,0,0
1777221625389,172,Login for Token,200,OK,Review Submission Load Test 3-318,text,true,,316,251,1,2,http://localhost:8001/auth/login,172,0,0
1777221625561,3,POST /reviews/,400,Bad Request,Review Submission Load Test 3-318,text,false,"Test failed: code expected to equal /

****** received  : [[[400]]]

****** comparison: [[[201]]]

/",188,440,1,2,http://localhost:8004/reviews/,3,0,1
1777221625564,3,GET /restaurants?q=ramen,200,OK,Restaurant Search Load Test 2-319,text,true,,587,137,1,2,http://localhost:8002/restaurants/?q=ramen,3,0,0
1777221625513,173,POST /auth/login,200,OK,Login Load Test 1-319,text,true,,316,251,1,2,http://localhost:8001/auth/login,173,0,0
1777221625590,173,Login for Token,200,OK,Review Submission Load Test 3-319,text,true,,316,251,1,3,http://localhost:8001/auth/login,173,0,1
1777221625763,3,POST /reviews/,400,Bad Request,Review Submission Load Test 3-319,text,false,"Test failed: code expected to equal /

****** received  : [[[400]]]

****** comparison: [[[201]]]

/",188,440,1,3,http://localhost:8004/reviews/,3,0,1
1777221625763,4,GET /restaurants?q=ramen,200,OK,Restaurant Search Load Test 2-320,text,true,,587,137,1,2,http://localhost:8002/restaurants/?q=ramen,4,0,1
1777221625710,173,POST /auth/login,200,OK,Login Load Test 1-320,text,true,,316,251,1,2,http://localhost:8001/auth/login,173,0,1
1777221625789,173,Login for Token,200,OK,Review Submission Load Test 3-320,text,true,,316,251,1,2,http://localhost:8001/auth/login,173,0,0
1777221625962,3,POST /reviews/,400,Bad Request,Review Submission Load Test 3-320,text,false,"Test failed: code expected to equal /

****** received  : [[[400]]]

****** comparison: [[[201]]]

/",188,440,1,2,http://localhost:8004/reviews/,3,0,1
1777221625965,3,GET /restaurants?q=ramen,200,OK,Restaurant Search Load Test 2-321,text,true,,587,137,1,2,http://localhost:8002/restaurants/?q=ramen,3,0,0
1777221625914,173,POST /auth/login,200,OK,Login Load Test 1-321,text,true,,316,251,1,2,http://localhost:8001/auth/login,173,0,0
1777221625989,171,Login for Token,200,OK,Review Submission Load Test 3-321,text,true,,316,251,1,2,http://localhost:8001/auth/login,171,0,0
1777221626161,2,POST /reviews/,400,Bad Request,Review Submission Load Test 3-321,text,false,"Test failed: code expected to equal /

****** received  : [[[400]]]

****** comparison: [[[201]]]

/",188,440,1,2,http://localhost:8004/reviews/,2,0,0
1777221626169,2,GET /restaurants?q=ramen,200,OK,Restaurant Search Load Test 2-322,text,true,,587,137,1,2,http://localhost:8002/restaurants/?q=ramen,2,0,0
1777221626114,172,POST /auth/login,200,OK,Login Load Test 1-322,text,true,,316,251,1,2,http://localhost:8001/auth/login,172,0,0
1777221626190,171,Login for Token,200,OK,Review Submission Load Test 3-322,text,true,,316,251,1,2,http://localhost:8001/auth/login,171,0,1
1777221626361,2,POST /reviews/,400,Bad Request,Review Submission Load Test 3-322,text,false,"Test failed: code expected to equal /

****** received  : [[[400]]]

****** comparison: [[[201]]]

/",188,440,1,2,http://localhost:8004/reviews/,2,0,0
1777221626363,3,GET /restaurants?q=ramen,200,OK,Restaurant Search Load Test 2-323,text,true,,587,137,1,2,http://localhost:8002/restaurants/?q=ramen,3,0,0
1777221626313,171,POST /auth/login,200,OK,Login Load Test 1-323,text,true,,316,251,1,2,http://localhost:8001/auth/login,171,0,1
1777221626392,171,Login for Token,200,OK,Review Submission Load Test 3-323,text,true,,316,251,1,3,http://localhost:8001/auth/login,171,0,1
1777221626563,1,POST /reviews/,400,Bad Request,Review Submission Load Test 3-323,text,false,"Test failed: code expected to equal /

****** received  : [[[400]]]

****** comparison: [[[201]]]

/",188,440,1,3,http://localhost:8004/reviews/,1,0,0
1777221626563,3,GET /restaurants?q=ramen,200,OK,Restaurant Search Load Test 2-324,text,true,,587,137,1,2,http://localhost:8002/restaurants/?q=ramen,3,0,0
1777221626514,171,POST /auth/login,200,OK,Login Load Test 1-324,text,true,,316,251,1,2,http://localhost:8001/auth/login,171,0,0
1777221626592,173,Login for Token,200,OK,Review Submission Load Test 3-324,text,true,,316,251,1,2,http://localhost:8001/auth/login,173,0,1
1777221626765,2,POST /reviews/,400,Bad Request,Review Submission Load Test 3-324,text,false,"Test failed: code expected to equal /

****** received  : [[[400]]]

****** comparison: [[[201]]]

/",188,440,1,3,http://localhost:8004/reviews/,2,0,0
1777221626766,3,GET /restaurants?q=ramen,200,OK,Restaurant Search Load Test 2-325,text,true,,587,137,1,2,http://localhost:8002/restaurants/?q=ramen,3,0,0
1777221626715,172,POST /auth/login,200,OK,Login Load Test 1-325,text,true,,316,251,1,2,http://localhost:8001/auth/login,172,0,1
1777221626792,171,Login for Token,200,OK,Review Submission Load Test 3-325,text,true,,316,251,1,2,http://localhost:8001/auth/login,171,0,0
1777221626963,2,POST /reviews/,400,Bad Request,Review Submission Load Test 3-325,text,false,"Test failed: code expected to equal /

****** received  : [[[400]]]

****** comparison: [[[201]]]

/",188,440,1,3,http://localhost:8004/reviews/,2,0,0
1777221626964,3,GET /restaurants?q=ramen,200,OK,Restaurant Search Load Test 2-326,text,true,,587,137,1,2,http://localhost:8002/restaurants/?q=ramen,3,0,0
1777221626914,170,POST /auth/login,200,OK,Login Load Test 1-326,text,true,,316,251,1,2,http://localhost:8001/auth/login,170,0,0
1777221626989,170,Login for Token,200,OK,Review Submission Load Test 3-326,text,true,,316,251,1,2,http://localhost:8001/auth/login,170,0,0
1777221627159,2,POST /reviews/,400,Bad Request,Review Submission Load Test 3-326,text,false,"Test failed: code expected to equal /

****** received  : [[[400]]]

****** comparison: [[[201]]]

/",188,440,1,2,http://localhost:8004/reviews/,2,0,0
1777221627165,2,GET /restaurants?q=ramen,200,OK,Restaurant Search Load Test 2-327,text,true,,587,137,1,2,http://localhost:8002/restaurants/?q=ramen,2,0,0
1777221627114,172,POST /auth/login,200,OK,Login Load Test 1-327,text,true,,316,251,1,2,http://localhost:8001/auth/login,172,0,0
1777221627188,171,Login for Token,200,OK,Review Submission Load Test 3-327,text,true,,316,251,1,2,http://localhost:8001/auth/login,171,0,0
1777221627360,2,POST /reviews/,400,Bad Request,Review Submission Load Test 3-327,text,false,"Test failed: code expected to equal /

****** received  : [[[400]]]

****** comparison: [[[201]]]

/",188,440,1,2,http://localhost:8004/reviews/,2,0,0
1777221627364,3,GET /restaurants?q=ramen,200,OK,Restaurant Search Load Test 2-328,text,true,,587,137,1,2,http://localhost:8002/restaurants/?q=ramen,3,0,0
1777221627314,173,POST /auth/login,200,OK,Login Load Test 1-328,text,true,,316,251,1,2,http://localhost:8001/auth/login,173,0,0
1777221627388,172,Login for Token,200,OK,Review Submission Load Test 3-328,text,true,,316,251,1,2,http://localhost:8001/auth/login,172,0,0
1777221627560,2,POST /reviews/,400,Bad Request,Review Submission Load Test 3-328,text,false,"Test failed: code expected to equal /

****** received  : [[[400]]]

****** comparison: [[[201]]]

/",188,440,1,2,http://localhost:8004/reviews/,2,0,0
1777221627564,2,GET /restaurants?q=ramen,200,OK,Restaurant Search Load Test 2-329,text,true,,587,137,1,2,http://localhost:8002/restaurants/?q=ramen,2,0,0
1777221627510,170,POST /auth/login,200,OK,Login Load Test 1-329,text,true,,316,251,1,2,http://localhost:8001/auth/login,170,0,0
1777221627592,171,Login for Token,200,OK,Review Submission Load Test 3-329,text,true,,316,251,1,2,http://localhost:8001/auth/login,171,0,0
1777221627763,2,POST /reviews/,400,Bad Request,Review Submission Load Test 3-329,text,false,"Test failed: code expected to equal /

****** received  : [[[400]]]

****** comparison: [[[201]]]

/",188,440,1,3,http://localhost:8004/reviews/,2,0,0
1777221627764,3,GET /restaurants?q=ramen,200,OK,Restaurant Search Load Test 2-330,text,true,,587,137,1,2,http://localhost:8002/restaurants/?q=ramen,3,0,0
1777221627714,171,POST /auth/login,200,OK,Login Load Test 1-330,text,true,,316,251,1,2,http://localhost:8001/auth/login,171,0,0
1777221627793,171,Login for Token,200,OK,Review Submission Load Test 3-330,text,true,,316,251,1,2,http://localhost:8001/auth/login,171,0,0
1777221627964,2,POST /reviews/,400,Bad Request,Review Submission Load Test 3-330,text,false,"Test failed: code expected to equal /

****** received  : [[[400]]]

****** comparison: [[[201]]]

/",188,440,1,2,http://localhost:8004/reviews/,2,0,1
1777221627968,2,GET /restaurants?q=ramen,200,OK,Restaurant Search Load Test 2-331,text,true,,587,137,1,2,http://localhost:8002/restaurants/?q=ramen,2,0,1
1777221627911,172,POST /auth/login,200,OK,Login Load Test 1-331,text,true,,316,251,1,2,http://localhost:8001/auth/login,172,0,0
1777221627992,170,Login for Token,200,OK,Review Submission Load Test 3-331,text,true,,316,251,1,2,http://localhost:8001/auth/login,170,0,0
1777221628162,2,POST /reviews/,400,Bad Request,Review Submission Load Test 3-331,text,false,"Test failed: code expected to equal /

****** received  : [[[400]]]

****** comparison: [[[201]]]

/",188,440,1,2,http://localhost:8004/reviews/,2,0,0
1777221628166,4,GET /restaurants?q=ramen,200,OK,Restaurant Search Load Test 2-332,text,true,,587,137,1,2,http://localhost:8002/restaurants/?q=ramen,4,0,1
1777221628109,173,POST /auth/login,200,OK,Login Load Test 1-332,text,true,,316,251,1,2,http://localhost:8001/auth/login,173,0,0
1777221628188,173,Login for Token,200,OK,Review Submission Load Test 3-332,text,true,,316,251,1,2,http://localhost:8001/auth/login,173,0,1
1777221628361,2,POST /reviews/,400,Bad Request,Review Submission Load Test 3-332,text,false,"Test failed: code expected to equal /

****** received  : [[[400]]]

****** comparison: [[[201]]]

/",188,440,1,2,http://localhost:8004/reviews/,2,0,0
1777221628364,3,GET /restaurants?q=ramen,200,OK,Restaurant Search Load Test 2-333,text,true,,587,137,1,2,http://localhost:8002/restaurants/?q=ramen,3,0,0
1777221628314,170,POST /auth/login,200,OK,Login Load Test 1-333,text,true,,316,251,1,2,http://localhost:8001/auth/login,170,0,0
1777221628391,170,Login for Token,200,OK,Review Submission Load Test 3-333,text,true,,316,251,1,2,http://localhost:8001/auth/login,170,0,0
1777221628562,2,POST /reviews/,400,Bad Request,Review Submission Load Test 3-333,text,false,"Test failed: code expected to equal /

****** received  : [[[400]]]

****** comparison: [[[201]]]

/",188,440,1,3,http://localhost:8004/reviews/,2,0,0
1777221628564,3,GET /restaurants?q=ramen,200,OK,Restaurant Search Load Test 2-334,text,true,,587,137,1,2,http://localhost:8002/restaurants/?q=ramen,3,0,0
1777221628511,175,POST /auth/login,200,OK,Login Load Test 1-334,text,true,,316,251,1,2,http://localhost:8001/auth/login,175,0,1
1777221628592,173,Login for Token,200,OK,Review Submission Load Test 3-334,text,true,,316,251,1,3,http://localhost:8001/auth/login,173,0,1
1777221628765,2,POST /reviews/,400,Bad Request,Review Submission Load Test 3-334,text,false,"Test failed: code expected to equal /

****** received  : [[[400]]]

****** comparison: [[[201]]]

/",188,440,1,3,http://localhost:8004/reviews/,2,0,0
1777221628765,3,GET /restaurants?q=ramen,200,OK,Restaurant Search Load Test 2-335,text,true,,587,137,1,2,http://localhost:8002/restaurants/?q=ramen,3,0,0
1777221628709,172,POST /auth/login,200,OK,Login Load Test 1-335,text,true,,316,251,1,2,http://localhost:8001/auth/login,172,0,0
1777221628789,170,Login for Token,200,OK,Review Submission Load Test 3-335,text,true,,316,251,1,2,http://localhost:8001/auth/login,170,0,0
1777221628959,2,POST /reviews/,400,Bad Request,Review Submission Load Test 3-335,text,false,"Test failed: code expected to equal /

****** received  : [[[400]]]

****** comparison: [[[201]]]

/",188,440,1,2,http://localhost:8004/reviews/,2,0,1
1777221628967,4,GET /restaurants?q=ramen,200,OK,Restaurant Search Load Test 2-336,text,true,,587,137,1,2,http://localhost:8002/restaurants/?q=ramen,4,0,1
1777221628908,172,POST /auth/login,200,OK,Login Load Test 1-336,text,true,,316,251,1,2,http://localhost:8001/auth/login,172,0,1
1777221628991,172,Login for Token,200,OK,Review Submission Load Test 3-336,text,true,,316,251,1,2,http://localhost:8001/auth/login,172,0,1
1777221629163,2,POST /reviews/,400,Bad Request,Review Submission Load Test 3-336,text,false,"Test failed: code expected to equal /

****** received  : [[[400]]]

****** comparison: [[[201]]]

/",188,440,1,3,http://localhost:8004/reviews/,2,0,0
1777221629164,3,GET /restaurants?q=ramen,200,OK,Restaurant Search Load Test 2-337,text,true,,587,137,1,2,http://localhost:8002/restaurants/?q=ramen,3,0,0
1777221629112,172,POST /auth/login,200,OK,Login Load Test 1-337,text,true,,316,251,1,2,http://localhost:8001/auth/login,172,0,0
1777221629187,170,Login for Token,200,OK,Review Submission Load Test 3-337,text,true,,316,251,1,2,http://localhost:8001/auth/login,170,0,1
1777221629357,2,POST /reviews/,400,Bad Request,Review Submission Load Test 3-337,text,false,"Test failed: code expected to equal /

****** received  : [[[400]]]

****** comparison: [[[201]]]

/",188,440,1,2,http://localhost:8004/reviews/,2,0,0
1777221629368,4,GET /restaurants?q=ramen,200,OK,Restaurant Search Load Test 2-338,text,true,,587,137,1,2,http://localhost:8002/restaurants/?q=ramen,4,0,1
1777221629313,170,POST /auth/login,200,OK,Login Load Test 1-338,text,true,,316,251,1,2,http://localhost:8001/auth/login,170,0,0
1777221629389,170,Login for Token,200,OK,Review Submission Load Test 3-338,text,true,,316,251,1,2,http://localhost:8001/auth/login,170,0,0
1777221629559,2,POST /reviews/,400,Bad Request,Review Submission Load Test 3-338,text,false,"Test failed: code expected to equal /

****** received  : [[[400]]]

****** comparison: [[[201]]]

/",188,440,1,2,http://localhost:8004/reviews/,2,0,0
1777221629564,3,GET /restaurants?q=ramen,200,OK,Restaurant Search Load Test 2-339,text,true,,587,137,1,2,http://localhost:8002/restaurants/?q=ramen,3,0,0
1777221629514,171,POST /auth/login,200,OK,Login Load Test 1-339,text,true,,316,251,1,2,http://localhost:8001/auth/login,171,0,0
1777221629589,171,Login for Token,200,OK,Review Submission Load Test 3-339,text,true,,316,251,1,2,http://localhost:8001/auth/login,171,0,0
1777221629760,3,POST /reviews/,400,Bad Request,Review Submission Load Test 3-339,text,false,"Test failed: code expected to equal /

****** received  : [[[400]]]

****** comparison: [[[201]]]

/",188,440,1,2,http://localhost:8004/reviews/,3,0,1
1777221629768,4,GET /restaurants?q=ramen,200,OK,Restaurant Search Load Test 2-340,text,true,,587,137,1,2,http://localhost:8002/restaurants/?q=ramen,4,0,0
1777221629713,172,POST /auth/login,200,OK,Login Load Test 1-340,text,true,,316,251,1,2,http://localhost:8001/auth/login,172,0,0
1777221629792,171,Login for Token,200,OK,Review Submission Load Test 3-340,text,true,,316,251,1,2,http://localhost:8001/auth/login,171,0,0
1777221629963,2,POST /reviews/,400,Bad Request,Review Submission Load Test 3-340,text,false,"Test failed: code expected to equal /

****** received  : [[[400]]]

****** comparison: [[[201]]]

/",188,440,1,3,http://localhost:8004/reviews/,2,0,0
1777221629964,3,GET /restaurants?q=ramen,200,OK,Restaurant Search Load Test 2-341,text,true,,587,137,1,2,http://localhost:8002/restaurants/?q=ramen,3,0,0
1777221629913,171,POST /auth/login,200,OK,Login Load Test 1-341,text,true,,316,251,1,2,http://localhost:8001/auth/login,171,0,0
1777221629992,173,Login for Token,200,OK,Review Submission Load Test 3-341,text,true,,316,251,1,2,http://localhost:8001/auth/login,173,0,0
1777221630165,1,POST /reviews/,400,Bad Request,Review Submission Load Test 3-341,text,false,"Test failed: code expected to equal /

****** received  : [[[400]]]

****** comparison: [[[201]]]

/",188,440,1,2,http://localhost:8004/reviews/,1,0,0
1777221630168,3,GET /restaurants?q=ramen,200,OK,Restaurant Search Load Test 2-342,text,true,,587,137,1,2,http://localhost:8002/restaurants/?q=ramen,3,0,0
1777221630113,172,POST /auth/login,200,OK,Login Load Test 1-342,text,true,,316,251,1,2,http://localhost:8001/auth/login,172,0,0
1777221630189,171,Login for Token,200,OK,Review Submission Load Test 3-342,text,true,,316,251,1,2,http://localhost:8001/auth/login,171,0,0
1777221630360,2,POST /reviews/,400,Bad Request,Review Submission Load Test 3-342,text,false,"Test failed: code expected to equal /

****** received  : [[[400]]]

****** comparison: [[[201]]]

/",188,440,1,2,http://localhost:8004/reviews/,2,0,0
1777221630367,4,GET /restaurants?q=ramen,200,OK,Restaurant Search Load Test 2-343,text,true,,587,137,1,2,http://localhost:8002/restaurants/?q=ramen,4,0,1
1777221630313,173,POST /auth/login,200,OK,Login Load Test 1-343,text,true,,316,251,1,2,http://localhost:8001/auth/login,173,0,0
1777221630567,2,GET /restaurants?q=ramen,200,OK,Restaurant Search Load Test 2-344,text,true,,587,137,1,3,http://localhost:8002/restaurants/?q=ramen,2,0,0
1777221630391,178,Login for Token,200,OK,Review Submission Load Test 3-343,text,true,,316,251,1,3,http://localhost:8001/auth/login,178,0,1
1777221630569,2,POST /reviews/,400,Bad Request,Review Submission Load Test 3-343,text,false,"Test failed: code expected to equal /

****** received  : [[[400]]]

****** comparison: [[[201]]]

/",188,440,1,2,http://localhost:8004/reviews/,2,0,0
1777221630509,177,POST /auth/login,200,OK,Login Load Test 1-344,text,true,,316,251,1,2,http://localhost:8001/auth/login,177,0,1
1777221630590,174,Login for Token,200,OK,Review Submission Load Test 3-344,text,true,,316,251,1,2,http://localhost:8001/auth/login,174,0,1
1777221630764,3,POST /reviews/,400,Bad Request,Review Submission Load Test 3-344,text,false,"Test failed: code expected to equal /

****** received  : [[[400]]]

****** comparison: [[[201]]]

/",188,440,1,3,http://localhost:8004/reviews/,3,0,1
1777221630766,3,GET /restaurants?q=ramen,200,OK,Restaurant Search Load Test 2-345,text,true,,587,137,1,2,http://localhost:8002/restaurants/?q=ramen,3,0,0
1777221630711,172,POST /auth/login,200,OK,Login Load Test 1-345,text,true,,316,251,1,2,http://localhost:8001/auth/login,172,0,0
1777221630792,172,Login for Token,200,OK,Review Submission Load Test 3-345,text,true,,316,251,1,3,http://localhost:8001/auth/login,172,0,0
1777221630964,2,POST /reviews/,400,Bad Request,Review Submission Load Test 3-345,text,false,"Test failed: code expected to equal /

****** received  : [[[400]]]

****** comparison: [[[201]]]

/",188,440,1,3,http://localhost:8004/reviews/,2,0,0
1777221630964,3,GET /restaurants?q=ramen,200,OK,Restaurant Search Load Test 2-346,text,true,,587,137,1,2,http://localhost:8002/restaurants/?q=ramen,3,0,0
1777221630912,172,POST /auth/login,200,OK,Login Load Test 1-346,text,true,,316,251,1,2,http://localhost:8001/auth/login,172,0,1
1777221630989,171,Login for Token,200,OK,Review Submission Load Test 3-346,text,true,,316,251,1,2,http://localhost:8001/auth/login,171,0,1
1777221631160,2,POST /reviews/,400,Bad Request,Review Submission Load Test 3-346,text,false,"Test failed: code expected to equal /

****** received  : [[[400]]]

****** comparison: [[[201]]]

/",188,440,1,2,http://localhost:8004/reviews/,2,0,0
1777221631164,3,GET /restaurants?q=ramen,200,OK,Restaurant Search Load Test 2-347,text,true,,587,137,1,2,http://localhost:8002/restaurants/?q=ramen,3,0,1
1777221631114,172,POST /auth/login,200,OK,Login Load Test 1-347,text,true,,316,251,1,2,http://localhost:8001/auth/login,172,0,0
1777221631191,172,Login for Token,200,OK,Review Submission Load Test 3-347,text,true,,316,251,1,2,http://localhost:8001/auth/login,172,0,1
1777221631363,2,POST /reviews/,400,Bad Request,Review Submission Load Test 3-347,text,false,"Test failed: code expected to equal /

****** received  : [[[400]]]

****** comparison: [[[201]]]

/",188,440,1,2,http://localhost:8004/reviews/,2,0,0
1777221631367,3,GET /restaurants?q=ramen,200,OK,Restaurant Search Load Test 2-348,text,true,,587,137,1,2,http://localhost:8002/restaurants/?q=ramen,3,0,0
1777221631314,171,POST /auth/login,200,OK,Login Load Test 1-348,text,true,,316,251,1,2,http://localhost:8001/auth/login,171,0,1
1777221631392,171,Login for Token,200,OK,Review Submission Load Test 3-348,text,true,,316,251,1,2,http://localhost:8001/auth/login,171,0,0
1777221631563,2,POST /reviews/,400,Bad Request,Review Submission Load Test 3-348,text,false,"Test failed: code expected to equal /

****** received  : [[[400]]]

****** comparison: [[[201]]]

/",188,440,1,3,http://localhost:8004/reviews/,2,0,0
1777221631564,4,GET /restaurants?q=ramen,200,OK,Restaurant Search Load Test 2-349,text,true,,587,137,1,2,http://localhost:8002/restaurants/?q=ramen,4,0,0
1777221631513,171,POST /auth/login,200,OK,Login Load Test 1-349,text,true,,316,251,1,2,http://localhost:8001/auth/login,171,0,0
1777221631592,172,Login for Token,200,OK,Review Submission Load Test 3-349,text,true,,316,251,1,2,http://localhost:8001/auth/login,172,0,0
1777221631764,2,POST /reviews/,400,Bad Request,Review Submission Load Test 3-349,text,false,"Test failed: code expected to equal /

****** received  : [[[400]]]

****** comparison: [[[201]]]

/",188,440,1,2,http://localhost:8004/reviews/,2,0,0
1777221631767,3,GET /restaurants?q=ramen,200,OK,Restaurant Search Load Test 2-350,text,true,,587,137,1,2,http://localhost:8002/restaurants/?q=ramen,3,0,0
1777221631713,172,POST /auth/login,200,OK,Login Load Test 1-350,text,true,,316,251,1,2,http://localhost:8001/auth/login,172,0,1
1777221631789,171,Login for Token,200,OK,Review Submission Load Test 3-350,text,true,,316,251,1,2,http://localhost:8001/auth/login,171,0,0
1777221631960,2,POST /reviews/,400,Bad Request,Review Submission Load Test 3-350,text,false,"Test failed: code expected to equal /

****** received  : [[[400]]]

****** comparison: [[[201]]]

/",188,440,1,2,http://localhost:8004/reviews/,2,0,0
1777221631968,3,GET /restaurants?q=ramen,200,OK,Restaurant Search Load Test 2-351,text,true,,587,137,1,2,http://localhost:8002/restaurants/?q=ramen,3,0,0
1777221631909,171,POST /auth/login,200,OK,Login Load Test 1-351,text,true,,316,251,1,2,http://localhost:8001/auth/login,171,0,0
1777221631992,170,Login for Token,200,OK,Review Submission Load Test 3-351,text,true,,316,251,1,2,http://localhost:8001/auth/login,170,0,0
1777221632161,2,POST /reviews/,400,Bad Request,Review Submission Load Test 3-351,text,false,"Test failed: code expected to equal /

****** received  : [[[400]]]

****** comparison: [[[201]]]

/",188,440,1,3,http://localhost:8004/reviews/,2,0,0
1777221632163,3,GET /restaurants?q=ramen,200,OK,Restaurant Search Load Test 2-352,text,true,,587,137,1,2,http://localhost:8002/restaurants/?q=ramen,3,0,0
1777221632111,171,POST /auth/login,200,OK,Login Load Test 1-352,text,true,,316,251,1,2,http://localhost:8001/auth/login,171,0,0
1777221632191,171,Login for Token,200,OK,Review Submission Load Test 3-352,text,true,,316,251,1,2,http://localhost:8001/auth/login,171,0,0
1777221632362,2,POST /reviews/,400,Bad Request,Review Submission Load Test 3-352,text,false,"Test failed: code expected to equal /

****** received  : [[[400]]]

****** comparison: [[[201]]]

/",188,440,1,2,http://localhost:8004/reviews/,2,0,0
1777221632367,3,GET /restaurants?q=ramen,200,OK,Restaurant Search Load Test 2-353,text,true,,587,137,1,2,http://localhost:8002/restaurants/?q=ramen,3,0,0
1777221632311,171,POST /auth/login,200,OK,Login Load Test 1-353,text,true,,316,251,1,2,http://localhost:8001/auth/login,171,0,0
1777221632391,171,Login for Token,200,OK,Review Submission Load Test 3-353,text,true,,316,251,1,2,http://localhost:8001/auth/login,171,0,0
1777221632562,2,POST /reviews/,400,Bad Request,Review Submission Load Test 3-353,text,false,"Test failed: code expected to equal /

****** received  : [[[400]]]

****** comparison: [[[201]]]

/",188,440,1,3,http://localhost:8004/reviews/,2,0,0
1777221632562,3,GET /restaurants?q=ramen,200,OK,Restaurant Search Load Test 2-354,text,true,,587,137,1,2,http://localhost:8002/restaurants/?q=ramen,3,0,0
1777221632512,171,POST /auth/login,200,OK,Login Load Test 1-354,text,true,,316,251,1,2,http://localhost:8001/auth/login,171,0,0
1777221632591,172,Login for Token,200,OK,Review Submission Load Test 3-354,text,true,,316,251,1,3,http://localhost:8001/auth/login,172,0,1
1777221632762,3,GET /restaurants?q=ramen,200,OK,Restaurant Search Load Test 2-355,text,true,,587,137,1,3,http://localhost:8002/restaurants/?q=ramen,3,0,0
1777221632763,2,POST /reviews/,400,Bad Request,Review Submission Load Test 3-354,text,false,"Test failed: code expected to equal /

****** received  : [[[400]]]

****** comparison: [[[201]]]

/",188,440,1,2,http://localhost:8004/reviews/,2,0,0
1777221632712,181,POST /auth/login,200,OK,Login Load Test 1-355,text,true,,316,251,1,2,http://localhost:8001/auth/login,181,0,0
1777221632788,175,Login for Token,200,OK,Review Submission Load Test 3-355,text,true,,316,251,1,3,http://localhost:8001/auth/login,175,0,0
1777221632963,2,POST /reviews/,400,Bad Request,Review Submission Load Test 3-355,text,false,"Test failed: code expected to equal /

****** received  : [[[400]]]

****** comparison: [[[201]]]

/",188,440,1,3,http://localhost:8004/reviews/,2,0,1
1777221632963,4,GET /restaurants?q=ramen,200,OK,Restaurant Search Load Test 2-356,text,true,,587,137,1,2,http://localhost:8002/restaurants/?q=ramen,4,0,0
1777221632909,177,POST /auth/login,200,OK,Login Load Test 1-356,text,true,,316,251,1,2,http://localhost:8001/auth/login,177,0,1
1777221632989,171,Login for Token,200,OK,Review Submission Load Test 3-356,text,true,,316,251,1,2,http://localhost:8001/auth/login,171,0,1
1777221633160,3,POST /reviews/,400,Bad Request,Review Submission Load Test 3-356,text,false,"Test failed: code expected to equal /

****** received  : [[[400]]]

****** comparison: [[[201]]]

/",188,440,1,2,http://localhost:8004/reviews/,3,0,1
1777221633167,3,GET /restaurants?q=ramen,200,OK,Restaurant Search Load Test 2-357,text,true,,587,137,1,2,http://localhost:8002/restaurants/?q=ramen,3,0,0
1777221633112,171,POST /auth/login,200,OK,Login Load Test 1-357,text,true,,316,251,1,2,http://localhost:8001/auth/login,171,0,0
1777221633190,171,Login for Token,200,OK,Review Submission Load Test 3-357,text,true,,316,251,1,2,http://localhost:8001/auth/login,171,0,0
1777221633361,2,POST /reviews/,400,Bad Request,Review Submission Load Test 3-357,text,false,"Test failed: code expected to equal /

****** received  : [[[400]]]

****** comparison: [[[201]]]

/",188,440,1,3,http://localhost:8004/reviews/,2,0,1
1777221633363,3,GET /restaurants?q=ramen,200,OK,Restaurant Search Load Test 2-358,text,true,,587,137,1,2,http://localhost:8002/restaurants/?q=ramen,3,0,0
1777221633309,171,POST /auth/login,200,OK,Login Load Test 1-358,text,true,,316,251,1,2,http://localhost:8001/auth/login,171,0,0
1777221633391,171,Login for Token,200,OK,Review Submission Load Test 3-358,text,true,,316,251,1,2,http://localhost:8001/auth/login,171,0,1
1777221633562,2,POST /reviews/,400,Bad Request,Review Submission Load Test 3-358,text,false,"Test failed: code expected to equal /

****** received  : [[[400]]]

****** comparison: [[[201]]]

/",188,440,1,2,http://localhost:8004/reviews/,2,0,0
1777221633567,3,GET /restaurants?q=ramen,200,OK,Restaurant Search Load Test 2-359,text,true,,587,137,1,2,http://localhost:8002/restaurants/?q=ramen,3,0,0
1777221633508,170,POST /auth/login,200,OK,Login Load Test 1-359,text,true,,316,251,1,2,http://localhost:8001/auth/login,170,0,0
1777221633591,171,Login for Token,200,OK,Review Submission Load Test 3-359,text,true,,316,251,1,2,http://localhost:8001/auth/login,171,0,0
1777221633762,2,POST /reviews/,400,Bad Request,Review Submission Load Test 3-359,text,false,"Test failed: code expected to equal /

****** received  : [[[400]]]

****** comparison: [[[201]]]

/",188,440,1,3,http://localhost:8004/reviews/,2,0,0
1777221633763,3,GET /restaurants?q=ramen,200,OK,Restaurant Search Load Test 2-360,text,true,,587,137,1,2,http://localhost:8002/restaurants/?q=ramen,3,0,0
1777221633712,171,POST /auth/login,200,OK,Login Load Test 1-360,text,true,,316,251,1,2,http://localhost:8001/auth/login,171,0,0
1777221633792,172,Login for Token,200,OK,Review Submission Load Test 3-360,text,true,,316,251,1,2,http://localhost:8001/auth/login,172,0,0
1777221633964,2,POST /reviews/,400,Bad Request,Review Submission Load Test 3-360,text,false,"Test failed: code expected to equal /

****** received  : [[[400]]]

****** comparison: [[[201]]]

/",188,440,1,2,http://localhost:8004/reviews/,2,0,0
1777221633968,3,GET /restaurants?q=ramen,200,OK,Restaurant Search Load Test 2-361,text,true,,587,137,1,2,http://localhost:8002/restaurants/?q=ramen,3,0,0
1777221633909,172,POST /auth/login,200,OK,Login Load Test 1-361,text,true,,316,251,1,2,http://localhost:8001/auth/login,172,0,1
1777221633991,170,Login for Token,200,OK,Review Submission Load Test 3-361,text,true,,316,251,1,2,http://localhost:8001/auth/login,170,0,0
1777221634161,2,POST /reviews/,400,Bad Request,Review Submission Load Test 3-361,text,false,"Test failed: code expected to equal /

****** received  : [[[400]]]

****** comparison: [[[201]]]

/",188,440,1,2,http://localhost:8004/reviews/,2,0,0
1777221634167,3,GET /restaurants?q=ramen,200,OK,Restaurant Search Load Test 2-362,text,true,,587,137,1,2,http://localhost:8002/restaurants/?q=ramen,3,0,0
1777221634112,171,POST /auth/login,200,OK,Login Load Test 1-362,text,true,,316,251,1,2,http://localhost:8001/auth/login,171,0,0
1777221634188,170,Login for Token,200,OK,Review Submission Load Test 3-362,text,true,,316,251,1,2,http://localhost:8001/auth/login,170,0,0
1777221634358,2,POST /reviews/,400,Bad Request,Review Submission Load Test 3-362,text,false,"Test failed: code expected to equal /

****** received  : [[[400]]]

****** comparison: [[[201]]]

/",188,440,1,2,http://localhost:8004/reviews/,2,0,0
1777221634367,3,GET /restaurants?q=ramen,200,OK,Restaurant Search Load Test 2-363,text,true,,587,137,1,2,http://localhost:8002/restaurants/?q=ramen,3,0,0
1777221634312,171,POST /auth/login,200,OK,Login Load Test 1-363,text,true,,316,251,1,2,http://localhost:8001/auth/login,171,0,1
1777221634390,172,Login for Token,200,OK,Review Submission Load Test 3-363,text,true,,316,251,1,2,http://localhost:8001/auth/login,172,0,1
1777221634562,2,POST /reviews/,400,Bad Request,Review Submission Load Test 3-363,text,false,"Test failed: code expected to equal /

****** received  : [[[400]]]

****** comparison: [[[201]]]

/",188,440,1,3,http://localhost:8004/reviews/,2,0,0
1777221634562,3,GET /restaurants?q=ramen,200,OK,Restaurant Search Load Test 2-364,text,true,,587,137,1,2,http://localhost:8002/restaurants/?q=ramen,3,0,0
1777221634513,172,POST /auth/login,200,OK,Login Load Test 1-364,text,true,,316,251,1,2,http://localhost:8001/auth/login,172,0,0
1777221634586,172,Login for Token,200,OK,Review Submission Load Test 3-364,text,true,,316,251,1,2,http://localhost:8001/auth/login,172,0,0
1777221634758,3,POST /reviews/,400,Bad Request,Review Submission Load Test 3-364,text,false,"Test failed: code expected to equal /

****** received  : [[[400]]]

****** comparison: [[[201]]]

/",188,440,1,2,http://localhost:8004/reviews/,3,0,0
1777221634763,3,GET /restaurants?q=ramen,200,OK,Restaurant Search Load Test 2-365,text,true,,587,137,1,2,http://localhost:8002/restaurants/?q=ramen,3,0,0
1777221634712,182,POST /auth/login,200,OK,Login Load Test 1-365,text,true,,316,251,1,2,http://localhost:8001/auth/login,182,0,0
1777221634967,2,GET /restaurants?q=ramen,200,OK,Restaurant Search Load Test 2-366,text,true,,587,137,1,3,http://localhost:8002/restaurants/?q=ramen,2,0,1
1777221634787,190,Login for Token,200,OK,Review Submission Load Test 3-365,text,true,,316,251,1,2,http://localhost:8001/auth/login,190,0,0
1777221634978,1,POST /reviews/,400,Bad Request,Review Submission Load Test 3-365,text,false,"Test failed: code expected to equal /

****** received  : [[[400]]]

****** comparison: [[[201]]]

/",188,440,1,2,http://localhost:8004/reviews/,1,0,0
1777221634911,180,POST /auth/login,200,OK,Login Load Test 1-366,text,true,,316,251,1,2,http://localhost:8001/auth/login,180,0,1
1777221634988,171,Login for Token,200,OK,Review Submission Load Test 3-366,text,true,,316,251,1,2,http://localhost:8001/auth/login,171,0,0
1777221635159,1,POST /reviews/,400,Bad Request,Review Submission Load Test 3-366,text,false,"Test failed: code expected to equal /

****** received  : [[[400]]]

****** comparison: [[[201]]]

/",188,440,1,2,http://localhost:8004/reviews/,1,0,0
1777221635164,1,GET /restaurants?q=ramen,200,OK,Restaurant Search Load Test 2-367,text,true,,587,137,1,2,http://localhost:8002/restaurants/?q=ramen,1,0,0
1777221635110,172,POST /auth/login,200,OK,Login Load Test 1-367,text,true,,316,251,1,2,http://localhost:8001/auth/login,172,0,1
1777221635187,170,Login for Token,200,OK,Review Submission Load Test 3-367,text,true,,316,251,1,2,http://localhost:8001/auth/login,170,0,0
1777221635357,2,POST /reviews/,400,Bad Request,Review Submission Load Test 3-367,text,false,"Test failed: code expected to equal /

****** received  : [[[400]]]

****** comparison: [[[201]]]

/",188,440,1,2,http://localhost:8004/reviews/,2,0,0
1777221635367,5,GET /restaurants?q=ramen,200,OK,Restaurant Search Load Test 2-368,text,true,,587,137,1,2,http://localhost:8002/restaurants/?q=ramen,5,0,0
1777221635309,175,POST /auth/login,200,OK,Login Load Test 1-368,text,true,,316,251,1,2,http://localhost:8001/auth/login,175,0,0
1777221635388,176,Login for Token,200,OK,Review Submission Load Test 3-368,text,true,,316,251,1,2,http://localhost:8001/auth/login,176,0,0
1777221635564,2,POST /reviews/,400,Bad Request,Review Submission Load Test 3-368,text,false,"Test failed: code expected to equal /

****** received  : [[[400]]]

****** comparison: [[[201]]]

/",188,440,1,3,http://localhost:8004/reviews/,2,0,0
1777221635564,3,GET /restaurants?q=ramen,200,OK,Restaurant Search Load Test 2-369,text,true,,587,137,1,2,http://localhost:8002/restaurants/?q=ramen,3,0,0
1777221635512,172,POST /auth/login,200,OK,Login Load Test 1-369,text,true,,316,251,1,2,http://localhost:8001/auth/login,172,0,1
1777221635588,175,Login for Token,200,OK,Review Submission Load Test 3-369,text,true,,316,251,1,3,http://localhost:8001/auth/login,175,0,0
1777221635762,2,GET /restaurants?q=ramen,200,OK,Restaurant Search Load Test 2-370,text,true,,587,137,1,3,http://localhost:8002/restaurants/?q=ramen,2,0,1
1777221635763,1,POST /reviews/,400,Bad Request,Review Submission Load Test 3-369,text,false,"Test failed: code expected to equal /

****** received  : [[[400]]]

****** comparison: [[[201]]]

/",188,440,1,2,http://localhost:8004/reviews/,1,0,0
1777221635712,183,POST /auth/login,200,OK,Login Load Test 1-370,text,true,,316,251,1,2,http://localhost:8001/auth/login,183,0,1
1777221635965,3,GET /restaurants?q=ramen,200,OK,Restaurant Search Load Test 2-371,text,true,,587,137,1,3,http://localhost:8002/restaurants/?q=ramen,3,0,1
1777221635788,188,Login for Token,200,OK,Review Submission Load Test 3-370,text,true,,316,251,1,2,http://localhost:8001/auth/login,188,0,1
1777221635976,3,POST /reviews/,400,Bad Request,Review Submission Load Test 3-370,text,false,"Test failed: code expected to equal /

****** received  : [[[400]]]

****** comparison: [[[201]]]

/",188,440,1,2,http://localhost:8004/reviews/,3,0,1
1777221635907,189,POST /auth/login,200,OK,Login Load Test 1-371,text,true,,316,251,1,2,http://localhost:8001/auth/login,189,0,1
1777221636164,2,GET /restaurants?q=ramen,200,OK,Restaurant Search Load Test 2-372,text,true,,587,137,1,3,http://localhost:8002/restaurants/?q=ramen,2,0,0
1777221635991,186,Login for Token,200,OK,Review Submission Load Test 3-371,text,true,,316,251,1,2,http://localhost:8001/auth/login,186,0,1
1777221636177,1,POST /reviews/,400,Bad Request,Review Submission Load Test 3-371,text,false,"Test failed: code expected to equal /

****** received  : [[[400]]]

****** comparison: [[[201]]]

/",188,440,1,2,http://localhost:8004/reviews/,1,0,0
1777221636111,176,POST /auth/login,200,OK,Login Load Test 1-372,text,true,,316,251,1,2,http://localhost:8001/auth/login,176,0,1
1777221636190,171,Login for Token,200,OK,Review Submission Load Test 3-372,text,true,,316,251,1,2,http://localhost:8001/auth/login,171,0,0
1777221636362,2,POST /reviews/,400,Bad Request,Review Submission Load Test 3-372,text,false,"Test failed: code expected to equal /

****** received  : [[[400]]]

****** comparison: [[[201]]]

/",188,440,1,2,http://localhost:8004/reviews/,2,0,0
1777221636364,2,GET /restaurants?q=ramen,200,OK,Restaurant Search Load Test 2-373,text,true,,587,137,1,2,http://localhost:8002/restaurants/?q=ramen,2,0,0
1777221636309,170,POST /auth/login,200,OK,Login Load Test 1-373,text,true,,316,251,1,2,http://localhost:8001/auth/login,170,0,0
1777221636391,170,Login for Token,200,OK,Review Submission Load Test 3-373,text,true,,316,251,1,2,http://localhost:8001/auth/login,170,0,0
1777221636561,2,POST /reviews/,400,Bad Request,Review Submission Load Test 3-373,text,false,"Test failed: code expected to equal /

****** received  : [[[400]]]

****** comparison: [[[201]]]

/",188,440,1,3,http://localhost:8004/reviews/,2,0,0
1777221636563,2,GET /restaurants?q=ramen,200,OK,Restaurant Search Load Test 2-374,text,true,,587,137,1,2,http://localhost:8002/restaurants/?q=ramen,2,0,0
1777221636512,170,POST /auth/login,200,OK,Login Load Test 1-374,text,true,,316,251,1,2,http://localhost:8001/auth/login,170,0,0
1777221636590,171,Login for Token,200,OK,Review Submission Load Test 3-374,text,true,,316,251,1,2,http://localhost:8001/auth/login,171,0,0
1777221636761,2,POST /reviews/,400,Bad Request,Review Submission Load Test 3-374,text,false,"Test failed: code expected to equal /

****** received  : [[[400]]]

****** comparison: [[[201]]]

/",188,440,1,3,http://localhost:8004/reviews/,2,0,0
1777221636763,2,GET /restaurants?q=ramen,200,OK,Restaurant Search Load Test 2-375,text,true,,587,137,1,2,http://localhost:8002/restaurants/?q=ramen,2,0,0
1777221636711,171,POST /auth/login,200,OK,Login Load Test 1-375,text,true,,316,251,1,2,http://localhost:8001/auth/login,171,0,0
1777221636788,171,Login for Token,200,OK,Review Submission Load Test 3-375,text,true,,316,251,1,2,http://localhost:8001/auth/login,171,0,0
1777221636959,2,POST /reviews/,400,Bad Request,Review Submission Load Test 3-375,text,false,"Test failed: code expected to equal /

****** received  : [[[400]]]

****** comparison: [[[201]]]

/",188,440,1,2,http://localhost:8004/reviews/,2,0,0
1777221636967,3,GET /restaurants?q=ramen,200,OK,Restaurant Search Load Test 2-376,text,true,,587,137,1,2,http://localhost:8002/restaurants/?q=ramen,3,0,0
1777221636912,171,POST /auth/login,200,OK,Login Load Test 1-376,text,true,,316,251,1,2,http://localhost:8001/auth/login,171,0,0
1777221636991,170,Login for Token,200,OK,Review Submission Load Test 3-376,text,true,,316,251,1,2,http://localhost:8001/auth/login,170,0,0
1777221637161,2,POST /reviews/,400,Bad Request,Review Submission Load Test 3-376,text,false,"Test failed: code expected to equal /

****** received  : [[[400]]]

****** comparison: [[[201]]]

/",188,440,1,2,http://localhost:8004/reviews/,2,0,1
1777221637163,4,GET /restaurants?q=ramen,200,OK,Restaurant Search Load Test 2-377,text,true,,587,137,1,2,http://localhost:8002/restaurants/?q=ramen,4,0,1
1777221637112,171,POST /auth/login,200,OK,Login Load Test 1-377,text,true,,316,251,1,2,http://localhost:8001/auth/login,171,0,0
1777221637187,170,Login for Token,200,OK,Review Submission Load Test 3-377,text,true,,316,251,1,2,http://localhost:8001/auth/login,170,0,0
1777221637357,2,POST /reviews/,400,Bad Request,Review Submission Load Test 3-377,text,false,"Test failed: code expected to equal /

****** received  : [[[400]]]

****** comparison: [[[201]]]

/",188,440,1,2,http://localhost:8004/reviews/,2,0,0
1777221637366,2,GET /restaurants?q=ramen,200,OK,Restaurant Search Load Test 2-378,text,true,,587,137,1,2,http://localhost:8002/restaurants/?q=ramen,2,0,0
1777221637312,171,POST /auth/login,200,OK,Login Load Test 1-378,text,true,,316,251,1,2,http://localhost:8001/auth/login,171,0,0
1777221637389,172,Login for Token,200,OK,Review Submission Load Test 3-378,text,true,,316,251,1,2,http://localhost:8001/auth/login,172,0,0
1777221637561,2,POST /reviews/,400,Bad Request,Review Submission Load Test 3-378,text,false,"Test failed: code expected to equal /

****** received  : [[[400]]]

****** comparison: [[[201]]]

/",188,440,1,3,http://localhost:8004/reviews/,2,0,0
1777221637563,3,GET /restaurants?q=ramen,200,OK,Restaurant Search Load Test 2-379,text,true,,587,137,1,2,http://localhost:8002/restaurants/?q=ramen,3,0,0
1777221637513,171,POST /auth/login,200,OK,Login Load Test 1-379,text,true,,316,251,1,2,http://localhost:8001/auth/login,171,0,0
1777221637591,173,Login for Token,200,OK,Review Submission Load Test 3-379,text,true,,316,251,1,2,http://localhost:8001/auth/login,173,0,1
1777221637764,2,POST /reviews/,400,Bad Request,Review Submission Load Test 3-379,text,false,"Test failed: code expected to equal /

****** received  : [[[400]]]

****** comparison: [[[201]]]

/",188,440,1,3,http://localhost:8004/reviews/,2,0,0
1777221637764,4,GET /restaurants?q=ramen,200,OK,Restaurant Search Load Test 2-380,text,true,,587,137,1,2,http://localhost:8002/restaurants/?q=ramen,4,0,1
1777221637713,171,POST /auth/login,200,OK,Login Load Test 1-380,text,true,,316,251,1,2,http://localhost:8001/auth/login,171,0,0
1777221637789,171,Login for Token,200,OK,Review Submission Load Test 3-380,text,true,,316,251,1,2,http://localhost:8001/auth/login,171,0,1
1777221637960,2,POST /reviews/,400,Bad Request,Review Submission Load Test 3-380,text,false,"Test failed: code expected to equal /

****** received  : [[[400]]]

****** comparison: [[[201]]]

/",188,440,1,3,http://localhost:8004/reviews/,2,0,0
1777221637962,4,GET /restaurants?q=ramen,200,OK,Restaurant Search Load Test 2-381,text,true,,587,137,1,2,http://localhost:8002/restaurants/?q=ramen,4,0,0
1777221637910,170,POST /auth/login,200,OK,Login Load Test 1-381,text,true,,316,251,1,2,http://localhost:8001/auth/login,170,0,0
1777221637988,171,Login for Token,200,OK,Review Submission Load Test 3-381,text,true,,316,251,1,2,http://localhost:8001/auth/login,171,0,0
1777221638159,2,POST /reviews/,400,Bad Request,Review Submission Load Test 3-381,text,false,"Test failed: code expected to equal /

****** received  : [[[400]]]

****** comparison: [[[201]]]

/",188,440,1,2,http://localhost:8004/reviews/,2,0,0
1777221638163,3,GET /restaurants?q=ramen,200,OK,Restaurant Search Load Test 2-382,text,true,,587,137,1,2,http://localhost:8002/restaurants/?q=ramen,3,0,0
1777221638112,171,POST /auth/login,200,OK,Login Load Test 1-382,text,true,,316,251,1,2,http://localhost:8001/auth/login,171,0,0
1777221638188,170,Login for Token,200,OK,Review Submission Load Test 3-382,text,true,,316,251,1,2,http://localhost:8001/auth/login,170,0,0
1777221638358,2,POST /reviews/,400,Bad Request,Review Submission Load Test 3-382,text,false,"Test failed: code expected to equal /

****** received  : [[[400]]]

****** comparison: [[[201]]]

/",188,440,1,2,http://localhost:8004/reviews/,2,0,0
1777221638367,3,GET /restaurants?q=ramen,200,OK,Restaurant Search Load Test 2-383,text,true,,587,137,1,2,http://localhost:8002/restaurants/?q=ramen,3,0,0
1777221638312,171,POST /auth/login,200,OK,Login Load Test 1-383,text,true,,316,251,1,2,http://localhost:8001/auth/login,171,0,0
1777221638388,171,Login for Token,200,OK,Review Submission Load Test 3-383,text,true,,316,251,1,2,http://localhost:8001/auth/login,171,0,0
1777221638559,2,POST /reviews/,400,Bad Request,Review Submission Load Test 3-383,text,false,"Test failed: code expected to equal /

****** received  : [[[400]]]

****** comparison: [[[201]]]

/",188,440,1,2,http://localhost:8004/reviews/,2,0,0
1777221638567,3,GET /restaurants?q=ramen,200,OK,Restaurant Search Load Test 2-384,text,true,,587,137,1,2,http://localhost:8002/restaurants/?q=ramen,3,0,0
1777221638512,170,POST /auth/login,200,OK,Login Load Test 1-384,text,true,,316,251,1,2,http://localhost:8001/auth/login,170,0,0
1777221638591,171,Login for Token,200,OK,Review Submission Load Test 3-384,text,true,,316,251,1,2,http://localhost:8001/auth/login,171,0,0
1777221638763,2,POST /reviews/,400,Bad Request,Review Submission Load Test 3-384,text,false,"Test failed: code expected to equal /

****** received  : [[[400]]]

****** comparison: [[[201]]]

/",188,440,1,3,http://localhost:8004/reviews/,2,0,0
1777221638763,3,GET /restaurants?q=ramen,200,OK,Restaurant Search Load Test 2-385,text,true,,587,137,1,2,http://localhost:8002/restaurants/?q=ramen,3,0,0
1777221638711,173,POST /auth/login,200,OK,Login Load Test 1-385,text,true,,316,251,1,2,http://localhost:8001/auth/login,173,0,0
1777221638791,170,Login for Token,200,OK,Review Submission Load Test 3-385,text,true,,316,251,1,2,http://localhost:8001/auth/login,170,0,0
1777221638962,1,POST /reviews/,400,Bad Request,Review Submission Load Test 3-385,text,false,"Test failed: code expected to equal /

****** received  : [[[400]]]

****** comparison: [[[201]]]

/",188,440,1,3,http://localhost:8004/reviews/,1,0,0
1777221638962,3,GET /restaurants?q=ramen,200,OK,Restaurant Search Load Test 2-386,text,true,,587,137,1,2,http://localhost:8002/restaurants/?q=ramen,3,0,1
1777221638911,171,POST /auth/login,200,OK,Login Load Test 1-386,text,true,,316,251,1,2,http://localhost:8001/auth/login,171,0,0
1777221638988,170,Login for Token,200,OK,Review Submission Load Test 3-386,text,true,,316,251,1,2,http://localhost:8001/auth/login,170,0,0
1777221639158,2,POST /reviews/,400,Bad Request,Review Submission Load Test 3-386,text,false,"Test failed: code expected to equal /

****** received  : [[[400]]]

****** comparison: [[[201]]]

/",188,440,1,2,http://localhost:8004/reviews/,2,0,0
1777221639163,1,GET /restaurants?q=ramen,200,OK,Restaurant Search Load Test 2-387,text,true,,587,137,1,2,http://localhost:8002/restaurants/?q=ramen,1,0,0
1777221639111,173,POST /auth/login,200,OK,Login Load Test 1-387,text,true,,316,251,1,2,http://localhost:8001/auth/login,173,0,1
1777221639189,170,Login for Token,200,OK,Review Submission Load Test 3-387,text,true,,316,251,1,2,http://localhost:8001/auth/login,170,0,1
1777221639360,2,POST /reviews/,400,Bad Request,Review Submission Load Test 3-387,text,false,"Test failed: code expected to equal /

****** received  : [[[400]]]

****** comparison: [[[201]]]

/",188,440,1,2,http://localhost:8004/reviews/,2,0,0
1777221639363,3,GET /restaurants?q=ramen,200,OK,Restaurant Search Load Test 2-388,text,true,,587,137,1,2,http://localhost:8002/restaurants/?q=ramen,3,0,0
1777221639310,172,POST /auth/login,200,OK,Login Load Test 1-388,text,true,,316,251,1,2,http://localhost:8001/auth/login,172,0,0
1777221639564,2,GET /restaurants?q=ramen,200,OK,Restaurant Search Load Test 2-389,text,true,,587,137,1,3,http://localhost:8002/restaurants/?q=ramen,2,0,0
1777221639391,181,Login for Token,200,OK,Review Submission Load Test 3-388,text,true,,316,251,1,2,http://localhost:8001/auth/login,181,0,0
1777221639572,2,POST /reviews/,400,Bad Request,Review Submission Load Test 3-388,text,false,"Test failed: code expected to equal /

****** received  : [[[400]]]

****** comparison: [[[201]]]

/",188,440,1,2,http://localhost:8004/reviews/,2,0,1
1777221639509,186,POST /auth/login,200,OK,Login Load Test 1-389,text,true,,316,251,1,2,http://localhost:8001/auth/login,186,0,0
1777221639767,2,GET /restaurants?q=ramen,200,OK,Restaurant Search Load Test 2-390,text,true,,587,137,1,3,http://localhost:8002/restaurants/?q=ramen,2,0,0
1777221639587,183,Login for Token,200,OK,Review Submission Load Test 3-389,text,true,,316,251,1,2,http://localhost:8001/auth/login,183,0,0
1777221639770,2,POST /reviews/,400,Bad Request,Review Submission Load Test 3-389,text,false,"Test failed: code expected to equal /

****** received  : [[[400]]]

****** comparison: [[[201]]]

/",188,440,1,2,http://localhost:8004/reviews/,2,0,1
1777221639708,181,POST /auth/login,200,OK,Login Load Test 1-390,text,true,,316,251,1,2,http://localhost:8001/auth/login,181,0,0
1777221639788,174,Login for Token,200,OK,Review Submission Load Test 3-390,text,true,,316,251,1,3,http://localhost:8001/auth/login,174,0,0
1777221639962,2,POST /reviews/,400,Bad Request,Review Submission Load Test 3-390,text,false,"Test failed: code expected to equal /

****** received  : [[[400]]]

****** comparison: [[[201]]]

/",188,440,1,3,http://localhost:8004/reviews/,2,0,1
1777221639962,2,GET /restaurants?q=ramen,200,OK,Restaurant Search Load Test 2-391,text,true,,587,137,1,3,http://localhost:8002/restaurants/?q=ramen,2,0,0
1777221639911,174,POST /auth/login,200,OK,Login Load Test 1-391,text,true,,316,251,1,2,http://localhost:8001/auth/login,174,0,0
1777221640162,2,GET /restaurants?q=ramen,200,OK,Restaurant Search Load Test 2-392,text,true,,587,137,1,3,http://localhost:8002/restaurants/?q=ramen,2,0,1
1777221639988,178,Login for Token,200,OK,Review Submission Load Test 3-391,text,true,,316,251,1,2,http://localhost:8001/auth/login,178,0,0
1777221640166,1,POST /reviews/,400,Bad Request,Review Submission Load Test 3-391,text,false,"Test failed: code expected to equal /

****** received  : [[[400]]]

****** comparison: [[[201]]]

/",188,440,1,2,http://localhost:8004/reviews/,1,0,0
1777221640107,180,POST /auth/login,200,OK,Login Load Test 1-392,text,true,,316,251,1,2,http://localhost:8001/auth/login,180,0,1
1777221640186,173,Login for Token,200,OK,Review Submission Load Test 3-392,text,true,,316,251,1,2,http://localhost:8001/auth/login,173,0,1
1777221640360,1,POST /reviews/,400,Bad Request,Review Submission Load Test 3-392,text,false,"Test failed: code expected to equal /

****** received  : [[[400]]]

****** comparison: [[[201]]]

/",188,440,1,2,http://localhost:8004/reviews/,1,0,0
1777221640363,1,GET /restaurants?q=ramen,200,OK,Restaurant Search Load Test 2-393,text,true,,587,137,1,2,http://localhost:8002/restaurants/?q=ramen,1,0,0
1777221640309,173,POST /auth/login,200,OK,Login Load Test 1-393,text,true,,316,251,1,2,http://localhost:8001/auth/login,173,0,0
1777221640388,178,Login for Token,200,OK,Review Submission Load Test 3-393,text,true,,316,251,1,2,http://localhost:8001/auth/login,178,0,0
1777221640567,1,POST /reviews/,400,Bad Request,Review Submission Load Test 3-393,text,false,"Test failed: code expected to equal /

****** received  : [[[400]]]

****** comparison: [[[201]]]

/",188,440,1,3,http://localhost:8004/reviews/,1,0,0
1777221640567,2,GET /restaurants?q=ramen,200,OK,Restaurant Search Load Test 2-394,text,true,,587,137,1,2,http://localhost:8002/restaurants/?q=ramen,2,0,0
1777221640509,180,POST /auth/login,200,OK,Login Load Test 1-394,text,true,,316,251,1,2,http://localhost:8001/auth/login,180,0,0
1777221640762,2,GET /restaurants?q=ramen,200,OK,Restaurant Search Load Test 2-395,text,true,,587,137,1,3,http://localhost:8002/restaurants/?q=ramen,2,0,1
1777221640592,181,Login for Token,200,OK,Review Submission Load Test 3-394,text,true,,316,251,1,2,http://localhost:8001/auth/login,181,0,0
1777221640773,2,POST /reviews/,400,Bad Request,Review Submission Load Test 3-394,text,false,"Test failed: code expected to equal /

****** received  : [[[400]]]

****** comparison: [[[201]]]

/",188,440,1,2,http://localhost:8004/reviews/,2,0,0
1777221640710,184,POST /auth/login,200,OK,Login Load Test 1-395,text,true,,316,251,1,2,http://localhost:8001/auth/login,184,0,0
1777221640788,179,Login for Token,200,OK,Review Submission Load Test 3-395,text,true,,316,251,1,3,http://localhost:8001/auth/login,179,0,1
1777221640965,2,GET /restaurants?q=ramen,200,OK,Restaurant Search Load Test 2-396,text,true,,587,137,1,3,http://localhost:8002/restaurants/?q=ramen,2,0,0
1777221640967,1,POST /reviews/,400,Bad Request,Review Submission Load Test 3-395,text,false,"Test failed: code expected to equal /

****** received  : [[[400]]]

****** comparison: [[[201]]]

/",188,440,1,2,http://localhost:8004/reviews/,1,0,0
1777221640908,173,POST /auth/login,200,OK,Login Load Test 1-396,text,true,,316,251,1,2,http://localhost:8001/auth/login,173,0,0
1777221640991,171,Login for Token,200,OK,Review Submission Load Test 3-396,text,true,,316,251,1,2,http://localhost:8001/auth/login,171,0,0
1777221641163,2,POST /reviews/,400,Bad Request,Review Submission Load Test 3-396,text,false,"Test failed: code expected to equal /

****** received  : [[[400]]]

****** comparison: [[[201]]]

/",188,440,1,2,http://localhost:8004/reviews/,2,0,0
1777221641167,3,GET /restaurants?q=ramen,200,OK,Restaurant Search Load Test 2-397,text,true,,587,137,1,2,http://localhost:8002/restaurants/?q=ramen,3,0,0
1777221641112,171,POST /auth/login,200,OK,Login Load Test 1-397,text,true,,316,251,1,2,http://localhost:8001/auth/login,171,0,0
1777221641191,170,Login for Token,200,OK,Review Submission Load Test 3-397,text,true,,316,251,1,2,http://localhost:8001/auth/login,170,0,0
1777221641362,2,POST /reviews/,400,Bad Request,Review Submission Load Test 3-397,text,false,"Test failed: code expected to equal /

****** received  : [[[400]]]

****** comparison: [[[201]]]

/",188,440,1,3,http://localhost:8004/reviews/,2,0,0
1777221641363,2,GET /restaurants?q=ramen,200,OK,Restaurant Search Load Test 2-398,text,true,,587,137,1,2,http://localhost:8002/restaurants/?q=ramen,2,0,0
1777221641312,171,POST /auth/login,200,OK,Login Load Test 1-398,text,true,,316,251,1,2,http://localhost:8001/auth/login,171,0,0
1777221641386,171,Login for Token,200,OK,Review Submission Load Test 3-398,text,true,,316,251,1,2,http://localhost:8001/auth/login,171,0,1
1777221641557,2,POST /reviews/,400,Bad Request,Review Submission Load Test 3-398,text,false,"Test failed: code expected to equal /

****** received  : [[[400]]]

****** comparison: [[[201]]]

/",188,440,1,2,http://localhost:8004/reviews/,2,0,0
1777221641567,3,GET /restaurants?q=ramen,200,OK,Restaurant Search Load Test 2-399,text,true,,587,137,1,2,http://localhost:8002/restaurants/?q=ramen,3,0,0
1777221641512,173,POST /auth/login,200,OK,Login Load Test 1-399,text,true,,316,251,1,2,http://localhost:8001/auth/login,173,0,0
1777221641591,172,Login for Token,200,OK,Review Submission Load Test 3-399,text,true,,316,251,1,3,http://localhost:8001/auth/login,172,0,0
1777221641763,2,POST /reviews/,400,Bad Request,Review Submission Load Test 3-399,text,false,"Test failed: code expected to equal /

****** received  : [[[400]]]

****** comparison: [[[201]]]

/",188,440,1,3,http://localhost:8004/reviews/,2,0,0
1777221641763,3,GET /restaurants?q=ramen,200,OK,Restaurant Search Load Test 2-400,text,true,,587,137,1,2,http://localhost:8002/restaurants/?q=ramen,3,0,0
1777221641711,172,POST /auth/login,200,OK,Login Load Test 1-400,text,true,,316,251,1,2,http://localhost:8001/auth/login,172,0,0
1777221641788,170,Login for Token,200,OK,Review Submission Load Test 3-400,text,true,,316,251,1,1,http://localhost:8001/auth/login,170,0,0
1777221641958,3,POST /reviews/,400,Bad Request,Review Submission Load Test 3-400,text,false,"Test failed: code expected to equal /

****** received  : [[[400]]]

****** comparison: [[[201]]]

/",188,440,1,1,http://localhost:8004/reviews/,3,0,0
1777222054983,16,GET /restaurants?q=ramen,200,OK,Restaurant Search Load Test 2-1,text,true,,587,137,1,3,http://localhost:8002/restaurants/?q=ramen,16,0,10
1777222055146,5,GET /restaurants?q=ramen,200,OK,Restaurant Search Load Test 2-2,text,true,,587,137,1,4,http://localhost:8002/restaurants/?q=ramen,5,0,1
1777222054983,192,POST /auth/login,200,OK,Login Load Test 1-1,text,true,,316,249,2,3,http://localhost:8001/auth/login,192,0,10
1777222054983,193,Login for Token,200,OK,Review Submission Load Test 3-1,text,true,,316,249,2,3,http://localhost:8001/auth/login,193,0,10
1777222055177,3,POST /reviews/,201,Created,Review Submission Load Test 3-1,text,true,,380,440,2,3,http://localhost:8004/reviews/,3,0,1
1777222055148,174,POST /auth/login,200,OK,Login Load Test 1-2,text,true,,316,249,1,2,http://localhost:8001/auth/login,174,0,0
1777222055343,3,GET /restaurants?q=ramen,200,OK,Restaurant Search Load Test 2-3,text,true,,587,137,1,3,http://localhost:8002/restaurants/?q=ramen,3,0,0
1777222055176,171,Login for Token,200,OK,Review Submission Load Test 3-2,text,true,,316,249,1,2,http://localhost:8001/auth/login,171,0,0
1777222055347,2,POST /reviews/,201,Created,Review Submission Load Test 3-2,text,true,,380,440,1,2,http://localhost:8004/reviews/,2,0,0
1777222055340,172,POST /auth/login,200,OK,Login Load Test 1-3,text,true,,316,249,1,2,http://localhost:8001/auth/login,172,0,1
1777222055372,170,Login for Token,200,OK,Review Submission Load Test 3-3,text,true,,316,249,1,3,http://localhost:8001/auth/login,170,0,1
1777222055543,2,POST /reviews/,201,Created,Review Submission Load Test 3-3,text,true,,380,440,1,3,http://localhost:8004/reviews/,2,0,0
1777222055542,4,GET /restaurants?q=ramen,200,OK,Restaurant Search Load Test 2-4,text,true,,587,137,1,2,http://localhost:8002/restaurants/?q=ramen,4,0,1
1777222055542,170,POST /auth/login,200,OK,Login Load Test 1-4,text,true,,316,249,1,2,http://localhost:8001/auth/login,170,0,0
1777222055574,171,Login for Token,200,OK,Review Submission Load Test 3-4,text,true,,316,249,1,3,http://localhost:8001/auth/login,171,0,0
1777222055741,4,GET /restaurants?q=ramen,200,OK,Restaurant Search Load Test 2-5,text,true,,587,137,1,3,http://localhost:8002/restaurants/?q=ramen,4,0,1
1777222055745,2,POST /reviews/,201,Created,Review Submission Load Test 3-4,text,true,,380,440,1,2,http://localhost:8004/reviews/,2,0,0
1777222055744,175,POST /auth/login,200,OK,Login Load Test 1-5,text,true,,316,249,1,2,http://localhost:8001/auth/login,175,0,0
1777222055775,178,Login for Token,200,OK,Review Submission Load Test 3-5,text,true,,316,250,1,3,http://localhost:8001/auth/login,178,0,1
1777222055947,6,GET /restaurants?q=ramen,200,OK,Restaurant Search Load Test 2-6,text,true,,587,137,1,3,http://localhost:8002/restaurants/?q=ramen,6,0,3
1777222055954,3,POST /reviews/,201,Created,Review Submission Load Test 3-5,text,true,,380,440,1,2,http://localhost:8004/reviews/,3,0,0
1777222055947,184,POST /auth/login,200,OK,Login Load Test 1-6,text,true,,316,250,1,2,http://localhost:8001/auth/login,184,0,2
1777222056144,4,GET /restaurants?q=ramen,200,OK,Restaurant Search Load Test 2-7,text,true,,587,137,1,3,http://localhost:8002/restaurants/?q=ramen,4,0,0
1777222055976,179,Login for Token,200,OK,Review Submission Load Test 3-6,text,true,,316,250,1,2,http://localhost:8001/auth/login,179,0,0
1777222056155,3,POST /reviews/,201,Created,Review Submission Load Test 3-6,text,true,,380,440,1,2,http://localhost:8004/reviews/,3,0,0
1777222056143,172,POST /auth/login,200,OK,Login Load Test 1-7,text,true,,316,250,1,2,http://localhost:8001/auth/login,172,0,0
1777222056177,171,Login for Token,200,OK,Review Submission Load Test 3-7,text,true,,316,250,1,3,http://localhost:8001/auth/login,171,0,0
1777222056346,4,GET /restaurants?q=ramen,200,OK,Restaurant Search Load Test 2-8,text,true,,587,137,1,3,http://localhost:8002/restaurants/?q=ramen,4,0,0
1777222056349,2,POST /reviews/,201,Created,Review Submission Load Test 3-7,text,true,,380,440,1,2,http://localhost:8004/reviews/,2,0,0
1777222056347,172,POST /auth/login,200,OK,Login Load Test 1-8,text,true,,316,250,1,2,http://localhost:8001/auth/login,172,0,1
1777222056377,171,Login for Token,200,OK,Review Submission Load Test 3-8,text,true,,316,250,1,3,http://localhost:8001/auth/login,171,0,0
1777222056546,4,GET /restaurants?q=ramen,200,OK,Restaurant Search Load Test 2-9,text,true,,587,137,1,3,http://localhost:8002/restaurants/?q=ramen,4,0,1
1777222056548,3,POST /reviews/,201,Created,Review Submission Load Test 3-8,text,true,,380,440,1,2,http://localhost:8004/reviews/,3,0,0
1777222056546,173,POST /auth/login,200,OK,Login Load Test 1-9,text,true,,316,250,1,2,http://localhost:8001/auth/login,173,0,1
1777222056570,172,Login for Token,200,OK,Review Submission Load Test 3-9,text,true,,316,250,1,1,http://localhost:8001/auth/login,172,0,1
1777222056742,4,POST /reviews/,201,Created,Review Submission Load Test 3-9,text,true,,380,440,1,3,http://localhost:8004/reviews/,4,0,1
1777222056743,4,GET /restaurants?q=ramen,200,OK,Restaurant Search Load Test 2-10,text,true,,587,137,1,2,http://localhost:8002/restaurants/?q=ramen,4,0,1
1777222056746,170,POST /auth/login,200,OK,Login Load Test 1-10,text,true,,316,250,1,2,http://localhost:8001/auth/login,170,0,0
1777222056775,171,Login for Token,200,OK,Review Submission Load Test 3-10,text,true,,316,250,1,3,http://localhost:8001/auth/login,171,0,0
1777222056946,4,GET /restaurants?q=ramen,200,OK,Restaurant Search Load Test 2-11,text,true,,587,137,1,3,http://localhost:8002/restaurants/?q=ramen,4,0,0
1777222056946,4,POST /reviews/,201,Created,Review Submission Load Test 3-10,text,true,,380,440,1,3,http://localhost:8004/reviews/,4,0,1
1777222056946,174,POST /auth/login,200,OK,Login Load Test 1-11,text,true,,316,250,1,2,http://localhost:8001/auth/login,174,0,0
1777222056974,171,Login for Token,200,OK,Review Submission Load Test 3-11,text,true,,316,250,1,3,http://localhost:8001/auth/login,171,0,0
1777222057143,4,GET /restaurants?q=ramen,200,OK,Restaurant Search Load Test 2-12,text,true,,587,137,1,3,http://localhost:8002/restaurants/?q=ramen,4,0,1
1777222057146,3,POST /reviews/,201,Created,Review Submission Load Test 3-11,text,true,,380,440,1,2,http://localhost:8004/reviews/,3,0,0
1777222057144,174,POST /auth/login,200,OK,Login Load Test 1-12,text,true,,316,250,1,2,http://localhost:8001/auth/login,174,0,1
1777222057170,173,Login for Token,200,OK,Review Submission Load Test 3-12,text,true,,316,250,1,1,http://localhost:8001/auth/login,173,0,0
1777222057344,3,POST /reviews/,201,Created,Review Submission Load Test 3-12,text,true,,380,440,1,3,http://localhost:8004/reviews/,3,0,0
1777222057344,3,GET /restaurants?q=ramen,200,OK,Restaurant Search Load Test 2-13,text,true,,587,137,1,2,http://localhost:8002/restaurants/?q=ramen,3,0,1
1777222057344,172,POST /auth/login,200,OK,Login Load Test 1-13,text,true,,316,250,1,2,http://localhost:8001/auth/login,172,0,0
1777222057542,4,GET /restaurants?q=ramen,200,OK,Restaurant Search Load Test 2-14,text,true,,587,137,1,3,http://localhost:8002/restaurants/?q=ramen,4,0,0
1777222057374,172,Login for Token,200,OK,Review Submission Load Test 3-13,text,true,,316,250,1,2,http://localhost:8001/auth/login,172,0,0
1777222057547,2,POST /reviews/,201,Created,Review Submission Load Test 3-13,text,true,,380,440,1,2,http://localhost:8004/reviews/,2,0,0
1777222057542,173,POST /auth/login,200,OK,Login Load Test 1-14,text,true,,316,250,1,2,http://localhost:8001/auth/login,173,0,1
1777222057575,172,Login for Token,200,OK,Review Submission Load Test 3-14,text,true,,316,250,1,3,http://localhost:8001/auth/login,172,0,0
1777222057746,3,GET /restaurants?q=ramen,200,OK,Restaurant Search Load Test 2-15,text,true,,587,137,1,3,http://localhost:8002/restaurants/?q=ramen,3,0,0
1777222057747,3,POST /reviews/,201,Created,Review Submission Load Test 3-14,text,true,,380,440,1,2,http://localhost:8004/reviews/,3,0,0
1777222057746,171,POST /auth/login,200,OK,Login Load Test 1-15,text,true,,316,250,1,2,http://localhost:8001/auth/login,171,0,0
1777222057773,171,Login for Token,200,OK,Review Submission Load Test 3-15,text,true,,316,250,1,2,http://localhost:8001/auth/login,171,0,0
1777222057945,3,POST /reviews/,201,Created,Review Submission Load Test 3-15,text,true,,380,440,1,3,http://localhost:8004/reviews/,3,0,0
1777222057945,3,GET /restaurants?q=ramen,200,OK,Restaurant Search Load Test 2-16,text,true,,587,137,1,3,http://localhost:8002/restaurants/?q=ramen,3,0,0
1777222057946,177,POST /auth/login,200,OK,Login Load Test 1-16,text,true,,316,250,1,2,http://localhost:8001/auth/login,177,0,1
1777222057974,173,Login for Token,200,OK,Review Submission Load Test 3-16,text,true,,316,250,1,3,http://localhost:8001/auth/login,173,0,1
1777222058143,5,GET /restaurants?q=ramen,200,OK,Restaurant Search Load Test 2-17,text,true,,587,137,1,3,http://localhost:8002/restaurants/?q=ramen,5,0,1
1777222058147,3,POST /reviews/,201,Created,Review Submission Load Test 3-16,text,true,,380,440,1,2,http://localhost:8004/reviews/,3,0,0
1777222058143,172,POST /auth/login,200,OK,Login Load Test 1-17,text,true,,316,250,1,2,http://localhost:8001/auth/login,172,0,1
1777222058174,171,Login for Token,200,OK,Review Submission Load Test 3-17,text,true,,316,250,1,2,http://localhost:8001/auth/login,171,0,1
1777222058345,3,POST /reviews/,201,Created,Review Submission Load Test 3-17,text,true,,380,440,1,3,http://localhost:8004/reviews/,3,0,0
1777222058345,3,GET /restaurants?q=ramen,200,OK,Restaurant Search Load Test 2-18,text,true,,587,137,1,2,http://localhost:8002/restaurants/?q=ramen,3,0,0
1777222058342,171,POST /auth/login,200,OK,Login Load Test 1-18,text,true,,316,250,1,2,http://localhost:8001/auth/login,171,0,0
1777222058372,171,Login for Token,200,OK,Review Submission Load Test 3-18,text,true,,316,250,1,3,http://localhost:8001/auth/login,171,0,0
1777222058543,3,POST /reviews/,201,Created,Review Submission Load Test 3-18,text,true,,380,440,1,3,http://localhost:8004/reviews/,3,0,0
1777222058543,3,GET /restaurants?q=ramen,200,OK,Restaurant Search Load Test 2-19,text,true,,587,137,1,3,http://localhost:8002/restaurants/?q=ramen,3,0,0
1777222058543,170,POST /auth/login,200,OK,Login Load Test 1-19,text,true,,316,250,1,2,http://localhost:8001/auth/login,170,0,0
1777222058576,171,Login for Token,200,OK,Review Submission Load Test 3-19,text,true,,316,250,1,3,http://localhost:8001/auth/login,171,0,0
1777222058745,3,GET /restaurants?q=ramen,200,OK,Restaurant Search Load Test 2-20,text,true,,587,137,1,3,http://localhost:8002/restaurants/?q=ramen,3,0,0
1777222058747,2,POST /reviews/,201,Created,Review Submission Load Test 3-19,text,true,,380,440,1,2,http://localhost:8004/reviews/,2,0,0
1777222058744,171,POST /auth/login,200,OK,Login Load Test 1-20,text,true,,316,250,1,2,http://localhost:8001/auth/login,171,0,0
1777222058773,170,Login for Token,200,OK,Review Submission Load Test 3-20,text,true,,316,250,1,1,http://localhost:8001/auth/login,170,0,0
1777222058943,4,POST /reviews/,201,Created,Review Submission Load Test 3-20,text,true,,380,440,1,3,http://localhost:8004/reviews/,4,0,0
1777222058943,5,GET /restaurants?q=ramen,200,OK,Restaurant Search Load Test 2-21,text,true,,587,137,1,2,http://localhost:8002/restaurants/?q=ramen,5,0,1
1777222058943,174,POST /auth/login,200,OK,Login Load Test 1-21,text,true,,316,250,1,2,http://localhost:8001/auth/login,174,0,1
1777222058977,171,Login for Token,200,OK,Review Submission Load Test 3-21,text,true,,316,250,1,3,http://localhost:8001/auth/login,171,0,0
1777222059146,3,GET /restaurants?q=ramen,200,OK,Restaurant Search Load Test 2-22,text,true,,587,137,1,3,http://localhost:8002/restaurants/?q=ramen,3,0,0
1777222059148,3,POST /reviews/,201,Created,Review Submission Load Test 3-21,text,true,,380,440,1,2,http://localhost:8004/reviews/,3,0,1
1777222059146,171,POST /auth/login,200,OK,Login Load Test 1-22,text,true,,316,250,1,2,http://localhost:8001/auth/login,171,0,0
1777222059176,171,Login for Token,200,OK,Review Submission Load Test 3-22,text,true,,316,250,1,2,http://localhost:8001/auth/login,171,0,0
1777222059346,3,GET /restaurants?q=ramen,200,OK,Restaurant Search Load Test 2-23,text,true,,587,137,1,3,http://localhost:8002/restaurants/?q=ramen,3,0,0
1777222059347,3,POST /reviews/,201,Created,Review Submission Load Test 3-22,text,true,,380,440,1,2,http://localhost:8004/reviews/,3,0,1
1777222059347,171,POST /auth/login,200,OK,Login Load Test 1-23,text,true,,316,250,1,2,http://localhost:8001/auth/login,171,0,1
1777222059375,171,Login for Token,200,OK,Review Submission Load Test 3-23,text,true,,316,250,1,3,http://localhost:8001/auth/login,171,0,0
1777222059543,4,GET /restaurants?q=ramen,200,OK,Restaurant Search Load Test 2-24,text,true,,587,137,1,3,http://localhost:8002/restaurants/?q=ramen,4,0,1
1777222059546,2,POST /reviews/,201,Created,Review Submission Load Test 3-23,text,true,,380,440,1,2,http://localhost:8004/reviews/,2,0,0
1777222059546,171,POST /auth/login,200,OK,Login Load Test 1-24,text,true,,316,250,1,2,http://localhost:8001/auth/login,171,0,0
1777222059576,170,Login for Token,200,OK,Review Submission Load Test 3-24,text,true,,316,250,1,2,http://localhost:8001/auth/login,170,0,0
1777222059746,3,POST /reviews/,201,Created,Review Submission Load Test 3-24,text,true,,380,440,1,3,http://localhost:8004/reviews/,3,0,1
1777222059747,3,GET /restaurants?q=ramen,200,OK,Restaurant Search Load Test 2-25,text,true,,587,137,1,2,http://localhost:8002/restaurants/?q=ramen,3,0,0
1777222059741,171,POST /auth/login,200,OK,Login Load Test 1-25,text,true,,316,250,1,2,http://localhost:8001/auth/login,171,0,1
1777222059772,170,Login for Token,200,OK,Review Submission Load Test 3-25,text,true,,316,250,1,3,http://localhost:8001/auth/login,170,0,0
1777222059942,2,GET /restaurants?q=ramen,200,OK,Restaurant Search Load Test 2-26,text,true,,587,137,1,3,http://localhost:8002/restaurants/?q=ramen,2,0,0
1777222059943,2,POST /reviews/,201,Created,Review Submission Load Test 3-25,text,true,,380,440,1,2,http://localhost:8004/reviews/,2,0,0
1777222059938,176,POST /auth/login,200,OK,Login Load Test 1-26,text,true,,316,250,1,2,http://localhost:8001/auth/login,176,0,0
1777222060142,2,GET /restaurants?q=ramen,200,OK,Restaurant Search Load Test 2-27,text,true,,587,137,1,3,http://localhost:8002/restaurants/?q=ramen,2,0,0
1777222059971,174,Login for Token,200,OK,Review Submission Load Test 3-26,text,true,,316,250,1,2,http://localhost:8001/auth/login,174,0,1
1777222060146,2,POST /reviews/,201,Created,Review Submission Load Test 3-26,text,true,,380,440,1,2,http://localhost:8004/reviews/,2,0,0
1777222060139,180,POST /auth/login,200,OK,Login Load Test 1-27,text,true,,316,250,1,2,http://localhost:8001/auth/login,180,0,0
1777222060345,2,GET /restaurants?q=ramen,200,OK,Restaurant Search Load Test 2-28,text,true,,587,137,1,3,http://localhost:8002/restaurants/?q=ramen,2,0,0
1777222060172,177,Login for Token,200,OK,Review Submission Load Test 3-27,text,true,,316,250,1,2,http://localhost:8001/auth/login,177,0,0
1777222060349,2,POST /reviews/,201,Created,Review Submission Load Test 3-27,text,true,,380,440,1,2,http://localhost:8004/reviews/,2,0,1
1777222060341,172,POST /auth/login,200,OK,Login Load Test 1-28,text,true,,316,250,1,2,http://localhost:8001/auth/login,172,0,1
1777222060541,3,GET /restaurants?q=ramen,200,OK,Restaurant Search Load Test 2-29,text,true,,587,137,1,3,http://localhost:8002/restaurants/?q=ramen,3,0,0
1777222060375,170,Login for Token,200,OK,Review Submission Load Test 3-28,text,true,,316,250,1,2,http://localhost:8001/auth/login,170,0,0
1777222060545,2,POST /reviews/,201,Created,Review Submission Load Test 3-28,text,true,,380,440,1,2,http://localhost:8004/reviews/,2,0,0
1777222060540,177,POST /auth/login,200,OK,Login Load Test 1-29,text,true,,316,250,1,2,http://localhost:8001/auth/login,177,0,1
1777222060743,1,GET /restaurants?q=ramen,200,OK,Restaurant Search Load Test 2-30,text,true,,587,137,1,3,http://localhost:8002/restaurants/?q=ramen,1,0,0
1777222060575,177,Login for Token,200,OK,Review Submission Load Test 3-29,text,true,,316,250,1,2,http://localhost:8001/auth/login,177,0,0
1777222060753,2,POST /reviews/,201,Created,Review Submission Load Test 3-29,text,true,,380,440,1,2,http://localhost:8004/reviews/,2,0,0
1777222060739,172,POST /auth/login,200,OK,Login Load Test 1-30,text,true,,316,250,1,2,http://localhost:8001/auth/login,172,0,1
1777222060776,170,Login for Token,200,OK,Review Submission Load Test 3-30,text,true,,316,250,1,3,http://localhost:8001/auth/login,170,0,0
1777222060944,3,GET /restaurants?q=ramen,200,OK,Restaurant Search Load Test 2-31,text,true,,587,137,1,3,http://localhost:8002/restaurants/?q=ramen,3,0,0
1777222060946,3,POST /reviews/,201,Created,Review Submission Load Test 3-30,text,true,,380,440,1,2,http://localhost:8004/reviews/,3,0,0
1777222060945,174,POST /auth/login,200,OK,Login Load Test 1-31,text,true,,316,250,1,2,http://localhost:8001/auth/login,174,0,0
1777222060973,173,Login for Token,200,OK,Review Submission Load Test 3-31,text,true,,316,250,1,2,http://localhost:8001/auth/login,173,0,1
1777222061146,4,POST /reviews/,201,Created,Review Submission Load Test 3-31,text,true,,380,440,1,3,http://localhost:8004/reviews/,4,0,1
1777222061147,3,GET /restaurants?q=ramen,200,OK,Restaurant Search Load Test 2-32,text,true,,587,137,1,2,http://localhost:8002/restaurants/?q=ramen,3,0,0
1777222061142,171,POST /auth/login,200,OK,Login Load Test 1-32,text,true,,316,250,1,2,http://localhost:8001/auth/login,171,0,0
1777222061175,170,Login for Token,200,OK,Review Submission Load Test 3-32,text,true,,316,250,1,3,http://localhost:8001/auth/login,170,0,0
1777222061344,4,GET /restaurants?q=ramen,200,OK,Restaurant Search Load Test 2-33,text,true,,587,137,1,3,http://localhost:8002/restaurants/?q=ramen,4,0,1
1777222061345,3,POST /reviews/,201,Created,Review Submission Load Test 3-32,text,true,,380,440,1,2,http://localhost:8004/reviews/,3,0,1
1777222061344,172,POST /auth/login,200,OK,Login Load Test 1-33,text,true,,316,250,1,2,http://localhost:8001/auth/login,172,0,1
1777222061375,171,Login for Token,200,OK,Review Submission Load Test 3-33,text,true,,316,250,1,2,http://localhost:8001/auth/login,171,0,0
1777222061546,3,POST /reviews/,201,Created,Review Submission Load Test 3-33,text,true,,380,440,1,3,http://localhost:8004/reviews/,3,0,0
1777222061546,4,GET /restaurants?q=ramen,200,OK,Restaurant Search Load Test 2-34,text,true,,587,137,1,2,http://localhost:8002/restaurants/?q=ramen,4,0,1
1777222061543,171,POST /auth/login,200,OK,Login Load Test 1-34,text,true,,316,250,1,2,http://localhost:8001/auth/login,171,0,0
1777222061741,3,GET /restaurants?q=ramen,200,OK,Restaurant Search Load Test 2-35,text,true,,587,137,1,3,http://localhost:8002/restaurants/?q=ramen,3,0,1
1777222061576,171,Login for Token,200,OK,Review Submission Load Test 3-34,text,true,,316,250,1,2,http://localhost:8001/auth/login,171,0,0
1777222061747,2,POST /reviews/,201,Created,Review Submission Load Test 3-34,text,true,,380,440,1,2,http://localhost:8004/reviews/,2,0,0
1777222061742,171,POST /auth/login,200,OK,Login Load Test 1-35,text,true,,316,250,1,2,http://localhost:8001/auth/login,171,0,0
1777222061773,171,Login for Token,200,OK,Review Submission Load Test 3-35,text,true,,316,250,1,3,http://localhost:8001/auth/login,171,0,1
1777222061943,4,GET /restaurants?q=ramen,200,OK,Restaurant Search Load Test 2-36,text,true,,587,137,1,3,http://localhost:8002/restaurants/?q=ramen,4,0,1
1777222061944,3,POST /reviews/,201,Created,Review Submission Load Test 3-35,text,true,,380,440,1,3,http://localhost:8004/reviews/,3,0,0
1777222061943,172,POST /auth/login,200,OK,Login Load Test 1-36,text,true,,316,250,1,2,http://localhost:8001/auth/login,172,0,1
1777222061976,173,Login for Token,200,OK,Review Submission Load Test 3-36,text,true,,316,250,1,3,http://localhost:8001/auth/login,173,0,1
1777222062146,4,GET /restaurants?q=ramen,200,OK,Restaurant Search Load Test 2-37,text,true,,587,137,1,3,http://localhost:8002/restaurants/?q=ramen,4,0,0
1777222062149,3,POST /reviews/,201,Created,Review Submission Load Test 3-36,text,true,,380,440,1,2,http://localhost:8004/reviews/,3,0,0
1777222062140,175,POST /auth/login,200,OK,Login Load Test 1-37,text,true,,316,250,1,2,http://localhost:8001/auth/login,175,0,0
1777222062342,4,GET /restaurants?q=ramen,200,OK,Restaurant Search Load Test 2-38,text,true,,587,137,1,3,http://localhost:8002/restaurants/?q=ramen,4,0,1
1777222062176,174,Login for Token,200,OK,Review Submission Load Test 3-37,text,true,,316,250,1,2,http://localhost:8001/auth/login,174,0,0
1777222062350,3,POST /reviews/,201,Created,Review Submission Load Test 3-37,text,true,,380,440,1,2,http://localhost:8004/reviews/,3,0,0
1777222062339,174,POST /auth/login,200,OK,Login Load Test 1-38,text,true,,316,250,1,2,http://localhost:8001/auth/login,174,0,0
1777222062375,172,Login for Token,200,OK,Review Submission Load Test 3-38,text,true,,316,250,1,3,http://localhost:8001/auth/login,172,0,1
1777222062544,4,GET /restaurants?q=ramen,200,OK,Restaurant Search Load Test 2-39,text,true,,587,137,1,3,http://localhost:8002/restaurants/?q=ramen,4,0,0
1777222062547,3,POST /reviews/,201,Created,Review Submission Load Test 3-38,text,true,,380,440,1,2,http://localhost:8004/reviews/,3,0,0
1777222062539,176,POST /auth/login,200,OK,Login Load Test 1-39,text,true,,316,250,1,2,http://localhost:8001/auth/login,176,0,0
1777222062743,4,GET /restaurants?q=ramen,200,OK,Restaurant Search Load Test 2-40,text,true,,587,137,1,3,http://localhost:8002/restaurants/?q=ramen,4,0,1
1777222062576,176,Login for Token,200,OK,Review Submission Load Test 3-39,text,true,,316,250,1,2,http://localhost:8001/auth/login,176,0,0
1777222062753,2,POST /reviews/,201,Created,Review Submission Load Test 3-39,text,true,,380,440,1,2,http://localhost:8004/reviews/,2,0,0
1777222062738,172,POST /auth/login,200,OK,Login Load Test 1-40,text,true,,316,250,1,2,http://localhost:8001/auth/login,172,0,0
1777222062771,172,Login for Token,200,OK,Review Submission Load Test 3-40,text,true,,316,250,1,2,http://localhost:8001/auth/login,172,0,1
1777222062942,3,GET /restaurants?q=ramen,200,OK,Restaurant Search Load Test 2-41,text,true,,587,137,1,3,http://localhost:8002/restaurants/?q=ramen,3,0,0
1777222062943,3,POST /reviews/,201,Created,Review Submission Load Test 3-40,text,true,,380,440,1,2,http://localhost:8004/reviews/,3,0,0
1777222062945,176,POST /auth/login,200,OK,Login Load Test 1-41,text,true,,316,250,1,2,http://localhost:8001/auth/login,176,0,0
1777222062971,173,Login for Token,200,OK,Review Submission Load Test 3-41,text,true,,316,250,1,2,http://localhost:8001/auth/login,173,0,1
1777222063144,3,POST /reviews/,201,Created,Review Submission Load Test 3-41,text,true,,380,440,1,3,http://localhost:8004/reviews/,3,0,0
1777222063145,3,GET /restaurants?q=ramen,200,OK,Restaurant Search Load Test 2-42,text,true,,587,137,1,2,http://localhost:8002/restaurants/?q=ramen,3,0,0
1777222063139,171,POST /auth/login,200,OK,Login Load Test 1-42,text,true,,316,250,1,2,http://localhost:8001/auth/login,171,0,0
1777222063344,4,GET /restaurants?q=ramen,200,OK,Restaurant Search Load Test 2-43,text,true,,587,137,1,3,http://localhost:8002/restaurants/?q=ramen,4,0,0
1777222063176,172,Login for Token,200,OK,Review Submission Load Test 3-42,text,true,,316,250,1,3,http://localhost:8001/auth/login,172,0,0
1777222063348,3,POST /reviews/,201,Created,Review Submission Load Test 3-42,text,true,,380,440,1,2,http://localhost:8004/reviews/,3,0,0
1777222063342,172,POST /auth/login,200,OK,Login Load Test 1-43,text,true,,316,250,1,2,http://localhost:8001/auth/login,172,0,0
1777222063543,3,GET /restaurants?q=ramen,200,OK,Restaurant Search Load Test 2-44,text,true,,587,137,1,3,http://localhost:8002/restaurants/?q=ramen,3,0,0
1777222063375,172,Login for Token,200,OK,Review Submission Load Test 3-43,text,true,,316,250,1,2,http://localhost:8001/auth/login,172,0,1
1777222063547,2,POST /reviews/,201,Created,Review Submission Load Test 3-43,text,true,,380,440,1,2,http://localhost:8004/reviews/,2,0,0
1777222063540,172,POST /auth/login,200,OK,Login Load Test 1-44,text,true,,316,250,1,2,http://localhost:8001/auth/login,172,0,1
1777222063575,171,Login for Token,200,OK,Review Submission Load Test 3-44,text,true,,316,250,1,3,http://localhost:8001/auth/login,171,0,0
1777222063743,4,GET /restaurants?q=ramen,200,OK,Restaurant Search Load Test 2-45,text,true,,587,137,1,3,http://localhost:8002/restaurants/?q=ramen,4,0,0
1777222063746,2,POST /reviews/,201,Created,Review Submission Load Test 3-44,text,true,,380,440,1,2,http://localhost:8004/reviews/,2,0,0
1777222063740,171,POST /auth/login,200,OK,Login Load Test 1-45,text,true,,316,250,1,2,http://localhost:8001/auth/login,171,0,0
1777222063776,171,Login for Token,200,OK,Review Submission Load Test 3-45,text,true,,316,250,1,3,http://localhost:8001/auth/login,171,0,0
1777222063945,3,GET /restaurants?q=ramen,200,OK,Restaurant Search Load Test 2-46,text,true,,587,137,1,3,http://localhost:8002/restaurants/?q=ramen,3,0,0
1777222063947,2,POST /reviews/,201,Created,Review Submission Load Test 3-45,text,true,,380,440,1,2,http://localhost:8004/reviews/,2,0,0
1777222063938,173,POST /auth/login,200,OK,Login Load Test 1-46,text,true,,316,250,1,2,http://localhost:8001/auth/login,173,0,0
1777222063972,171,Login for Token,200,OK,Review Submission Load Test 3-46,text,true,,316,250,1,2,http://localhost:8001/auth/login,171,0,0
1777222064143,3,POST /reviews/,201,Created,Review Submission Load Test 3-46,text,true,,380,440,1,3,http://localhost:8004/reviews/,3,0,0
1777222064145,3,GET /restaurants?q=ramen,200,OK,Restaurant Search Load Test 2-47,text,true,,587,137,1,2,http://localhost:8002/restaurants/?q=ramen,3,0,0
1777222064139,172,POST /auth/login,200,OK,Login Load Test 1-47,text,true,,316,250,1,2,http://localhost:8001/auth/login,172,0,1
1777222064176,170,Login for Token,200,OK,Review Submission Load Test 3-47,text,true,,316,250,1,3,http://localhost:8001/auth/login,170,0,0
1777222064343,4,GET /restaurants?q=ramen,200,OK,Restaurant Search Load Test 2-48,text,true,,587,137,1,3,http://localhost:8002/restaurants/?q=ramen,4,0,0
1777222064346,3,POST /reviews/,201,Created,Review Submission Load Test 3-47,text,true,,380,440,1,2,http://localhost:8004/reviews/,3,0,1
1777222064340,172,POST /auth/login,200,OK,Login Load Test 1-48,text,true,,316,250,1,2,http://localhost:8001/auth/login,172,0,1
1777222064372,170,Login for Token,200,OK,Review Submission Load Test 3-48,text,true,,316,250,1,2,http://localhost:8001/auth/login,170,0,0
1777222064543,3,POST /reviews/,201,Created,Review Submission Load Test 3-48,text,true,,380,440,1,3,http://localhost:8004/reviews/,3,0,0
1777222064544,3,GET /restaurants?q=ramen,200,OK,Restaurant Search Load Test 2-49,text,true,,587,137,1,2,http://localhost:8002/restaurants/?q=ramen,3,0,0
1777222064542,173,POST /auth/login,200,OK,Login Load Test 1-49,text,true,,316,250,1,2,http://localhost:8001/auth/login,173,0,0
1777222064741,2,GET /restaurants?q=ramen,200,OK,Restaurant Search Load Test 2-50,text,true,,587,137,1,3,http://localhost:8002/restaurants/?q=ramen,2,0,1
1777222064577,174,Login for Token,200,OK,Review Submission Load Test 3-49,text,true,,316,250,1,2,http://localhost:8001/auth/login,174,0,0
1777222064751,2,POST /reviews/,201,Created,Review Submission Load Test 3-49,text,true,,380,440,1,2,http://localhost:8004/reviews/,2,0,0
1777222064740,183,POST /auth/login,200,OK,Login Load Test 1-50,text,true,,316,250,1,2,http://localhost:8001/auth/login,183,0,0
1777222064946,1,GET /restaurants?q=ramen,200,OK,Restaurant Search Load Test 2-51,text,true,,587,137,1,3,http://localhost:8002/restaurants/?q=ramen,1,0,0
1777222064775,182,Login for Token,200,OK,Review Submission Load Test 3-50,text,true,,316,251,1,2,http://localhost:8001/auth/login,182,0,0
1777222064957,2,POST /reviews/,201,Created,Review Submission Load Test 3-50,text,true,,380,440,1,2,http://localhost:8004/reviews/,2,0,0
1777222064940,175,POST /auth/login,200,OK,Login Load Test 1-51,text,true,,316,251,1,2,http://localhost:8001/auth/login,175,0,0
1777222065140,4,GET /restaurants?q=ramen,200,OK,Restaurant Search Load Test 2-52,text,true,,587,137,1,3,http://localhost:8002/restaurants/?q=ramen,4,0,1
1777222064976,173,Login for Token,200,OK,Review Submission Load Test 3-51,text,true,,316,251,1,2,http://localhost:8001/auth/login,173,0,0
1777222065149,3,POST /reviews/,201,Created,Review Submission Load Test 3-51,text,true,,380,440,1,2,http://localhost:8004/reviews/,3,0,0
1777222065140,171,POST /auth/login,200,OK,Login Load Test 1-52,text,true,,316,251,1,2,http://localhost:8001/auth/login,171,0,0
1777222065341,4,GET /restaurants?q=ramen,200,OK,Restaurant Search Load Test 2-53,text,true,,587,137,1,3,http://localhost:8002/restaurants/?q=ramen,4,0,1
1777222065175,171,Login for Token,200,OK,Review Submission Load Test 3-52,text,true,,316,251,1,2,http://localhost:8001/auth/login,171,0,0
1777222065346,2,POST /reviews/,201,Created,Review Submission Load Test 3-52,text,true,,380,440,1,2,http://localhost:8004/reviews/,2,0,0
1777222065339,172,POST /auth/login,200,OK,Login Load Test 1-53,text,true,,316,251,1,2,http://localhost:8001/auth/login,172,0,0
1777222065370,171,Login for Token,200,OK,Review Submission Load Test 3-53,text,true,,316,251,1,3,http://localhost:8001/auth/login,171,0,0
1777222065541,3,GET /restaurants?q=ramen,200,OK,Restaurant Search Load Test 2-54,text,true,,587,137,1,3,http://localhost:8002/restaurants/?q=ramen,3,0,1
1777222065541,3,POST /reviews/,201,Created,Review Submission Load Test 3-53,text,true,,380,440,1,3,http://localhost:8004/reviews/,3,0,1
1777222065539,174,POST /auth/login,200,OK,Login Load Test 1-54,text,true,,316,251,1,2,http://localhost:8001/auth/login,174,0,0
1777222065741,3,GET /restaurants?q=ramen,200,OK,Restaurant Search Load Test 2-55,text,true,,587,137,1,3,http://localhost:8002/restaurants/?q=ramen,3,0,0
1777222065574,178,Login for Token,200,OK,Review Submission Load Test 3-54,text,true,,316,251,1,2,http://localhost:8001/auth/login,177,0,1
1777222065752,2,POST /reviews/,201,Created,Review Submission Load Test 3-54,text,true,,380,440,1,2,http://localhost:8004/reviews/,2,0,0
1777222065735,186,POST /auth/login,200,OK,Login Load Test 1-55,text,true,,316,251,1,2,http://localhost:8001/auth/login,186,0,0
1777222065943,2,GET /restaurants?q=ramen,200,OK,Restaurant Search Load Test 2-56,text,true,,587,137,1,3,http://localhost:8002/restaurants/?q=ramen,2,0,0
1777222065776,181,Login for Token,200,OK,Review Submission Load Test 3-55,text,true,,316,251,1,2,http://localhost:8001/auth/login,181,0,0
1777222065957,2,POST /reviews/,201,Created,Review Submission Load Test 3-55,text,true,,380,440,1,2,http://localhost:8004/reviews/,2,0,0
1777222065935,175,POST /auth/login,200,OK,Login Load Test 1-56,text,true,,316,251,1,2,http://localhost:8001/auth/login,175,0,0
1777222065973,173,Login for Token,200,OK,Review Submission Load Test 3-56,text,true,,316,251,1,3,http://localhost:8001/auth/login,173,0,0
1777222066146,3,POST /reviews/,201,Created,Review Submission Load Test 3-56,text,true,,380,440,1,3,http://localhost:8004/reviews/,3,0,0
1777222066145,4,GET /restaurants?q=ramen,200,OK,Restaurant Search Load Test 2-57,text,true,,587,137,1,2,http://localhost:8002/restaurants/?q=ramen,4,0,1
1777222066135,172,POST /auth/login,200,OK,Login Load Test 1-57,text,true,,316,251,1,2,http://localhost:8001/auth/login,172,0,0
1777222066175,171,Login for Token,200,OK,Review Submission Load Test 3-57,text,true,,316,251,1,3,http://localhost:8001/auth/login,171,0,1
1777222066346,3,POST /reviews/,201,Created,Review Submission Load Test 3-57,text,true,,380,440,1,3,http://localhost:8004/reviews/,2,0,0
1777222066345,4,GET /restaurants?q=ramen,200,OK,Restaurant Search Load Test 2-58,text,true,,587,137,1,3,http://localhost:8002/restaurants/?q=ramen,4,0,1
1777222066338,173,POST /auth/login,200,OK,Login Load Test 1-58,text,true,,316,251,1,2,http://localhost:8001/auth/login,173,0,1
1777222066371,172,Login for Token,200,OK,Review Submission Load Test 3-58,text,true,,316,251,1,2,http://localhost:8001/auth/login,172,0,0
1777222066543,3,POST /reviews/,201,Created,Review Submission Load Test 3-58,text,true,,380,440,1,3,http://localhost:8004/reviews/,3,0,0
1777222066543,4,GET /restaurants?q=ramen,200,OK,Restaurant Search Load Test 2-59,text,true,,587,137,1,2,http://localhost:8002/restaurants/?q=ramen,4,0,1
1777222066535,171,POST /auth/login,200,OK,Login Load Test 1-59,text,true,,316,251,1,2,http://localhost:8001/auth/login,171,0,0
1777222066574,170,Login for Token,200,OK,Review Submission Load Test 3-59,text,true,,316,251,1,2,http://localhost:8001/auth/login,170,0,0
1777222066745,2,POST /reviews/,201,Created,Review Submission Load Test 3-59,text,true,,380,440,1,3,http://localhost:8004/reviews/,2,0,0
1777222066745,4,GET /restaurants?q=ramen,200,OK,Restaurant Search Load Test 2-60,text,true,,587,137,1,2,http://localhost:8002/restaurants/?q=ramen,4,0,0
1777222066736,172,POST /auth/login,200,OK,Login Load Test 1-60,text,true,,316,251,1,2,http://localhost:8001/auth/login,172,0,1
1777222066772,169,Login for Token,200,OK,Review Submission Load Test 3-60,text,true,,316,251,1,3,http://localhost:8001/auth/login,169,0,0
1777222066942,2,POST /reviews/,201,Created,Review Submission Load Test 3-60,text,true,,380,440,1,3,http://localhost:8004/reviews/,2,0,0
1777222066941,3,GET /restaurants?q=ramen,200,OK,Restaurant Search Load Test 2-61,text,true,,587,137,1,3,http://localhost:8002/restaurants/?q=ramen,3,0,0
1777222066938,172,POST /auth/login,200,OK,Login Load Test 1-61,text,true,,316,251,1,2,http://localhost:8001/auth/login,172,0,0
1777222066971,172,Login for Token,200,OK,Review Submission Load Test 3-61,text,true,,316,251,1,3,http://localhost:8001/auth/login,172,0,0
1777222067144,2,POST /reviews/,201,Created,Review Submission Load Test 3-61,text,true,,380,440,1,3,http://localhost:8004/reviews/,2,0,0
1777222067143,4,GET /restaurants?q=ramen,200,OK,Restaurant Search Load Test 2-62,text,true,,587,137,1,2,http://localhost:8002/restaurants/?q=ramen,4,0,1
1777222067135,172,POST /auth/login,200,OK,Login Load Test 1-62,text,true,,316,251,1,2,http://localhost:8001/auth/login,172,0,0
1777222067345,3,GET /restaurants?q=ramen,200,OK,Restaurant Search Load Test 2-63,text,true,,587,137,1,3,http://localhost:8002/restaurants/?q=ramen,3,0,1
1777222067176,172,Login for Token,200,OK,Review Submission Load Test 3-62,text,true,,316,251,1,3,http://localhost:8001/auth/login,172,0,0
1777222067348,3,POST /reviews/,201,Created,Review Submission Load Test 3-62,text,true,,380,440,1,2,http://localhost:8004/reviews/,3,0,1
1777222067336,173,POST /auth/login,200,OK,Login Load Test 1-63,text,true,,316,251,1,2,http://localhost:8001/auth/login,173,0,1
1777222067542,3,GET /restaurants?q=ramen,200,OK,Restaurant Search Load Test 2-64,text,true,,587,137,1,3,http://localhost:8002/restaurants/?q=ramen,3,0,0
1777222067376,172,Login for Token,200,OK,Review Submission Load Test 3-63,text,true,,316,251,1,2,http://localhost:8001/auth/login,172,0,0
1777222067548,2,POST /reviews/,201,Created,Review Submission Load Test 3-63,text,true,,380,440,1,2,http://localhost:8004/reviews/,2,0,0
1777222067539,174,POST /auth/login,200,OK,Login Load Test 1-64,text,true,,316,251,1,2,http://localhost:8001/auth/login,173,0,1
1777222067573,171,Login for Token,200,OK,Review Submission Load Test 3-64,text,true,,316,251,1,3,http://localhost:8001/auth/login,171,0,0
1777222067744,3,POST /reviews/,201,Created,Review Submission Load Test 3-64,text,true,,380,440,1,3,http://localhost:8004/reviews/,3,0,1
1777222067744,4,GET /restaurants?q=ramen,200,OK,Restaurant Search Load Test 2-65,text,true,,587,137,1,2,http://localhost:8002/restaurants/?q=ramen,4,0,0
1777222067735,183,POST /auth/login,200,OK,Login Load Test 1-65,text,true,,316,251,1,2,http://localhost:8001/auth/login,183,0,1
1777222067946,2,GET /restaurants?q=ramen,200,OK,Restaurant Search Load Test 2-66,text,true,,587,137,1,3,http://localhost:8002/restaurants/?q=ramen,2,0,0
1777222067770,186,Login for Token,200,OK,Review Submission Load Test 3-65,text,true,,316,251,1,2,http://localhost:8001/auth/login,186,0,1
1777222067957,2,POST /reviews/,201,Created,Review Submission Load Test 3-65,text,true,,380,440,1,2,http://localhost:8004/reviews/,2,0,0
1777222067935,185,POST /auth/login,200,OK,Login Load Test 1-66,text,true,,316,251,1,2,http://localhost:8001/auth/login,185,0,1
1777222068143,2,GET /restaurants?q=ramen,200,OK,Restaurant Search Load Test 2-67,text,true,,587,137,1,3,http://localhost:8002/restaurants/?q=ramen,2,0,1
1777222067976,183,Login for Token,200,OK,Review Submission Load Test 3-66,text,true,,316,251,1,2,http://localhost:8001/auth/login,183,0,0
1777222068159,2,POST /reviews/,201,Created,Review Submission Load Test 3-66,text,true,,380,440,1,2,http://localhost:8004/reviews/,2,0,0
1777222068133,175,POST /auth/login,200,OK,Login Load Test 1-67,text,true,,316,251,1,2,http://localhost:8001/auth/login,175,0,1
1777222068343,2,GET /restaurants?q=ramen,200,OK,Restaurant Search Load Test 2-68,text,true,,587,137,1,3,http://localhost:8002/restaurants/?q=ramen,2,0,1
1777222068174,173,Login for Token,200,OK,Review Submission Load Test 3-67,text,true,,316,251,1,2,http://localhost:8001/auth/login,173,0,1
1777222068348,2,POST /reviews/,201,Created,Review Submission Load Test 3-67,text,true,,380,440,1,2,http://localhost:8004/reviews/,2,0,0
1777222068336,172,POST /auth/login,200,OK,Login Load Test 1-68,text,true,,316,251,1,2,http://localhost:8001/auth/login,172,0,0
1777222068374,170,Login for Token,200,OK,Review Submission Load Test 3-68,text,true,,316,251,1,2,http://localhost:8001/auth/login,170,0,1
1777222068544,3,POST /reviews/,201,Created,Review Submission Load Test 3-68,text,true,,380,440,1,3,http://localhost:8004/reviews/,3,0,0
1777222068545,4,GET /restaurants?q=ramen,200,OK,Restaurant Search Load Test 2-69,text,true,,587,137,1,2,http://localhost:8002/restaurants/?q=ramen,4,0,1
1777222068534,173,POST /auth/login,200,OK,Login Load Test 1-69,text,true,,316,251,1,2,http://localhost:8001/auth/login,173,0,1
1777222068572,171,Login for Token,200,OK,Review Submission Load Test 3-69,text,true,,316,251,1,3,http://localhost:8001/auth/login,171,0,0
1777222068742,3,GET /restaurants?q=ramen,200,OK,Restaurant Search Load Test 2-70,text,true,,587,137,1,3,http://localhost:8002/restaurants/?q=ramen,3,0,0
1777222068743,3,POST /reviews/,201,Created,Review Submission Load Test 3-69,text,true,,380,440,1,2,http://localhost:8004/reviews/,3,0,0
1777222068732,171,POST /auth/login,200,OK,Login Load Test 1-70,text,true,,316,251,1,2,http://localhost:8001/auth/login,171,0,0
1777222068774,171,Login for Token,200,OK,Review Submission Load Test 3-70,text,true,,316,251,1,3,http://localhost:8001/auth/login,171,0,0
1777222068943,3,GET /restaurants?q=ramen,200,OK,Restaurant Search Load Test 2-71,text,true,,587,137,1,3,http://localhost:8002/restaurants/?q=ramen,3,0,0
1777222068946,2,POST /reviews/,201,Created,Review Submission Load Test 3-70,text,true,,380,440,1,2,http://localhost:8004/reviews/,2,0,0
1777222068940,173,POST /auth/login,200,OK,Login Load Test 1-71,text,true,,316,251,1,2,http://localhost:8001/auth/login,173,0,0
1777222068975,172,Login for Token,200,OK,Review Submission Load Test 3-71,text,true,,316,251,1,3,http://localhost:8001/auth/login,172,0,0
1777222069144,4,GET /restaurants?q=ramen,200,OK,Restaurant Search Load Test 2-72,text,true,,587,137,1,3,http://localhost:8002/restaurants/?q=ramen,4,0,1
1777222069147,3,POST /reviews/,201,Created,Review Submission Load Test 3-71,text,true,,380,440,1,2,http://localhost:8004/reviews/,3,0,1
1777222069136,172,POST /auth/login,200,OK,Login Load Test 1-72,text,true,,316,251,1,2,http://localhost:8001/auth/login,172,0,0
1777222069171,170,Login for Token,200,OK,Review Submission Load Test 3-72,text,true,,316,251,1,3,http://localhost:8001/auth/login,170,0,0
1777222069341,3,POST /reviews/,201,Created,Review Submission Load Test 3-72,text,true,,380,440,1,3,http://localhost:8004/reviews/,3,0,0
1777222069341,4,GET /restaurants?q=ramen,200,OK,Restaurant Search Load Test 2-73,text,true,,587,137,1,2,http://localhost:8002/restaurants/?q=ramen,4,0,0
1777222069341,171,POST /auth/login,200,OK,Login Load Test 1-73,text,true,,316,251,1,2,http://localhost:8001/auth/login,171,0,0
1777222069375,171,Login for Token,200,OK,Review Submission Load Test 3-73,text,true,,316,251,1,3,http://localhost:8001/auth/login,171,0,1
1777222069545,4,GET /restaurants?q=ramen,200,OK,Restaurant Search Load Test 2-74,text,true,,587,137,1,3,http://localhost:8002/restaurants/?q=ramen,4,0,1
1777222069547,2,POST /reviews/,201,Created,Review Submission Load Test 3-73,text,true,,380,440,1,2,http://localhost:8004/reviews/,2,0,0
1777222069535,171,POST /auth/login,200,OK,Login Load Test 1-74,text,true,,316,251,1,2,http://localhost:8001/auth/login,171,0,0
1777222069573,171,Login for Token,200,OK,Review Submission Load Test 3-74,text,true,,316,251,1,2,http://localhost:8001/auth/login,171,0,1
1777222069744,3,POST /reviews/,201,Created,Review Submission Load Test 3-74,text,true,,380,440,1,3,http://localhost:8004/reviews/,3,0,0
1777222069745,3,GET /restaurants?q=ramen,200,OK,Restaurant Search Load Test 2-75,text,true,,587,137,1,2,http://localhost:8002/restaurants/?q=ramen,3,0,1
1777222069736,171,POST /auth/login,200,OK,Login Load Test 1-75,text,true,,316,251,1,2,http://localhost:8001/auth/login,171,0,0
1777222069775,170,Login for Token,200,OK,Review Submission Load Test 3-75,text,true,,316,251,1,2,http://localhost:8001/auth/login,170,0,1
1777222069945,3,POST /reviews/,201,Created,Review Submission Load Test 3-75,text,true,,380,440,1,3,http://localhost:8004/reviews/,3,0,1
1777222069947,3,GET /restaurants?q=ramen,200,OK,Restaurant Search Load Test 2-76,text,true,,587,137,1,2,http://localhost:8002/restaurants/?q=ramen,3,0,0
1777222069934,172,POST /auth/login,200,OK,Login Load Test 1-76,text,true,,316,251,1,2,http://localhost:8001/auth/login,172,0,0
1777222069973,174,Login for Token,200,OK,Review Submission Load Test 3-76,text,true,,316,251,1,3,http://localhost:8001/auth/login,174,0,0
1777222070145,3,GET /restaurants?q=ramen,200,OK,Restaurant Search Load Test 2-77,text,true,,587,137,1,3,http://localhost:8002/restaurants/?q=ramen,3,0,0
1777222070147,2,POST /reviews/,201,Created,Review Submission Load Test 3-76,text,true,,380,440,1,2,http://localhost:8004/reviews/,2,0,0
1777222070138,172,POST /auth/login,200,OK,Login Load Test 1-77,text,true,,316,251,1,2,http://localhost:8001/auth/login,172,0,1
1777222070171,171,Login for Token,200,OK,Review Submission Load Test 3-77,text,true,,316,251,1,2,http://localhost:8001/auth/login,171,0,1
1777222070342,3,POST /reviews/,201,Created,Review Submission Load Test 3-77,text,true,,380,440,1,2,http://localhost:8004/reviews/,3,0,0
1777222070345,4,GET /restaurants?q=ramen,200,OK,Restaurant Search Load Test 2-78,text,true,,587,137,1,2,http://localhost:8002/restaurants/?q=ramen,4,0,0
1777222070333,172,POST /auth/login,200,OK,Login Load Test 1-78,text,true,,316,251,1,2,http://localhost:8001/auth/login,172,0,1
1777222070543,4,GET /restaurants?q=ramen,200,OK,Restaurant Search Load Test 2-79,text,true,,587,137,1,3,http://localhost:8002/restaurants/?q=ramen,4,0,1
1777222070376,171,Login for Token,200,OK,Review Submission Load Test 3-78,text,true,,316,251,1,3,http://localhost:8001/auth/login,171,0,0
1777222070547,2,POST /reviews/,201,Created,Review Submission Load Test 3-78,text,true,,380,440,1,2,http://localhost:8004/reviews/,2,0,0
1777222070531,176,POST /auth/login,200,OK,Login Load Test 1-79,text,true,,316,251,1,2,http://localhost:8001/auth/login,176,0,0
1777222070744,1,GET /restaurants?q=ramen,200,OK,Restaurant Search Load Test 2-80,text,true,,587,137,1,3,http://localhost:8002/restaurants/?q=ramen,1,0,0
1777222070572,179,Login for Token,200,OK,Review Submission Load Test 3-79,text,true,,316,251,1,2,http://localhost:8001/auth/login,179,0,1
1777222070751,2,POST /reviews/,201,Created,Review Submission Load Test 3-79,text,true,,380,440,1,2,http://localhost:8004/reviews/,2,0,0
1777222070733,172,POST /auth/login,200,OK,Login Load Test 1-80,text,true,,316,251,1,2,http://localhost:8001/auth/login,172,0,1
1777222070775,171,Login for Token,200,OK,Review Submission Load Test 3-80,text,true,,316,251,1,3,http://localhost:8001/auth/login,171,0,1
1777222070943,4,GET /restaurants?q=ramen,200,OK,Restaurant Search Load Test 2-81,text,true,,587,137,1,3,http://localhost:8002/restaurants/?q=ramen,4,0,1
1777222070946,2,POST /reviews/,201,Created,Review Submission Load Test 3-80,text,true,,380,440,1,2,http://localhost:8004/reviews/,2,0,0
1777222070935,174,POST /auth/login,200,OK,Login Load Test 1-81,text,true,,316,251,1,2,http://localhost:8001/auth/login,174,0,0
1777222070971,173,Login for Token,200,OK,Review Submission Load Test 3-81,text,true,,316,251,1,2,http://localhost:8001/auth/login,173,0,1
1777222071144,3,POST /reviews/,201,Created,Review Submission Load Test 3-81,text,true,,380,440,1,3,http://localhost:8004/reviews/,3,0,0
1777222071145,3,GET /restaurants?q=ramen,200,OK,Restaurant Search Load Test 2-82,text,true,,587,137,1,2,http://localhost:8002/restaurants/?q=ramen,3,0,0
1777222071134,172,POST /auth/login,200,OK,Login Load Test 1-82,text,true,,316,251,1,2,http://localhost:8001/auth/login,172,0,1
1777222071176,170,Login for Token,200,OK,Review Submission Load Test 3-82,text,true,,316,251,1,3,http://localhost:8001/auth/login,170,0,0
1777222071345,4,GET /restaurants?q=ramen,200,OK,Restaurant Search Load Test 2-83,text,true,,587,137,1,3,http://localhost:8002/restaurants/?q=ramen,4,0,0
1777222071347,2,POST /reviews/,201,Created,Review Submission Load Test 3-82,text,true,,380,440,1,2,http://localhost:8004/reviews/,2,0,0
1777222071339,171,POST /auth/login,200,OK,Login Load Test 1-83,text,true,,316,251,1,2,http://localhost:8001/auth/login,171,0,0
1777222071375,171,Login for Token,200,OK,Review Submission Load Test 3-83,text,true,,316,251,1,3,http://localhost:8001/auth/login,171,0,0
1777222071543,4,GET /restaurants?q=ramen,200,OK,Restaurant Search Load Test 2-84,text,true,,587,137,1,3,http://localhost:8002/restaurants/?q=ramen,4,0,0
1777222071546,3,POST /reviews/,201,Created,Review Submission Load Test 3-83,text,true,,380,440,1,2,http://localhost:8004/reviews/,3,0,0
1777222071535,172,POST /auth/login,200,OK,Login Load Test 1-84,text,true,,316,251,1,2,http://localhost:8001/auth/login,172,0,0
1777222071576,170,Login for Token,200,OK,Review Submission Load Test 3-84,text,true,,316,251,1,3,http://localhost:8001/auth/login,170,0,0
1777222071746,3,GET /restaurants?q=ramen,200,OK,Restaurant Search Load Test 2-85,text,true,,587,137,1,3,http://localhost:8002/restaurants/?q=ramen,3,0,0
1777222071746,3,POST /reviews/,201,Created,Review Submission Load Test 3-84,text,true,,380,440,1,2,http://localhost:8004/reviews/,3,0,0
1777222071740,172,POST /auth/login,200,OK,Login Load Test 1-85,text,true,,316,251,1,2,http://localhost:8001/auth/login,172,0,0
1777222071943,3,GET /restaurants?q=ramen,200,OK,Restaurant Search Load Test 2-86,text,true,,587,137,1,3,http://localhost:8002/restaurants/?q=ramen,3,0,1
1777222071775,172,Login for Token,200,OK,Review Submission Load Test 3-85,text,true,,316,251,1,2,http://localhost:8001/auth/login,172,0,0
1777222071947,2,POST /reviews/,201,Created,Review Submission Load Test 3-85,text,true,,380,440,1,2,http://localhost:8004/reviews/,2,0,0
1777222071938,174,POST /auth/login,200,OK,Login Load Test 1-86,text,true,,316,251,1,2,http://localhost:8001/auth/login,174,0,0
1777222071972,173,Login for Token,200,OK,Review Submission Load Test 3-86,text,true,,316,251,1,3,http://localhost:8001/auth/login,173,0,1
1777222072145,3,POST /reviews/,201,Created,Review Submission Load Test 3-86,text,true,,380,440,1,3,http://localhost:8004/reviews/,3,0,0
1777222072145,3,GET /restaurants?q=ramen,200,OK,Restaurant Search Load Test 2-87,text,true,,587,137,1,3,http://localhost:8002/restaurants/?q=ramen,3,0,0
1777222072132,173,POST /auth/login,200,OK,Login Load Test 1-87,text,true,,316,251,1,2,http://localhost:8001/auth/login,173,0,0
1777222072174,172,Login for Token,200,OK,Review Submission Load Test 3-87,text,true,,316,251,1,3,http://localhost:8001/auth/login,172,0,1
1777222072344,4,GET /restaurants?q=ramen,200,OK,Restaurant Search Load Test 2-88,text,true,,587,137,1,3,http://localhost:8002/restaurants/?q=ramen,4,0,0
1777222072346,3,POST /reviews/,201,Created,Review Submission Load Test 3-87,text,true,,380,440,1,2,http://localhost:8004/reviews/,3,0,1
1777222072340,173,POST /auth/login,200,OK,Login Load Test 1-88,text,true,,316,251,1,2,http://localhost:8001/auth/login,173,0,0
1777222072543,4,GET /restaurants?q=ramen,200,OK,Restaurant Search Load Test 2-89,text,true,,587,137,1,3,http://localhost:8002/restaurants/?q=ramen,4,0,0
1777222072376,172,Login for Token,200,OK,Review Submission Load Test 3-88,text,true,,316,251,1,2,http://localhost:8001/auth/login,172,0,0
1777222072548,3,POST /reviews/,201,Created,Review Submission Load Test 3-88,text,true,,380,440,1,2,http://localhost:8004/reviews/,3,0,0
1777222072536,176,POST /auth/login,200,OK,Login Load Test 1-89,text,true,,316,251,1,2,http://localhost:8001/auth/login,176,0,1
1777222072743,3,GET /restaurants?q=ramen,200,OK,Restaurant Search Load Test 2-90,text,true,,587,137,1,3,http://localhost:8002/restaurants/?q=ramen,3,0,1
1777222072576,174,Login for Token,200,OK,Review Submission Load Test 3-89,text,true,,316,251,1,2,http://localhost:8001/auth/login,174,0,1
1777222072750,2,POST /reviews/,201,Created,Review Submission Load Test 3-89,text,true,,380,440,1,2,http://localhost:8004/reviews/,2,0,0
1777222072732,171,POST /auth/login,200,OK,Login Load Test 1-90,text,true,,316,251,1,2,http://localhost:8001/auth/login,171,0,0
1777222072942,3,GET /restaurants?q=ramen,200,OK,Restaurant Search Load Test 2-91,text,true,,587,137,1,3,http://localhost:8002/restaurants/?q=ramen,3,0,0
1777222072775,170,Login for Token,200,OK,Review Submission Load Test 3-90,text,true,,316,251,1,2,http://localhost:8001/auth/login,170,0,0
1777222072946,2,POST /reviews/,201,Created,Review Submission Load Test 3-90,text,true,,380,440,1,2,http://localhost:8004/reviews/,2,0,0
1777222072938,173,POST /auth/login,200,OK,Login Load Test 1-91,text,true,,316,251,1,2,http://localhost:8001/auth/login,173,0,0
1777222072973,172,Login for Token,200,OK,Review Submission Load Test 3-91,text,true,,316,251,1,2,http://localhost:8001/auth/login,172,0,0
1777222073145,3,POST /reviews/,201,Created,Review Submission Load Test 3-91,text,true,,380,440,1,3,http://localhost:8004/reviews/,3,0,0
1777222073145,4,GET /restaurants?q=ramen,200,OK,Restaurant Search Load Test 2-92,text,true,,587,137,1,2,http://localhost:8002/restaurants/?q=ramen,4,0,0
1777222073138,173,POST /auth/login,200,OK,Login Load Test 1-92,text,true,,316,251,1,2,http://localhost:8001/auth/login,173,0,0
1777222073173,171,Login for Token,200,OK,Review Submission Load Test 3-92,text,true,,316,251,1,3,http://localhost:8001/auth/login,171,0,0
1777222073343,2,GET /restaurants?q=ramen,200,OK,Restaurant Search Load Test 2-93,text,true,,587,137,1,3,http://localhost:8002/restaurants/?q=ramen,2,0,0
1777222073344,2,POST /reviews/,201,Created,Review Submission Load Test 3-92,text,true,,380,440,1,2,http://localhost:8004/reviews/,2,0,0
1777222073334,171,POST /auth/login,200,OK,Login Load Test 1-93,text,true,,316,251,1,2,http://localhost:8001/auth/login,171,0,0
1777222073371,169,Login for Token,200,OK,Review Submission Load Test 3-93,text,true,,316,251,1,2,http://localhost:8001/auth/login,169,0,0
1777222073541,3,POST /reviews/,201,Created,Review Submission Load Test 3-93,text,true,,380,440,1,3,http://localhost:8004/reviews/,2,0,0
1777222073542,2,GET /restaurants?q=ramen,200,OK,Restaurant Search Load Test 2-94,text,true,,587,137,1,2,http://localhost:8002/restaurants/?q=ramen,2,0,0
1777222073533,171,POST /auth/login,200,OK,Login Load Test 1-94,text,true,,316,251,1,2,http://localhost:8001/auth/login,171,0,1
1777222073570,171,Login for Token,200,OK,Review Submission Load Test 3-94,text,true,,316,251,1,2,http://localhost:8001/auth/login,171,0,1
1777222073741,3,POST /reviews/,201,Created,Review Submission Load Test 3-94,text,true,,380,440,1,3,http://localhost:8004/reviews/,3,0,1
1777222073743,4,GET /restaurants?q=ramen,200,OK,Restaurant Search Load Test 2-95,text,true,,587,137,1,2,http://localhost:8002/restaurants/?q=ramen,4,0,1
1777222073733,171,POST /auth/login,200,OK,Login Load Test 1-95,text,true,,316,251,1,2,http://localhost:8001/auth/login,171,0,1
1777222073775,171,Login for Token,200,OK,Review Submission Load Test 3-95,text,true,,316,251,1,3,http://localhost:8001/auth/login,171,0,0
1777222073946,3,POST /reviews/,201,Created,Review Submission Load Test 3-95,text,true,,380,440,1,3,http://localhost:8004/reviews/,3,0,0
1777222073945,4,GET /restaurants?q=ramen,200,OK,Restaurant Search Load Test 2-96,text,true,,587,137,1,3,http://localhost:8002/restaurants/?q=ramen,4,0,0
1777222073938,173,POST /auth/login,200,OK,Login Load Test 1-96,text,true,,316,251,1,2,http://localhost:8001/auth/login,173,0,0
1777222074143,4,GET /restaurants?q=ramen,200,OK,Restaurant Search Load Test 2-97,text,true,,587,137,1,3,http://localhost:8002/restaurants/?q=ramen,4,0,1
1777222073975,173,Login for Token,200,OK,Review Submission Load Test 3-96,text,true,,316,251,1,2,http://localhost:8001/auth/login,173,0,1
1777222074148,2,POST /reviews/,201,Created,Review Submission Load Test 3-96,text,true,,380,440,1,2,http://localhost:8004/reviews/,2,0,0
1777222074136,171,POST /auth/login,200,OK,Login Load Test 1-97,text,true,,316,251,1,2,http://localhost:8001/auth/login,171,0,0
1777222074342,4,GET /restaurants?q=ramen,200,OK,Restaurant Search Load Test 2-98,text,true,,587,137,1,3,http://localhost:8002/restaurants/?q=ramen,4,0,1
1777222074176,170,Login for Token,200,OK,Review Submission Load Test 3-97,text,true,,316,251,1,2,http://localhost:8001/auth/login,170,0,0
1777222074346,3,POST /reviews/,201,Created,Review Submission Load Test 3-97,text,true,,380,440,1,2,http://localhost:8004/reviews/,3,0,1
1777222074340,172,POST /auth/login,200,OK,Login Load Test 1-98,text,true,,316,251,1,2,http://localhost:8001/auth/login,172,0,0
1777222074543,3,GET /restaurants?q=ramen,200,OK,Restaurant Search Load Test 2-99,text,true,,587,137,1,3,http://localhost:8002/restaurants/?q=ramen,3,0,0
1777222074376,171,Login for Token,200,OK,Review Submission Load Test 3-98,text,true,,316,251,1,2,http://localhost:8001/auth/login,171,0,0
1777222074547,2,POST /reviews/,201,Created,Review Submission Load Test 3-98,text,true,,380,440,1,2,http://localhost:8004/reviews/,2,0,0
1777222074536,171,POST /auth/login,200,OK,Login Load Test 1-99,text,true,,316,251,1,2,http://localhost:8001/auth/login,171,0,0
1777222074574,171,Login for Token,200,OK,Review Submission Load Test 3-99,text,true,,316,251,1,3,http://localhost:8001/auth/login,171,0,1
1777222074744,3,GET /restaurants?q=ramen,200,OK,Restaurant Search Load Test 2-100,text,true,,587,137,1,3,http://localhost:8002/restaurants/?q=ramen,3,0,0
1777222074745,2,POST /reviews/,201,Created,Review Submission Load Test 3-99,text,true,,380,440,1,2,http://localhost:8004/reviews/,2,0,0
1777222074735,172,POST /auth/login,200,OK,Login Load Test 1-100,text,true,,316,251,1,2,http://localhost:8001/auth/login,172,0,0
1777222074772,175,Login for Token,200,OK,Review Submission Load Test 3-100,text,true,,316,251,1,3,http://localhost:8001/auth/login,175,0,0
1777222074946,2,GET /restaurants?q=ramen,200,OK,Restaurant Search Load Test 2-101,text,true,,587,137,1,3,http://localhost:8002/restaurants/?q=ramen,2,0,0
1777222074947,2,POST /reviews/,201,Created,Review Submission Load Test 3-100,text,true,,380,440,1,2,http://localhost:8004/reviews/,2,0,0
1777222074934,187,POST /auth/login,200,OK,Login Load Test 1-101,text,true,,316,251,1,2,http://localhost:8001/auth/login,187,0,0
1777222075141,2,GET /restaurants?q=ramen,200,OK,Restaurant Search Load Test 2-102,text,true,,587,137,1,3,http://localhost:8002/restaurants/?q=ramen,2,0,1
1777222074976,183,Login for Token,200,OK,Review Submission Load Test 3-101,text,true,,316,251,1,2,http://localhost:8001/auth/login,183,0,0
1777222075159,2,POST /reviews/,201,Created,Review Submission Load Test 3-101,text,true,,380,440,1,2,http://localhost:8004/reviews/,2,0,0
1777222075138,172,POST /auth/login,200,OK,Login Load Test 1-102,text,true,,316,251,1,2,http://localhost:8001/auth/login,172,0,1
1777222075172,171,Login for Token,200,OK,Review Submission Load Test 3-102,text,true,,316,251,1,2,http://localhost:8001/auth/login,171,0,0
1777222075344,2,POST /reviews/,201,Created,Review Submission Load Test 3-102,text,true,,380,440,1,3,http://localhost:8004/reviews/,2,0,0
1777222075343,3,GET /restaurants?q=ramen,200,OK,Restaurant Search Load Test 2-103,text,true,,587,137,1,2,http://localhost:8002/restaurants/?q=ramen,3,0,1
1777222075334,171,POST /auth/login,200,OK,Login Load Test 1-103,text,true,,316,251,1,2,http://localhost:8001/auth/login,171,0,0
1777222075374,171,Login for Token,200,OK,Review Submission Load Test 3-103,text,true,,316,251,1,3,http://localhost:8001/auth/login,171,0,0
1777222075541,4,GET /restaurants?q=ramen,200,OK,Restaurant Search Load Test 2-104,text,true,,587,137,1,3,http://localhost:8002/restaurants/?q=ramen,4,0,1
1777222075545,3,POST /reviews/,201,Created,Review Submission Load Test 3-103,text,true,,380,440,1,2,http://localhost:8004/reviews/,3,0,0
1777222075536,171,POST /auth/login,200,OK,Login Load Test 1-104,text,true,,316,251,1,2,http://localhost:8001/auth/login,171,0,0
1777222075573,170,Login for Token,200,OK,Review Submission Load Test 3-104,text,true,,316,251,1,3,http://localhost:8001/auth/login,170,0,1
1777222075742,2,GET /restaurants?q=ramen,200,OK,Restaurant Search Load Test 2-105,text,true,,587,137,1,3,http://localhost:8002/restaurants/?q=ramen,2,0,0
1777222075743,3,POST /reviews/,201,Created,Review Submission Load Test 3-104,text,true,,380,440,1,2,http://localhost:8004/reviews/,3,0,1
1777222075734,171,POST /auth/login,200,OK,Login Load Test 1-105,text,true,,316,251,1,2,http://localhost:8001/auth/login,171,0,0
1777222075942,3,GET /restaurants?q=ramen,200,OK,Restaurant Search Load Test 2-106,text,true,,587,137,1,3,http://localhost:8002/restaurants/?q=ramen,3,0,1
1777222075775,171,Login for Token,200,OK,Review Submission Load Test 3-105,text,true,,316,251,1,2,http://localhost:8001/auth/login,171,0,0
1777222075946,3,POST /reviews/,201,Created,Review Submission Load Test 3-105,text,true,,380,440,1,2,http://localhost:8004/reviews/,3,0,0
1777222075935,172,POST /auth/login,200,OK,Login Load Test 1-106,text,true,,316,251,1,2,http://localhost:8001/auth/login,172,0,1
1777222075971,172,Login for Token,200,OK,Review Submission Load Test 3-106,text,true,,316,251,1,2,http://localhost:8001/auth/login,172,0,0
1777222076143,3,POST /reviews/,201,Created,Review Submission Load Test 3-106,text,true,,380,440,1,3,http://localhost:8004/reviews/,3,0,0
1777222076146,3,GET /restaurants?q=ramen,200,OK,Restaurant Search Load Test 2-107,text,true,,587,137,1,2,http://localhost:8002/restaurants/?q=ramen,3,0,0
1777222076135,172,POST /auth/login,200,OK,Login Load Test 1-107,text,true,,316,251,1,2,http://localhost:8001/auth/login,172,0,1
1777222076172,171,Login for Token,200,OK,Review Submission Load Test 3-107,text,true,,316,251,1,2,http://localhost:8001/auth/login,171,0,1
1777222076343,3,POST /reviews/,201,Created,Review Submission Load Test 3-107,text,true,,380,440,1,2,http://localhost:8004/reviews/,3,0,0
1777222076346,3,GET /restaurants?q=ramen,200,OK,Restaurant Search Load Test 2-108,text,true,,587,137,1,2,http://localhost:8002/restaurants/?q=ramen,3,0,0
1777222076336,171,POST /auth/login,200,OK,Login Load Test 1-108,text,true,,316,251,1,2,http://localhost:8001/auth/login,171,0,0
1777222076375,171,Login for Token,200,OK,Review Submission Load Test 3-108,text,true,,316,251,1,3,http://localhost:8001/auth/login,171,0,0
1777222076543,4,GET /restaurants?q=ramen,200,OK,Restaurant Search Load Test 2-109,text,true,,587,137,1,3,http://localhost:8002/restaurants/?q=ramen,4,0,1
1777222076546,2,POST /reviews/,201,Created,Review Submission Load Test 3-108,text,true,,380,440,1,2,http://localhost:8004/reviews/,2,0,0
1777222076535,171,POST /auth/login,200,OK,Login Load Test 1-109,text,true,,316,251,1,2,http://localhost:8001/auth/login,171,0,0
1777222076570,171,Login for Token,200,OK,Review Submission Load Test 3-109,text,true,,316,251,1,3,http://localhost:8001/auth/login,171,0,1
1777222076741,3,GET /restaurants?q=ramen,200,OK,Restaurant Search Load Test 2-110,text,true,,587,137,1,3,http://localhost:8002/restaurants/?q=ramen,3,0,0
1777222076742,2,POST /reviews/,201,Created,Review Submission Load Test 3-109,text,true,,380,440,1,2,http://localhost:8004/reviews/,2,0,0
1777222076735,171,POST /auth/login,200,OK,Login Load Test 1-110,text,true,,316,251,1,2,http://localhost:8001/auth/login,171,0,0
1777222076775,170,Login for Token,200,OK,Review Submission Load Test 3-110,text,true,,316,251,1,3,http://localhost:8001/auth/login,170,0,0
1777222076945,3,POST /reviews/,201,Created,Review Submission Load Test 3-110,text,true,,380,440,1,3,http://localhost:8004/reviews/,3,0,1
1777222076945,3,GET /restaurants?q=ramen,200,OK,Restaurant Search Load Test 2-111,text,true,,587,137,1,3,http://localhost:8002/restaurants/?q=ramen,3,0,0
1777222076933,173,POST /auth/login,200,OK,Login Load Test 1-111,text,true,,316,251,1,2,http://localhost:8001/auth/login,173,0,0
1777222077144,3,GET /restaurants?q=ramen,200,OK,Restaurant Search Load Test 2-112,text,true,,587,137,1,3,http://localhost:8002/restaurants/?q=ramen,3,0,0
1777222076976,172,Login for Token,200,OK,Review Submission Load Test 3-111,text,true,,316,251,1,2,http://localhost:8001/auth/login,172,0,0
1777222077148,4,POST /reviews/,201,Created,Review Submission Load Test 3-111,text,true,,380,440,1,2,http://localhost:8004/reviews/,4,0,0
1777222077134,173,POST /auth/login,200,OK,Login Load Test 1-112,text,true,,316,251,1,2,http://localhost:8001/auth/login,173,0,0
1777222077346,3,GET /restaurants?q=ramen,200,OK,Restaurant Search Load Test 2-113,text,true,,587,137,1,3,http://localhost:8002/restaurants/?q=ramen,3,0,0
1777222077177,173,Login for Token,200,OK,Review Submission Load Test 3-112,text,true,,316,251,1,2,http://localhost:8001/auth/login,173,0,0
1777222077350,2,POST /reviews/,201,Created,Review Submission Load Test 3-112,text,true,,380,440,1,2,http://localhost:8004/reviews/,2,0,0
1777222077336,174,POST /auth/login,200,OK,Login Load Test 1-113,text,true,,316,251,1,2,http://localhost:8001/auth/login,174,0,1
1777222077542,4,GET /restaurants?q=ramen,200,OK,Restaurant Search Load Test 2-114,text,true,,587,137,1,3,http://localhost:8002/restaurants/?q=ramen,4,0,1
1777222077377,172,Login for Token,200,OK,Review Submission Load Test 3-113,text,true,,316,251,1,2,http://localhost:8001/auth/login,172,0,0
1777222077549,3,POST /reviews/,201,Created,Review Submission Load Test 3-113,text,true,,380,440,1,2,http://localhost:8004/reviews/,3,0,1
1777222077535,178,POST /auth/login,200,OK,Login Load Test 1-114,text,true,,316,251,1,2,http://localhost:8001/auth/login,178,0,1
1777222077740,4,GET /restaurants?q=ramen,200,OK,Restaurant Search Load Test 2-115,text,true,,587,137,1,3,http://localhost:8002/restaurants/?q=ramen,4,0,0
1777222077575,177,Login for Token,200,OK,Review Submission Load Test 3-114,text,true,,316,251,1,2,http://localhost:8001/auth/login,177,0,1
1777222077752,3,POST /reviews/,201,Created,Review Submission Load Test 3-114,text,true,,380,440,1,2,http://localhost:8004/reviews/,3,0,0
1777222077733,172,POST /auth/login,200,OK,Login Load Test 1-115,text,true,,316,251,1,2,http://localhost:8001/auth/login,172,0,0
1777222077944,3,GET /restaurants?q=ramen,200,OK,Restaurant Search Load Test 2-116,text,true,,587,137,1,3,http://localhost:8002/restaurants/?q=ramen,3,0,0
1777222077775,172,Login for Token,200,OK,Review Submission Load Test 3-115,text,true,,316,251,1,3,http://localhost:8001/auth/login,172,0,1
1777222077947,3,POST /reviews/,201,Created,Review Submission Load Test 3-115,text,true,,380,440,1,2,http://localhost:8004/reviews/,3,0,0
1777222077935,173,POST /auth/login,200,OK,Login Load Test 1-116,text,true,,316,251,1,2,http://localhost:8001/auth/login,173,0,0
1777222078141,4,GET /restaurants?q=ramen,200,OK,Restaurant Search Load Test 2-117,text,true,,587,137,1,3,http://localhost:8002/restaurants/?q=ramen,4,0,1
1777222077976,173,Login for Token,200,OK,Review Submission Load Test 3-116,text,true,,316,251,1,2,http://localhost:8001/auth/login,173,0,0
1777222078149,3,POST /reviews/,201,Created,Review Submission Load Test 3-116,text,true,,380,440,1,2,http://localhost:8004/reviews/,3,0,1
1777222078135,173,POST /auth/login,200,OK,Login Load Test 1-117,text,true,,316,251,1,2,http://localhost:8001/auth/login,173,0,1
1777222078175,171,Login for Token,200,OK,Review Submission Load Test 3-117,text,true,,316,251,1,3,http://localhost:8001/auth/login,171,0,1
1777222078346,2,GET /restaurants?q=ramen,200,OK,Restaurant Search Load Test 2-118,text,true,,587,137,1,3,http://localhost:8002/restaurants/?q=ramen,2,0,0
1777222078347,2,POST /reviews/,201,Created,Review Submission Load Test 3-117,text,true,,380,440,1,2,http://localhost:8004/reviews/,2,0,0
1777222078333,172,POST /auth/login,200,OK,Login Load Test 1-118,text,true,,316,251,1,2,http://localhost:8001/auth/login,172,0,0
1777222078375,171,Login for Token,200,OK,Review Submission Load Test 3-118,text,true,,316,251,1,3,http://localhost:8001/auth/login,171,0,1
1777222078545,3,GET /restaurants?q=ramen,200,OK,Restaurant Search Load Test 2-119,text,true,,587,137,1,3,http://localhost:8002/restaurants/?q=ramen,3,0,0
1777222078546,3,POST /reviews/,201,Created,Review Submission Load Test 3-118,text,true,,380,440,1,2,http://localhost:8004/reviews/,3,0,0
1777222078535,171,POST /auth/login,200,OK,Login Load Test 1-119,text,true,,316,251,1,2,http://localhost:8001/auth/login,171,0,0
1777222078572,170,Login for Token,200,OK,Review Submission Load Test 3-119,text,true,,316,251,1,2,http://localhost:8001/auth/login,170,0,0
1777222078742,5,POST /reviews/,201,Created,Review Submission Load Test 3-119,text,true,,380,440,1,3,http://localhost:8004/reviews/,5,0,1
1777222078746,2,GET /restaurants?q=ramen,200,OK,Restaurant Search Load Test 2-120,text,true,,587,137,1,2,http://localhost:8002/restaurants/?q=ramen,2,0,0
1777222078738,171,POST /auth/login,200,OK,Login Load Test 1-120,text,true,,316,251,1,2,http://localhost:8001/auth/login,171,0,0
1777222078775,172,Login for Token,200,OK,Review Submission Load Test 3-120,text,true,,316,251,1,3,http://localhost:8001/auth/login,171,0,1
1777222078943,4,GET /restaurants?q=ramen,200,OK,Restaurant Search Load Test 2-121,text,true,,587,137,1,3,http://localhost:8002/restaurants/?q=ramen,4,0,1
1777222078947,2,POST /reviews/,201,Created,Review Submission Load Test 3-120,text,true,,380,440,1,2,http://localhost:8004/reviews/,2,0,0
1777222078937,173,POST /auth/login,200,OK,Login Load Test 1-121,text,true,,316,251,1,2,http://localhost:8001/auth/login,173,0,0
1777222078974,172,Login for Token,200,OK,Review Submission Load Test 3-121,text,true,,316,251,1,3,http://localhost:8001/auth/login,172,0,0
1777222079144,3,GET /restaurants?q=ramen,200,OK,Restaurant Search Load Test 2-122,text,true,,587,137,1,3,http://localhost:8002/restaurants/?q=ramen,3,0,0
1777222079146,3,POST /reviews/,201,Created,Review Submission Load Test 3-121,text,true,,380,440,1,2,http://localhost:8004/reviews/,3,0,1
1777222079134,171,POST /auth/login,200,OK,Login Load Test 1-122,text,true,,316,251,1,2,http://localhost:8001/auth/login,171,0,0
1777222079342,2,GET /restaurants?q=ramen,200,OK,Restaurant Search Load Test 2-123,text,true,,587,137,1,3,http://localhost:8002/restaurants/?q=ramen,2,0,0
1777222079176,170,Login for Token,200,OK,Review Submission Load Test 3-122,text,true,,316,251,1,2,http://localhost:8001/auth/login,170,0,0
1777222079346,3,POST /reviews/,201,Created,Review Submission Load Test 3-122,text,true,,380,440,1,2,http://localhost:8004/reviews/,3,0,0
1777222079338,173,POST /auth/login,200,OK,Login Load Test 1-123,text,true,,316,251,1,2,http://localhost:8001/auth/login,173,0,0
1777222079377,171,Login for Token,200,OK,Review Submission Load Test 3-123,text,true,,316,251,1,3,http://localhost:8001/auth/login,171,0,0
1777222079545,4,GET /restaurants?q=ramen,200,OK,Restaurant Search Load Test 2-124,text,true,,587,137,1,3,http://localhost:8002/restaurants/?q=ramen,3,0,0
1777222079548,3,POST /reviews/,201,Created,Review Submission Load Test 3-123,text,true,,380,440,1,2,http://localhost:8004/reviews/,3,0,1
1777222079537,171,POST /auth/login,200,OK,Login Load Test 1-124,text,true,,316,251,1,2,http://localhost:8001/auth/login,171,0,0
1777222079573,170,Login for Token,200,OK,Review Submission Load Test 3-124,text,true,,316,251,1,2,http://localhost:8001/auth/login,170,0,0
1777222079744,2,POST /reviews/,201,Created,Review Submission Load Test 3-124,text,true,,380,440,1,3,http://localhost:8004/reviews/,2,0,0
1777222079744,4,GET /restaurants?q=ramen,200,OK,Restaurant Search Load Test 2-125,text,true,,587,137,1,2,http://localhost:8002/restaurants/?q=ramen,4,0,1
1777222079730,171,POST /auth/login,200,OK,Login Load Test 1-125,text,true,,316,251,1,2,http://localhost:8001/auth/login,171,0,0
1777222079772,171,Login for Token,200,OK,Review Submission Load Test 3-125,text,true,,316,251,1,2,http://localhost:8001/auth/login,171,0,0
1777222079943,3,POST /reviews/,201,Created,Review Submission Load Test 3-125,text,true,,380,440,1,3,http://localhost:8004/reviews/,3,0,0
1777222079943,3,GET /restaurants?q=ramen,200,OK,Restaurant Search Load Test 2-126,text,true,,587,137,1,2,http://localhost:8002/restaurants/?q=ramen,3,0,0
1777222079933,172,POST /auth/login,200,OK,Login Load Test 1-126,text,true,,316,251,1,2,http://localhost:8001/auth/login,172,0,0
1777222079974,172,Login for Token,200,OK,Review Submission Load Test 3-126,text,true,,316,251,1,3,http://localhost:8001/auth/login,172,0,1
1777222080143,3,GET /restaurants?q=ramen,200,OK,Restaurant Search Load Test 2-127,text,true,,587,137,1,3,http://localhost:8002/restaurants/?q=ramen,3,0,0
1777222080146,2,POST /reviews/,201,Created,Review Submission Load Test 3-126,text,true,,380,440,1,2,http://localhost:8004/reviews/,2,0,0
1777222080133,171,POST /auth/login,200,OK,Login Load Test 1-127,text,true,,316,251,1,2,http://localhost:8001/auth/login,171,0,0
1777222080172,171,Login for Token,200,OK,Review Submission Load Test 3-127,text,true,,316,251,1,2,http://localhost:8001/auth/login,171,0,0
1777222080343,3,POST /reviews/,201,Created,Review Submission Load Test 3-127,text,true,,380,440,1,3,http://localhost:8004/reviews/,3,0,0
1777222080344,3,GET /restaurants?q=ramen,200,OK,Restaurant Search Load Test 2-128,text,true,,587,137,1,2,http://localhost:8002/restaurants/?q=ramen,3,0,1
1777222080327,171,POST /auth/login,200,OK,Login Load Test 1-128,text,true,,316,251,1,2,http://localhost:8001/auth/login,171,0,0
1777222080374,171,Login for Token,200,OK,Review Submission Load Test 3-128,text,true,,316,251,1,2,http://localhost:8001/auth/login,171,0,0
1777222080546,3,POST /reviews/,201,Created,Review Submission Load Test 3-128,text,true,,380,440,1,3,http://localhost:8004/reviews/,3,0,0
1777222080546,4,GET /restaurants?q=ramen,200,OK,Restaurant Search Load Test 2-129,text,true,,587,137,1,2,http://localhost:8002/restaurants/?q=ramen,4,0,0
1777222080536,178,POST /auth/login,200,OK,Login Load Test 1-129,text,true,,316,251,1,2,http://localhost:8001/auth/login,178,0,1
1777222080746,1,GET /restaurants?q=ramen,200,OK,Restaurant Search Load Test 2-130,text,true,,587,137,1,3,http://localhost:8002/restaurants/?q=ramen,1,0,0
1777222080574,177,Login for Token,200,OK,Review Submission Load Test 3-129,text,true,,316,251,1,2,http://localhost:8001/auth/login,177,0,0
1777222080751,2,POST /reviews/,201,Created,Review Submission Load Test 3-129,text,true,,380,440,1,2,http://localhost:8004/reviews/,2,0,0
1777222080727,171,POST /auth/login,200,OK,Login Load Test 1-130,text,true,,316,251,1,2,http://localhost:8001/auth/login,171,0,0
1777222080776,169,Login for Token,200,OK,Review Submission Load Test 3-130,text,true,,316,251,1,3,http://localhost:8001/auth/login,169,0,0
1777222080943,2,GET /restaurants?q=ramen,200,OK,Restaurant Search Load Test 2-131,text,true,,587,137,1,3,http://localhost:8002/restaurants/?q=ramen,2,0,0
1777222080945,3,POST /reviews/,201,Created,Review Submission Load Test 3-130,text,true,,380,440,1,2,http://localhost:8004/reviews/,3,0,0
1777222080932,174,POST /auth/login,200,OK,Login Load Test 1-131,text,true,,316,251,1,2,http://localhost:8001/auth/login,174,0,1
1777222080974,172,Login for Token,200,OK,Review Submission Load Test 3-131,text,true,,316,251,1,3,http://localhost:8001/auth/login,172,0,0
1777222081143,4,GET /restaurants?q=ramen,200,OK,Restaurant Search Load Test 2-132,text,true,,587,137,1,3,http://localhost:8002/restaurants/?q=ramen,4,0,0
1777222081146,2,POST /reviews/,201,Created,Review Submission Load Test 3-131,text,true,,380,440,1,2,http://localhost:8004/reviews/,2,0,0
1777222081135,172,POST /auth/login,200,OK,Login Load Test 1-132,text,true,,316,251,1,2,http://localhost:8001/auth/login,172,0,1
1777222081174,171,Login for Token,200,OK,Review Submission Load Test 3-132,text,true,,316,251,1,3,http://localhost:8001/auth/login,171,0,1
1777222081343,4,GET /restaurants?q=ramen,200,OK,Restaurant Search Load Test 2-133,text,true,,587,137,1,3,http://localhost:8002/restaurants/?q=ramen,4,0,1
1777222081345,3,POST /reviews/,201,Created,Review Submission Load Test 3-132,text,true,,380,440,1,2,http://localhost:8004/reviews/,3,0,1
1777222081335,171,POST /auth/login,200,OK,Login Load Test 1-133,text,true,,316,251,1,2,http://localhost:8001/auth/login,171,0,0
1777222081375,172,Login for Token,200,OK,Review Submission Load Test 3-133,text,true,,316,251,1,3,http://localhost:8001/auth/login,172,0,1
1777222081545,4,GET /restaurants?q=ramen,200,OK,Restaurant Search Load Test 2-134,text,true,,587,137,1,3,http://localhost:8002/restaurants/?q=ramen,4,0,0
1777222081547,2,POST /reviews/,201,Created,Review Submission Load Test 3-133,text,true,,380,440,1,2,http://localhost:8004/reviews/,2,0,0
1777222081529,172,POST /auth/login,200,OK,Login Load Test 1-134,text,true,,316,251,1,2,http://localhost:8001/auth/login,172,0,0
1777222081575,171,Login for Token,200,OK,Review Submission Load Test 3-134,text,true,,316,251,1,3,http://localhost:8001/auth/login,171,0,1
1777222081745,3,GET /restaurants?q=ramen,200,OK,Restaurant Search Load Test 2-135,text,true,,587,137,1,3,http://localhost:8002/restaurants/?q=ramen,3,0,0
1777222081746,3,POST /reviews/,201,Created,Review Submission Load Test 3-134,text,true,,380,440,1,2,http://localhost:8004/reviews/,3,0,0
1777222081726,172,POST /auth/login,200,OK,Login Load Test 1-135,text,true,,316,251,1,2,http://localhost:8001/auth/login,172,0,0
1777222081771,171,Login for Token,200,OK,Review Submission Load Test 3-135,text,true,,316,251,1,2,http://localhost:8001/auth/login,171,0,1
1777222081943,2,POST /reviews/,201,Created,Review Submission Load Test 3-135,text,true,,380,440,1,3,http://localhost:8004/reviews/,2,0,0
1777222081943,3,GET /restaurants?q=ramen,200,OK,Restaurant Search Load Test 2-136,text,true,,587,137,1,2,http://localhost:8002/restaurants/?q=ramen,3,0,0
1777222081923,173,POST /auth/login,200,OK,Login Load Test 1-136,text,true,,316,251,1,2,http://localhost:8001/auth/login,173,0,0
1777222081970,171,Login for Token,200,OK,Review Submission Load Test 3-136,text,true,,316,251,1,2,http://localhost:8001/auth/login,171,0,0
1777222082142,3,POST /reviews/,201,Created,Review Submission Load Test 3-136,text,true,,380,440,1,3,http://localhost:8004/reviews/,3,0,0
1777222082143,3,GET /restaurants?q=ramen,200,OK,Restaurant Search Load Test 2-137,text,true,,587,137,1,2,http://localhost:8002/restaurants/?q=ramen,3,0,0
1777222082129,172,POST /auth/login,200,OK,Login Load Test 1-137,text,true,,316,251,1,2,http://localhost:8001/auth/login,172,0,0
1777222082342,3,GET /restaurants?q=ramen,200,OK,Restaurant Search Load Test 2-138,text,true,,587,137,1,3,http://localhost:8002/restaurants/?q=ramen,3,0,0
1777222082176,172,Login for Token,200,OK,Review Submission Load Test 3-137,text,true,,316,251,1,2,http://localhost:8001/auth/login,172,0,0
1777222082348,3,POST /reviews/,201,Created,Review Submission Load Test 3-137,text,true,,380,440,1,2,http://localhost:8004/reviews/,3,0,0
1777222082327,174,POST /auth/login,200,OK,Login Load Test 1-138,text,true,,316,251,1,2,http://localhost:8001/auth/login,174,0,0
1777222082544,3,GET /restaurants?q=ramen,200,OK,Restaurant Search Load Test 2-139,text,true,,587,137,1,3,http://localhost:8002/restaurants/?q=ramen,3,0,0
1777222082375,173,Login for Token,200,OK,Review Submission Load Test 3-138,text,true,,316,251,1,2,http://localhost:8001/auth/login,173,0,0
1777222082548,2,POST /reviews/,201,Created,Review Submission Load Test 3-138,text,true,,380,440,1,2,http://localhost:8004/reviews/,2,0,0
1777222082528,173,POST /auth/login,200,OK,Login Load Test 1-139,text,true,,316,251,1,2,http://localhost:8001/auth/login,173,0,0
1777222082741,2,GET /restaurants?q=ramen,200,OK,Restaurant Search Load Test 2-140,text,true,,587,137,1,3,http://localhost:8002/restaurants/?q=ramen,2,0,0
1777222082575,176,Login for Token,200,OK,Review Submission Load Test 3-139,text,true,,316,251,1,2,http://localhost:8001/auth/login,176,0,0
1777222082752,2,POST /reviews/,201,Created,Review Submission Load Test 3-139,text,true,,380,440,1,2,http://localhost:8004/reviews/,2,0,0
1777222082727,172,POST /auth/login,200,OK,Login Load Test 1-140,text,true,,316,251,1,2,http://localhost:8001/auth/login,172,0,1
1777222082776,169,Login for Token,200,OK,Review Submission Load Test 3-140,text,true,,316,251,1,3,http://localhost:8001/auth/login,169,0,0
1777222082945,3,GET /restaurants?q=ramen,200,OK,Restaurant Search Load Test 2-141,text,true,,587,137,1,3,http://localhost:8002/restaurants/?q=ramen,3,0,0
1777222082945,3,POST /reviews/,201,Created,Review Submission Load Test 3-140,text,true,,380,440,1,3,http://localhost:8004/reviews/,3,0,1
1777222082929,173,POST /auth/login,200,OK,Login Load Test 1-141,text,true,,316,251,1,2,http://localhost:8001/auth/login,173,0,0
1777222083141,4,GET /restaurants?q=ramen,200,OK,Restaurant Search Load Test 2-142,text,true,,587,137,1,3,http://localhost:8002/restaurants/?q=ramen,4,0,1
1777222082977,174,Login for Token,200,OK,Review Submission Load Test 3-141,text,true,,316,251,1,2,http://localhost:8001/auth/login,174,0,0
1777222083151,3,POST /reviews/,201,Created,Review Submission Load Test 3-141,text,true,,380,440,1,2,http://localhost:8004/reviews/,3,0,0
1777222083126,173,POST /auth/login,200,OK,Login Load Test 1-142,text,true,,316,251,1,2,http://localhost:8001/auth/login,173,0,1
1777222083176,171,Login for Token,200,OK,Review Submission Load Test 3-142,text,true,,316,251,1,3,http://localhost:8001/auth/login,171,0,0
1777222083344,3,GET /restaurants?q=ramen,200,OK,Restaurant Search Load Test 2-143,text,true,,587,137,1,3,http://localhost:8002/restaurants/?q=ramen,3,0,1
1777222083347,2,POST /reviews/,201,Created,Review Submission Load Test 3-142,text,true,,380,440,1,2,http://localhost:8004/reviews/,2,0,0
1777222083332,171,POST /auth/login,200,OK,Login Load Test 1-143,text,true,,316,251,1,2,http://localhost:8001/auth/login,171,0,0
1777222083542,4,GET /restaurants?q=ramen,200,OK,Restaurant Search Load Test 2-144,text,true,,587,137,1,3,http://localhost:8002/restaurants/?q=ramen,4,0,1
1777222083375,171,Login for Token,200,OK,Review Submission Load Test 3-143,text,true,,316,251,1,2,http://localhost:8001/auth/login,171,0,1
1777222083546,3,POST /reviews/,201,Created,Review Submission Load Test 3-143,text,true,,380,440,1,2,http://localhost:8004/reviews/,3,0,0
1777222083528,178,POST /auth/login,200,OK,Login Load Test 1-144,text,true,,316,251,1,2,http://localhost:8001/auth/login,178,0,1
1777222083743,2,GET /restaurants?q=ramen,200,OK,Restaurant Search Load Test 2-145,text,true,,587,137,1,3,http://localhost:8002/restaurants/?q=ramen,2,0,0
1777222083575,183,Login for Token,200,OK,Review Submission Load Test 3-144,text,true,,316,251,1,2,http://localhost:8001/auth/login,183,0,1
1777222083759,2,POST /reviews/,201,Created,Review Submission Load Test 3-144,text,true,,380,440,1,2,http://localhost:8004/reviews/,2,0,0
1777222083725,188,POST /auth/login,200,OK,Login Load Test 1-145,text,true,,316,251,1,2,http://localhost:8001/auth/login,188,0,1
1777222083941,2,GET /restaurants?q=ramen,200,OK,Restaurant Search Load Test 2-146,text,true,,587,137,1,3,http://localhost:8002/restaurants/?q=ramen,2,0,0
1777222083776,186,Login for Token,200,OK,Review Submission Load Test 3-145,text,true,,316,251,1,2,http://localhost:8001/auth/login,186,0,0
1777222083962,3,POST /reviews/,201,Created,Review Submission Load Test 3-145,text,true,,380,440,1,2,http://localhost:8004/reviews/,3,0,1
1777222083927,179,POST /auth/login,200,OK,Login Load Test 1-146,text,true,,316,251,1,2,http://localhost:8001/auth/login,179,0,1
1777222084143,2,GET /restaurants?q=ramen,200,OK,Restaurant Search Load Test 2-147,text,true,,587,137,1,3,http://localhost:8002/restaurants/?q=ramen,2,0,1
1777222083976,174,Login for Token,200,OK,Review Submission Load Test 3-146,text,true,,316,251,1,2,http://localhost:8001/auth/login,174,0,0
1777222084150,2,POST /reviews/,201,Created,Review Submission Load Test 3-146,text,true,,380,440,1,2,http://localhost:8004/reviews/,2,0,0
1777222084130,172,POST /auth/login,200,OK,Login Load Test 1-147,text,true,,316,251,1,2,http://localhost:8001/auth/login,172,0,1
1777222084175,170,Login for Token,200,OK,Review Submission Load Test 3-147,text,true,,316,251,1,2,http://localhost:8001/auth/login,170,0,0
1777222084346,3,POST /reviews/,201,Created,Review Submission Load Test 3-147,text,true,,380,440,1,3,http://localhost:8004/reviews/,3,0,0
1777222084346,4,GET /restaurants?q=ramen,200,OK,Restaurant Search Load Test 2-148,text,true,,587,137,1,2,http://localhost:8002/restaurants/?q=ramen,4,0,1
1777222084329,172,POST /auth/login,200,OK,Login Load Test 1-148,text,true,,316,251,1,2,http://localhost:8001/auth/login,172,0,1
1777222084375,172,Login for Token,200,OK,Review Submission Load Test 3-148,text,true,,316,251,1,3,http://localhost:8001/auth/login,172,0,1
1777222084547,3,POST /reviews/,201,Created,Review Submission Load Test 3-148,text,true,,380,440,1,3,http://localhost:8004/reviews/,3,0,0
1777222084546,4,GET /restaurants?q=ramen,200,OK,Restaurant Search Load Test 2-149,text,true,,587,137,1,3,http://localhost:8002/restaurants/?q=ramen,4,0,0
1777222084527,171,POST /auth/login,200,OK,Login Load Test 1-149,text,true,,316,251,1,2,http://localhost:8001/auth/login,171,0,0
1777222084575,171,Login for Token,200,OK,Review Submission Load Test 3-149,text,true,,316,251,1,3,http://localhost:8001/auth/login,171,0,1
1777222084745,3,GET /restaurants?q=ramen,200,OK,Restaurant Search Load Test 2-150,text,true,,587,137,1,3,http://localhost:8002/restaurants/?q=ramen,3,0,1
1777222084746,3,POST /reviews/,201,Created,Review Submission Load Test 3-149,text,true,,380,440,1,2,http://localhost:8004/reviews/,3,0,0
1777222084730,172,POST /auth/login,200,OK,Login Load Test 1-150,text,true,,316,251,1,2,http://localhost:8001/auth/login,172,0,0
1777222084942,3,GET /restaurants?q=ramen,200,OK,Restaurant Search Load Test 2-151,text,true,,587,137,1,3,http://localhost:8002/restaurants/?q=ramen,3,0,0
1777222084775,171,Login for Token,200,OK,Review Submission Load Test 3-150,text,true,,316,251,1,2,http://localhost:8001/auth/login,171,0,0
1777222084946,2,POST /reviews/,201,Created,Review Submission Load Test 3-150,text,true,,380,440,1,2,http://localhost:8004/reviews/,2,0,0
1777222084927,172,POST /auth/login,200,OK,Login Load Test 1-151,text,true,,316,251,1,2,http://localhost:8001/auth/login,172,0,1
1777222085144,2,GET /restaurants?q=ramen,200,OK,Restaurant Search Load Test 2-152,text,true,,587,137,1,3,http://localhost:8002/restaurants/?q=ramen,2,0,0
1777222084975,173,Login for Token,200,OK,Review Submission Load Test 3-151,text,true,,316,251,1,2,http://localhost:8001/auth/login,173,0,0
1777222085148,2,POST /reviews/,201,Created,Review Submission Load Test 3-151,text,true,,380,440,1,2,http://localhost:8004/reviews/,2,0,1
1777222085126,186,POST /auth/login,200,OK,Login Load Test 1-152,text,true,,316,251,1,2,http://localhost:8001/auth/login,186,0,1
1777222085341,2,GET /restaurants?q=ramen,200,OK,Restaurant Search Load Test 2-153,text,true,,587,137,1,3,http://localhost:8002/restaurants/?q=ramen,2,0,1
1777222085175,189,Login for Token,200,OK,Review Submission Load Test 3-152,text,true,,316,251,1,2,http://localhost:8001/auth/login,189,0,1
1777222085364,2,POST /reviews/,201,Created,Review Submission Load Test 3-152,text,true,,380,440,1,2,http://localhost:8004/reviews/,2,0,0
1777222085325,175,POST /auth/login,200,OK,Login Load Test 1-153,text,true,,316,251,1,2,http://localhost:8001/auth/login,175,0,1
1777222085545,2,GET /restaurants?q=ramen,200,OK,Restaurant Search Load Test 2-154,text,true,,587,137,1,3,http://localhost:8002/restaurants/?q=ramen,2,0,1
1777222085376,172,Login for Token,200,OK,Review Submission Load Test 3-153,text,true,,316,251,1,2,http://localhost:8001/auth/login,172,0,1
1777222085548,2,POST /reviews/,201,Created,Review Submission Load Test 3-153,text,true,,380,440,1,2,http://localhost:8004/reviews/,2,0,0
1777222085532,171,POST /auth/login,200,OK,Login Load Test 1-154,text,true,,316,251,1,2,http://localhost:8001/auth/login,171,0,1
1777222085576,171,Login for Token,200,OK,Review Submission Load Test 3-154,text,true,,316,251,1,3,http://localhost:8001/auth/login,171,0,1
1777222085744,3,GET /restaurants?q=ramen,200,OK,Restaurant Search Load Test 2-155,text,true,,587,137,1,3,http://localhost:8002/restaurants/?q=ramen,3,0,0
1777222085747,2,POST /reviews/,201,Created,Review Submission Load Test 3-154,text,true,,380,440,1,2,http://localhost:8004/reviews/,2,0,0
1777222085727,172,POST /auth/login,200,OK,Login Load Test 1-155,text,true,,316,251,1,2,http://localhost:8001/auth/login,172,0,0
1777222085775,171,Login for Token,200,OK,Review Submission Load Test 3-155,text,true,,316,251,1,3,http://localhost:8001/auth/login,171,0,0
1777222085944,3,GET /restaurants?q=ramen,200,OK,Restaurant Search Load Test 2-156,text,true,,587,137,1,3,http://localhost:8002/restaurants/?q=ramen,3,0,0
1777222085946,2,POST /reviews/,201,Created,Review Submission Load Test 3-155,text,true,,380,440,1,2,http://localhost:8004/reviews/,2,0,0
1777222085923,173,POST /auth/login,200,OK,Login Load Test 1-156,text,true,,316,251,1,2,http://localhost:8001/auth/login,173,0,0
1777222086141,4,GET /restaurants?q=ramen,200,OK,Restaurant Search Load Test 2-157,text,true,,587,137,1,3,http://localhost:8002/restaurants/?q=ramen,4,0,1
1777222085974,173,Login for Token,200,OK,Review Submission Load Test 3-156,text,true,,316,251,1,2,http://localhost:8001/auth/login,173,0,0
1777222086147,3,POST /reviews/,201,Created,Review Submission Load Test 3-156,text,true,,380,440,1,2,http://localhost:8004/reviews/,3,0,0
1777222086127,171,POST /auth/login,200,OK,Login Load Test 1-157,text,true,,316,251,1,2,http://localhost:8001/auth/login,171,0,0
1777222086171,171,Login for Token,200,OK,Review Submission Load Test 3-157,text,true,,316,251,1,2,http://localhost:8001/auth/login,171,0,0
1777222086342,3,POST /reviews/,201,Created,Review Submission Load Test 3-157,text,true,,380,440,1,3,http://localhost:8004/reviews/,3,0,0
1777222086345,3,GET /restaurants?q=ramen,200,OK,Restaurant Search Load Test 2-158,text,true,,587,137,1,2,http://localhost:8002/restaurants/?q=ramen,3,0,0
1777222086327,173,POST /auth/login,200,OK,Login Load Test 1-158,text,true,,316,251,1,2,http://localhost:8001/auth/login,173,0,1
1777222086373,170,Login for Token,200,OK,Review Submission Load Test 3-158,text,true,,316,251,1,3,http://localhost:8001/auth/login,170,0,0
1777222086543,3,POST /reviews/,201,Created,Review Submission Load Test 3-158,text,true,,380,440,1,3,http://localhost:8004/reviews/,3,0,0
1777222086543,3,GET /restaurants?q=ramen,200,OK,Restaurant Search Load Test 2-159,text,true,,587,137,1,3,http://localhost:8002/restaurants/?q=ramen,3,0,0
1777222086527,172,POST /auth/login,200,OK,Login Load Test 1-159,text,true,,316,251,1,2,http://localhost:8001/auth/login,172,0,1
1777222086742,3,GET /restaurants?q=ramen,200,OK,Restaurant Search Load Test 2-160,text,true,,587,137,1,3,http://localhost:8002/restaurants/?q=ramen,3,0,0
1777222086575,170,Login for Token,200,OK,Review Submission Load Test 3-159,text,true,,316,251,1,2,http://localhost:8001/auth/login,170,0,0
1777222086745,3,POST /reviews/,201,Created,Review Submission Load Test 3-159,text,true,,380,440,1,2,http://localhost:8004/reviews/,3,0,1
1777222086726,172,POST /auth/login,200,OK,Login Load Test 1-160,text,true,,316,251,1,2,http://localhost:8001/auth/login,172,0,1
1777222086771,171,Login for Token,200,OK,Review Submission Load Test 3-160,text,true,,316,251,1,2,http://localhost:8001/auth/login,171,0,0
1777222086943,3,POST /reviews/,201,Created,Review Submission Load Test 3-160,text,true,,380,440,1,3,http://localhost:8004/reviews/,3,0,0
1777222086944,3,GET /restaurants?q=ramen,200,OK,Restaurant Search Load Test 2-161,text,true,,587,137,1,2,http://localhost:8002/restaurants/?q=ramen,3,0,0
1777222086924,174,POST /auth/login,200,OK,Login Load Test 1-161,text,true,,316,251,1,2,http://localhost:8001/auth/login,174,0,1
1777222087141,4,GET /restaurants?q=ramen,200,OK,Restaurant Search Load Test 2-162,text,true,,587,137,1,3,http://localhost:8002/restaurants/?q=ramen,4,0,0
1777222086975,173,Login for Token,200,OK,Review Submission Load Test 3-161,text,true,,316,251,1,2,http://localhost:8001/auth/login,173,0,1
1777222087148,3,POST /reviews/,201,Created,Review Submission Load Test 3-161,text,true,,380,440,1,2,http://localhost:8004/reviews/,3,0,0
1777222087127,172,POST /auth/login,200,OK,Login Load Test 1-162,text,true,,316,251,1,2,http://localhost:8001/auth/login,172,0,1
1777222087170,171,Login for Token,200,OK,Review Submission Load Test 3-162,text,true,,316,251,1,2,http://localhost:8001/auth/login,171,0,1
1777222087342,2,POST /reviews/,201,Created,Review Submission Load Test 3-162,text,true,,380,440,1,2,http://localhost:8004/reviews/,2,0,0
1777222087344,4,GET /restaurants?q=ramen,200,OK,Restaurant Search Load Test 2-163,text,true,,587,137,1,2,http://localhost:8002/restaurants/?q=ramen,4,0,1
1777222087323,171,POST /auth/login,200,OK,Login Load Test 1-163,text,true,,316,251,1,2,http://localhost:8001/auth/login,171,0,0
1777222087543,3,GET /restaurants?q=ramen,200,OK,Restaurant Search Load Test 2-164,text,true,,587,137,1,3,http://localhost:8002/restaurants/?q=ramen,3,0,0
1777222087375,172,Login for Token,200,OK,Review Submission Load Test 3-163,text,true,,316,251,1,2,http://localhost:8001/auth/login,172,0,1
1777222087547,2,POST /reviews/,201,Created,Review Submission Load Test 3-163,text,true,,380,440,1,2,http://localhost:8004/reviews/,2,0,0
1777222087527,172,POST /auth/login,200,OK,Login Load Test 1-164,text,true,,316,251,1,2,http://localhost:8001/auth/login,172,0,0
1777222087742,3,GET /restaurants?q=ramen,200,OK,Restaurant Search Load Test 2-165,text,true,,587,137,1,3,http://localhost:8002/restaurants/?q=ramen,3,0,0
1777222087575,170,Login for Token,200,OK,Review Submission Load Test 3-164,text,true,,316,251,1,3,http://localhost:8001/auth/login,170,0,0
1777222087746,2,POST /reviews/,201,Created,Review Submission Load Test 3-164,text,true,,380,440,1,2,http://localhost:8004/reviews/,2,0,0
1777222087727,171,POST /auth/login,200,OK,Login Load Test 1-165,text,true,,316,251,1,2,http://localhost:8001/auth/login,171,0,0
1777222087773,170,Login for Token,200,OK,Review Submission Load Test 3-165,text,true,,316,251,1,3,http://localhost:8001/auth/login,170,0,0
1777222087942,3,GET /restaurants?q=ramen,200,OK,Restaurant Search Load Test 2-166,text,true,,587,137,1,3,http://localhost:8002/restaurants/?q=ramen,3,0,0
1777222087943,3,POST /reviews/,201,Created,Review Submission Load Test 3-165,text,true,,380,440,1,2,http://localhost:8004/reviews/,3,0,0
1777222087925,172,POST /auth/login,200,OK,Login Load Test 1-166,text,true,,316,251,1,2,http://localhost:8001/auth/login,172,0,0
1777222088143,3,GET /restaurants?q=ramen,200,OK,Restaurant Search Load Test 2-167,text,true,,587,137,1,3,http://localhost:8002/restaurants/?q=ramen,3,0,0
1777222087975,173,Login for Token,200,OK,Review Submission Load Test 3-166,text,true,,316,251,1,2,http://localhost:8001/auth/login,173,0,0
1777222088148,2,POST /reviews/,201,Created,Review Submission Load Test 3-166,text,true,,380,440,1,2,http://localhost:8004/reviews/,2,0,0
1777222088129,171,POST /auth/login,200,OK,Login Load Test 1-167,text,true,,316,251,1,2,http://localhost:8001/auth/login,171,0,1
1777222088341,4,GET /restaurants?q=ramen,200,OK,Restaurant Search Load Test 2-168,text,true,,587,137,1,3,http://localhost:8002/restaurants/?q=ramen,4,0,0
1777222088176,170,Login for Token,200,OK,Review Submission Load Test 3-167,text,true,,316,251,1,2,http://localhost:8001/auth/login,170,0,0
1777222088346,2,POST /reviews/,201,Created,Review Submission Load Test 3-167,text,true,,380,440,1,2,http://localhost:8004/reviews/,2,0,0
1777222088327,172,POST /auth/login,200,OK,Login Load Test 1-168,text,true,,316,251,1,2,http://localhost:8001/auth/login,172,0,1
1777222088376,171,Login for Token,200,OK,Review Submission Load Test 3-168,text,true,,316,251,1,3,http://localhost:8001/auth/login,171,0,0
1777222088545,3,GET /restaurants?q=ramen,200,OK,Restaurant Search Load Test 2-169,text,true,,587,137,1,3,http://localhost:8002/restaurants/?q=ramen,3,0,0
1777222088547,3,POST /reviews/,201,Created,Review Submission Load Test 3-168,text,true,,380,440,1,2,http://localhost:8004/reviews/,3,0,0
1777222088530,171,POST /auth/login,200,OK,Login Load Test 1-169,text,true,,316,251,1,2,http://localhost:8001/auth/login,171,0,1
1777222088573,170,Login for Token,200,OK,Review Submission Load Test 3-169,text,true,,316,251,1,3,http://localhost:8001/auth/login,170,0,0
1777222088743,2,POST /reviews/,201,Created,Review Submission Load Test 3-169,text,true,,380,440,1,3,http://localhost:8004/reviews/,2,0,0
1777222088742,3,GET /restaurants?q=ramen,200,OK,Restaurant Search Load Test 2-170,text,true,,587,137,1,3,http://localhost:8002/restaurants/?q=ramen,3,0,1
1777222088729,171,POST /auth/login,200,OK,Login Load Test 1-170,text,true,,316,251,1,2,http://localhost:8001/auth/login,171,0,1
1777222088775,171,Login for Token,200,OK,Review Submission Load Test 3-170,text,true,,316,251,1,3,http://localhost:8001/auth/login,171,0,0
1777222088944,3,GET /restaurants?q=ramen,200,OK,Restaurant Search Load Test 2-171,text,true,,587,137,1,3,http://localhost:8002/restaurants/?q=ramen,3,0,0
1777222088946,2,POST /reviews/,201,Created,Review Submission Load Test 3-170,text,true,,380,440,1,2,http://localhost:8004/reviews/,2,0,0
1777222088926,172,POST /auth/login,200,OK,Login Load Test 1-171,text,true,,316,251,1,2,http://localhost:8001/auth/login,172,0,0
1777222089141,4,GET /restaurants?q=ramen,200,OK,Restaurant Search Load Test 2-172,text,true,,587,137,1,3,http://localhost:8002/restaurants/?q=ramen,4,0,1
1777222088975,173,Login for Token,200,OK,Review Submission Load Test 3-171,text,true,,316,251,1,2,http://localhost:8001/auth/login,173,0,0
1777222089148,3,POST /reviews/,201,Created,Review Submission Load Test 3-171,text,true,,380,440,1,2,http://localhost:8004/reviews/,3,0,0
1777222089128,171,POST /auth/login,200,OK,Login Load Test 1-172,text,true,,316,251,1,2,http://localhost:8001/auth/login,171,0,0
1777222089175,171,Login for Token,200,OK,Review Submission Load Test 3-172,text,true,,316,251,1,3,http://localhost:8001/auth/login,171,0,1
1777222089343,4,GET /restaurants?q=ramen,200,OK,Restaurant Search Load Test 2-173,text,true,,587,137,1,3,http://localhost:8002/restaurants/?q=ramen,4,0,0
1777222089346,3,POST /reviews/,201,Created,Review Submission Load Test 3-172,text,true,,380,440,1,2,http://localhost:8004/reviews/,3,0,0
1777222089329,172,POST /auth/login,200,OK,Login Load Test 1-173,text,true,,316,251,1,2,http://localhost:8001/auth/login,172,0,0
1777222089541,4,GET /restaurants?q=ramen,200,OK,Restaurant Search Load Test 2-174,text,true,,587,137,1,3,http://localhost:8002/restaurants/?q=ramen,4,0,0
1777222089376,170,Login for Token,200,OK,Review Submission Load Test 3-173,text,true,,316,251,1,2,http://localhost:8001/auth/login,170,0,0
1777222089546,3,POST /reviews/,201,Created,Review Submission Load Test 3-173,text,true,,380,440,1,2,http://localhost:8004/reviews/,3,0,1
1777222089527,172,POST /auth/login,200,OK,Login Load Test 1-174,text,true,,316,251,1,2,http://localhost:8001/auth/login,172,0,1
1777222089576,170,Login for Token,200,OK,Review Submission Load Test 3-174,text,true,,316,251,1,3,http://localhost:8001/auth/login,170,0,0
1777222089745,3,GET /restaurants?q=ramen,200,OK,Restaurant Search Load Test 2-175,text,true,,587,137,1,3,http://localhost:8002/restaurants/?q=ramen,3,0,0
1777222089746,3,POST /reviews/,201,Created,Review Submission Load Test 3-174,text,true,,380,440,1,2,http://localhost:8004/reviews/,3,0,0
1777222089727,171,POST /auth/login,200,OK,Login Load Test 1-175,text,true,,316,251,1,2,http://localhost:8001/auth/login,171,0,0
1777222089776,171,Login for Token,200,OK,Review Submission Load Test 3-175,text,true,,316,251,1,3,http://localhost:8001/auth/login,171,0,0
1777222089944,3,GET /restaurants?q=ramen,200,OK,Restaurant Search Load Test 2-176,text,true,,587,137,1,3,http://localhost:8002/restaurants/?q=ramen,3,0,0
1777222089947,3,POST /reviews/,201,Created,Review Submission Load Test 3-175,text,true,,380,440,1,2,http://localhost:8004/reviews/,3,0,0
1777222089930,173,POST /auth/login,200,OK,Login Load Test 1-176,text,true,,316,251,1,2,http://localhost:8001/auth/login,173,0,0
1777222089974,171,Login for Token,200,OK,Review Submission Load Test 3-176,text,true,,316,251,1,3,http://localhost:8001/auth/login,171,0,0
1777222090144,3,GET /restaurants?q=ramen,200,OK,Restaurant Search Load Test 2-177,text,true,,587,137,1,3,http://localhost:8002/restaurants/?q=ramen,3,0,0
1777222090145,3,POST /reviews/,201,Created,Review Submission Load Test 3-176,text,true,,380,440,1,2,http://localhost:8004/reviews/,3,0,1
1777222090130,172,POST /auth/login,200,OK,Login Load Test 1-177,text,true,,316,251,1,2,http://localhost:8001/auth/login,172,0,1
1777222090176,171,Login for Token,200,OK,Review Submission Load Test 3-177,text,true,,316,251,1,3,http://localhost:8001/auth/login,171,0,0
1777222090345,4,GET /restaurants?q=ramen,200,OK,Restaurant Search Load Test 2-178,text,true,,587,137,1,3,http://localhost:8002/restaurants/?q=ramen,4,0,0
1777222090347,3,POST /reviews/,201,Created,Review Submission Load Test 3-177,text,true,,380,440,1,2,http://localhost:8004/reviews/,3,0,0
1777222090327,172,POST /auth/login,200,OK,Login Load Test 1-178,text,true,,316,251,1,2,http://localhost:8001/auth/login,172,0,0
1777222090544,4,GET /restaurants?q=ramen,200,OK,Restaurant Search Load Test 2-179,text,true,,587,137,1,3,http://localhost:8002/restaurants/?q=ramen,4,0,0
1777222090376,172,Login for Token,200,OK,Review Submission Load Test 3-178,text,true,,316,251,1,3,http://localhost:8001/auth/login,172,0,1
1777222090548,2,POST /reviews/,201,Created,Review Submission Load Test 3-178,text,true,,380,440,1,2,http://localhost:8004/reviews/,2,0,0
1777222090527,177,POST /auth/login,200,OK,Login Load Test 1-179,text,true,,316,251,1,2,http://localhost:8001/auth/login,177,0,0
1777222090746,1,GET /restaurants?q=ramen,200,OK,Restaurant Search Load Test 2-180,text,true,,587,137,1,3,http://localhost:8002/restaurants/?q=ramen,1,0,0
1777222090575,178,Login for Token,200,OK,Review Submission Load Test 3-179,text,true,,316,251,1,2,http://localhost:8001/auth/login,178,0,0
1777222090753,2,POST /reviews/,201,Created,Review Submission Load Test 3-179,text,true,,380,440,1,2,http://localhost:8004/reviews/,2,0,0
1777222090726,172,POST /auth/login,200,OK,Login Load Test 1-180,text,true,,316,251,1,2,http://localhost:8001/auth/login,172,0,1
1777222090775,170,Login for Token,200,OK,Review Submission Load Test 3-180,text,true,,316,251,1,3,http://localhost:8001/auth/login,170,0,0
1777222090944,3,GET /restaurants?q=ramen,200,OK,Restaurant Search Load Test 2-181,text,true,,587,137,1,3,http://localhost:8002/restaurants/?q=ramen,3,0,0
1777222090945,3,POST /reviews/,201,Created,Review Submission Load Test 3-180,text,true,,380,440,1,2,http://localhost:8004/reviews/,3,0,0
1777222090927,172,POST /auth/login,200,OK,Login Load Test 1-181,text,true,,316,251,1,2,http://localhost:8001/auth/login,172,0,0
1777222091144,4,GET /restaurants?q=ramen,200,OK,Restaurant Search Load Test 2-182,text,true,,587,137,1,3,http://localhost:8002/restaurants/?q=ramen,4,0,0
1777222090976,173,Login for Token,200,OK,Review Submission Load Test 3-181,text,true,,316,251,1,2,http://localhost:8001/auth/login,173,0,0
1777222091149,3,POST /reviews/,201,Created,Review Submission Load Test 3-181,text,true,,380,440,1,2,http://localhost:8004/reviews/,3,0,0
1777222091127,171,POST /auth/login,200,OK,Login Load Test 1-182,text,true,,316,251,1,2,http://localhost:8001/auth/login,171,0,0
1777222091170,171,Login for Token,200,OK,Review Submission Load Test 3-182,text,true,,316,251,1,2,http://localhost:8001/auth/login,171,0,1
1777222091341,3,POST /reviews/,201,Created,Review Submission Load Test 3-182,text,true,,380,440,1,3,http://localhost:8004/reviews/,3,0,0
1777222091342,3,GET /restaurants?q=ramen,200,OK,Restaurant Search Load Test 2-183,text,true,,587,137,1,2,http://localhost:8002/restaurants/?q=ramen,3,0,0
1777222091327,171,POST /auth/login,200,OK,Login Load Test 1-183,text,true,,316,251,1,2,http://localhost:8001/auth/login,171,0,0
1777222091374,171,Login for Token,200,OK,Review Submission Load Test 3-183,text,true,,316,251,1,2,http://localhost:8001/auth/login,171,0,0
1777222091545,3,POST /reviews/,201,Created,Review Submission Load Test 3-183,text,true,,380,440,1,3,http://localhost:8004/reviews/,3,0,0
1777222091545,4,GET /restaurants?q=ramen,200,OK,Restaurant Search Load Test 2-184,text,true,,587,137,1,2,http://localhost:8002/restaurants/?q=ramen,4,0,0
1777222091525,171,POST /auth/login,200,OK,Login Load Test 1-184,text,true,,316,251,1,2,http://localhost:8001/auth/login,171,0,0
1777222091575,171,Login for Token,200,OK,Review Submission Load Test 3-184,text,true,,316,251,1,3,http://localhost:8001/auth/login,171,0,0
1777222091744,4,GET /restaurants?q=ramen,200,OK,Restaurant Search Load Test 2-185,text,true,,587,137,1,3,http://localhost:8002/restaurants/?q=ramen,4,0,0
1777222091746,3,POST /reviews/,201,Created,Review Submission Load Test 3-184,text,true,,380,440,1,2,http://localhost:8004/reviews/,3,0,0
1777222091727,172,POST /auth/login,200,OK,Login Load Test 1-185,text,true,,316,251,1,2,http://localhost:8001/auth/login,172,0,0
1777222091775,170,Login for Token,200,OK,Review Submission Load Test 3-185,text,true,,316,251,1,2,http://localhost:8001/auth/login,170,0,0
1777222091946,2,POST /reviews/,201,Created,Review Submission Load Test 3-185,text,true,,380,440,1,3,http://localhost:8004/reviews/,2,0,0
1777222091946,3,GET /restaurants?q=ramen,200,OK,Restaurant Search Load Test 2-186,text,true,,587,137,1,2,http://localhost:8002/restaurants/?q=ramen,3,0,0
1777222091926,173,POST /auth/login,200,OK,Login Load Test 1-186,text,true,,316,251,1,2,http://localhost:8001/auth/login,173,0,1
1777222091975,173,Login for Token,200,OK,Review Submission Load Test 3-186,text,true,,316,251,1,3,http://localhost:8001/auth/login,173,0,0
1777222092146,4,GET /restaurants?q=ramen,200,OK,Restaurant Search Load Test 2-187,text,true,,587,137,1,3,http://localhost:8002/restaurants/?q=ramen,4,0,1
1777222092148,3,POST /reviews/,201,Created,Review Submission Load Test 3-186,text,true,,380,440,1,2,http://localhost:8004/reviews/,3,0,0
1777222092129,172,POST /auth/login,200,OK,Login Load Test 1-187,text,true,,316,251,1,2,http://localhost:8001/auth/login,172,0,0
1777222092173,173,Login for Token,200,OK,Review Submission Load Test 3-187,text,true,,316,251,1,3,http://localhost:8001/auth/login,173,0,0
1777222092344,3,GET /restaurants?q=ramen,200,OK,Restaurant Search Load Test 2-188,text,true,,587,137,1,3,http://localhost:8002/restaurants/?q=ramen,3,0,0
1777222092346,2,POST /reviews/,201,Created,Review Submission Load Test 3-187,text,true,,380,440,1,2,http://localhost:8004/reviews/,2,0,0
1777222092325,179,POST /auth/login,200,OK,Login Load Test 1-188,text,true,,316,251,1,2,http://localhost:8001/auth/login,179,0,0
1777222092547,2,GET /restaurants?q=ramen,200,OK,Restaurant Search Load Test 2-189,text,true,,587,137,1,3,http://localhost:8002/restaurants/?q=ramen,2,0,0
1777222092372,181,Login for Token,200,OK,Review Submission Load Test 3-188,text,true,,316,251,1,2,http://localhost:8001/auth/login,181,0,0
1777222092554,2,POST /reviews/,201,Created,Review Submission Load Test 3-188,text,true,,380,440,1,2,http://localhost:8004/reviews/,2,0,0
1777222092526,188,POST /auth/login,200,OK,Login Load Test 1-189,text,true,,316,251,1,2,http://localhost:8001/auth/login,188,0,1
1777222092745,2,GET /restaurants?q=ramen,200,OK,Restaurant Search Load Test 2-190,text,true,,587,137,1,3,http://localhost:8002/restaurants/?q=ramen,2,0,1
1777222092572,187,Login for Token,200,OK,Review Submission Load Test 3-189,text,true,,316,251,1,2,http://localhost:8001/auth/login,187,0,1
1777222092759,2,POST /reviews/,201,Created,Review Submission Load Test 3-189,text,true,,380,440,1,2,http://localhost:8004/reviews/,2,0,1
1777222092726,180,POST /auth/login,200,OK,Login Load Test 1-190,text,true,,316,251,1,2,http://localhost:8001/auth/login,180,0,0
1777222092941,2,GET /restaurants?q=ramen,200,OK,Restaurant Search Load Test 2-191,text,true,,587,137,1,3,http://localhost:8002/restaurants/?q=ramen,2,0,0
1777222092772,175,Login for Token,200,OK,Review Submission Load Test 3-190,text,true,,316,251,1,2,http://localhost:8001/auth/login,175,0,0
1777222092947,2,POST /reviews/,201,Created,Review Submission Load Test 3-190,text,true,,380,440,1,2,http://localhost:8004/reviews/,2,0,0
1777222092927,174,POST /auth/login,200,OK,Login Load Test 1-191,text,true,,316,251,1,2,http://localhost:8001/auth/login,174,0,1
1777222092976,173,Login for Token,200,OK,Review Submission Load Test 3-191,text,true,,316,251,1,3,http://localhost:8001/auth/login,173,0,0
1777222093146,3,GET /restaurants?q=ramen,200,OK,Restaurant Search Load Test 2-192,text,true,,587,137,1,3,http://localhost:8002/restaurants/?q=ramen,3,0,0
1777222093149,3,POST /reviews/,201,Created,Review Submission Load Test 3-191,text,true,,380,440,1,2,http://localhost:8004/reviews/,3,0,0
1777222093128,173,POST /auth/login,200,OK,Login Load Test 1-192,text,true,,316,251,1,2,http://localhost:8001/auth/login,173,0,1
1777222093175,172,Login for Token,200,OK,Review Submission Load Test 3-192,text,true,,316,251,1,3,http://localhost:8001/auth/login,172,0,0
1777222093346,2,GET /restaurants?q=ramen,200,OK,Restaurant Search Load Test 2-193,text,true,,587,137,1,3,http://localhost:8002/restaurants/?q=ramen,2,0,0
1777222093347,4,POST /reviews/,201,Created,Review Submission Load Test 3-192,text,true,,380,440,1,2,http://localhost:8004/reviews/,4,0,1
1777222093324,172,POST /auth/login,200,OK,Login Load Test 1-193,text,true,,316,251,1,2,http://localhost:8001/auth/login,172,0,1
1777222093371,172,Login for Token,200,OK,Review Submission Load Test 3-193,text,true,,316,251,1,2,http://localhost:8001/auth/login,172,0,1
1777222093544,2,GET /restaurants?q=ramen,200,OK,Restaurant Search Load Test 2-194,text,true,,587,137,1,3,http://localhost:8002/restaurants/?q=ramen,2,0,0
1777222093543,3,POST /reviews/,201,Created,Review Submission Load Test 3-193,text,true,,380,440,1,2,http://localhost:8004/reviews/,3,0,1
1777222093528,177,POST /auth/login,200,OK,Login Load Test 1-194,text,true,,316,251,1,2,http://localhost:8001/auth/login,177,0,0
1777222093744,1,GET /restaurants?q=ramen,200,OK,Restaurant Search Load Test 2-195,text,true,,587,137,1,3,http://localhost:8002/restaurants/?q=ramen,1,0,0
1777222093574,175,Login for Token,200,OK,Review Submission Load Test 3-194,text,true,,316,251,1,2,http://localhost:8001/auth/login,175,0,0
1777222093749,2,POST /reviews/,201,Created,Review Submission Load Test 3-194,text,true,,380,440,1,2,http://localhost:8004/reviews/,2,0,0
1777222093726,172,POST /auth/login,200,OK,Login Load Test 1-195,text,true,,316,251,1,2,http://localhost:8001/auth/login,172,0,0
1777222093773,170,Login for Token,200,OK,Review Submission Load Test 3-195,text,true,,316,251,1,3,http://localhost:8001/auth/login,170,0,0
1777222093943,3,POST /reviews/,201,Created,Review Submission Load Test 3-195,text,true,,380,440,1,3,http://localhost:8004/reviews/,3,0,0
1777222093943,3,GET /restaurants?q=ramen,200,OK,Restaurant Search Load Test 2-196,text,true,,587,137,1,2,http://localhost:8002/restaurants/?q=ramen,3,0,0
1777222093926,172,POST /auth/login,200,OK,Login Load Test 1-196,text,true,,316,251,1,2,http://localhost:8001/auth/login,172,0,1
1777222093971,173,Login for Token,200,OK,Review Submission Load Test 3-196,text,true,,316,251,1,2,http://localhost:8001/auth/login,173,0,1
1777222094144,3,POST /reviews/,201,Created,Review Submission Load Test 3-196,text,true,,380,440,1,3,http://localhost:8004/reviews/,3,0,0
1777222094146,3,GET /restaurants?q=ramen,200,OK,Restaurant Search Load Test 2-197,text,true,,587,137,1,2,http://localhost:8002/restaurants/?q=ramen,3,0,0
1777222094126,171,POST /auth/login,200,OK,Login Load Test 1-197,text,true,,316,251,1,2,http://localhost:8001/auth/login,171,0,0
1777222094173,170,Login for Token,200,OK,Review Submission Load Test 3-197,text,true,,316,251,1,2,http://localhost:8001/auth/login,170,0,0
1777222094344,2,POST /reviews/,201,Created,Review Submission Load Test 3-197,text,true,,380,440,1,3,http://localhost:8004/reviews/,2,0,0
1777222094344,3,GET /restaurants?q=ramen,200,OK,Restaurant Search Load Test 2-198,text,true,,587,137,1,2,http://localhost:8002/restaurants/?q=ramen,3,0,0
1777222094323,171,POST /auth/login,200,OK,Login Load Test 1-198,text,true,,316,251,1,2,http://localhost:8001/auth/login,171,0,0
1777222094376,170,Login for Token,200,OK,Review Submission Load Test 3-198,text,true,,316,251,1,3,http://localhost:8001/auth/login,170,0,0
1777222094545,3,GET /restaurants?q=ramen,200,OK,Restaurant Search Load Test 2-199,text,true,,587,137,1,3,http://localhost:8002/restaurants/?q=ramen,3,0,0
1777222094546,3,POST /reviews/,201,Created,Review Submission Load Test 3-198,text,true,,380,440,1,2,http://localhost:8004/reviews/,3,0,1
1777222094519,171,POST /auth/login,200,OK,Login Load Test 1-199,text,true,,316,251,1,2,http://localhost:8001/auth/login,171,0,0
1777222094571,171,Login for Token,200,OK,Review Submission Load Test 3-199,text,true,,316,251,1,2,http://localhost:8001/auth/login,171,0,1
1777222094742,3,POST /reviews/,201,Created,Review Submission Load Test 3-199,text,true,,380,440,1,3,http://localhost:8004/reviews/,3,0,1
1777222094743,3,GET /restaurants?q=ramen,200,OK,Restaurant Search Load Test 2-200,text,true,,587,137,1,2,http://localhost:8002/restaurants/?q=ramen,3,0,0
1777222094726,172,POST /auth/login,200,OK,Login Load Test 1-200,text,true,,316,251,1,2,http://localhost:8001/auth/login,172,0,0
1777222094773,171,Login for Token,200,OK,Review Submission Load Test 3-200,text,true,,316,251,1,3,http://localhost:8001/auth/login,171,0,0
1777222094943,3,GET /restaurants?q=ramen,200,OK,Restaurant Search Load Test 2-201,text,true,,587,137,1,3,http://localhost:8002/restaurants/?q=ramen,3,0,0
1777222094944,2,POST /reviews/,201,Created,Review Submission Load Test 3-200,text,true,,380,440,1,2,http://localhost:8004/reviews/,2,0,0
1777222094926,171,POST /auth/login,200,OK,Login Load Test 1-201,text,true,,316,251,1,2,http://localhost:8001/auth/login,171,0,0
1777222095139,2,GET /restaurants?q=ramen,200,OK,Restaurant Search Load Test 2-202,text,true,,587,137,1,3,http://localhost:8002/restaurants/?q=ramen,2,0,0
1777222094975,172,Login for Token,200,OK,Review Submission Load Test 3-201,text,true,,316,251,1,2,http://localhost:8001/auth/login,172,0,1
1777222095146,3,POST /reviews/,201,Created,Review Submission Load Test 3-201,text,true,,380,440,1,2,http://localhost:8004/reviews/,3,0,0
1777222095125,171,POST /auth/login,200,OK,Login Load Test 1-202,text,true,,316,251,1,2,http://localhost:8001/auth/login,171,0,1
1777222095172,171,Login for Token,200,OK,Review Submission Load Test 3-202,text,true,,316,251,1,3,http://localhost:8001/auth/login,171,0,1
1777222095343,3,POST /reviews/,201,Created,Review Submission Load Test 3-202,text,true,,380,440,1,3,http://localhost:8004/reviews/,3,0,1
1777222095343,3,GET /restaurants?q=ramen,200,OK,Restaurant Search Load Test 2-203,text,true,,587,137,1,2,http://localhost:8002/restaurants/?q=ramen,3,0,0
1777222095318,182,POST /auth/login,200,OK,Login Load Test 1-203,text,true,,316,251,1,2,http://localhost:8001/auth/login,182,0,0
1777222095545,2,GET /restaurants?q=ramen,200,OK,Restaurant Search Load Test 2-204,text,true,,587,137,1,3,http://localhost:8002/restaurants/?q=ramen,2,0,0
1777222095371,192,Login for Token,200,OK,Review Submission Load Test 3-203,text,true,,316,251,1,2,http://localhost:8001/auth/login,192,0,1
1777222095564,2,POST /reviews/,201,Created,Review Submission Load Test 3-203,text,true,,380,440,1,2,http://localhost:8004/reviews/,2,0,0
1777222095520,177,POST /auth/login,200,OK,Login Load Test 1-204,text,true,,316,251,1,2,http://localhost:8001/auth/login,177,0,1
1777222095571,173,Login for Token,200,OK,Review Submission Load Test 3-204,text,true,,316,251,1,2,http://localhost:8001/auth/login,173,0,0
1777222095744,2,GET /restaurants?q=ramen,200,OK,Restaurant Search Load Test 2-205,text,true,,587,137,1,3,http://localhost:8002/restaurants/?q=ramen,2,0,1
1777222095744,2,POST /reviews/,201,Created,Review Submission Load Test 3-204,text,true,,380,440,1,3,http://localhost:8004/reviews/,2,0,0
1777222095725,173,POST /auth/login,200,OK,Login Load Test 1-205,text,true,,316,251,1,2,http://localhost:8001/auth/login,173,0,1
1777222095775,171,Login for Token,200,OK,Review Submission Load Test 3-205,text,true,,316,251,1,3,http://localhost:8001/auth/login,171,0,0
1777222095943,4,GET /restaurants?q=ramen,200,OK,Restaurant Search Load Test 2-206,text,true,,587,137,1,3,http://localhost:8002/restaurants/?q=ramen,4,0,1
1777222095946,3,POST /reviews/,201,Created,Review Submission Load Test 3-205,text,true,,380,440,1,2,http://localhost:8004/reviews/,3,0,0
1777222095920,182,POST /auth/login,200,OK,Login Load Test 1-206,text,true,,316,251,1,2,http://localhost:8001/auth/login,182,0,1
1777222096142,2,GET /restaurants?q=ramen,200,OK,Restaurant Search Load Test 2-207,text,true,,587,137,1,3,http://localhost:8002/restaurants/?q=ramen,2,0,1
1777222095975,183,Login for Token,200,OK,Review Submission Load Test 3-206,text,true,,316,251,1,2,http://localhost:8001/auth/login,183,0,0
1777222096159,2,POST /reviews/,201,Created,Review Submission Load Test 3-206,text,true,,380,440,1,2,http://localhost:8004/reviews/,2,0,0
1777222096120,181,POST /auth/login,200,OK,Login Load Test 1-207,text,true,,316,251,1,2,http://localhost:8001/auth/login,181,0,1
1777222096171,173,Login for Token,200,OK,Review Submission Load Test 3-207,text,true,,316,251,1,3,http://localhost:8001/auth/login,173,0,0
1777222096344,2,GET /restaurants?q=ramen,200,OK,Restaurant Search Load Test 2-208,text,true,,587,137,1,3,http://localhost:8002/restaurants/?q=ramen,2,0,0
1777222096344,2,POST /reviews/,201,Created,Review Submission Load Test 3-207,text,true,,380,440,1,2,http://localhost:8004/reviews/,2,0,1
1777222096324,171,POST /auth/login,200,OK,Login Load Test 1-208,text,true,,316,251,1,2,http://localhost:8001/auth/login,171,0,0
1777222096374,170,Login for Token,200,OK,Review Submission Load Test 3-208,text,true,,316,251,1,3,http://localhost:8001/auth/login,170,0,1
1777222096543,3,GET /restaurants?q=ramen,200,OK,Restaurant Search Load Test 2-209,text,true,,587,137,1,3,http://localhost:8002/restaurants/?q=ramen,3,0,0
1777222096545,2,POST /reviews/,201,Created,Review Submission Load Test 3-208,text,true,,380,440,1,2,http://localhost:8004/reviews/,2,0,0
1777222096522,171,POST /auth/login,200,OK,Login Load Test 1-209,text,true,,316,251,1,2,http://localhost:8001/auth/login,171,0,1
1777222096574,171,Login for Token,200,OK,Review Submission Load Test 3-209,text,true,,316,251,1,3,http://localhost:8001/auth/login,171,0,0
1777222096743,3,GET /restaurants?q=ramen,200,OK,Restaurant Search Load Test 2-210,text,true,,587,137,1,3,http://localhost:8002/restaurants/?q=ramen,3,0,0
1777222096745,2,POST /reviews/,201,Created,Review Submission Load Test 3-209,text,true,,380,440,1,2,http://localhost:8004/reviews/,2,0,0
1777222096718,174,POST /auth/login,200,OK,Login Load Test 1-210,text,true,,316,251,1,2,http://localhost:8001/auth/login,174,0,0
1777222096945,2,GET /restaurants?q=ramen,200,OK,Restaurant Search Load Test 2-211,text,true,,587,137,1,3,http://localhost:8002/restaurants/?q=ramen,2,0,0
1777222096774,174,Login for Token,200,OK,Review Submission Load Test 3-210,text,true,,316,251,1,2,http://localhost:8001/auth/login,174,0,1
1777222096948,3,POST /reviews/,201,Created,Review Submission Load Test 3-210,text,true,,380,440,1,2,http://localhost:8004/reviews/,3,0,0
1777222096919,172,POST /auth/login,200,OK,Login Load Test 1-211,text,true,,316,251,1,2,http://localhost:8001/auth/login,172,0,1
1777222097141,3,GET /restaurants?q=ramen,200,OK,Restaurant Search Load Test 2-212,text,true,,587,137,1,3,http://localhost:8002/restaurants/?q=ramen,3,0,0
1777222096975,173,Login for Token,200,OK,Review Submission Load Test 3-211,text,true,,316,251,1,2,http://localhost:8001/auth/login,173,0,0
1777222097148,3,POST /reviews/,201,Created,Review Submission Load Test 3-211,text,true,,380,440,1,2,http://localhost:8004/reviews/,3,0,0
1777222097119,173,POST /auth/login,200,OK,Login Load Test 1-212,text,true,,316,251,1,2,http://localhost:8001/auth/login,173,0,0
1777222097172,173,Login for Token,200,OK,Review Submission Load Test 3-212,text,true,,316,251,1,3,http://localhost:8001/auth/login,173,0,1
1777222097344,3,GET /restaurants?q=ramen,200,OK,Restaurant Search Load Test 2-213,text,true,,587,137,1,3,http://localhost:8002/restaurants/?q=ramen,3,0,1
1777222097345,3,POST /reviews/,201,Created,Review Submission Load Test 3-212,text,true,,380,440,1,2,http://localhost:8004/reviews/,3,0,0
1777222097322,173,POST /auth/login,200,OK,Login Load Test 1-213,text,true,,316,251,1,2,http://localhost:8001/auth/login,173,0,0
1777222097543,3,GET /restaurants?q=ramen,200,OK,Restaurant Search Load Test 2-214,text,true,,587,137,1,3,http://localhost:8002/restaurants/?q=ramen,3,0,0
1777222097375,172,Login for Token,200,OK,Review Submission Load Test 3-213,text,true,,316,251,1,2,http://localhost:8001/auth/login,172,0,0
1777222097547,3,POST /reviews/,201,Created,Review Submission Load Test 3-213,text,true,,380,440,1,2,http://localhost:8004/reviews/,3,0,1
1777222097519,173,POST /auth/login,200,OK,Login Load Test 1-214,text,true,,316,251,1,2,http://localhost:8001/auth/login,173,0,0
1777222097574,172,Login for Token,200,OK,Review Submission Load Test 3-214,text,true,,316,251,1,3,http://localhost:8001/auth/login,172,0,0
1777222097743,4,GET /restaurants?q=ramen,200,OK,Restaurant Search Load Test 2-215,text,true,,587,137,1,3,http://localhost:8002/restaurants/?q=ramen,4,0,0
1777222097747,3,POST /reviews/,201,Created,Review Submission Load Test 3-214,text,true,,380,440,1,2,http://localhost:8004/reviews/,3,0,0
1777222097725,173,POST /auth/login,200,OK,Login Load Test 1-215,text,true,,316,251,1,2,http://localhost:8001/auth/login,173,0,0
1777222097773,171,Login for Token,200,OK,Review Submission Load Test 3-215,text,true,,316,251,1,2,http://localhost:8001/auth/login,171,0,0
1777222097944,3,POST /reviews/,201,Created,Review Submission Load Test 3-215,text,true,,380,440,1,3,http://localhost:8004/reviews/,3,0,0
1777222097944,4,GET /restaurants?q=ramen,200,OK,Restaurant Search Load Test 2-216,text,true,,587,137,1,2,http://localhost:8002/restaurants/?q=ramen,4,0,0
1777222097924,172,POST /auth/login,200,OK,Login Load Test 1-216,text,true,,316,251,1,2,http://localhost:8001/auth/login,172,0,1
1777222098139,2,GET /restaurants?q=ramen,200,OK,Restaurant Search Load Test 2-217,text,true,,587,137,1,3,http://localhost:8002/restaurants/?q=ramen,2,0,1
1777222097975,173,Login for Token,200,OK,Review Submission Load Test 3-216,text,true,,316,251,1,2,http://localhost:8001/auth/login,173,0,1
1777222098148,2,POST /reviews/,201,Created,Review Submission Load Test 3-216,text,true,,380,440,1,2,http://localhost:8004/reviews/,2,0,1
1777222098120,171,POST /auth/login,200,OK,Login Load Test 1-217,text,true,,316,251,1,2,http://localhost:8001/auth/login,171,0,0
1777222098171,171,Login for Token,200,OK,Review Submission Load Test 3-217,text,true,,316,251,1,2,http://localhost:8001/auth/login,171,0,0
1777222098343,2,POST /reviews/,201,Created,Review Submission Load Test 3-217,text,true,,380,440,1,3,http://localhost:8004/reviews/,2,0,0
1777222098343,3,GET /restaurants?q=ramen,200,OK,Restaurant Search Load Test 2-218,text,true,,587,137,1,2,http://localhost:8002/restaurants/?q=ramen,3,0,0
1777222098320,172,POST /auth/login,200,OK,Login Load Test 1-218,text,true,,316,251,1,2,http://localhost:8001/auth/login,172,0,0
1777222098374,171,Login for Token,200,OK,Review Submission Load Test 3-218,text,true,,316,251,1,3,http://localhost:8001/auth/login,171,0,0
1777222098544,4,GET /restaurants?q=ramen,200,OK,Restaurant Search Load Test 2-219,text,true,,587,137,1,3,http://localhost:8002/restaurants/?q=ramen,4,0,1
1777222098545,3,POST /reviews/,201,Created,Review Submission Load Test 3-218,text,true,,380,440,1,2,http://localhost:8004/reviews/,3,0,1
1777222098518,172,POST /auth/login,200,OK,Login Load Test 1-219,text,true,,316,251,1,2,http://localhost:8001/auth/login,172,0,0
1777222098575,170,Login for Token,200,OK,Review Submission Load Test 3-219,text,true,,316,251,1,3,http://localhost:8001/auth/login,170,0,0
1777222098743,3,GET /restaurants?q=ramen,200,OK,Restaurant Search Load Test 2-220,text,true,,587,137,1,3,http://localhost:8002/restaurants/?q=ramen,3,0,0
1777222098745,2,POST /reviews/,201,Created,Review Submission Load Test 3-219,text,true,,380,440,1,2,http://localhost:8004/reviews/,2,0,0
1777222098717,171,POST /auth/login,200,OK,Login Load Test 1-220,text,true,,316,251,1,2,http://localhost:8001/auth/login,171,0,0
1777222098774,171,Login for Token,200,OK,Review Submission Load Test 3-220,text,true,,316,251,1,3,http://localhost:8001/auth/login,171,0,0
1777222098944,3,GET /restaurants?q=ramen,200,OK,Restaurant Search Load Test 2-221,text,true,,587,137,1,3,http://localhost:8002/restaurants/?q=ramen,3,0,0
1777222098945,3,POST /reviews/,201,Created,Review Submission Load Test 3-220,text,true,,380,440,1,2,http://localhost:8004/reviews/,3,0,1
1777222098920,172,POST /auth/login,200,OK,Login Load Test 1-221,text,true,,316,251,1,2,http://localhost:8001/auth/login,172,0,0
1777222098974,172,Login for Token,200,OK,Review Submission Load Test 3-221,text,true,,316,251,1,3,http://localhost:8001/auth/login,172,0,0
1777222099145,2,GET /restaurants?q=ramen,200,OK,Restaurant Search Load Test 2-222,text,true,,587,137,1,3,http://localhost:8002/restaurants/?q=ramen,2,0,0
1777222099146,2,POST /reviews/,201,Created,Review Submission Load Test 3-221,text,true,,380,440,1,2,http://localhost:8004/reviews/,2,0,0
1777222099125,172,POST /auth/login,200,OK,Login Load Test 1-222,text,true,,316,251,1,2,http://localhost:8001/auth/login,172,0,0
1777222099174,172,Login for Token,200,OK,Review Submission Load Test 3-222,text,true,,316,251,1,3,http://localhost:8001/auth/login,172,0,1
1777222099344,4,GET /restaurants?q=ramen,200,OK,Restaurant Search Load Test 2-223,text,true,,587,137,1,3,http://localhost:8002/restaurants/?q=ramen,4,0,0
1777222099346,3,POST /reviews/,201,Created,Review Submission Load Test 3-222,text,true,,380,440,1,2,http://localhost:8004/reviews/,2,0,0
1777222099320,171,POST /auth/login,200,OK,Login Load Test 1-223,text,true,,316,251,1,2,http://localhost:8001/auth/login,171,0,0
1777222099544,2,GET /restaurants?q=ramen,200,OK,Restaurant Search Load Test 2-224,text,true,,587,137,1,3,http://localhost:8002/restaurants/?q=ramen,2,0,0
1777222099374,175,Login for Token,200,OK,Review Submission Load Test 3-223,text,true,,316,251,1,2,http://localhost:8001/auth/login,175,0,0
1777222099549,2,POST /reviews/,201,Created,Review Submission Load Test 3-223,text,true,,380,440,1,2,http://localhost:8004/reviews/,2,0,0
1777222099516,187,POST /auth/login,200,OK,Login Load Test 1-224,text,true,,316,251,1,2,http://localhost:8001/auth/login,187,0,0
1777222099744,2,GET /restaurants?q=ramen,200,OK,Restaurant Search Load Test 2-225,text,true,,587,137,1,3,http://localhost:8002/restaurants/?q=ramen,2,0,1
1777222099574,184,Login for Token,200,OK,Review Submission Load Test 3-224,text,true,,316,251,1,2,http://localhost:8001/auth/login,184,0,1
1777222099759,2,POST /reviews/,201,Created,Review Submission Load Test 3-224,text,true,,380,440,1,2,http://localhost:8004/reviews/,2,0,0
1777222099718,180,POST /auth/login,200,OK,Login Load Test 1-225,text,true,,316,251,1,2,http://localhost:8001/auth/login,180,0,0
1777222099945,2,GET /restaurants?q=ramen,200,OK,Restaurant Search Load Test 2-226,text,true,,587,137,1,3,http://localhost:8002/restaurants/?q=ramen,2,0,0
1777222099774,178,Login for Token,200,OK,Review Submission Load Test 3-225,text,true,,316,251,1,2,http://localhost:8001/auth/login,178,0,1
1777222099952,2,POST /reviews/,201,Created,Review Submission Load Test 3-225,text,true,,380,440,1,2,http://localhost:8004/reviews/,2,0,0
1777222099918,173,POST /auth/login,200,OK,Login Load Test 1-226,text,true,,316,251,1,2,http://localhost:8001/auth/login,173,0,0
1777222099974,171,Login for Token,200,OK,Review Submission Load Test 3-226,text,true,,316,251,1,3,http://localhost:8001/auth/login,171,0,0
1777222100145,3,GET /restaurants?q=ramen,200,OK,Restaurant Search Load Test 2-227,text,true,,587,137,1,3,http://localhost:8002/restaurants/?q=ramen,3,0,0
1777222100147,2,POST /reviews/,201,Created,Review Submission Load Test 3-226,text,true,,380,440,1,2,http://localhost:8004/reviews/,2,0,0
1777222100119,171,POST /auth/login,200,OK,Login Load Test 1-227,text,true,,316,251,1,2,http://localhost:8001/auth/login,171,0,0
1777222100175,171,Login for Token,200,OK,Review Submission Load Test 3-227,text,true,,316,251,1,3,http://localhost:8001/auth/login,171,0,0
1777222100345,2,GET /restaurants?q=ramen,200,OK,Restaurant Search Load Test 2-228,text,true,,587,137,1,3,http://localhost:8002/restaurants/?q=ramen,2,0,0
1777222100346,2,POST /reviews/,201,Created,Review Submission Load Test 3-227,text,true,,380,440,1,2,http://localhost:8004/reviews/,2,0,0
1777222100319,172,POST /auth/login,200,OK,Login Load Test 1-228,text,true,,316,251,1,2,http://localhost:8001/auth/login,172,0,0
1777222100542,4,GET /restaurants?q=ramen,200,OK,Restaurant Search Load Test 2-229,text,true,,587,137,1,3,http://localhost:8002/restaurants/?q=ramen,4,0,0
1777222100377,171,Login for Token,200,OK,Review Submission Load Test 3-228,text,true,,316,251,1,2,http://localhost:8001/auth/login,171,0,0
1777222100548,3,POST /reviews/,201,Created,Review Submission Load Test 3-228,text,true,,380,440,1,2,http://localhost:8004/reviews/,3,0,0
1777222100517,175,POST /auth/login,200,OK,Login Load Test 1-229,text,true,,316,251,1,2,http://localhost:8001/auth/login,175,0,1
1777222100744,2,GET /restaurants?q=ramen,200,OK,Restaurant Search Load Test 2-230,text,true,,587,137,1,3,http://localhost:8002/restaurants/?q=ramen,2,0,0
1777222100575,177,Login for Token,200,OK,Review Submission Load Test 3-229,text,true,,316,251,1,2,http://localhost:8001/auth/login,177,0,0
1777222100752,2,POST /reviews/,201,Created,Review Submission Load Test 3-229,text,true,,380,440,1,2,http://localhost:8004/reviews/,2,0,0
1777222100717,171,POST /auth/login,200,OK,Login Load Test 1-230,text,true,,316,251,1,2,http://localhost:8001/auth/login,171,0,0
1777222100774,169,Login for Token,200,OK,Review Submission Load Test 3-230,text,true,,316,251,1,3,http://localhost:8001/auth/login,169,0,0
1777222100942,3,GET /restaurants?q=ramen,200,OK,Restaurant Search Load Test 2-231,text,true,,587,137,1,3,http://localhost:8002/restaurants/?q=ramen,3,0,0
1777222100943,2,POST /reviews/,201,Created,Review Submission Load Test 3-230,text,true,,380,440,1,2,http://localhost:8004/reviews/,2,0,0
1777222100914,173,POST /auth/login,200,OK,Login Load Test 1-231,text,true,,316,251,1,2,http://localhost:8001/auth/login,173,0,1
1777222101146,2,GET /restaurants?q=ramen,200,OK,Restaurant Search Load Test 2-232,text,true,,587,137,1,3,http://localhost:8002/restaurants/?q=ramen,2,0,0
1777222100976,173,Login for Token,200,OK,Review Submission Load Test 3-231,text,true,,316,251,1,2,http://localhost:8001/auth/login,173,0,0
1777222101149,2,POST /reviews/,201,Created,Review Submission Load Test 3-231,text,true,,380,440,1,2,http://localhost:8004/reviews/,2,0,0
1777222101116,172,POST /auth/login,200,OK,Login Load Test 1-232,text,true,,316,251,1,2,http://localhost:8001/auth/login,172,0,1
1777222101341,3,GET /restaurants?q=ramen,200,OK,Restaurant Search Load Test 2-233,text,true,,587,137,1,3,http://localhost:8002/restaurants/?q=ramen,3,0,0
1777222101175,171,Login for Token,200,OK,Review Submission Load Test 3-232,text,true,,316,251,1,2,http://localhost:8001/auth/login,171,0,0
1777222101346,3,POST /reviews/,201,Created,Review Submission Load Test 3-232,text,true,,380,440,1,2,http://localhost:8004/reviews/,3,0,1
1777222101313,172,POST /auth/login,200,OK,Login Load Test 1-233,text,true,,316,251,1,2,http://localhost:8001/auth/login,172,0,1
1777222101376,170,Login for Token,200,OK,Review Submission Load Test 3-233,text,true,,316,251,1,3,http://localhost:8001/auth/login,170,0,0
1777222101544,3,GET /restaurants?q=ramen,200,OK,Restaurant Search Load Test 2-234,text,true,,587,137,1,3,http://localhost:8002/restaurants/?q=ramen,3,0,0
1777222101546,2,POST /reviews/,201,Created,Review Submission Load Test 3-233,text,true,,380,440,1,2,http://localhost:8004/reviews/,2,0,0
1777222101519,170,POST /auth/login,200,OK,Login Load Test 1-234,text,true,,316,251,1,2,http://localhost:8001/auth/login,170,0,0
1777222101575,171,Login for Token,200,OK,Review Submission Load Test 3-234,text,true,,316,251,1,3,http://localhost:8001/auth/login,171,0,1
1777222101742,4,GET /restaurants?q=ramen,200,OK,Restaurant Search Load Test 2-235,text,true,,587,137,1,3,http://localhost:8002/restaurants/?q=ramen,4,0,1
1777222101746,3,POST /reviews/,201,Created,Review Submission Load Test 3-234,text,true,,380,440,1,2,http://localhost:8004/reviews/,3,0,0
1777222101718,173,POST /auth/login,200,OK,Login Load Test 1-235,text,true,,316,251,1,2,http://localhost:8001/auth/login,173,0,1
1777222101775,172,Login for Token,200,OK,Review Submission Load Test 3-235,text,true,,316,251,1,3,http://localhost:8001/auth/login,172,0,0
1777222101945,4,GET /restaurants?q=ramen,200,OK,Restaurant Search Load Test 2-236,text,true,,587,137,1,3,http://localhost:8002/restaurants/?q=ramen,4,0,0
1777222101947,3,POST /reviews/,201,Created,Review Submission Load Test 3-235,text,true,,380,440,1,2,http://localhost:8004/reviews/,3,0,0
1777222101918,172,POST /auth/login,200,OK,Login Load Test 1-236,text,true,,316,251,1,2,http://localhost:8001/auth/login,172,0,1
1777222101975,172,Login for Token,200,OK,Review Submission Load Test 3-236,text,true,,316,251,1,3,http://localhost:8001/auth/login,172,0,0
1777222102145,2,GET /restaurants?q=ramen,200,OK,Restaurant Search Load Test 2-237,text,true,,587,137,1,3,http://localhost:8002/restaurants/?q=ramen,2,0,0
1777222102147,2,POST /reviews/,201,Created,Review Submission Load Test 3-236,text,true,,380,440,1,2,http://localhost:8004/reviews/,2,0,0
1777222102118,173,POST /auth/login,200,OK,Login Load Test 1-237,text,true,,316,251,1,2,http://localhost:8001/auth/login,173,0,0
1777222102174,172,Login for Token,200,OK,Review Submission Load Test 3-237,text,true,,316,251,1,3,http://localhost:8001/auth/login,172,0,0
1777222102344,3,GET /restaurants?q=ramen,200,OK,Restaurant Search Load Test 2-238,text,true,,587,137,1,3,http://localhost:8002/restaurants/?q=ramen,3,0,0
1777222102346,2,POST /reviews/,201,Created,Review Submission Load Test 3-237,text,true,,380,440,1,2,http://localhost:8004/reviews/,2,0,1
1777222102317,173,POST /auth/login,200,OK,Login Load Test 1-238,text,true,,316,251,1,2,http://localhost:8001/auth/login,173,0,1
1777222102374,174,Login for Token,200,OK,Review Submission Load Test 3-238,text,true,,316,251,1,3,http://localhost:8001/auth/login,174,0,1
1777222102546,4,GET /restaurants?q=ramen,200,OK,Restaurant Search Load Test 2-239,text,true,,587,137,1,3,http://localhost:8002/restaurants/?q=ramen,4,0,0
1777222102548,3,POST /reviews/,201,Created,Review Submission Load Test 3-238,text,true,,380,440,1,2,http://localhost:8004/reviews/,3,0,0
1777222102515,173,POST /auth/login,200,OK,Login Load Test 1-239,text,true,,316,251,1,2,http://localhost:8001/auth/login,173,0,0
1777222102574,172,Login for Token,200,OK,Review Submission Load Test 3-239,text,true,,316,251,1,3,http://localhost:8001/auth/login,172,0,0
1777222102745,4,GET /restaurants?q=ramen,200,OK,Restaurant Search Load Test 2-240,text,true,,587,137,1,3,http://localhost:8002/restaurants/?q=ramen,4,0,0
1777222102746,3,POST /reviews/,201,Created,Review Submission Load Test 3-239,text,true,,380,440,1,2,http://localhost:8004/reviews/,3,0,0
1777222102715,175,POST /auth/login,200,OK,Login Load Test 1-240,text,true,,316,251,1,2,http://localhost:8001/auth/login,175,0,0
1777222102773,172,Login for Token,200,OK,Review Submission Load Test 3-240,text,true,,316,251,1,3,http://localhost:8001/auth/login,172,0,1
1777222102944,2,GET /restaurants?q=ramen,200,OK,Restaurant Search Load Test 2-241,text,true,,587,137,1,3,http://localhost:8002/restaurants/?q=ramen,2,0,0
1777222102945,3,POST /reviews/,201,Created,Review Submission Load Test 3-240,text,true,,380,440,1,2,http://localhost:8004/reviews/,3,0,1
1777222102919,171,POST /auth/login,200,OK,Login Load Test 1-241,text,true,,316,251,1,2,http://localhost:8001/auth/login,171,0,0
1777222103144,4,GET /restaurants?q=ramen,200,OK,Restaurant Search Load Test 2-242,text,true,,587,137,1,3,http://localhost:8002/restaurants/?q=ramen,4,0,0
1777222102975,176,Login for Token,200,OK,Review Submission Load Test 3-241,text,true,,316,251,1,2,http://localhost:8001/auth/login,176,0,0
1777222103151,3,POST /reviews/,201,Created,Review Submission Load Test 3-241,text,true,,380,440,1,2,http://localhost:8004/reviews/,3,0,0
1777222103115,175,POST /auth/login,200,OK,Login Load Test 1-242,text,true,,316,251,1,2,http://localhost:8001/auth/login,175,0,0
1777222103175,171,Login for Token,200,OK,Review Submission Load Test 3-242,text,true,,316,251,1,3,http://localhost:8001/auth/login,171,0,1
1777222103345,4,GET /restaurants?q=ramen,200,OK,Restaurant Search Load Test 2-243,text,true,,587,137,1,3,http://localhost:8002/restaurants/?q=ramen,4,0,1
1777222103347,2,POST /reviews/,201,Created,Review Submission Load Test 3-242,text,true,,380,440,1,2,http://localhost:8004/reviews/,2,0,0
1777222103320,172,POST /auth/login,200,OK,Login Load Test 1-243,text,true,,316,251,1,2,http://localhost:8001/auth/login,172,0,0
1777222103541,4,GET /restaurants?q=ramen,200,OK,Restaurant Search Load Test 2-244,text,true,,587,137,1,3,http://localhost:8002/restaurants/?q=ramen,4,0,0
1777222103375,172,Login for Token,200,OK,Review Submission Load Test 3-243,text,true,,316,251,1,2,http://localhost:8001/auth/login,172,0,0
1777222103547,2,POST /reviews/,201,Created,Review Submission Load Test 3-243,text,true,,380,440,1,2,http://localhost:8004/reviews/,2,0,0
1777222103522,171,POST /auth/login,200,OK,Login Load Test 1-244,text,true,,316,251,1,2,http://localhost:8001/auth/login,171,0,0
1777222103576,170,Login for Token,200,OK,Review Submission Load Test 3-244,text,true,,316,251,1,3,http://localhost:8001/auth/login,170,0,0
1777222103744,3,GET /restaurants?q=ramen,200,OK,Restaurant Search Load Test 2-245,text,true,,587,137,1,3,http://localhost:8002/restaurants/?q=ramen,3,0,0
1777222103747,2,POST /reviews/,201,Created,Review Submission Load Test 3-244,text,true,,380,440,1,2,http://localhost:8004/reviews/,2,0,0
1777222103721,172,POST /auth/login,200,OK,Login Load Test 1-245,text,true,,316,251,1,2,http://localhost:8001/auth/login,172,0,0
1777222103774,171,Login for Token,200,OK,Review Submission Load Test 3-245,text,true,,316,251,1,3,http://localhost:8001/auth/login,171,0,0
1777222103942,3,GET /restaurants?q=ramen,200,OK,Restaurant Search Load Test 2-246,text,true,,587,137,1,3,http://localhost:8002/restaurants/?q=ramen,3,0,0
1777222103945,2,POST /reviews/,201,Created,Review Submission Load Test 3-245,text,true,,380,440,1,2,http://localhost:8004/reviews/,2,0,0
1777222103921,171,POST /auth/login,200,OK,Login Load Test 1-246,text,true,,316,251,1,2,http://localhost:8001/auth/login,171,0,0
1777222104142,3,GET /restaurants?q=ramen,200,OK,Restaurant Search Load Test 2-247,text,true,,587,137,1,3,http://localhost:8002/restaurants/?q=ramen,3,0,1
1777222103975,172,Login for Token,200,OK,Review Submission Load Test 3-246,text,true,,316,251,1,2,http://localhost:8001/auth/login,172,0,0
1777222104147,3,POST /reviews/,201,Created,Review Submission Load Test 3-246,text,true,,380,440,1,2,http://localhost:8004/reviews/,3,0,0
1777222104119,172,POST /auth/login,200,OK,Login Load Test 1-247,text,true,,316,251,1,2,http://localhost:8001/auth/login,172,0,0
1777222104172,171,Login for Token,200,OK,Review Submission Load Test 3-247,text,true,,316,251,1,2,http://localhost:8001/auth/login,171,0,0
1777222104343,3,POST /reviews/,201,Created,Review Submission Load Test 3-247,text,true,,380,440,1,3,http://localhost:8004/reviews/,2,0,0
1777222104343,3,GET /restaurants?q=ramen,200,OK,Restaurant Search Load Test 2-248,text,true,,587,137,1,2,http://localhost:8002/restaurants/?q=ramen,3,0,0
1777222104323,172,POST /auth/login,200,OK,Login Load Test 1-248,text,true,,316,251,1,2,http://localhost:8001/auth/login,172,0,0
1777222104376,170,Login for Token,200,OK,Review Submission Load Test 3-248,text,true,,316,251,1,3,http://localhost:8001/auth/login,170,0,0
1777222104545,3,GET /restaurants?q=ramen,200,OK,Restaurant Search Load Test 2-249,text,true,,587,137,1,3,http://localhost:8002/restaurants/?q=ramen,3,0,0
1777222104546,2,POST /reviews/,201,Created,Review Submission Load Test 3-248,text,true,,380,440,1,2,http://localhost:8004/reviews/,2,0,0
1777222104519,171,POST /auth/login,200,OK,Login Load Test 1-249,text,true,,316,251,1,2,http://localhost:8001/auth/login,171,0,0
1777222104571,170,Login for Token,200,OK,Review Submission Load Test 3-249,text,true,,316,251,1,2,http://localhost:8001/auth/login,170,0,0
1777222104741,3,POST /reviews/,201,Created,Review Submission Load Test 3-249,text,true,,380,440,1,3,http://localhost:8004/reviews/,3,0,1
1777222104744,3,GET /restaurants?q=ramen,200,OK,Restaurant Search Load Test 2-250,text,true,,587,137,1,2,http://localhost:8002/restaurants/?q=ramen,3,0,0
1777222104720,172,POST /auth/login,200,OK,Login Load Test 1-250,text,true,,316,251,1,2,http://localhost:8001/auth/login,172,0,1
1777222104773,172,Login for Token,200,OK,Review Submission Load Test 3-250,text,true,,316,251,1,3,http://localhost:8001/auth/login,172,0,0
1777222104944,3,GET /restaurants?q=ramen,200,OK,Restaurant Search Load Test 2-251,text,true,,587,137,1,3,http://localhost:8002/restaurants/?q=ramen,3,0,0
1777222104945,3,POST /reviews/,201,Created,Review Submission Load Test 3-250,text,true,,380,440,1,2,http://localhost:8004/reviews/,3,0,0
1777222104921,172,POST /auth/login,200,OK,Login Load Test 1-251,text,true,,316,249,1,2,http://localhost:8001/auth/login,172,0,1
1777222105144,3,GET /restaurants?q=ramen,200,OK,Restaurant Search Load Test 2-252,text,true,,587,137,1,3,http://localhost:8002/restaurants/?q=ramen,3,0,0
1777222104976,171,Login for Token,200,OK,Review Submission Load Test 3-251,text,true,,316,249,1,2,http://localhost:8001/auth/login,171,0,0
1777222105148,1,POST /reviews/,400,Bad Request,Review Submission Load Test 3-251,text,false,"Test failed: code expected to equal /

****** received  : [[[400]]]

****** comparison: [[[201]]]

/",188,440,1,2,http://localhost:8004/reviews/,1,0,0
1777222105119,172,POST /auth/login,200,OK,Login Load Test 1-252,text,true,,316,249,1,2,http://localhost:8001/auth/login,172,0,0
1777222105175,172,Login for Token,200,OK,Review Submission Load Test 3-252,text,true,,316,249,1,3,http://localhost:8001/auth/login,172,0,1
1777222105345,4,GET /restaurants?q=ramen,200,OK,Restaurant Search Load Test 2-253,text,true,,587,137,1,3,http://localhost:8002/restaurants/?q=ramen,4,0,0
1777222105347,2,POST /reviews/,400,Bad Request,Review Submission Load Test 3-252,text,false,"Test failed: code expected to equal /

****** received  : [[[400]]]

****** comparison: [[[201]]]

/",188,440,1,3,http://localhost:8004/reviews/,2,0,0
1777222105321,172,POST /auth/login,200,OK,Login Load Test 1-253,text,true,,316,249,1,2,http://localhost:8001/auth/login,172,0,1
1777222105370,171,Login for Token,200,OK,Review Submission Load Test 3-253,text,true,,316,249,1,2,http://localhost:8001/auth/login,171,0,0
1777222105541,2,POST /reviews/,400,Bad Request,Review Submission Load Test 3-253,text,false,"Test failed: code expected to equal /

****** received  : [[[400]]]

****** comparison: [[[201]]]

/",188,440,1,3,http://localhost:8004/reviews/,2,0,1
1777222105542,3,GET /restaurants?q=ramen,200,OK,Restaurant Search Load Test 2-254,text,true,,587,137,1,2,http://localhost:8002/restaurants/?q=ramen,3,0,0
1777222105517,177,POST /auth/login,200,OK,Login Load Test 1-254,text,true,,316,249,1,2,http://localhost:8001/auth/login,177,0,0
1777222105746,2,GET /restaurants?q=ramen,200,OK,Restaurant Search Load Test 2-255,text,true,,587,137,1,3,http://localhost:8002/restaurants/?q=ramen,2,0,0
1777222105575,183,Login for Token,200,OK,Review Submission Load Test 3-254,text,true,,316,249,1,2,http://localhost:8001/auth/login,183,0,0
1777222105758,2,POST /reviews/,400,Bad Request,Review Submission Load Test 3-254,text,false,"Test failed: code expected to equal /

****** received  : [[[400]]]

****** comparison: [[[201]]]

/",188,440,1,2,http://localhost:8004/reviews/,2,0,0
1777222105718,184,POST /auth/login,200,OK,Login Load Test 1-255,text,true,,316,249,1,2,http://localhost:8001/auth/login,184,0,1
1777222105946,1,GET /restaurants?q=ramen,200,OK,Restaurant Search Load Test 2-256,text,true,,587,137,1,3,http://localhost:8002/restaurants/?q=ramen,1,0,0
1777222105773,176,Login for Token,200,OK,Review Submission Load Test 3-255,text,true,,316,250,1,2,http://localhost:8001/auth/login,176,0,0
1777222105949,2,POST /reviews/,400,Bad Request,Review Submission Load Test 3-255,text,false,"Test failed: code expected to equal /

****** received  : [[[400]]]

****** comparison: [[[201]]]

/",188,440,1,2,http://localhost:8004/reviews/,2,0,0
1777222105921,172,POST /auth/login,200,OK,Login Load Test 1-256,text,true,,316,250,1,2,http://localhost:8001/auth/login,172,0,1
1777222106143,3,GET /restaurants?q=ramen,200,OK,Restaurant Search Load Test 2-257,text,true,,587,137,1,3,http://localhost:8002/restaurants/?q=ramen,3,0,0
1777222105975,173,Login for Token,200,OK,Review Submission Load Test 3-256,text,true,,316,250,1,2,http://localhost:8001/auth/login,173,0,1
1777222106148,2,POST /reviews/,400,Bad Request,Review Submission Load Test 3-256,text,false,"Test failed: code expected to equal /

****** received  : [[[400]]]

****** comparison: [[[201]]]

/",188,440,1,2,http://localhost:8004/reviews/,2,0,1
1777222106113,174,POST /auth/login,200,OK,Login Load Test 1-257,text,true,,316,250,1,2,http://localhost:8001/auth/login,174,0,0
1777222106343,4,GET /restaurants?q=ramen,200,OK,Restaurant Search Load Test 2-258,text,true,,587,137,1,3,http://localhost:8002/restaurants/?q=ramen,4,0,1
1777222106171,181,Login for Token,200,OK,Review Submission Load Test 3-257,text,true,,316,250,1,2,http://localhost:8001/auth/login,181,0,1
1777222106352,1,POST /reviews/,400,Bad Request,Review Submission Load Test 3-257,text,false,"Test failed: code expected to equal /

****** received  : [[[400]]]

****** comparison: [[[201]]]

/",188,440,1,2,http://localhost:8004/reviews/,1,0,0
1777222106321,171,POST /auth/login,200,OK,Login Load Test 1-258,text,true,,316,250,1,2,http://localhost:8001/auth/login,171,0,0
1777222106543,3,GET /restaurants?q=ramen,200,OK,Restaurant Search Load Test 2-259,text,true,,587,137,1,3,http://localhost:8002/restaurants/?q=ramen,3,0,0
1777222106375,171,Login for Token,200,OK,Review Submission Load Test 3-258,text,true,,316,250,1,3,http://localhost:8001/auth/login,171,0,0
1777222106546,2,POST /reviews/,400,Bad Request,Review Submission Load Test 3-258,text,false,"Test failed: code expected to equal /

****** received  : [[[400]]]

****** comparison: [[[201]]]

/",188,440,1,2,http://localhost:8004/reviews/,2,0,0
1777222106517,170,POST /auth/login,200,OK,Login Load Test 1-259,text,true,,316,250,1,2,http://localhost:8001/auth/login,170,0,0
1777222106575,170,Login for Token,200,OK,Review Submission Load Test 3-259,text,true,,316,250,1,3,http://localhost:8001/auth/login,170,0,0
1777222106745,2,POST /reviews/,400,Bad Request,Review Submission Load Test 3-259,text,false,"Test failed: code expected to equal /

****** received  : [[[400]]]

****** comparison: [[[201]]]

/",188,440,1,3,http://localhost:8004/reviews/,2,0,1
1777222106744,3,GET /restaurants?q=ramen,200,OK,Restaurant Search Load Test 2-260,text,true,,587,137,1,3,http://localhost:8002/restaurants/?q=ramen,3,0,1
1777222106720,171,POST /auth/login,200,OK,Login Load Test 1-260,text,true,,316,250,1,2,http://localhost:8001/auth/login,171,0,0
1777222106772,170,Login for Token,200,OK,Review Submission Load Test 3-260,text,true,,316,250,1,3,http://localhost:8001/auth/login,170,0,0
1777222106941,2,GET /restaurants?q=ramen,200,OK,Restaurant Search Load Test 2-261,text,true,,587,137,1,3,http://localhost:8002/restaurants/?q=ramen,2,0,0
1777222106942,2,POST /reviews/,400,Bad Request,Review Submission Load Test 3-260,text,false,"Test failed: code expected to equal /

****** received  : [[[400]]]

****** comparison: [[[201]]]

/",188,440,1,2,http://localhost:8004/reviews/,2,0,0
1777222106913,171,POST /auth/login,200,OK,Login Load Test 1-261,text,true,,316,250,1,2,http://localhost:8001/auth/login,171,0,0
1777222106972,170,Login for Token,200,OK,Review Submission Load Test 3-261,text,true,,316,250,1,2,http://localhost:8001/auth/login,170,0,0
1777222107142,2,POST /reviews/,400,Bad Request,Review Submission Load Test 3-261,text,false,"Test failed: code expected to equal /

****** received  : [[[400]]]

****** comparison: [[[201]]]

/",188,440,1,3,http://localhost:8004/reviews/,2,0,0
1777222107143,2,GET /restaurants?q=ramen,200,OK,Restaurant Search Load Test 2-262,text,true,,587,137,1,2,http://localhost:8002/restaurants/?q=ramen,2,0,0
1777222107116,172,POST /auth/login,200,OK,Login Load Test 1-262,text,true,,316,250,1,2,http://localhost:8001/auth/login,172,0,0
1777222107342,4,GET /restaurants?q=ramen,200,OK,Restaurant Search Load Test 2-263,text,true,,587,137,1,3,http://localhost:8002/restaurants/?q=ramen,4,0,0
1777222107174,172,Login for Token,200,OK,Review Submission Load Test 3-262,text,true,,316,250,1,3,http://localhost:8001/auth/login,172,0,0
1777222107346,2,POST /reviews/,400,Bad Request,Review Submission Load Test 3-262,text,false,"Test failed: code expected to equal /

****** received  : [[[400]]]

****** comparison: [[[201]]]

/",188,440,1,2,http://localhost:8004/reviews/,2,0,0
1777222107319,173,POST /auth/login,200,OK,Login Load Test 1-263,text,true,,316,250,1,2,http://localhost:8001/auth/login,173,0,0
1777222107374,173,Login for Token,200,OK,Review Submission Load Test 3-263,text,true,,316,250,1,3,http://localhost:8001/auth/login,173,0,1
1777222107544,4,GET /restaurants?q=ramen,200,OK,Restaurant Search Load Test 2-264,text,true,,587,137,1,3,http://localhost:8002/restaurants/?q=ramen,4,0,0
1777222107547,1,POST /reviews/,400,Bad Request,Review Submission Load Test 3-263,text,false,"Test failed: code expected to equal /

****** received  : [[[400]]]

****** comparison: [[[201]]]

/",188,440,1,2,http://localhost:8004/reviews/,1,0,0
1777222107521,173,POST /auth/login,200,OK,Login Load Test 1-264,text,true,,316,250,1,2,http://localhost:8001/auth/login,173,0,1
1777222107744,2,GET /restaurants?q=ramen,200,OK,Restaurant Search Load Test 2-265,text,true,,587,137,1,3,http://localhost:8002/restaurants/?q=ramen,2,0,0
1777222107575,171,Login for Token,200,OK,Review Submission Load Test 3-264,text,true,,316,250,1,3,http://localhost:8001/auth/login,171,0,0
1777222107746,2,POST /reviews/,400,Bad Request,Review Submission Load Test 3-264,text,false,"Test failed: code expected to equal /

****** received  : [[[400]]]

****** comparison: [[[201]]]

/",188,440,1,2,http://localhost:8004/reviews/,2,0,1
1777222107720,171,POST /auth/login,200,OK,Login Load Test 1-265,text,true,,316,250,1,2,http://localhost:8001/auth/login,171,0,0
1777222107775,172,Login for Token,200,OK,Review Submission Load Test 3-265,text,true,,316,250,1,3,http://localhost:8001/auth/login,172,0,0
1777222107945,3,GET /restaurants?q=ramen,200,OK,Restaurant Search Load Test 2-266,text,true,,587,137,1,3,http://localhost:8002/restaurants/?q=ramen,3,0,0
1777222107947,2,POST /reviews/,400,Bad Request,Review Submission Load Test 3-265,text,false,"Test failed: code expected to equal /

****** received  : [[[400]]]

****** comparison: [[[201]]]

/",188,440,1,2,http://localhost:8004/reviews/,2,0,0
1777222107916,171,POST /auth/login,200,OK,Login Load Test 1-266,text,true,,316,250,1,2,http://localhost:8001/auth/login,171,0,0
1777222107975,171,Login for Token,200,OK,Review Submission Load Test 3-266,text,true,,316,250,1,3,http://localhost:8001/auth/login,171,0,0
1777222108144,2,GET /restaurants?q=ramen,200,OK,Restaurant Search Load Test 2-267,text,true,,587,137,1,3,http://localhost:8002/restaurants/?q=ramen,2,0,0
1777222108146,1,POST /reviews/,400,Bad Request,Review Submission Load Test 3-266,text,false,"Test failed: code expected to equal /

****** received  : [[[400]]]

****** comparison: [[[201]]]

/",188,440,1,2,http://localhost:8004/reviews/,1,0,0
1777222108118,172,POST /auth/login,200,OK,Login Load Test 1-267,text,true,,316,250,1,2,http://localhost:8001/auth/login,172,0,0
1777222108172,173,Login for Token,200,OK,Review Submission Load Test 3-267,text,true,,316,250,1,3,http://localhost:8001/auth/login,172,0,0
1777222108344,2,GET /restaurants?q=ramen,200,OK,Restaurant Search Load Test 2-268,text,true,,587,137,1,3,http://localhost:8002/restaurants/?q=ramen,2,0,0
1777222108345,1,POST /reviews/,400,Bad Request,Review Submission Load Test 3-267,text,false,"Test failed: code expected to equal /

****** received  : [[[400]]]

****** comparison: [[[201]]]

/",188,440,1,2,http://localhost:8004/reviews/,1,0,0
1777222108314,173,POST /auth/login,200,OK,Login Load Test 1-268,text,true,,316,250,1,2,http://localhost:8001/auth/login,173,0,0
1777222108375,171,Login for Token,200,OK,Review Submission Load Test 3-268,text,true,,316,250,1,3,http://localhost:8001/auth/login,171,0,0
1777222108543,3,GET /restaurants?q=ramen,200,OK,Restaurant Search Load Test 2-269,text,true,,587,137,1,3,http://localhost:8002/restaurants/?q=ramen,3,0,0
1777222108546,2,POST /reviews/,400,Bad Request,Review Submission Load Test 3-268,text,false,"Test failed: code expected to equal /

****** received  : [[[400]]]

****** comparison: [[[201]]]

/",188,440,1,2,http://localhost:8004/reviews/,2,0,0
1777222108511,171,POST /auth/login,200,OK,Login Load Test 1-269,text,true,,316,250,1,2,http://localhost:8001/auth/login,171,0,0
1777222108575,170,Login for Token,200,OK,Review Submission Load Test 3-269,text,true,,316,250,1,3,http://localhost:8001/auth/login,170,0,0
1777222108745,2,POST /reviews/,400,Bad Request,Review Submission Load Test 3-269,text,false,"Test failed: code expected to equal /

****** received  : [[[400]]]

****** comparison: [[[201]]]

/",188,440,1,3,http://localhost:8004/reviews/,2,0,0
1777222108744,3,GET /restaurants?q=ramen,200,OK,Restaurant Search Load Test 2-270,text,true,,587,137,1,2,http://localhost:8002/restaurants/?q=ramen,3,0,0
1777222108715,170,POST /auth/login,200,OK,Login Load Test 1-270,text,true,,316,250,1,2,http://localhost:8001/auth/login,170,0,0
1777222108774,170,Login for Token,200,OK,Review Submission Load Test 3-270,text,true,,316,250,1,3,http://localhost:8001/auth/login,170,0,0
1777222108944,2,POST /reviews/,400,Bad Request,Review Submission Load Test 3-270,text,false,"Test failed: code expected to equal /

****** received  : [[[400]]]

****** comparison: [[[201]]]

/",188,440,1,3,http://localhost:8004/reviews/,2,0,0
1777222108943,4,GET /restaurants?q=ramen,200,OK,Restaurant Search Load Test 2-271,text,true,,587,137,1,2,http://localhost:8002/restaurants/?q=ramen,4,0,1
1777222108916,171,POST /auth/login,200,OK,Login Load Test 1-271,text,true,,316,250,1,2,http://localhost:8001/auth/login,171,0,0
1777222108975,171,Login for Token,200,OK,Review Submission Load Test 3-271,text,true,,316,250,1,3,http://localhost:8001/auth/login,171,0,0
1777222109143,4,GET /restaurants?q=ramen,200,OK,Restaurant Search Load Test 2-272,text,true,,587,137,1,3,http://localhost:8002/restaurants/?q=ramen,4,0,0
1777222109146,2,POST /reviews/,400,Bad Request,Review Submission Load Test 3-271,text,false,"Test failed: code expected to equal /

****** received  : [[[400]]]

****** comparison: [[[201]]]

/",188,440,1,2,http://localhost:8004/reviews/,2,0,0
1777222109113,171,POST /auth/login,200,OK,Login Load Test 1-272,text,true,,316,250,1,2,http://localhost:8001/auth/login,171,0,0
1777222109171,170,Login for Token,200,OK,Review Submission Load Test 3-272,text,true,,316,250,1,2,http://localhost:8001/auth/login,170,0,0
1777222109341,1,POST /reviews/,400,Bad Request,Review Submission Load Test 3-272,text,false,"Test failed: code expected to equal /

****** received  : [[[400]]]

****** comparison: [[[201]]]

/",188,440,1,3,http://localhost:8004/reviews/,1,0,0
1777222109342,4,GET /restaurants?q=ramen,200,OK,Restaurant Search Load Test 2-273,text,true,,587,137,1,2,http://localhost:8002/restaurants/?q=ramen,4,0,1
1777222109315,171,POST /auth/login,200,OK,Login Load Test 1-273,text,true,,316,250,1,2,http://localhost:8001/auth/login,171,0,1
1777222109371,170,Login for Token,200,OK,Review Submission Load Test 3-273,text,true,,316,250,1,3,http://localhost:8001/auth/login,170,0,0
1777222109541,2,POST /reviews/,400,Bad Request,Review Submission Load Test 3-273,text,false,"Test failed: code expected to equal /

****** received  : [[[400]]]

****** comparison: [[[201]]]

/",188,440,1,3,http://localhost:8004/reviews/,2,0,0
1777222109539,4,GET /restaurants?q=ramen,200,OK,Restaurant Search Load Test 2-274,text,true,,587,137,1,3,http://localhost:8002/restaurants/?q=ramen,4,0,1
1777222109517,171,POST /auth/login,200,OK,Login Load Test 1-274,text,true,,316,250,1,2,http://localhost:8001/auth/login,171,0,0
1777222109741,4,GET /restaurants?q=ramen,200,OK,Restaurant Search Load Test 2-275,text,true,,587,137,1,3,http://localhost:8002/restaurants/?q=ramen,4,0,0
1777222109577,170,Login for Token,200,OK,Review Submission Load Test 3-274,text,true,,316,250,1,2,http://localhost:8001/auth/login,170,0,0
1777222109748,1,POST /reviews/,400,Bad Request,Review Submission Load Test 3-274,text,false,"Test failed: code expected to equal /

****** received  : [[[400]]]

****** comparison: [[[201]]]

/",188,440,1,2,http://localhost:8004/reviews/,1,0,0
1777222109719,171,POST /auth/login,200,OK,Login Load Test 1-275,text,true,,316,250,1,2,http://localhost:8001/auth/login,171,0,0
1777222109770,170,Login for Token,200,OK,Review Submission Load Test 3-275,text,true,,316,250,1,2,http://localhost:8001/auth/login,170,0,0
1777222109940,2,POST /reviews/,400,Bad Request,Review Submission Load Test 3-275,text,false,"Test failed: code expected to equal /

****** received  : [[[400]]]

****** comparison: [[[201]]]

/",188,440,1,2,http://localhost:8004/reviews/,2,0,1
1777222109943,3,GET /restaurants?q=ramen,200,OK,Restaurant Search Load Test 2-276,text,true,,587,137,1,2,http://localhost:8002/restaurants/?q=ramen,3,0,0
1777222109920,170,POST /auth/login,200,OK,Login Load Test 1-276,text,true,,316,250,1,2,http://localhost:8001/auth/login,170,0,0
1777222110142,3,GET /restaurants?q=ramen,200,OK,Restaurant Search Load Test 2-277,text,true,,587,137,1,3,http://localhost:8002/restaurants/?q=ramen,3,0,1
1777222109974,175,Login for Token,200,OK,Review Submission Load Test 3-276,text,true,,316,250,1,2,http://localhost:8001/auth/login,175,0,1
1777222110150,1,POST /reviews/,400,Bad Request,Review Submission Load Test 3-276,text,false,"Test failed: code expected to equal /

****** received  : [[[400]]]

****** comparison: [[[201]]]

/",188,440,1,2,http://localhost:8004/reviews/,1,0,0
1777222110113,171,POST /auth/login,200,OK,Login Load Test 1-277,text,true,,316,250,1,2,http://localhost:8001/auth/login,171,0,0
1777222110175,170,Login for Token,200,OK,Review Submission Load Test 3-277,text,true,,316,250,1,2,http://localhost:8001/auth/login,170,0,0
1777222110345,2,POST /reviews/,400,Bad Request,Review Submission Load Test 3-277,text,false,"Test failed: code expected to equal /

****** received  : [[[400]]]

****** comparison: [[[201]]]

/",188,440,1,3,http://localhost:8004/reviews/,2,0,0
1777222110346,3,GET /restaurants?q=ramen,200,OK,Restaurant Search Load Test 2-278,text,true,,587,137,1,2,http://localhost:8002/restaurants/?q=ramen,3,0,0
1777222110317,171,POST /auth/login,200,OK,Login Load Test 1-278,text,true,,316,250,1,2,http://localhost:8001/auth/login,171,0,0
1777222110371,171,Login for Token,200,OK,Review Submission Load Test 3-278,text,true,,316,250,1,2,http://localhost:8001/auth/login,171,0,1
1777222110542,1,POST /reviews/,400,Bad Request,Review Submission Load Test 3-278,text,false,"Test failed: code expected to equal /

****** received  : [[[400]]]

****** comparison: [[[201]]]

/",188,440,1,2,http://localhost:8004/reviews/,1,0,0
1777222110545,3,GET /restaurants?q=ramen,200,OK,Restaurant Search Load Test 2-279,text,true,,587,137,1,2,http://localhost:8002/restaurants/?q=ramen,3,0,0
1777222110519,177,POST /auth/login,200,OK,Login Load Test 1-279,text,true,,316,250,1,2,http://localhost:8001/auth/login,177,0,0
1777222110743,1,GET /restaurants?q=ramen,200,OK,Restaurant Search Load Test 2-280,text,true,,587,137,1,3,http://localhost:8002/restaurants/?q=ramen,1,0,0
1777222110575,177,Login for Token,200,OK,Review Submission Load Test 3-279,text,true,,316,250,1,2,http://localhost:8001/auth/login,177,0,0
1777222110752,1,POST /reviews/,400,Bad Request,Review Submission Load Test 3-279,text,false,"Test failed: code expected to equal /

****** received  : [[[400]]]

****** comparison: [[[201]]]

/",188,440,1,2,http://localhost:8004/reviews/,1,0,0
1777222110714,172,POST /auth/login,200,OK,Login Load Test 1-280,text,true,,316,250,1,2,http://localhost:8001/auth/login,172,0,0
1777222110771,170,Login for Token,200,OK,Review Submission Load Test 3-280,text,true,,316,250,1,2,http://localhost:8001/auth/login,170,0,0
1777222110941,2,POST /reviews/,400,Bad Request,Review Submission Load Test 3-280,text,false,"Test failed: code expected to equal /

****** received  : [[[400]]]

****** comparison: [[[201]]]

/",188,440,1,3,http://localhost:8004/reviews/,2,0,0
1777222110942,3,GET /restaurants?q=ramen,200,OK,Restaurant Search Load Test 2-281,text,true,,587,137,1,2,http://localhost:8002/restaurants/?q=ramen,3,0,0
1777222110920,171,POST /auth/login,200,OK,Login Load Test 1-281,text,true,,316,250,1,2,http://localhost:8001/auth/login,171,0,1
1777222110974,170,Login for Token,200,OK,Review Submission Load Test 3-281,text,true,,316,250,1,3,http://localhost:8001/auth/login,170,0,0
1777222111144,2,GET /restaurants?q=ramen,200,OK,Restaurant Search Load Test 2-282,text,true,,587,137,1,3,http://localhost:8002/restaurants/?q=ramen,2,0,0
1777222111145,1,POST /reviews/,400,Bad Request,Review Submission Load Test 3-281,text,false,"Test failed: code expected to equal /

****** received  : [[[400]]]

****** comparison: [[[201]]]

/",188,440,1,2,http://localhost:8004/reviews/,1,0,0
1777222111119,172,POST /auth/login,200,OK,Login Load Test 1-282,text,true,,316,250,1,2,http://localhost:8001/auth/login,172,0,0
1777222111170,171,Login for Token,200,OK,Review Submission Load Test 3-282,text,true,,316,250,1,2,http://localhost:8001/auth/login,171,0,0
1777222111342,2,POST /reviews/,400,Bad Request,Review Submission Load Test 3-282,text,false,"Test failed: code expected to equal /

****** received  : [[[400]]]

****** comparison: [[[201]]]

/",188,440,1,2,http://localhost:8004/reviews/,2,0,0
1777222111344,3,GET /restaurants?q=ramen,200,OK,Restaurant Search Load Test 2-283,text,true,,587,137,1,2,http://localhost:8002/restaurants/?q=ramen,3,0,0
1777222111319,171,POST /auth/login,200,OK,Login Load Test 1-283,text,true,,316,250,1,2,http://localhost:8001/auth/login,171,0,0
1777222111374,171,Login for Token,200,OK,Review Submission Load Test 3-283,text,true,,316,250,1,3,http://localhost:8001/auth/login,171,0,0
1777222111545,1,POST /reviews/,400,Bad Request,Review Submission Load Test 3-283,text,false,"Test failed: code expected to equal /

****** received  : [[[400]]]

****** comparison: [[[201]]]

/",188,440,1,3,http://localhost:8004/reviews/,1,0,0
1777222111545,2,GET /restaurants?q=ramen,200,OK,Restaurant Search Load Test 2-284,text,true,,587,137,1,2,http://localhost:8002/restaurants/?q=ramen,2,0,0
1777222111519,170,POST /auth/login,200,OK,Login Load Test 1-284,text,true,,316,250,1,2,http://localhost:8001/auth/login,170,0,0
1777222111574,171,Login for Token,200,OK,Review Submission Load Test 3-284,text,true,,316,250,1,3,http://localhost:8001/auth/login,171,0,1
1777222111745,1,POST /reviews/,400,Bad Request,Review Submission Load Test 3-284,text,false,"Test failed: code expected to equal /

****** received  : [[[400]]]

****** comparison: [[[201]]]

/",188,440,1,3,http://localhost:8004/reviews/,1,0,0
1777222111744,2,GET /restaurants?q=ramen,200,OK,Restaurant Search Load Test 2-285,text,true,,587,137,1,2,http://localhost:8002/restaurants/?q=ramen,2,0,0
1777222111714,171,POST /auth/login,200,OK,Login Load Test 1-285,text,true,,316,250,1,2,http://localhost:8001/auth/login,171,0,0
1777222111770,171,Login for Token,200,OK,Review Submission Load Test 3-285,text,true,,316,250,1,2,http://localhost:8001/auth/login,171,0,1
1777222111941,2,POST /reviews/,400,Bad Request,Review Submission Load Test 3-285,text,false,"Test failed: code expected to equal /

****** received  : [[[400]]]

****** comparison: [[[201]]]

/",188,440,1,3,http://localhost:8004/reviews/,2,0,1
1777222111942,3,GET /restaurants?q=ramen,200,OK,Restaurant Search Load Test 2-286,text,true,,587,137,1,2,http://localhost:8002/restaurants/?q=ramen,3,0,0
1777222111919,171,POST /auth/login,200,OK,Login Load Test 1-286,text,true,,316,250,1,2,http://localhost:8001/auth/login,171,0,0
1777222112140,3,GET /restaurants?q=ramen,200,OK,Restaurant Search Load Test 2-287,text,true,,587,137,1,3,http://localhost:8002/restaurants/?q=ramen,3,0,0
1777222111975,171,Login for Token,200,OK,Review Submission Load Test 3-286,text,true,,316,250,1,2,http://localhost:8001/auth/login,171,0,0
1777222112146,1,POST /reviews/,400,Bad Request,Review Submission Load Test 3-286,text,false,"Test failed: code expected to equal /

****** received  : [[[400]]]

****** comparison: [[[201]]]

/",188,440,1,2,http://localhost:8004/reviews/,1,0,0
1777222112118,175,POST /auth/login,200,OK,Login Load Test 1-287,text,true,,316,250,1,2,http://localhost:8001/auth/login,175,0,1
1777222112170,172,Login for Token,200,OK,Review Submission Load Test 3-287,text,true,,316,250,1,3,http://localhost:8001/auth/login,172,0,0
1777222112342,1,POST /reviews/,400,Bad Request,Review Submission Load Test 3-287,text,false,"Test failed: code expected to equal /

****** received  : [[[400]]]

****** comparison: [[[201]]]

/",188,440,1,3,http://localhost:8004/reviews/,1,0,0
1777222112342,2,GET /restaurants?q=ramen,200,OK,Restaurant Search Load Test 2-288,text,true,,587,137,1,2,http://localhost:8002/restaurants/?q=ramen,2,0,0
1777222112313,173,POST /auth/login,200,OK,Login Load Test 1-288,text,true,,316,250,1,2,http://localhost:8001/auth/login,173,0,1
1777222112370,173,Login for Token,200,OK,Review Submission Load Test 3-288,text,true,,316,250,1,2,http://localhost:8001/auth/login,173,0,0
1777222112543,2,POST /reviews/,400,Bad Request,Review Submission Load Test 3-288,text,false,"Test failed: code expected to equal /

****** received  : [[[400]]]

****** comparison: [[[201]]]

/",188,440,1,3,http://localhost:8004/reviews/,2,0,0
1777222112544,3,GET /restaurants?q=ramen,200,OK,Restaurant Search Load Test 2-289,text,true,,587,137,1,2,http://localhost:8002/restaurants/?q=ramen,3,0,0
1777222112519,174,POST /auth/login,200,OK,Login Load Test 1-289,text,true,,316,250,1,2,http://localhost:8001/auth/login,174,0,1
1777222112744,4,GET /restaurants?q=ramen,200,OK,Restaurant Search Load Test 2-290,text,true,,587,137,1,3,http://localhost:8002/restaurants/?q=ramen,4,0,0
1777222112574,175,Login for Token,200,OK,Review Submission Load Test 3-289,text,true,,316,250,1,2,http://localhost:8001/auth/login,175,0,1
1777222112749,2,POST /reviews/,400,Bad Request,Review Submission Load Test 3-289,text,false,"Test failed: code expected to equal /

****** received  : [[[400]]]

****** comparison: [[[201]]]

/",188,440,1,2,http://localhost:8004/reviews/,2,0,0
1777222112717,175,POST /auth/login,200,OK,Login Load Test 1-290,text,true,,316,250,1,2,http://localhost:8001/auth/login,175,0,1
1777222112939,4,GET /restaurants?q=ramen,200,OK,Restaurant Search Load Test 2-291,text,true,,587,137,1,3,http://localhost:8002/restaurants/?q=ramen,4,0,1
1777222112771,174,Login for Token,200,OK,Review Submission Load Test 3-290,text,true,,316,250,1,2,http://localhost:8001/auth/login,174,0,0
1777222112945,2,POST /reviews/,400,Bad Request,Review Submission Load Test 3-290,text,false,"Test failed: code expected to equal /

****** received  : [[[400]]]

****** comparison: [[[201]]]

/",188,440,1,2,http://localhost:8004/reviews/,2,0,0
1777222112918,171,POST /auth/login,200,OK,Login Load Test 1-291,text,true,,316,250,1,2,http://localhost:8001/auth/login,171,0,0
1777222113141,2,GET /restaurants?q=ramen,200,OK,Restaurant Search Load Test 2-292,text,true,,587,137,1,3,http://localhost:8002/restaurants/?q=ramen,2,0,0
1777222112973,171,Login for Token,200,OK,Review Submission Load Test 3-291,text,true,,316,250,1,2,http://localhost:8001/auth/login,171,0,0
1777222113144,2,POST /reviews/,400,Bad Request,Review Submission Load Test 3-291,text,false,"Test failed: code expected to equal /

****** received  : [[[400]]]

****** comparison: [[[201]]]

/",188,440,1,2,http://localhost:8004/reviews/,2,0,1
1777222113117,172,POST /auth/login,200,OK,Login Load Test 1-292,text,true,,316,250,1,2,http://localhost:8001/auth/login,172,0,0
1777222113172,171,Login for Token,200,OK,Review Submission Load Test 3-292,text,true,,316,250,1,2,http://localhost:8001/auth/login,171,0,0
1777222113343,2,POST /reviews/,400,Bad Request,Review Submission Load Test 3-292,text,false,"Test failed: code expected to equal /

****** received  : [[[400]]]

****** comparison: [[[201]]]

/",188,440,1,3,http://localhost:8004/reviews/,2,0,0
1777222113344,3,GET /restaurants?q=ramen,200,OK,Restaurant Search Load Test 2-293,text,true,,587,137,1,2,http://localhost:8002/restaurants/?q=ramen,3,0,0
1777222113318,172,POST /auth/login,200,OK,Login Load Test 1-293,text,true,,316,250,1,2,http://localhost:8001/auth/login,172,0,1
1777222113374,171,Login for Token,200,OK,Review Submission Load Test 3-293,text,true,,316,250,1,3,http://localhost:8001/auth/login,171,0,0
1777222113545,2,POST /reviews/,400,Bad Request,Review Submission Load Test 3-293,text,false,"Test failed: code expected to equal /

****** received  : [[[400]]]

****** comparison: [[[201]]]

/",188,440,1,3,http://localhost:8004/reviews/,2,0,0
1777222113544,4,GET /restaurants?q=ramen,200,OK,Restaurant Search Load Test 2-294,text,true,,587,137,1,2,http://localhost:8002/restaurants/?q=ramen,4,0,0
1777222113518,171,POST /auth/login,200,OK,Login Load Test 1-294,text,true,,316,250,1,2,http://localhost:8001/auth/login,171,0,0
1777222113570,172,Login for Token,200,OK,Review Submission Load Test 3-294,text,true,,316,250,1,3,http://localhost:8001/auth/login,172,0,1
1777222113742,1,POST /reviews/,400,Bad Request,Review Submission Load Test 3-294,text,false,"Test failed: code expected to equal /

****** received  : [[[400]]]

****** comparison: [[[201]]]

/",188,440,1,3,http://localhost:8004/reviews/,1,0,0
1777222113741,3,GET /restaurants?q=ramen,200,OK,Restaurant Search Load Test 2-295,text,true,,587,137,1,2,http://localhost:8002/restaurants/?q=ramen,3,0,0
1777222113714,171,POST /auth/login,200,OK,Login Load Test 1-295,text,true,,316,250,1,2,http://localhost:8001/auth/login,170,0,0
1777222113774,170,Login for Token,200,OK,Review Submission Load Test 3-295,text,true,,316,250,1,3,http://localhost:8001/auth/login,170,0,0
1777222113945,1,POST /reviews/,400,Bad Request,Review Submission Load Test 3-295,text,false,"Test failed: code expected to equal /

****** received  : [[[400]]]

****** comparison: [[[201]]]

/",188,440,1,3,http://localhost:8004/reviews/,1,0,0
1777222113944,3,GET /restaurants?q=ramen,200,OK,Restaurant Search Load Test 2-296,text,true,,587,137,1,2,http://localhost:8002/restaurants/?q=ramen,3,0,1
1777222113914,172,POST /auth/login,200,OK,Login Load Test 1-296,text,true,,316,250,1,2,http://localhost:8001/auth/login,172,0,1
1777222114140,4,GET /restaurants?q=ramen,200,OK,Restaurant Search Load Test 2-297,text,true,,587,137,1,3,http://localhost:8002/restaurants/?q=ramen,4,0,0
1777222113973,173,Login for Token,200,OK,Review Submission Load Test 3-296,text,true,,316,250,1,2,http://localhost:8001/auth/login,173,0,0
1777222114146,2,POST /reviews/,400,Bad Request,Review Submission Load Test 3-296,text,false,"Test failed: code expected to equal /

****** received  : [[[400]]]

****** comparison: [[[201]]]

/",188,440,1,2,http://localhost:8004/reviews/,2,0,1
1777222114115,175,POST /auth/login,200,OK,Login Load Test 1-297,text,true,,316,250,1,2,http://localhost:8001/auth/login,175,0,0
1777222114171,171,Login for Token,200,OK,Review Submission Load Test 3-297,text,true,,316,250,1,3,http://localhost:8001/auth/login,171,0,1
1777222114343,1,POST /reviews/,400,Bad Request,Review Submission Load Test 3-297,text,false,"Test failed: code expected to equal /

****** received  : [[[400]]]

****** comparison: [[[201]]]

/",188,440,1,3,http://localhost:8004/reviews/,1,0,0
1777222114341,3,GET /restaurants?q=ramen,200,OK,Restaurant Search Load Test 2-298,text,true,,587,137,1,2,http://localhost:8002/restaurants/?q=ramen,3,0,1
1777222114317,172,POST /auth/login,200,OK,Login Load Test 1-298,text,true,,316,250,1,2,http://localhost:8001/auth/login,172,0,0
1777222114372,171,Login for Token,200,OK,Review Submission Load Test 3-298,text,true,,316,250,1,3,http://localhost:8001/auth/login,171,0,0
1777222114540,4,GET /restaurants?q=ramen,200,OK,Restaurant Search Load Test 2-299,text,true,,587,137,1,3,http://localhost:8002/restaurants/?q=ramen,4,0,0
1777222114543,2,POST /reviews/,400,Bad Request,Review Submission Load Test 3-298,text,false,"Test failed: code expected to equal /

****** received  : [[[400]]]

****** comparison: [[[201]]]

/",188,440,1,2,http://localhost:8004/reviews/,2,0,0
1777222114514,174,POST /auth/login,200,OK,Login Load Test 1-299,text,true,,316,250,1,2,http://localhost:8001/auth/login,174,0,0
1777222114742,4,GET /restaurants?q=ramen,200,OK,Restaurant Search Load Test 2-300,text,true,,587,137,1,3,http://localhost:8002/restaurants/?q=ramen,4,0,0
1777222114574,172,Login for Token,200,OK,Review Submission Load Test 3-299,text,true,,316,250,1,2,http://localhost:8001/auth/login,172,0,1
1777222114746,2,POST /reviews/,400,Bad Request,Review Submission Load Test 3-299,text,false,"Test failed: code expected to equal /

****** received  : [[[400]]]

****** comparison: [[[201]]]

/",188,440,1,2,http://localhost:8004/reviews/,2,0,0
1777222114719,170,POST /auth/login,200,OK,Login Load Test 1-300,text,true,,316,250,1,2,http://localhost:8001/auth/login,170,0,0
1777222114771,170,Login for Token,200,OK,Review Submission Load Test 3-300,text,true,,316,251,1,3,http://localhost:8001/auth/login,170,0,0
1777222114941,2,POST /reviews/,400,Bad Request,Review Submission Load Test 3-300,text,false,"Test failed: code expected to equal /

****** received  : [[[400]]]

****** comparison: [[[201]]]

/",188,440,1,3,http://localhost:8004/reviews/,2,0,0
1777222114940,3,GET /restaurants?q=ramen,200,OK,Restaurant Search Load Test 2-301,text,true,,587,137,1,2,http://localhost:8002/restaurants/?q=ramen,3,0,0
1777222114915,171,POST /auth/login,200,OK,Login Load Test 1-301,text,true,,316,251,1,2,http://localhost:8001/auth/login,171,0,0
1777222114970,170,Login for Token,200,OK,Review Submission Load Test 3-301,text,true,,316,251,1,3,http://localhost:8001/auth/login,170,0,0
1777222115142,2,POST /reviews/,400,Bad Request,Review Submission Load Test 3-301,text,false,"Test failed: code expected to equal /

****** received  : [[[400]]]

****** comparison: [[[201]]]

/",188,440,1,3,http://localhost:8004/reviews/,2,0,0
1777222115142,2,GET /restaurants?q=ramen,200,OK,Restaurant Search Load Test 2-302,text,true,,587,137,1,2,http://localhost:8002/restaurants/?q=ramen,2,0,0
1777222115118,171,POST /auth/login,200,OK,Login Load Test 1-302,text,true,,316,251,1,2,http://localhost:8001/auth/login,171,0,0
1777222115171,169,Login for Token,200,OK,Review Submission Load Test 3-302,text,true,,316,251,1,2,http://localhost:8001/auth/login,169,0,0
1777222115341,1,POST /reviews/,400,Bad Request,Review Submission Load Test 3-302,text,false,"Test failed: code expected to equal /

****** received  : [[[400]]]

****** comparison: [[[201]]]

/",188,440,1,2,http://localhost:8004/reviews/,1,0,0
1777222115343,3,GET /restaurants?q=ramen,200,OK,Restaurant Search Load Test 2-303,text,true,,587,137,1,2,http://localhost:8002/restaurants/?q=ramen,3,0,0
1777222115315,184,POST /auth/login,200,OK,Login Load Test 1-303,text,true,,316,251,1,2,http://localhost:8001/auth/login,184,0,0
1777222115544,3,GET /restaurants?q=ramen,200,OK,Restaurant Search Load Test 2-304,text,true,,587,137,1,3,http://localhost:8002/restaurants/?q=ramen,3,0,1
1777222115371,183,Login for Token,200,OK,Review Submission Load Test 3-303,text,true,,316,251,1,2,http://localhost:8001/auth/login,183,0,0
1777222115554,2,POST /reviews/,400,Bad Request,Review Submission Load Test 3-303,text,false,"Test failed: code expected to equal /

****** received  : [[[400]]]

****** comparison: [[[201]]]

/",188,440,1,2,http://localhost:8004/reviews/,2,0,0
1777222115509,187,POST /auth/login,200,OK,Login Load Test 1-304,text,true,,316,251,1,2,http://localhost:8001/auth/login,187,0,0
1777222115746,2,GET /restaurants?q=ramen,200,OK,Restaurant Search Load Test 2-305,text,true,,587,137,1,3,http://localhost:8002/restaurants/?q=ramen,2,0,0
1777222115575,183,Login for Token,200,OK,Review Submission Load Test 3-304,text,true,,316,251,1,2,http://localhost:8001/auth/login,183,0,0
1777222115759,1,POST /reviews/,400,Bad Request,Review Submission Load Test 3-304,text,false,"Test failed: code expected to equal /

****** received  : [[[400]]]

****** comparison: [[[201]]]

/",188,440,1,2,http://localhost:8004/reviews/,1,0,0
1777222115714,177,POST /auth/login,200,OK,Login Load Test 1-305,text,true,,316,251,1,2,http://localhost:8001/auth/login,177,0,1
1777222115946,3,GET /restaurants?q=ramen,200,OK,Restaurant Search Load Test 2-306,text,true,,587,137,1,3,http://localhost:8002/restaurants/?q=ramen,3,0,1
1777222115774,180,Login for Token,200,OK,Review Submission Load Test 3-305,text,true,,316,251,1,2,http://localhost:8001/auth/login,180,0,0
1777222115954,1,POST /reviews/,400,Bad Request,Review Submission Load Test 3-305,text,false,"Test failed: code expected to equal /

****** received  : [[[400]]]

****** comparison: [[[201]]]

/",188,440,1,2,http://localhost:8004/reviews/,1,0,0
1777222115917,182,POST /auth/login,200,OK,Login Load Test 1-306,text,true,,316,251,1,2,http://localhost:8001/auth/login,181,0,0
1777222116141,1,GET /restaurants?q=ramen,200,OK,Restaurant Search Load Test 2-307,text,true,,587,137,1,3,http://localhost:8002/restaurants/?q=ramen,1,0,0
1777222115972,176,Login for Token,200,OK,Review Submission Load Test 3-306,text,true,,316,251,1,2,http://localhost:8001/auth/login,176,0,1
1777222116148,1,POST /reviews/,400,Bad Request,Review Submission Load Test 3-306,text,false,"Test failed: code expected to equal /

****** received  : [[[400]]]

****** comparison: [[[201]]]

/",188,440,1,2,http://localhost:8004/reviews/,1,0,0
1777222116113,173,POST /auth/login,200,OK,Login Load Test 1-307,text,true,,316,251,1,2,http://localhost:8001/auth/login,173,0,0
1777222116176,171,Login for Token,200,OK,Review Submission Load Test 3-307,text,true,,316,251,1,3,http://localhost:8001/auth/login,171,0,0
1777222116347,2,POST /reviews/,400,Bad Request,Review Submission Load Test 3-307,text,false,"Test failed: code expected to equal /

****** received  : [[[400]]]

****** comparison: [[[201]]]

/",188,440,1,3,http://localhost:8004/reviews/,2,0,0
1777222116346,3,GET /restaurants?q=ramen,200,OK,Restaurant Search Load Test 2-308,text,true,,587,137,1,2,http://localhost:8002/restaurants/?q=ramen,3,0,0
1777222116318,172,POST /auth/login,200,OK,Login Load Test 1-308,text,true,,316,251,1,2,http://localhost:8001/auth/login,172,0,0
1777222116375,171,Login for Token,200,OK,Review Submission Load Test 3-308,text,true,,316,251,1,3,http://localhost:8001/auth/login,171,0,0
1777222116546,1,POST /reviews/,400,Bad Request,Review Submission Load Test 3-308,text,false,"Test failed: code expected to equal /

****** received  : [[[400]]]

****** comparison: [[[201]]]

/",188,440,1,3,http://localhost:8004/reviews/,1,0,0
1777222116545,3,GET /restaurants?q=ramen,200,OK,Restaurant Search Load Test 2-309,text,true,,587,137,1,2,http://localhost:8002/restaurants/?q=ramen,3,0,0
1777222116515,170,POST /auth/login,200,OK,Login Load Test 1-309,text,true,,316,251,1,2,http://localhost:8001/auth/login,170,0,0
1777222116575,171,Login for Token,200,OK,Review Submission Load Test 3-309,text,true,,316,251,1,3,http://localhost:8001/auth/login,171,0,1
1777222116746,1,POST /reviews/,400,Bad Request,Review Submission Load Test 3-309,text,false,"Test failed: code expected to equal /

****** received  : [[[400]]]

****** comparison: [[[201]]]

/",188,440,1,3,http://localhost:8004/reviews/,1,0,0
1777222116746,3,GET /restaurants?q=ramen,200,OK,Restaurant Search Load Test 2-310,text,true,,587,137,1,2,http://localhost:8002/restaurants/?q=ramen,3,0,0
1777222116715,171,POST /auth/login,200,OK,Login Load Test 1-310,text,true,,316,251,1,2,http://localhost:8001/auth/login,171,0,1
1777222116773,170,Login for Token,200,OK,Review Submission Load Test 3-310,text,true,,316,251,1,3,http://localhost:8001/auth/login,170,0,0
1777222116942,2,GET /restaurants?q=ramen,200,OK,Restaurant Search Load Test 2-311,text,true,,587,137,1,3,http://localhost:8002/restaurants/?q=ramen,2,0,0
1777222116943,2,POST /reviews/,400,Bad Request,Review Submission Load Test 3-310,text,false,"Test failed: code expected to equal /

****** received  : [[[400]]]

****** comparison: [[[201]]]

/",188,440,1,2,http://localhost:8004/reviews/,2,0,0
1777222116914,172,POST /auth/login,200,OK,Login Load Test 1-311,text,true,,316,251,1,2,http://localhost:8001/auth/login,172,0,1
1777222116972,171,Login for Token,200,OK,Review Submission Load Test 3-311,text,true,,316,251,1,3,http://localhost:8001/auth/login,171,0,1
1777222117143,2,POST /reviews/,400,Bad Request,Review Submission Load Test 3-311,text,false,"Test failed: code expected to equal /

****** received  : [[[400]]]

****** comparison: [[[201]]]

/",188,440,1,3,http://localhost:8004/reviews/,2,0,0
1777222117142,3,GET /restaurants?q=ramen,200,OK,Restaurant Search Load Test 2-312,text,true,,587,137,1,2,http://localhost:8002/restaurants/?q=ramen,3,0,0
1777222117119,173,POST /auth/login,200,OK,Login Load Test 1-312,text,true,,316,251,1,2,http://localhost:8001/auth/login,173,0,0
1777222117341,4,GET /restaurants?q=ramen,200,OK,Restaurant Search Load Test 2-313,text,true,,587,137,1,3,http://localhost:8002/restaurants/?q=ramen,4,0,1
1777222117173,173,Login for Token,200,OK,Review Submission Load Test 3-312,text,true,,316,251,1,2,http://localhost:8001/auth/login,173,0,1
1777222117346,1,POST /reviews/,400,Bad Request,Review Submission Load Test 3-312,text,false,"Test failed: code expected to equal /

****** received  : [[[400]]]

****** comparison: [[[201]]]

/",188,440,1,2,http://localhost:8004/reviews/,1,0,0
1777222117314,173,POST /auth/login,200,OK,Login Load Test 1-313,text,true,,316,251,1,2,http://localhost:8001/auth/login,173,0,0
1777222117375,172,Login for Token,200,OK,Review Submission Load Test 3-313,text,true,,316,251,1,3,http://localhost:8001/auth/login,172,0,0
1777222117547,2,POST /reviews/,400,Bad Request,Review Submission Load Test 3-313,text,false,"Test failed: code expected to equal /

****** received  : [[[400]]]

****** comparison: [[[201]]]

/",188,440,1,3,http://localhost:8004/reviews/,2,0,0
1777222117545,4,GET /restaurants?q=ramen,200,OK,Restaurant Search Load Test 2-314,text,true,,587,137,1,2,http://localhost:8002/restaurants/?q=ramen,4,0,1
1777222117516,172,POST /auth/login,200,OK,Login Load Test 1-314,text,true,,316,251,1,2,http://localhost:8001/auth/login,172,0,0
1777222117575,172,Login for Token,200,OK,Review Submission Load Test 3-314,text,true,,316,251,1,3,http://localhost:8001/auth/login,172,0,0
1777222117745,3,GET /restaurants?q=ramen,200,OK,Restaurant Search Load Test 2-315,text,true,,587,137,1,3,http://localhost:8002/restaurants/?q=ramen,3,0,1
1777222117747,2,POST /reviews/,400,Bad Request,Review Submission Load Test 3-314,text,false,"Test failed: code expected to equal /

****** received  : [[[400]]]

****** comparison: [[[201]]]

/",188,440,1,2,http://localhost:8004/reviews/,2,0,0
1777222117714,171,POST /auth/login,200,OK,Login Load Test 1-315,text,true,,316,251,1,2,http://localhost:8001/auth/login,171,0,0
1777222117775,171,Login for Token,200,OK,Review Submission Load Test 3-315,text,true,,316,251,1,3,http://localhost:8001/auth/login,171,0,0
1777222117944,4,GET /restaurants?q=ramen,200,OK,Restaurant Search Load Test 2-316,text,true,,587,137,1,3,http://localhost:8002/restaurants/?q=ramen,4,0,1
1777222117946,2,POST /reviews/,400,Bad Request,Review Submission Load Test 3-315,text,false,"Test failed: code expected to equal /

****** received  : [[[400]]]

****** comparison: [[[201]]]

/",188,440,1,2,http://localhost:8004/reviews/,2,0,1
1777222117914,171,POST /auth/login,200,OK,Login Load Test 1-316,text,true,,316,251,1,2,http://localhost:8001/auth/login,171,0,0
1777222118143,3,GET /restaurants?q=ramen,200,OK,Restaurant Search Load Test 2-317,text,true,,587,137,1,3,http://localhost:8002/restaurants/?q=ramen,3,0,0
1777222117976,170,Login for Token,200,OK,Review Submission Load Test 3-316,text,true,,316,251,1,2,http://localhost:8001/auth/login,170,0,0
1777222118146,2,POST /reviews/,400,Bad Request,Review Submission Load Test 3-316,text,false,"Test failed: code expected to equal /

****** received  : [[[400]]]

****** comparison: [[[201]]]

/",188,440,1,2,http://localhost:8004/reviews/,2,0,0
1777222118117,172,POST /auth/login,200,OK,Login Load Test 1-317,text,true,,316,251,1,2,http://localhost:8001/auth/login,172,0,0
1777222118176,171,Login for Token,200,OK,Review Submission Load Test 3-317,text,true,,316,251,1,3,http://localhost:8001/auth/login,171,0,0
1777222118345,3,GET /restaurants?q=ramen,200,OK,Restaurant Search Load Test 2-318,text,true,,587,137,1,3,http://localhost:8002/restaurants/?q=ramen,3,0,0
1777222118347,2,POST /reviews/,400,Bad Request,Review Submission Load Test 3-317,text,false,"Test failed: code expected to equal /

****** received  : [[[400]]]

****** comparison: [[[201]]]

/",188,440,1,2,http://localhost:8004/reviews/,2,0,0
1777222118314,171,POST /auth/login,200,OK,Login Load Test 1-318,text,true,,316,251,1,2,http://localhost:8001/auth/login,171,0,0
1777222118375,171,Login for Token,200,OK,Review Submission Load Test 3-318,text,true,,316,251,1,3,http://localhost:8001/auth/login,171,0,0
1777222118544,3,GET /restaurants?q=ramen,200,OK,Restaurant Search Load Test 2-319,text,true,,587,137,1,3,http://localhost:8002/restaurants/?q=ramen,3,0,1
1777222118546,2,POST /reviews/,400,Bad Request,Review Submission Load Test 3-318,text,false,"Test failed: code expected to equal /

****** received  : [[[400]]]

****** comparison: [[[201]]]

/",188,440,1,2,http://localhost:8004/reviews/,2,0,0
1777222118515,171,POST /auth/login,200,OK,Login Load Test 1-319,text,true,,316,251,1,2,http://localhost:8001/auth/login,171,0,0
1777222118741,4,GET /restaurants?q=ramen,200,OK,Restaurant Search Load Test 2-320,text,true,,587,137,1,3,http://localhost:8002/restaurants/?q=ramen,4,0,1
1777222118575,171,Login for Token,200,OK,Review Submission Load Test 3-319,text,true,,316,251,1,2,http://localhost:8001/auth/login,171,0,1
1777222118746,2,POST /reviews/,400,Bad Request,Review Submission Load Test 3-319,text,false,"Test failed: code expected to equal /

****** received  : [[[400]]]

****** comparison: [[[201]]]

/",188,440,1,2,http://localhost:8004/reviews/,2,0,0
1777222118712,171,POST /auth/login,200,OK,Login Load Test 1-320,text,true,,316,251,1,2,http://localhost:8001/auth/login,171,0,0
1777222118772,170,Login for Token,200,OK,Review Submission Load Test 3-320,text,true,,316,251,1,2,http://localhost:8001/auth/login,170,0,0
1777222118942,3,POST /reviews/,400,Bad Request,Review Submission Load Test 3-320,text,false,"Test failed: code expected to equal /

****** received  : [[[400]]]

****** comparison: [[[201]]]

/",188,440,1,3,http://localhost:8004/reviews/,3,0,1
1777222118943,4,GET /restaurants?q=ramen,200,OK,Restaurant Search Load Test 2-321,text,true,,587,137,1,2,http://localhost:8002/restaurants/?q=ramen,4,0,1
1777222118914,172,POST /auth/login,200,OK,Login Load Test 1-321,text,true,,316,251,1,2,http://localhost:8001/auth/login,172,0,1
1777222118975,171,Login for Token,200,OK,Review Submission Load Test 3-321,text,true,,316,251,1,3,http://localhost:8001/auth/login,171,0,0
1777222119144,4,GET /restaurants?q=ramen,200,OK,Restaurant Search Load Test 2-322,text,true,,587,137,1,3,http://localhost:8002/restaurants/?q=ramen,4,0,0
1777222119146,2,POST /reviews/,400,Bad Request,Review Submission Load Test 3-321,text,false,"Test failed: code expected to equal /

****** received  : [[[400]]]

****** comparison: [[[201]]]

/",188,440,1,2,http://localhost:8004/reviews/,2,0,0
1777222119114,172,POST /auth/login,200,OK,Login Load Test 1-322,text,true,,316,251,1,2,http://localhost:8001/auth/login,172,0,1
1777222119175,171,Login for Token,200,OK,Review Submission Load Test 3-322,text,true,,316,251,1,3,http://localhost:8001/auth/login,171,0,0
1777222119346,1,POST /reviews/,400,Bad Request,Review Submission Load Test 3-322,text,false,"Test failed: code expected to equal /

****** received  : [[[400]]]

****** comparison: [[[201]]]

/",188,440,1,3,http://localhost:8004/reviews/,1,0,0
1777222119345,2,GET /restaurants?q=ramen,200,OK,Restaurant Search Load Test 2-323,text,true,,587,137,1,2,http://localhost:8002/restaurants/?q=ramen,2,0,0
1777222119312,172,POST /auth/login,200,OK,Login Load Test 1-323,text,true,,316,251,1,2,http://localhost:8001/auth/login,172,0,1
1777222119372,171,Login for Token,200,OK,Review Submission Load Test 3-323,text,true,,316,251,1,2,http://localhost:8001/auth/login,171,0,0
1777222119543,2,POST /reviews/,400,Bad Request,Review Submission Load Test 3-323,text,false,"Test failed: code expected to equal /

****** received  : [[[400]]]

****** comparison: [[[201]]]

/",188,440,1,3,http://localhost:8004/reviews/,2,0,0
1777222119545,3,GET /restaurants?q=ramen,200,OK,Restaurant Search Load Test 2-324,text,true,,587,137,1,2,http://localhost:8002/restaurants/?q=ramen,3,0,0
1777222119514,170,POST /auth/login,200,OK,Login Load Test 1-324,text,true,,316,251,1,2,http://localhost:8001/auth/login,170,0,0
1777222119575,170,Login for Token,200,OK,Review Submission Load Test 3-324,text,true,,316,251,1,3,http://localhost:8001/auth/login,170,0,1
1777222119745,2,POST /reviews/,400,Bad Request,Review Submission Load Test 3-324,text,false,"Test failed: code expected to equal /

****** received  : [[[400]]]

****** comparison: [[[201]]]

/",188,440,1,3,http://localhost:8004/reviews/,2,0,1
1777222119745,3,GET /restaurants?q=ramen,200,OK,Restaurant Search Load Test 2-325,text,true,,587,137,1,2,http://localhost:8002/restaurants/?q=ramen,3,0,0
1777222119710,172,POST /auth/login,200,OK,Login Load Test 1-325,text,true,,316,251,1,2,http://localhost:8001/auth/login,172,0,0
1777222119771,171,Login for Token,200,OK,Review Submission Load Test 3-325,text,true,,316,251,1,2,http://localhost:8001/auth/login,170,0,0
1777222119942,2,POST /reviews/,400,Bad Request,Review Submission Load Test 3-325,text,false,"Test failed: code expected to equal /

****** received  : [[[400]]]

****** comparison: [[[201]]]

/",188,440,1,3,http://localhost:8004/reviews/,2,0,0
1777222119944,2,GET /restaurants?q=ramen,200,OK,Restaurant Search Load Test 2-326,text,true,,587,137,1,2,http://localhost:8002/restaurants/?q=ramen,2,0,0
1777222119912,173,POST /auth/login,200,OK,Login Load Test 1-326,text,true,,316,251,1,2,http://localhost:8001/auth/login,173,0,0
1777222120140,2,GET /restaurants?q=ramen,200,OK,Restaurant Search Load Test 2-327,text,true,,587,137,1,3,http://localhost:8002/restaurants/?q=ramen,2,0,0
1777222119971,174,Login for Token,200,OK,Review Submission Load Test 3-326,text,true,,316,251,1,2,http://localhost:8001/auth/login,174,0,0
1777222120145,2,POST /reviews/,400,Bad Request,Review Submission Load Test 3-326,text,false,"Test failed: code expected to equal /

****** received  : [[[400]]]

****** comparison: [[[201]]]

/",188,440,1,2,http://localhost:8004/reviews/,2,0,0
1777222120110,183,POST /auth/login,200,OK,Login Load Test 1-327,text,true,,316,251,1,2,http://localhost:8001/auth/login,183,0,0
1777222120343,1,GET /restaurants?q=ramen,200,OK,Restaurant Search Load Test 2-328,text,true,,587,137,1,3,http://localhost:8002/restaurants/?q=ramen,1,0,0
1777222120171,178,Login for Token,200,OK,Review Submission Load Test 3-327,text,true,,316,251,1,2,http://localhost:8001/auth/login,178,0,1
1777222120349,2,POST /reviews/,400,Bad Request,Review Submission Load Test 3-327,text,false,"Test failed: code expected to equal /

****** received  : [[[400]]]

****** comparison: [[[201]]]

/",188,440,1,2,http://localhost:8004/reviews/,2,0,1
1777222120314,171,POST /auth/login,200,OK,Login Load Test 1-328,text,true,,316,251,1,2,http://localhost:8001/auth/login,171,0,0
1777222120375,171,Login for Token,200,OK,Review Submission Load Test 3-328,text,true,,316,251,1,3,http://localhost:8001/auth/login,171,0,0
1777222120546,2,POST /reviews/,400,Bad Request,Review Submission Load Test 3-328,text,false,"Test failed: code expected to equal /

****** received  : [[[400]]]

****** comparison: [[[201]]]

/",188,440,1,3,http://localhost:8004/reviews/,2,0,0
1777222120544,4,GET /restaurants?q=ramen,200,OK,Restaurant Search Load Test 2-329,text,true,,587,137,1,2,http://localhost:8002/restaurants/?q=ramen,4,0,0
1777222120513,175,POST /auth/login,200,OK,Login Load Test 1-329,text,true,,316,251,1,2,http://localhost:8001/auth/login,175,0,0
1777222120745,1,GET /restaurants?q=ramen,200,OK,Restaurant Search Load Test 2-330,text,true,,587,137,1,3,http://localhost:8002/restaurants/?q=ramen,1,0,0
1777222120575,176,Login for Token,200,OK,Review Submission Load Test 3-329,text,true,,316,251,1,2,http://localhost:8001/auth/login,176,0,0
1777222120751,1,POST /reviews/,400,Bad Request,Review Submission Load Test 3-329,text,false,"Test failed: code expected to equal /

****** received  : [[[400]]]

****** comparison: [[[201]]]

/",188,440,1,2,http://localhost:8004/reviews/,1,0,0
1777222120714,171,POST /auth/login,200,OK,Login Load Test 1-330,text,true,,316,251,1,2,http://localhost:8001/auth/login,171,0,0
1777222120771,170,Login for Token,200,OK,Review Submission Load Test 3-330,text,true,,316,251,1,2,http://localhost:8001/auth/login,170,0,0
1777222120942,1,POST /reviews/,400,Bad Request,Review Submission Load Test 3-330,text,false,"Test failed: code expected to equal /

****** received  : [[[400]]]

****** comparison: [[[201]]]

/",188,440,1,3,http://localhost:8004/reviews/,1,0,0
1777222120943,3,GET /restaurants?q=ramen,200,OK,Restaurant Search Load Test 2-331,text,true,,587,137,1,2,http://localhost:8002/restaurants/?q=ramen,3,0,0
1777222120910,170,POST /auth/login,200,OK,Login Load Test 1-331,text,true,,316,251,1,2,http://localhost:8001/auth/login,170,0,0
1777222120972,170,Login for Token,200,OK,Review Submission Load Test 3-331,text,true,,316,251,1,3,http://localhost:8001/auth/login,170,0,0
1777222121142,2,POST /reviews/,400,Bad Request,Review Submission Load Test 3-331,text,false,"Test failed: code expected to equal /

****** received  : [[[400]]]

****** comparison: [[[201]]]

/",188,440,1,3,http://localhost:8004/reviews/,2,0,0
1777222121141,4,GET /restaurants?q=ramen,200,OK,Restaurant Search Load Test 2-332,text,true,,587,137,1,2,http://localhost:8002/restaurants/?q=ramen,4,0,0
1777222121113,172,POST /auth/login,200,OK,Login Load Test 1-332,text,true,,316,251,1,2,http://localhost:8001/auth/login,172,0,0
1777222121340,4,GET /restaurants?q=ramen,200,OK,Restaurant Search Load Test 2-333,text,true,,587,137,1,3,http://localhost:8002/restaurants/?q=ramen,4,0,0
1777222121176,171,Login for Token,200,OK,Review Submission Load Test 3-332,text,true,,316,251,1,2,http://localhost:8001/auth/login,171,0,0
1777222121347,2,POST /reviews/,400,Bad Request,Review Submission Load Test 3-332,text,false,"Test failed: code expected to equal /

****** received  : [[[400]]]

****** comparison: [[[201]]]

/",188,440,1,2,http://localhost:8004/reviews/,2,0,0
1777222121309,173,POST /auth/login,200,OK,Login Load Test 1-333,text,true,,316,251,1,2,http://localhost:8001/auth/login,173,0,0
1777222121542,4,GET /restaurants?q=ramen,200,OK,Restaurant Search Load Test 2-334,text,true,,587,137,1,3,http://localhost:8002/restaurants/?q=ramen,4,0,0
1777222121375,172,Login for Token,200,OK,Review Submission Load Test 3-333,text,true,,316,251,1,2,http://localhost:8001/auth/login,172,0,0
1777222121548,1,POST /reviews/,400,Bad Request,Review Submission Load Test 3-333,text,false,"Test failed: code expected to equal /

****** received  : [[[400]]]

****** comparison: [[[201]]]

/",188,440,1,2,http://localhost:8004/reviews/,1,0,0
1777222121511,172,POST /auth/login,200,OK,Login Load Test 1-334,text,true,,316,251,1,2,http://localhost:8001/auth/login,172,0,0
1777222121574,171,Login for Token,200,OK,Review Submission Load Test 3-334,text,true,,316,251,1,3,http://localhost:8001/auth/login,171,0,1
1777222121744,3,GET /restaurants?q=ramen,200,OK,Restaurant Search Load Test 2-335,text,true,,587,137,1,3,http://localhost:8002/restaurants/?q=ramen,3,0,0
1777222121745,2,POST /reviews/,400,Bad Request,Review Submission Load Test 3-334,text,false,"Test failed: code expected to equal /

****** received  : [[[400]]]

****** comparison: [[[201]]]

/",188,440,1,2,http://localhost:8004/reviews/,2,0,0
1777222121713,171,POST /auth/login,200,OK,Login Load Test 1-335,text,true,,316,251,1,2,http://localhost:8001/auth/login,171,0,0
1777222121772,170,Login for Token,200,OK,Review Submission Load Test 3-335,text,true,,316,251,1,2,http://localhost:8001/auth/login,170,0,0
1777222121942,2,POST /reviews/,400,Bad Request,Review Submission Load Test 3-335,text,false,"Test failed: code expected to equal /

****** received  : [[[400]]]

****** comparison: [[[201]]]

/",188,440,1,2,http://localhost:8004/reviews/,2,0,1
1777222121944,4,GET /restaurants?q=ramen,200,OK,Restaurant Search Load Test 2-336,text,true,,587,137,1,2,http://localhost:8002/restaurants/?q=ramen,4,0,0
1777222121912,172,POST /auth/login,200,OK,Login Load Test 1-336,text,true,,316,251,1,2,http://localhost:8001/auth/login,172,0,1
1777222121975,170,Login for Token,200,OK,Review Submission Load Test 3-336,text,true,,316,251,1,3,http://localhost:8001/auth/login,170,0,0
1777222122142,3,GET /restaurants?q=ramen,200,OK,Restaurant Search Load Test 2-337,text,true,,587,137,1,3,http://localhost:8002/restaurants/?q=ramen,3,0,1
1777222122145,2,POST /reviews/,400,Bad Request,Review Submission Load Test 3-336,text,false,"Test failed: code expected to equal /

****** received  : [[[400]]]

****** comparison: [[[201]]]

/",188,440,1,2,http://localhost:8004/reviews/,2,0,0
1777222122110,174,POST /auth/login,200,OK,Login Load Test 1-337,text,true,,316,251,1,2,http://localhost:8001/auth/login,174,0,1
1777222122339,4,GET /restaurants?q=ramen,200,OK,Restaurant Search Load Test 2-338,text,true,,587,137,1,3,http://localhost:8002/restaurants/?q=ramen,4,0,1
1777222122171,172,Login for Token,200,OK,Review Submission Load Test 3-337,text,true,,316,251,1,2,http://localhost:8001/auth/login,172,0,0
1777222122343,2,POST /reviews/,400,Bad Request,Review Submission Load Test 3-337,text,false,"Test failed: code expected to equal /

****** received  : [[[400]]]

****** comparison: [[[201]]]

/",188,440,1,2,http://localhost:8004/reviews/,2,0,0
1777222122309,172,POST /auth/login,200,OK,Login Load Test 1-338,text,true,,316,251,1,2,http://localhost:8001/auth/login,172,0,0
1777222122540,2,GET /restaurants?q=ramen,200,OK,Restaurant Search Load Test 2-339,text,true,,587,137,1,3,http://localhost:8002/restaurants/?q=ramen,2,0,0
1777222122374,172,Login for Token,200,OK,Review Submission Load Test 3-338,text,true,,316,251,1,2,http://localhost:8001/auth/login,172,0,0
1777222122546,2,POST /reviews/,400,Bad Request,Review Submission Load Test 3-338,text,false,"Test failed: code expected to equal /

****** received  : [[[400]]]

****** comparison: [[[201]]]

/",188,440,1,2,http://localhost:8004/reviews/,2,0,0
1777222122514,172,POST /auth/login,200,OK,Login Load Test 1-339,text,true,,316,251,1,2,http://localhost:8001/auth/login,172,0,0
1777222122740,4,GET /restaurants?q=ramen,200,OK,Restaurant Search Load Test 2-340,text,true,,587,137,1,3,http://localhost:8002/restaurants/?q=ramen,4,0,1
1777222122573,171,Login for Token,200,OK,Review Submission Load Test 3-339,text,true,,316,251,1,2,http://localhost:8001/auth/login,171,0,0
1777222122744,2,POST /reviews/,400,Bad Request,Review Submission Load Test 3-339,text,false,"Test failed: code expected to equal /

****** received  : [[[400]]]

****** comparison: [[[201]]]

/",188,440,1,2,http://localhost:8004/reviews/,2,0,1
1777222122709,174,POST /auth/login,200,OK,Login Load Test 1-340,text,true,,316,251,1,2,http://localhost:8001/auth/login,174,0,0
1777222122944,3,GET /restaurants?q=ramen,200,OK,Restaurant Search Load Test 2-341,text,true,,587,137,1,3,http://localhost:8002/restaurants/?q=ramen,3,0,0
1777222122774,175,Login for Token,200,OK,Review Submission Load Test 3-340,text,true,,316,251,1,2,http://localhost:8001/auth/login,174,0,0
1777222122949,1,POST /reviews/,400,Bad Request,Review Submission Load Test 3-340,text,false,"Test failed: code expected to equal /

****** received  : [[[400]]]

****** comparison: [[[201]]]

/",188,440,1,2,http://localhost:8004/reviews/,1,0,0
1777222122913,174,POST /auth/login,200,OK,Login Load Test 1-341,text,true,,316,251,1,2,http://localhost:8001/auth/login,174,0,1
1777222122975,170,Login for Token,200,OK,Review Submission Load Test 3-341,text,true,,316,251,1,3,http://localhost:8001/auth/login,170,0,0
1777222123145,2,POST /reviews/,400,Bad Request,Review Submission Load Test 3-341,text,false,"Test failed: code expected to equal /

****** received  : [[[400]]]

****** comparison: [[[201]]]

/",188,440,1,3,http://localhost:8004/reviews/,2,0,0
1777222123145,3,GET /restaurants?q=ramen,200,OK,Restaurant Search Load Test 2-342,text,true,,587,137,1,2,http://localhost:8002/restaurants/?q=ramen,3,0,0
1777222123114,171,POST /auth/login,200,OK,Login Load Test 1-342,text,true,,316,251,1,2,http://localhost:8001/auth/login,171,0,0
1777222123341,4,GET /restaurants?q=ramen,200,OK,Restaurant Search Load Test 2-343,text,true,,587,137,1,3,http://localhost:8002/restaurants/?q=ramen,4,0,1
1777222123175,171,Login for Token,200,OK,Review Submission Load Test 3-342,text,true,,316,251,1,2,http://localhost:8001/auth/login,171,0,0
1777222123346,2,POST /reviews/,400,Bad Request,Review Submission Load Test 3-342,text,false,"Test failed: code expected to equal /

****** received  : [[[400]]]

****** comparison: [[[201]]]

/",188,440,1,2,http://localhost:8004/reviews/,2,0,0
1777222123314,172,POST /auth/login,200,OK,Login Load Test 1-343,text,true,,316,251,1,2,http://localhost:8001/auth/login,172,0,0
1777222123372,172,Login for Token,200,OK,Review Submission Load Test 3-343,text,true,,316,251,1,3,http://localhost:8001/auth/login,172,0,0
1777222123544,2,POST /reviews/,400,Bad Request,Review Submission Load Test 3-343,text,false,"Test failed: code expected to equal /

****** received  : [[[400]]]

****** comparison: [[[201]]]

/",188,440,1,3,http://localhost:8004/reviews/,2,0,0
1777222123542,4,GET /restaurants?q=ramen,200,OK,Restaurant Search Load Test 2-344,text,true,,587,137,1,3,http://localhost:8002/restaurants/?q=ramen,4,0,0
1777222123512,173,POST /auth/login,200,OK,Login Load Test 1-344,text,true,,316,251,1,2,http://localhost:8001/auth/login,173,0,0
1777222123574,171,Login for Token,200,OK,Review Submission Load Test 3-344,text,true,,316,251,1,3,http://localhost:8001/auth/login,171,0,1
1777222123744,3,GET /restaurants?q=ramen,200,OK,Restaurant Search Load Test 2-345,text,true,,587,137,1,3,http://localhost:8002/restaurants/?q=ramen,3,0,0
1777222123745,2,POST /reviews/,400,Bad Request,Review Submission Load Test 3-344,text,false,"Test failed: code expected to equal /

****** received  : [[[400]]]

****** comparison: [[[201]]]

/",188,440,1,2,http://localhost:8004/reviews/,2,0,0
1777222123714,171,POST /auth/login,200,OK,Login Load Test 1-345,text,true,,316,251,1,2,http://localhost:8001/auth/login,171,0,0
1777222123775,170,Login for Token,200,OK,Review Submission Load Test 3-345,text,true,,316,251,1,3,http://localhost:8001/auth/login,170,0,0
1777222123945,2,POST /reviews/,400,Bad Request,Review Submission Load Test 3-345,text,false,"Test failed: code expected to equal /

****** received  : [[[400]]]

****** comparison: [[[201]]]

/",188,440,1,3,http://localhost:8004/reviews/,2,0,0
1777222123944,4,GET /restaurants?q=ramen,200,OK,Restaurant Search Load Test 2-346,text,true,,587,137,1,2,http://localhost:8002/restaurants/?q=ramen,4,0,0
1777222123914,170,POST /auth/login,200,OK,Login Load Test 1-346,text,true,,316,251,1,2,http://localhost:8001/auth/login,170,0,0
1777222123974,170,Login for Token,200,OK,Review Submission Load Test 3-346,text,true,,316,251,1,3,http://localhost:8001/auth/login,170,0,0
1777222124142,3,GET /restaurants?q=ramen,200,OK,Restaurant Search Load Test 2-347,text,true,,587,137,1,3,http://localhost:8002/restaurants/?q=ramen,3,0,0
1777222124144,2,POST /reviews/,400,Bad Request,Review Submission Load Test 3-346,text,false,"Test failed: code expected to equal /

****** received  : [[[400]]]

****** comparison: [[[201]]]

/",188,440,1,2,http://localhost:8004/reviews/,2,0,1
1777222124114,172,POST /auth/login,200,OK,Login Load Test 1-347,text,true,,316,251,1,2,http://localhost:8001/auth/login,172,0,0
1777222124173,171,Login for Token,200,OK,Review Submission Load Test 3-347,text,true,,316,251,1,2,http://localhost:8001/auth/login,171,0,0
1777222124344,2,POST /reviews/,400,Bad Request,Review Submission Load Test 3-347,text,false,"Test failed: code expected to equal /

****** received  : [[[400]]]

****** comparison: [[[201]]]

/",188,440,1,3,http://localhost:8004/reviews/,2,0,0
1777222124345,3,GET /restaurants?q=ramen,200,OK,Restaurant Search Load Test 2-348,text,true,,587,137,1,2,http://localhost:8002/restaurants/?q=ramen,3,0,0
1777222124311,172,POST /auth/login,200,OK,Login Load Test 1-348,text,true,,316,251,1,2,http://localhost:8001/auth/login,172,0,1
1777222124374,170,Login for Token,200,OK,Review Submission Load Test 3-348,text,true,,316,251,1,3,http://localhost:8001/auth/login,170,0,0
1777222124544,2,POST /reviews/,400,Bad Request,Review Submission Load Test 3-348,text,false,"Test failed: code expected to equal /

****** received  : [[[400]]]

****** comparison: [[[201]]]

/",188,440,1,3,http://localhost:8004/reviews/,2,0,1
1777222124544,4,GET /restaurants?q=ramen,200,OK,Restaurant Search Load Test 2-349,text,true,,587,137,1,2,http://localhost:8002/restaurants/?q=ramen,4,0,1
1777222124513,171,POST /auth/login,200,OK,Login Load Test 1-349,text,true,,316,251,1,2,http://localhost:8001/auth/login,171,0,0
1777222124740,4,GET /restaurants?q=ramen,200,OK,Restaurant Search Load Test 2-350,text,true,,587,137,1,3,http://localhost:8002/restaurants/?q=ramen,4,0,1
1777222124574,172,Login for Token,200,OK,Review Submission Load Test 3-349,text,true,,316,251,1,2,http://localhost:8001/auth/login,172,0,1
1777222124746,2,POST /reviews/,400,Bad Request,Review Submission Load Test 3-349,text,false,"Test failed: code expected to equal /

****** received  : [[[400]]]

****** comparison: [[[201]]]

/",188,440,1,2,http://localhost:8004/reviews/,2,0,0
1777222124711,172,POST /auth/login,200,OK,Login Load Test 1-350,text,true,,316,251,1,2,http://localhost:8001/auth/login,172,0,1
1777222124772,171,Login for Token,200,OK,Review Submission Load Test 3-350,text,true,,316,251,1,2,http://localhost:8001/auth/login,171,0,1
1777222124943,2,POST /reviews/,400,Bad Request,Review Submission Load Test 3-350,text,false,"Test failed: code expected to equal /

****** received  : [[[400]]]

****** comparison: [[[201]]]

/",188,440,1,3,http://localhost:8004/reviews/,2,0,0
1777222124943,4,GET /restaurants?q=ramen,200,OK,Restaurant Search Load Test 2-351,text,true,,587,137,1,2,http://localhost:8002/restaurants/?q=ramen,4,0,0
1777222124913,170,POST /auth/login,200,OK,Login Load Test 1-351,text,true,,316,251,1,2,http://localhost:8001/auth/login,170,0,0
1777222124974,170,Login for Token,200,OK,Review Submission Load Test 3-351,text,true,,316,251,1,3,http://localhost:8001/auth/login,170,0,0
1777222125145,2,POST /reviews/,400,Bad Request,Review Submission Load Test 3-351,text,false,"Test failed: code expected to equal /

****** received  : [[[400]]]

****** comparison: [[[201]]]

/",188,440,1,3,http://localhost:8004/reviews/,2,0,1
1777222125145,2,GET /restaurants?q=ramen,200,OK,Restaurant Search Load Test 2-352,text,true,,587,137,1,2,http://localhost:8002/restaurants/?q=ramen,2,0,0
1777222125111,172,POST /auth/login,200,OK,Login Load Test 1-352,text,true,,316,251,1,2,http://localhost:8001/auth/login,172,0,0
1777222125340,4,GET /restaurants?q=ramen,200,OK,Restaurant Search Load Test 2-353,text,true,,587,137,1,3,http://localhost:8002/restaurants/?q=ramen,4,0,0
1777222125173,171,Login for Token,200,OK,Review Submission Load Test 3-352,text,true,,316,251,1,2,http://localhost:8001/auth/login,171,0,0
1777222125344,2,POST /reviews/,400,Bad Request,Review Submission Load Test 3-352,text,false,"Test failed: code expected to equal /

****** received  : [[[400]]]

****** comparison: [[[201]]]

/",188,440,1,2,http://localhost:8004/reviews/,2,0,1
1777222125301,171,POST /auth/login,200,OK,Login Load Test 1-353,text,true,,316,251,1,2,http://localhost:8001/auth/login,171,0,0
1777222125375,170,Login for Token,200,OK,Review Submission Load Test 3-353,text,true,,316,251,1,2,http://localhost:8001/auth/login,170,0,0
1777222125545,2,POST /reviews/,400,Bad Request,Review Submission Load Test 3-353,text,false,"Test failed: code expected to equal /

****** received  : [[[400]]]

****** comparison: [[[201]]]

/",188,440,1,3,http://localhost:8004/reviews/,2,0,0
1777222125545,4,GET /restaurants?q=ramen,200,OK,Restaurant Search Load Test 2-354,text,true,,587,137,1,2,http://localhost:8002/restaurants/?q=ramen,4,0,1
1777222125506,171,POST /auth/login,200,OK,Login Load Test 1-354,text,true,,316,251,1,2,http://localhost:8001/auth/login,171,0,0
1777222125573,171,Login for Token,200,OK,Review Submission Load Test 3-354,text,true,,316,251,1,2,http://localhost:8001/auth/login,171,0,0
1777222125744,2,POST /reviews/,400,Bad Request,Review Submission Load Test 3-354,text,false,"Test failed: code expected to equal /

****** received  : [[[400]]]

****** comparison: [[[201]]]

/",188,440,1,3,http://localhost:8004/reviews/,2,0,0
1777222125745,4,GET /restaurants?q=ramen,200,OK,Restaurant Search Load Test 2-355,text,true,,587,137,1,2,http://localhost:8002/restaurants/?q=ramen,4,0,0
1777222125706,170,POST /auth/login,200,OK,Login Load Test 1-355,text,true,,316,251,1,2,http://localhost:8001/auth/login,170,0,0
1777222125942,4,GET /restaurants?q=ramen,200,OK,Restaurant Search Load Test 2-356,text,true,,587,137,1,3,http://localhost:8002/restaurants/?q=ramen,4,0,0
1777222125775,171,Login for Token,200,OK,Review Submission Load Test 3-355,text,true,,316,251,1,2,http://localhost:8001/auth/login,171,0,0
1777222125946,2,POST /reviews/,400,Bad Request,Review Submission Load Test 3-355,text,false,"Test failed: code expected to equal /

****** received  : [[[400]]]

****** comparison: [[[201]]]

/",188,440,1,2,http://localhost:8004/reviews/,2,0,0
1777222125905,173,POST /auth/login,200,OK,Login Load Test 1-356,text,true,,316,251,1,2,http://localhost:8001/auth/login,173,0,1
1777222126143,3,GET /restaurants?q=ramen,200,OK,Restaurant Search Load Test 2-357,text,true,,587,137,1,3,http://localhost:8002/restaurants/?q=ramen,3,0,1
1777222125971,178,Login for Token,200,OK,Review Submission Load Test 3-356,text,true,,316,251,1,2,http://localhost:8001/auth/login,178,0,0
1777222126149,2,POST /reviews/,400,Bad Request,Review Submission Load Test 3-356,text,false,"Test failed: code expected to equal /

****** received  : [[[400]]]

****** comparison: [[[201]]]

/",188,440,1,2,http://localhost:8004/reviews/,2,0,0
1777222126106,186,POST /auth/login,200,OK,Login Load Test 1-357,text,true,,316,251,1,2,http://localhost:8001/auth/login,186,0,1
1777222126345,1,GET /restaurants?q=ramen,200,OK,Restaurant Search Load Test 2-358,text,true,,587,137,1,3,http://localhost:8002/restaurants/?q=ramen,1,0,0
1777222126173,184,Login for Token,200,OK,Review Submission Load Test 3-357,text,true,,316,251,1,2,http://localhost:8001/auth/login,184,0,1
1777222126358,1,POST /reviews/,400,Bad Request,Review Submission Load Test 3-357,text,false,"Test failed: code expected to equal /

****** received  : [[[400]]]

****** comparison: [[[201]]]

/",188,440,1,2,http://localhost:8004/reviews/,1,0,0
1777222126310,185,POST /auth/login,200,OK,Login Load Test 1-358,text,true,,316,251,1,2,http://localhost:8001/auth/login,185,0,0
1777222126545,2,GET /restaurants?q=ramen,200,OK,Restaurant Search Load Test 2-359,text,true,,587,137,1,3,http://localhost:8002/restaurants/?q=ramen,2,0,1
1777222126370,181,Login for Token,200,OK,Review Submission Load Test 3-358,text,true,,316,251,1,2,http://localhost:8001/auth/login,181,0,1
1777222126551,1,POST /reviews/,400,Bad Request,Review Submission Load Test 3-358,text,false,"Test failed: code expected to equal /

****** received  : [[[400]]]

****** comparison: [[[201]]]

/",188,440,1,2,http://localhost:8004/reviews/,1,0,0
1777222126507,173,POST /auth/login,200,OK,Login Load Test 1-359,text,true,,316,251,1,2,http://localhost:8001/auth/login,173,0,0
1777222126575,173,Login for Token,200,OK,Review Submission Load Test 3-359,text,true,,316,251,1,3,http://localhost:8001/auth/login,173,0,0
1777222126745,3,GET /restaurants?q=ramen,200,OK,Restaurant Search Load Test 2-360,text,true,,587,137,1,3,http://localhost:8002/restaurants/?q=ramen,3,0,0
1777222126748,2,POST /reviews/,400,Bad Request,Review Submission Load Test 3-359,text,false,"Test failed: code expected to equal /

****** received  : [[[400]]]

****** comparison: [[[201]]]

/",188,440,1,2,http://localhost:8004/reviews/,2,0,0
1777222126710,171,POST /auth/login,200,OK,Login Load Test 1-360,text,true,,316,251,1,2,http://localhost:8001/auth/login,171,0,1
1777222126774,171,Login for Token,200,OK,Review Submission Load Test 3-360,text,true,,316,251,1,3,http://localhost:8001/auth/login,171,0,1
1777222126943,3,GET /restaurants?q=ramen,200,OK,Restaurant Search Load Test 2-361,text,true,,587,137,1,3,http://localhost:8002/restaurants/?q=ramen,3,0,0
1777222126945,2,POST /reviews/,400,Bad Request,Review Submission Load Test 3-360,text,false,"Test failed: code expected to equal /

****** received  : [[[400]]]

****** comparison: [[[201]]]

/",188,440,1,2,http://localhost:8004/reviews/,2,0,0
1777222126901,173,POST /auth/login,200,OK,Login Load Test 1-361,text,true,,316,251,1,2,http://localhost:8001/auth/login,173,0,1
1777222126973,172,Login for Token,200,OK,Review Submission Load Test 3-361,text,true,,316,251,1,3,http://localhost:8001/auth/login,172,0,0
1777222127145,2,POST /reviews/,400,Bad Request,Review Submission Load Test 3-361,text,false,"Test failed: code expected to equal /

****** received  : [[[400]]]

****** comparison: [[[201]]]

/",188,440,1,3,http://localhost:8004/reviews/,2,0,0
1777222127145,4,GET /restaurants?q=ramen,200,OK,Restaurant Search Load Test 2-362,text,true,,587,137,1,2,http://localhost:8002/restaurants/?q=ramen,4,0,0
1777222127101,173,POST /auth/login,200,OK,Login Load Test 1-362,text,true,,316,251,1,2,http://localhost:8001/auth/login,173,0,1
1777222127175,172,Login for Token,200,OK,Review Submission Load Test 3-362,text,true,,316,251,1,3,http://localhost:8001/auth/login,172,0,1
1777222127345,4,GET /restaurants?q=ramen,200,OK,Restaurant Search Load Test 2-363,text,true,,587,137,1,3,http://localhost:8002/restaurants/?q=ramen,4,0,0
1777222127347,2,POST /reviews/,400,Bad Request,Review Submission Load Test 3-362,text,false,"Test failed: code expected to equal /

****** received  : [[[400]]]

****** comparison: [[[201]]]

/",188,440,1,2,http://localhost:8004/reviews/,2,0,1
1777222127304,173,POST /auth/login,200,OK,Login Load Test 1-363,text,true,,316,251,1,2,http://localhost:8001/auth/login,173,0,1
1777222127374,172,Login for Token,200,OK,Review Submission Load Test 3-363,text,true,,316,251,1,3,http://localhost:8001/auth/login,172,0,0
1777222127546,2,POST /reviews/,400,Bad Request,Review Submission Load Test 3-363,text,false,"Test failed: code expected to equal /

****** received  : [[[400]]]

****** comparison: [[[201]]]

/",188,440,1,3,http://localhost:8004/reviews/,2,0,0
1777222127545,4,GET /restaurants?q=ramen,200,OK,Restaurant Search Load Test 2-364,text,true,,587,137,1,2,http://localhost:8002/restaurants/?q=ramen,4,0,1
1777222127503,177,POST /auth/login,200,OK,Login Load Test 1-364,text,true,,316,251,1,2,http://localhost:8001/auth/login,177,0,1
1777222127742,3,GET /restaurants?q=ramen,200,OK,Restaurant Search Load Test 2-365,text,true,,587,137,1,3,http://localhost:8002/restaurants/?q=ramen,3,0,0
1777222127575,177,Login for Token,200,OK,Review Submission Load Test 3-364,text,true,,316,251,1,2,http://localhost:8001/auth/login,177,0,0
1777222127752,2,POST /reviews/,400,Bad Request,Review Submission Load Test 3-364,text,false,"Test failed: code expected to equal /

****** received  : [[[400]]]

****** comparison: [[[201]]]

/",188,440,1,2,http://localhost:8004/reviews/,2,0,0
1777222127707,172,POST /auth/login,200,OK,Login Load Test 1-365,text,true,,316,251,1,2,http://localhost:8001/auth/login,172,0,0
1777222127775,171,Login for Token,200,OK,Review Submission Load Test 3-365,text,true,,316,251,1,3,http://localhost:8001/auth/login,171,0,0
1777222127947,2,POST /reviews/,400,Bad Request,Review Submission Load Test 3-365,text,false,"Test failed: code expected to equal /

****** received  : [[[400]]]

****** comparison: [[[201]]]

/",188,440,1,3,http://localhost:8004/reviews/,2,0,0
1777222127946,4,GET /restaurants?q=ramen,200,OK,Restaurant Search Load Test 2-366,text,true,,587,137,1,2,http://localhost:8002/restaurants/?q=ramen,4,0,1
1777222127905,171,POST /auth/login,200,OK,Login Load Test 1-366,text,true,,316,251,1,2,http://localhost:8001/auth/login,171,0,0
1777222127973,171,Login for Token,200,OK,Review Submission Load Test 3-366,text,true,,316,251,1,2,http://localhost:8001/auth/login,171,0,0
1777222128144,2,POST /reviews/,400,Bad Request,Review Submission Load Test 3-366,text,false,"Test failed: code expected to equal /

****** received  : [[[400]]]

****** comparison: [[[201]]]

/",188,440,1,3,http://localhost:8004/reviews/,2,0,0
1777222128145,4,GET /restaurants?q=ramen,200,OK,Restaurant Search Load Test 2-367,text,true,,587,137,1,2,http://localhost:8002/restaurants/?q=ramen,4,0,0
1777222128106,171,POST /auth/login,200,OK,Login Load Test 1-367,text,true,,316,251,1,2,http://localhost:8001/auth/login,171,0,0
1777222128175,171,Login for Token,200,OK,Review Submission Load Test 3-367,text,true,,316,251,1,3,http://localhost:8001/auth/login,171,0,0
1777222128346,2,POST /reviews/,400,Bad Request,Review Submission Load Test 3-367,text,false,"Test failed: code expected to equal /

****** received  : [[[400]]]

****** comparison: [[[201]]]

/",188,440,1,3,http://localhost:8004/reviews/,2,0,0
1777222128345,3,GET /restaurants?q=ramen,200,OK,Restaurant Search Load Test 2-368,text,true,,587,137,1,2,http://localhost:8002/restaurants/?q=ramen,3,0,0
1777222128303,171,POST /auth/login,200,OK,Login Load Test 1-368,text,true,,316,251,1,2,http://localhost:8001/auth/login,171,0,0
1777222128373,170,Login for Token,200,OK,Review Submission Load Test 3-368,text,true,,316,251,1,2,http://localhost:8001/auth/login,170,0,0
1777222128543,2,POST /reviews/,400,Bad Request,Review Submission Load Test 3-368,text,false,"Test failed: code expected to equal /

****** received  : [[[400]]]

****** comparison: [[[201]]]

/",188,440,1,3,http://localhost:8004/reviews/,2,0,1
1777222128545,2,GET /restaurants?q=ramen,200,OK,Restaurant Search Load Test 2-369,text,true,,587,137,1,2,http://localhost:8002/restaurants/?q=ramen,2,0,0
1777222128502,180,POST /auth/login,200,OK,Login Load Test 1-369,text,true,,316,251,1,2,http://localhost:8001/auth/login,180,0,0
1777222128740,4,GET /restaurants?q=ramen,200,OK,Restaurant Search Load Test 2-370,text,true,,587,137,1,3,http://localhost:8002/restaurants/?q=ramen,4,0,0
1777222128575,178,Login for Token,200,OK,Review Submission Load Test 3-369,text,true,,316,251,1,2,http://localhost:8001/auth/login,178,0,0
1777222128753,2,POST /reviews/,400,Bad Request,Review Submission Load Test 3-369,text,false,"Test failed: code expected to equal /

****** received  : [[[400]]]

****** comparison: [[[201]]]

/",188,440,1,2,http://localhost:8004/reviews/,2,0,0
1777222128700,171,POST /auth/login,200,OK,Login Load Test 1-370,text,true,,316,251,1,2,http://localhost:8001/auth/login,171,0,0
1777222128771,170,Login for Token,200,OK,Review Submission Load Test 3-370,text,true,,316,251,1,2,http://localhost:8001/auth/login,170,0,0
1777222128941,2,POST /reviews/,400,Bad Request,Review Submission Load Test 3-370,text,false,"Test failed: code expected to equal /

****** received  : [[[400]]]

****** comparison: [[[201]]]

/",188,440,1,3,http://localhost:8004/reviews/,2,0,0
1777222128941,4,GET /restaurants?q=ramen,200,OK,Restaurant Search Load Test 2-371,text,true,,587,137,1,2,http://localhost:8002/restaurants/?q=ramen,4,0,1
1777222128902,172,POST /auth/login,200,OK,Login Load Test 1-371,text,true,,316,251,1,2,http://localhost:8001/auth/login,172,0,1
1777222128973,171,Login for Token,200,OK,Review Submission Load Test 3-371,text,true,,316,251,1,2,http://localhost:8001/auth/login,171,0,0
1777222129145,1,POST /reviews/,400,Bad Request,Review Submission Load Test 3-371,text,false,"Test failed: code expected to equal /

****** received  : [[[400]]]

****** comparison: [[[201]]]

/",188,440,1,3,http://localhost:8004/reviews/,1,0,0
1777222129144,3,GET /restaurants?q=ramen,200,OK,Restaurant Search Load Test 2-372,text,true,,587,137,1,2,http://localhost:8002/restaurants/?q=ramen,3,0,1
1777222129098,171,POST /auth/login,200,OK,Login Load Test 1-372,text,true,,316,251,1,2,http://localhost:8001/auth/login,171,0,0
1777222129175,171,Login for Token,200,OK,Review Submission Load Test 3-372,text,true,,316,251,1,3,http://localhost:8001/auth/login,171,0,0
1777222129346,2,POST /reviews/,400,Bad Request,Review Submission Load Test 3-372,text,false,"Test failed: code expected to equal /

****** received  : [[[400]]]

****** comparison: [[[201]]]

/",188,440,1,3,http://localhost:8004/reviews/,2,0,0
1777222129345,3,GET /restaurants?q=ramen,200,OK,Restaurant Search Load Test 2-373,text,true,,587,137,1,2,http://localhost:8002/restaurants/?q=ramen,3,0,0
1777222129301,171,POST /auth/login,200,OK,Login Load Test 1-373,text,true,,316,251,1,2,http://localhost:8001/auth/login,171,0,0
1777222129374,172,Login for Token,200,OK,Review Submission Load Test 3-373,text,true,,316,251,1,3,http://localhost:8001/auth/login,172,0,1
1777222129545,3,GET /restaurants?q=ramen,200,OK,Restaurant Search Load Test 2-374,text,true,,587,137,1,3,http://localhost:8002/restaurants/?q=ramen,3,0,0
1777222129546,2,POST /reviews/,400,Bad Request,Review Submission Load Test 3-373,text,false,"Test failed: code expected to equal /

****** received  : [[[400]]]

****** comparison: [[[201]]]

/",188,440,1,2,http://localhost:8004/reviews/,2,0,0
1777222129501,172,POST /auth/login,200,OK,Login Load Test 1-374,text,true,,316,251,1,2,http://localhost:8001/auth/login,172,0,1
1777222129570,170,Login for Token,200,OK,Review Submission Load Test 3-374,text,true,,316,251,1,3,http://localhost:8001/auth/login,170,0,0
1777222129740,1,POST /reviews/,400,Bad Request,Review Submission Load Test 3-374,text,false,"Test failed: code expected to equal /

****** received  : [[[400]]]

****** comparison: [[[201]]]

/",188,440,1,3,http://localhost:8004/reviews/,1,0,0
1777222129740,3,GET /restaurants?q=ramen,200,OK,Restaurant Search Load Test 2-375,text,true,,587,137,1,2,http://localhost:8002/restaurants/?q=ramen,3,0,0
1777222129702,171,POST /auth/login,200,OK,Login Load Test 1-375,text,true,,316,251,1,2,http://localhost:8001/auth/login,171,0,0
1777222129940,3,GET /restaurants?q=ramen,200,OK,Restaurant Search Load Test 2-376,text,true,,587,137,1,3,http://localhost:8002/restaurants/?q=ramen,3,0,0
1777222129774,171,Login for Token,200,OK,Review Submission Load Test 3-375,text,true,,316,251,1,2,http://localhost:8001/auth/login,171,0,0
1777222129945,1,POST /reviews/,400,Bad Request,Review Submission Load Test 3-375,text,false,"Test failed: code expected to equal /

****** received  : [[[400]]]

****** comparison: [[[201]]]

/",188,440,1,2,http://localhost:8004/reviews/,1,0,0
1777222129898,172,POST /auth/login,200,OK,Login Load Test 1-376,text,true,,316,251,1,2,http://localhost:8001/auth/login,172,0,0
1777222129970,170,Login for Token,200,OK,Review Submission Load Test 3-376,text,true,,316,251,1,2,http://localhost:8001/auth/login,170,0,0
1777222130141,3,POST /reviews/,400,Bad Request,Review Submission Load Test 3-376,text,false,"Test failed: code expected to equal /

****** received  : [[[400]]]

****** comparison: [[[201]]]

/",188,440,1,2,http://localhost:8004/reviews/,3,0,1
1777222130146,3,GET /restaurants?q=ramen,200,OK,Restaurant Search Load Test 2-377,text,true,,587,137,1,2,http://localhost:8002/restaurants/?q=ramen,3,0,0
1777222130098,171,POST /auth/login,200,OK,Login Load Test 1-377,text,true,,316,251,1,2,http://localhost:8001/auth/login,171,0,0
1777222130174,171,Login for Token,200,OK,Review Submission Load Test 3-377,text,true,,316,251,1,3,http://localhost:8001/auth/login,171,0,0
1777222130345,2,POST /reviews/,400,Bad Request,Review Submission Load Test 3-377,text,false,"Test failed: code expected to equal /

****** received  : [[[400]]]

****** comparison: [[[201]]]

/",188,440,1,3,http://localhost:8004/reviews/,2,0,1
1777222130345,3,GET /restaurants?q=ramen,200,OK,Restaurant Search Load Test 2-378,text,true,,587,137,1,2,http://localhost:8002/restaurants/?q=ramen,3,0,1
1777222130299,171,POST /auth/login,200,OK,Login Load Test 1-378,text,true,,316,251,1,2,http://localhost:8001/auth/login,171,0,0
1777222130375,170,Login for Token,200,OK,Review Submission Load Test 3-378,text,true,,316,251,1,3,http://localhost:8001/auth/login,170,0,0
1777222130545,2,POST /reviews/,400,Bad Request,Review Submission Load Test 3-378,text,false,"Test failed: code expected to equal /

****** received  : [[[400]]]

****** comparison: [[[201]]]

/",188,440,1,3,http://localhost:8004/reviews/,2,0,1
1777222130545,3,GET /restaurants?q=ramen,200,OK,Restaurant Search Load Test 2-379,text,true,,587,137,1,2,http://localhost:8002/restaurants/?q=ramen,3,0,0
1777222130499,174,POST /auth/login,200,OK,Login Load Test 1-379,text,true,,316,251,1,2,http://localhost:8001/auth/login,174,0,0
1777222130745,2,GET /restaurants?q=ramen,200,OK,Restaurant Search Load Test 2-380,text,true,,587,137,1,3,http://localhost:8002/restaurants/?q=ramen,2,0,1
1777222130574,179,Login for Token,200,OK,Review Submission Load Test 3-379,text,true,,316,251,1,2,http://localhost:8001/auth/login,179,0,0
1777222130753,1,POST /reviews/,400,Bad Request,Review Submission Load Test 3-379,text,false,"Test failed: code expected to equal /

****** received  : [[[400]]]

****** comparison: [[[201]]]

/",188,440,1,2,http://localhost:8004/reviews/,1,0,0
1777222130697,172,POST /auth/login,200,OK,Login Load Test 1-380,text,true,,316,251,1,2,http://localhost:8001/auth/login,172,0,1
1777222130775,171,Login for Token,200,OK,Review Submission Load Test 3-380,text,true,,316,251,1,3,http://localhost:8001/auth/login,171,0,0
1777222130946,2,POST /reviews/,400,Bad Request,Review Submission Load Test 3-380,text,false,"Test failed: code expected to equal /

****** received  : [[[400]]]

****** comparison: [[[201]]]

/",188,440,1,3,http://localhost:8004/reviews/,2,0,0
1777222130945,4,GET /restaurants?q=ramen,200,OK,Restaurant Search Load Test 2-381,text,true,,587,137,1,2,http://localhost:8002/restaurants/?q=ramen,4,0,1
1777222130899,171,POST /auth/login,200,OK,Login Load Test 1-381,text,true,,316,251,1,2,http://localhost:8001/auth/login,171,0,0
1777222130974,171,Login for Token,200,OK,Review Submission Load Test 3-381,text,true,,316,251,1,3,http://localhost:8001/auth/login,171,0,0
1777222131145,2,POST /reviews/,400,Bad Request,Review Submission Load Test 3-381,text,false,"Test failed: code expected to equal /

****** received  : [[[400]]]

****** comparison: [[[201]]]

/",188,440,1,3,http://localhost:8004/reviews/,2,0,0
1777222131144,3,GET /restaurants?q=ramen,200,OK,Restaurant Search Load Test 2-382,text,true,,587,137,1,2,http://localhost:8002/restaurants/?q=ramen,3,0,0
1777222131100,176,POST /auth/login,200,OK,Login Load Test 1-382,text,true,,316,251,1,2,http://localhost:8001/auth/login,176,0,0
1777222131345,3,GET /restaurants?q=ramen,200,OK,Restaurant Search Load Test 2-383,text,true,,587,137,1,3,http://localhost:8002/restaurants/?q=ramen,3,0,1
1777222131175,184,Login for Token,200,OK,Review Submission Load Test 3-382,text,true,,316,251,1,2,http://localhost:8001/auth/login,184,0,0
1777222131360,1,POST /reviews/,400,Bad Request,Review Submission Load Test 3-382,text,false,"Test failed: code expected to equal /

****** received  : [[[400]]]

****** comparison: [[[201]]]

/",188,440,1,2,http://localhost:8004/reviews/,1,0,0
1777222131295,191,POST /auth/login,200,OK,Login Load Test 1-383,text,true,,316,251,1,2,http://localhost:8001/auth/login,191,0,0
1777222131544,2,GET /restaurants?q=ramen,200,OK,Restaurant Search Load Test 2-384,text,true,,587,137,1,3,http://localhost:8002/restaurants/?q=ramen,2,0,0
1777222131371,188,Login for Token,200,OK,Review Submission Load Test 3-383,text,true,,316,251,1,2,http://localhost:8001/auth/login,188,0,1
1777222131559,2,POST /reviews/,400,Bad Request,Review Submission Load Test 3-383,text,false,"Test failed: code expected to equal /

****** received  : [[[400]]]

****** comparison: [[[201]]]

/",188,440,1,2,http://localhost:8004/reviews/,2,0,0
1777222131498,179,POST /auth/login,200,OK,Login Load Test 1-384,text,true,,316,251,1,2,http://localhost:8001/auth/login,179,0,0
1777222131572,173,Login for Token,200,OK,Review Submission Load Test 3-384,text,true,,316,251,1,3,http://localhost:8001/auth/login,173,0,0
1777222131744,2,GET /restaurants?q=ramen,200,OK,Restaurant Search Load Test 2-385,text,true,,587,137,1,3,http://localhost:8002/restaurants/?q=ramen,2,0,0
1777222131745,2,POST /reviews/,400,Bad Request,Review Submission Load Test 3-384,text,false,"Test failed: code expected to equal /

****** received  : [[[400]]]

****** comparison: [[[201]]]

/",188,440,1,2,http://localhost:8004/reviews/,2,0,1
1777222131698,172,POST /auth/login,200,OK,Login Load Test 1-385,text,true,,316,251,1,2,http://localhost:8001/auth/login,172,0,0
1777222131774,171,Login for Token,200,OK,Review Submission Load Test 3-385,text,true,,316,251,1,3,http://localhost:8001/auth/login,170,0,1
1777222131942,4,GET /restaurants?q=ramen,200,OK,Restaurant Search Load Test 2-386,text,true,,587,137,1,3,http://localhost:8002/restaurants/?q=ramen,4,0,0
1777222131945,2,POST /reviews/,400,Bad Request,Review Submission Load Test 3-385,text,false,"Test failed: code expected to equal /

****** received  : [[[400]]]

****** comparison: [[[201]]]

/",188,440,1,2,http://localhost:8004/reviews/,2,0,0
1777222131900,171,POST /auth/login,200,OK,Login Load Test 1-386,text,true,,316,251,1,2,http://localhost:8001/auth/login,171,0,0
1777222131974,171,Login for Token,200,OK,Review Submission Load Test 3-386,text,true,,316,251,1,2,http://localhost:8001/auth/login,171,0,0
1777222132145,2,POST /reviews/,400,Bad Request,Review Submission Load Test 3-386,text,false,"Test failed: code expected to equal /

****** received  : [[[400]]]

****** comparison: [[[201]]]

/",188,440,1,3,http://localhost:8004/reviews/,2,0,1
1777222132146,3,GET /restaurants?q=ramen,200,OK,Restaurant Search Load Test 2-387,text,true,,587,137,1,2,http://localhost:8002/restaurants/?q=ramen,3,0,0
1777222132100,173,POST /auth/login,200,OK,Login Load Test 1-387,text,true,,316,251,1,2,http://localhost:8001/auth/login,173,0,0
1777222132341,4,GET /restaurants?q=ramen,200,OK,Restaurant Search Load Test 2-388,text,true,,587,137,1,3,http://localhost:8002/restaurants/?q=ramen,4,0,0
1777222132175,173,Login for Token,200,OK,Review Submission Load Test 3-387,text,true,,316,251,1,2,http://localhost:8001/auth/login,173,0,0
1777222132348,2,POST /reviews/,400,Bad Request,Review Submission Load Test 3-387,text,false,"Test failed: code expected to equal /

****** received  : [[[400]]]

****** comparison: [[[201]]]

/",188,440,1,2,http://localhost:8004/reviews/,2,0,0
1777222132294,173,POST /auth/login,200,OK,Login Load Test 1-388,text,true,,316,251,1,2,http://localhost:8001/auth/login,173,0,0
1777222132374,173,Login for Token,200,OK,Review Submission Load Test 3-388,text,true,,316,251,1,3,http://localhost:8001/auth/login,173,0,0
1777222132545,3,GET /restaurants?q=ramen,200,OK,Restaurant Search Load Test 2-389,text,true,,587,137,1,3,http://localhost:8002/restaurants/?q=ramen,3,0,0
1777222132547,2,POST /reviews/,400,Bad Request,Review Submission Load Test 3-388,text,false,"Test failed: code expected to equal /

****** received  : [[[400]]]

****** comparison: [[[201]]]

/",188,440,1,2,http://localhost:8004/reviews/,2,0,0
1777222132496,174,POST /auth/login,200,OK,Login Load Test 1-389,text,true,,316,251,1,2,http://localhost:8001/auth/login,174,0,0
1777222132742,4,GET /restaurants?q=ramen,200,OK,Restaurant Search Load Test 2-390,text,true,,587,137,1,3,http://localhost:8002/restaurants/?q=ramen,4,0,0
1777222132575,173,Login for Token,200,OK,Review Submission Load Test 3-389,text,true,,316,251,1,2,http://localhost:8001/auth/login,173,0,0
1777222132748,2,POST /reviews/,400,Bad Request,Review Submission Load Test 3-389,text,false,"Test failed: code expected to equal /

****** received  : [[[400]]]

****** comparison: [[[201]]]

/",188,440,1,2,http://localhost:8004/reviews/,2,0,0
1777222132699,172,POST /auth/login,200,OK,Login Load Test 1-390,text,true,,316,251,1,2,http://localhost:8001/auth/login,172,0,0
1777222132945,2,GET /restaurants?q=ramen,200,OK,Restaurant Search Load Test 2-391,text,true,,587,137,1,3,http://localhost:8002/restaurants/?q=ramen,2,0,0
1777222132775,174,Login for Token,200,OK,Review Submission Load Test 3-390,text,true,,316,251,1,2,http://localhost:8001/auth/login,174,0,1
1777222132949,1,POST /reviews/,400,Bad Request,Review Submission Load Test 3-390,text,false,"Test failed: code expected to equal /

****** received  : [[[400]]]

****** comparison: [[[201]]]

/",188,440,1,2,http://localhost:8004/reviews/,1,0,0
1777222132901,173,POST /auth/login,200,OK,Login Load Test 1-391,text,true,,316,251,1,2,http://localhost:8001/auth/login,173,0,0
1777222132974,171,Login for Token,200,OK,Review Submission Load Test 3-391,text,true,,316,251,1,3,http://localhost:8001/auth/login,171,0,0
1777222133145,3,POST /reviews/,400,Bad Request,Review Submission Load Test 3-391,text,false,"Test failed: code expected to equal /

****** received  : [[[400]]]

****** comparison: [[[201]]]

/",188,440,1,3,http://localhost:8004/reviews/,3,0,1
1777222133145,4,GET /restaurants?q=ramen,200,OK,Restaurant Search Load Test 2-392,text,true,,587,137,1,2,http://localhost:8002/restaurants/?q=ramen,4,0,0
1777222133094,171,POST /auth/login,200,OK,Login Load Test 1-392,text,true,,316,251,1,2,http://localhost:8001/auth/login,171,0,0
1777222133342,3,GET /restaurants?q=ramen,200,OK,Restaurant Search Load Test 2-393,text,true,,587,137,1,3,http://localhost:8002/restaurants/?q=ramen,3,0,0
1777222133175,170,Login for Token,200,OK,Review Submission Load Test 3-392,text,true,,316,251,1,2,http://localhost:8001/auth/login,170,0,0
1777222133346,1,POST /reviews/,400,Bad Request,Review Submission Load Test 3-392,text,false,"Test failed: code expected to equal /

****** received  : [[[400]]]

****** comparison: [[[201]]]

/",188,440,1,2,http://localhost:8004/reviews/,1,0,0
1777222133293,171,POST /auth/login,200,OK,Login Load Test 1-393,text,true,,316,251,1,2,http://localhost:8001/auth/login,171,0,0
1777222133543,4,GET /restaurants?q=ramen,200,OK,Restaurant Search Load Test 2-394,text,true,,587,137,1,3,http://localhost:8002/restaurants/?q=ramen,4,0,1
1777222133374,176,Login for Token,200,OK,Review Submission Load Test 3-393,text,true,,316,251,1,2,http://localhost:8001/auth/login,176,0,0
1777222133550,2,POST /reviews/,400,Bad Request,Review Submission Load Test 3-393,text,false,"Test failed: code expected to equal /

****** received  : [[[400]]]

****** comparison: [[[201]]]

/",188,440,1,2,http://localhost:8004/reviews/,2,0,1
1777222133497,182,POST /auth/login,200,OK,Login Load Test 1-394,text,true,,316,251,1,2,http://localhost:8001/auth/login,182,0,0
1777222133741,4,GET /restaurants?q=ramen,200,OK,Restaurant Search Load Test 2-395,text,true,,587,137,1,3,http://localhost:8002/restaurants/?q=ramen,4,0,0
1777222133574,174,Login for Token,200,OK,Review Submission Load Test 3-394,text,true,,316,251,1,2,http://localhost:8001/auth/login,174,0,0
1777222133748,2,POST /reviews/,400,Bad Request,Review Submission Load Test 3-394,text,false,"Test failed: code expected to equal /

****** received  : [[[400]]]

****** comparison: [[[201]]]

/",188,440,1,2,http://localhost:8004/reviews/,2,0,0
1777222133698,173,POST /auth/login,200,OK,Login Load Test 1-395,text,true,,316,251,1,2,http://localhost:8001/auth/login,173,0,1
1777222133943,3,GET /restaurants?q=ramen,200,OK,Restaurant Search Load Test 2-396,text,true,,587,137,1,3,http://localhost:8002/restaurants/?q=ramen,3,0,0
1777222133775,172,Login for Token,200,OK,Review Submission Load Test 3-395,text,true,,316,251,1,2,http://localhost:8001/auth/login,172,0,1
1777222133947,2,POST /reviews/,400,Bad Request,Review Submission Load Test 3-395,text,false,"Test failed: code expected to equal /

****** received  : [[[400]]]

****** comparison: [[[201]]]

/",188,440,1,2,http://localhost:8004/reviews/,2,0,0
1777222133898,172,POST /auth/login,200,OK,Login Load Test 1-396,text,true,,316,251,1,2,http://localhost:8001/auth/login,172,0,0
1777222133974,170,Login for Token,200,OK,Review Submission Load Test 3-396,text,true,,316,251,1,2,http://localhost:8001/auth/login,170,0,0
1777222134145,2,POST /reviews/,400,Bad Request,Review Submission Load Test 3-396,text,false,"Test failed: code expected to equal /

****** received  : [[[400]]]

****** comparison: [[[201]]]

/",188,440,1,3,http://localhost:8004/reviews/,2,0,0
1777222134145,3,GET /restaurants?q=ramen,200,OK,Restaurant Search Load Test 2-397,text,true,,587,137,1,2,http://localhost:8002/restaurants/?q=ramen,3,0,0
1777222134095,172,POST /auth/login,200,OK,Login Load Test 1-397,text,true,,316,251,1,2,http://localhost:8001/auth/login,172,0,0
1777222134174,172,Login for Token,200,OK,Review Submission Load Test 3-397,text,true,,316,251,1,2,http://localhost:8001/auth/login,172,0,1
1777222134346,2,POST /reviews/,400,Bad Request,Review Submission Load Test 3-397,text,false,"Test failed: code expected to equal /

****** received  : [[[400]]]

****** comparison: [[[201]]]

/",188,440,1,3,http://localhost:8004/reviews/,2,0,0
1777222134346,3,GET /restaurants?q=ramen,200,OK,Restaurant Search Load Test 2-398,text,true,,587,137,1,2,http://localhost:8002/restaurants/?q=ramen,3,0,0
1777222134295,172,POST /auth/login,200,OK,Login Load Test 1-398,text,true,,316,251,1,2,http://localhost:8001/auth/login,172,0,0
1777222134374,172,Login for Token,200,OK,Review Submission Load Test 3-398,text,true,,316,251,1,3,http://localhost:8001/auth/login,172,0,0
1777222134547,1,POST /reviews/,400,Bad Request,Review Submission Load Test 3-398,text,false,"Test failed: code expected to equal /

****** received  : [[[400]]]

****** comparison: [[[201]]]

/",188,440,1,3,http://localhost:8004/reviews/,1,0,0
1777222134545,4,GET /restaurants?q=ramen,200,OK,Restaurant Search Load Test 2-399,text,true,,587,137,1,2,http://localhost:8002/restaurants/?q=ramen,4,0,1
1777222134493,172,POST /auth/login,200,OK,Login Load Test 1-399,text,true,,316,251,1,2,http://localhost:8001/auth/login,172,0,0
1777222134741,3,GET /restaurants?q=ramen,200,OK,Restaurant Search Load Test 2-400,text,true,,587,137,1,3,http://localhost:8002/restaurants/?q=ramen,3,0,0
1777222134574,172,Login for Token,200,OK,Review Submission Load Test 3-399,text,true,,316,251,1,2,http://localhost:8001/auth/login,172,0,1
1777222134746,2,POST /reviews/,400,Bad Request,Review Submission Load Test 3-399,text,false,"Test failed: code expected to equal /

****** received  : [[[400]]]

****** comparison: [[[201]]]

/",188,440,1,2,http://localhost:8004/reviews/,2,0,0
1777222134692,171,POST /auth/login,200,OK,Login Load Test 1-400,text,true,,316,251,1,2,http://localhost:8001/auth/login,171,0,0
1777222134774,172,Login for Token,200,OK,Review Submission Load Test 3-400,text,true,,316,251,1,1,http://localhost:8001/auth/login,172,0,0
1777222134946,3,POST /reviews/,400,Bad Request,Review Submission Load Test 3-400,text,false,"Test failed: code expected to equal /

****** received  : [[[400]]]

****** comparison: [[[201]]]

/",188,440,1,1,http://localhost:8004/reviews/,3,0,0
