timeStamp,elapsed,label,responseCode,responseMessage,threadName,dataType,success,failureMessage,bytes,sentBytes,grpThreads,allThreads,URL,Latency,IdleTime,Connect
1777162929512,15,GET /restaurants?q=ramen,200,OK,Restaurant Search Load Test 2-1,text,true,,587,137,2,4,http://localhost:8002/restaurants/?q=ramen,15,0,9
1777162929520,7,GET /restaurants?q=ramen,200,OK,Restaurant Search Load Test 2-2,text,true,,587,137,2,4,http://localhost:8002/restaurants/?q=ramen,7,0,1
1777162929574,3,GET /restaurants?q=ramen,200,OK,Restaurant Search Load Test 2-3,text,true,,587,137,1,5,http://localhost:8002/restaurants/?q=ramen,3,0,0
1777162929621,4,GET /restaurants?q=ramen,200,OK,Restaurant Search Load Test 2-4,text,true,,587,137,1,7,http://localhost:8002/restaurants/?q=ramen,4,0,0
1777162929673,4,GET /restaurants?q=ramen,200,OK,Restaurant Search Load Test 2-5,text,true,,587,137,1,9,http://localhost:8002/restaurants/?q=ramen,4,0,1
1777162929512,195,POST /auth/login,200,OK,Login Load Test 1-1,text,true,,316,249,5,10,http://localhost:8001/auth/login,195,0,9
1777162929512,197,Login for Token,200,OK,Review Submission Load Test 3-1,text,true,,316,249,5,9,http://localhost:8001/auth/login,197,0,9
1777162929711,2,POST /reviews/,201,Created,Review Submission Load Test 3-1,text,true,,380,440,5,9,http://localhost:8004/reviews/,2,0,0
1777162929717,3,GET /restaurants?q=ramen,200,OK,Restaurant Search Load Test 2-6,text,true,,587,137,1,9,http://localhost:8002/restaurants/?q=ramen,3,0,1
1777162929537,188,POST /auth/login,200,OK,Login Load Test 1-2,text,true,,316,249,4,8,http://localhost:8001/auth/login,188,0,0
1777162929544,185,Login for Token,200,OK,Review Submission Load Test 3-2,text,true,,316,249,4,7,http://localhost:8001/auth/login,185,0,0
1777162929730,2,POST /reviews/,201,Created,Review Submission Load Test 3-2,text,true,,380,440,4,7,http://localhost:8004/reviews/,2,0,0
1777162929772,4,GET /restaurants?q=ramen,200,OK,Restaurant Search Load Test 2-7,text,true,,587,137,1,9,http://localhost:8002/restaurants/?q=ramen,4,0,1
1777162929822,4,GET /restaurants?q=ramen,200,OK,Restaurant Search Load Test 2-8,text,true,,587,137,1,11,http://localhost:8002/restaurants/?q=ramen,3,0,0
1777162929872,2,GET /restaurants?q=ramen,200,OK,Restaurant Search Load Test 2-9,text,true,,587,137,1,13,http://localhost:8002/restaurants/?q=ramen,2,0,0
1777162929734,183,POST /auth/login,200,OK,Login Load Test 1-6,text,true,,316,250,7,14,http://localhost:8001/auth/login,183,0,0
1777162929921,3,GET /restaurants?q=ramen,200,OK,Restaurant Search Load Test 2-10,text,true,,587,137,1,14,http://localhost:8002/restaurants/?q=ramen,3,0,0
1777162929743,186,Login for Token,200,OK,Review Submission Load Test 3-6,text,true,,316,250,7,13,http://localhost:8001/auth/login,186,0,0
1777162929929,3,POST /reviews/,201,Created,Review Submission Load Test 3-6,text,true,,380,440,7,13,http://localhost:8004/reviews/,3,0,0
1777162929785,185,POST /auth/login,200,OK,Login Load Test 1-7,text,true,,316,250,7,15,http://localhost:8001/auth/login,185,0,0
1777162929969,3,GET /restaurants?q=ramen,200,OK,Restaurant Search Load Test 2-11,text,true,,587,137,1,14,http://localhost:8002/restaurants/?q=ramen,3,0,0
1777162930019,3,GET /restaurants?q=ramen,200,OK,Restaurant Search Load Test 2-12,text,true,,587,137,1,16,http://localhost:8002/restaurants/?q=ramen,3,0,1
1777162930069,4,GET /restaurants?q=ramen,200,OK,Restaurant Search Load Test 2-13,text,true,,587,137,1,18,http://localhost:8002/restaurants/?q=ramen,4,0,0
1777162929935,185,POST /auth/login,200,OK,Login Load Test 1-10,text,true,,316,250,9,20,http://localhost:8001/auth/login,185,0,0
1777162930120,3,GET /restaurants?q=ramen,200,OK,Restaurant Search Load Test 2-14,text,true,,587,137,1,19,http://localhost:8002/restaurants/?q=ramen,3,0,0
1777162929942,210,Login for Token,200,OK,Review Submission Load Test 3-10,text,true,,316,250,11,20,http://localhost:8001/auth/login,210,0,0
1777162930152,3,POST /reviews/,201,Created,Review Submission Load Test 3-10,text,true,,380,440,11,20,http://localhost:8004/reviews/,3,0,1
1777162930169,3,GET /restaurants?q=ramen,200,OK,Restaurant Search Load Test 2-15,text,true,,587,137,1,20,http://localhost:8002/restaurants/?q=ramen,3,0,0
1777162930219,3,GET /restaurants?q=ramen,200,OK,Restaurant Search Load Test 2-16,text,true,,587,137,1,22,http://localhost:8002/restaurants/?q=ramen,3,0,0
1777162930270,4,GET /restaurants?q=ramen,200,OK,Restaurant Search Load Test 2-17,text,true,,587,137,1,24,http://localhost:8002/restaurants/?q=ramen,4,0,0
1777162930320,4,GET /restaurants?q=ramen,200,OK,Restaurant Search Load Test 2-18,text,true,,587,137,1,26,http://localhost:8002/restaurants/?q=ramen,4,0,0
1777162930365,5,GET /restaurants?q=ramen,200,OK,Restaurant Search Load Test 2-19,text,true,,587,137,1,28,http://localhost:8002/restaurants/?q=ramen,5,0,1
1777162930419,4,GET /restaurants?q=ramen,200,OK,Restaurant Search Load Test 2-20,text,true,,587,137,1,30,http://localhost:8002/restaurants/?q=ramen,4,0,0
1777162929882,575,POST /auth/login,200,OK,Login Load Test 1-9,text,true,,316,250,15,31,http://localhost:8001/auth/login,575,0,0
1777162929843,614,Login for Token,200,OK,Review Submission Load Test 3-8,text,true,,316,250,16,31,http://localhost:8001/auth/login,614,0,0
1777162929893,565,Login for Token,200,OK,Review Submission Load Test 3-9,text,true,,316,250,16,30,http://localhost:8001/auth/login,565,0,0
1777162930458,4,POST /reviews/,201,Created,Review Submission Load Test 3-8,text,true,,380,440,16,30,http://localhost:8004/reviews/,4,0,0
1777162930459,3,POST /reviews/,201,Created,Review Submission Load Test 3-9,text,true,,380,440,15,29,http://localhost:8004/reviews/,3,0,0
1777162930465,3,GET /restaurants?q=ramen,200,OK,Restaurant Search Load Test 2-21,text,true,,587,137,1,29,http://localhost:8002/restaurants/?q=ramen,3,0,1
1777162930143,376,Login for Token,200,OK,Review Submission Load Test 3-14,text,true,,316,250,15,30,http://localhost:8001/auth/login,376,0,0
1777162930133,387,POST /auth/login,200,OK,Login Load Test 1-14,text,true,,316,250,15,31,http://localhost:8001/auth/login,387,0,1
1777162930520,2,POST /reviews/,201,Created,Review Submission Load Test 3-14,text,true,,380,440,15,30,http://localhost:8004/reviews/,2,0,0
1777162930520,2,GET /restaurants?q=ramen,200,OK,Restaurant Search Load Test 2-22,text,true,,587,137,1,30,http://localhost:8002/restaurants/?q=ramen,2,0,0
1777162930564,4,GET /restaurants?q=ramen,200,OK,Restaurant Search Load Test 2-23,text,true,,587,137,1,31,http://localhost:8002/restaurants/?q=ramen,3,0,0
1777162930619,3,GET /restaurants?q=ramen,200,OK,Restaurant Search Load Test 2-24,text,true,,587,137,1,33,http://localhost:8002/restaurants/?q=ramen,3,0,0
1777162930669,4,GET /restaurants?q=ramen,200,OK,Restaurant Search Load Test 2-25,text,true,,587,137,1,35,http://localhost:8002/restaurants/?q=ramen,4,0,0
1777162930720,15,GET /restaurants?q=ramen,200,OK,Restaurant Search Load Test 2-26,text,true,,587,137,1,38,http://localhost:8002/restaurants/?q=ramen,15,0,1
1777162930769,3,GET /restaurants?q=ramen,200,OK,Restaurant Search Load Test 2-27,text,true,,587,137,1,39,http://localhost:8002/restaurants/?q=ramen,3,0,0
1777162929633,1167,POST /auth/login,200,OK,Login Load Test 1-4,text,true,,316,249,20,40,http://localhost:8001/auth/login,1167,0,1
1777162929684,1117,POST /auth/login,200,OK,Login Load Test 1-5,text,true,,316,249,20,40,http://localhost:8001/auth/login,1117,0,0
1777162929579,1222,POST /auth/login,200,OK,Login Load Test 1-3,text,true,,316,249,20,40,http://localhost:8001/auth/login,1222,0,0
1777162929593,1208,Login for Token,200,OK,Review Submission Load Test 3-3,text,true,,316,249,20,40,http://localhost:8001/auth/login,1208,0,0
1777162929643,1158,Login for Token,200,OK,Review Submission Load Test 3-4,text,true,,316,249,20,40,http://localhost:8001/auth/login,1158,0,0
1777162929693,1110,Login for Token,200,OK,Review Submission Load Test 3-5,text,true,,316,250,20,37,http://localhost:8001/auth/login,1110,0,0
1777162930801,4,POST /reviews/,201,Created,Review Submission Load Test 3-3,text,true,,380,440,20,37,http://localhost:8004/reviews/,4,0,0
1777162930801,4,POST /reviews/,201,Created,Review Submission Load Test 3-4,text,true,,380,440,20,37,http://localhost:8004/reviews/,4,0,0
1777162930804,3,POST /reviews/,201,Created,Review Submission Load Test 3-5,text,true,,380,440,18,35,http://localhost:8004/reviews/,3,0,0
1777162930818,3,GET /restaurants?q=ramen,200,OK,Restaurant Search Load Test 2-28,text,true,,587,137,1,35,http://localhost:8002/restaurants/?q=ramen,3,0,1
1777162930867,2,GET /restaurants?q=ramen,200,OK,Restaurant Search Load Test 2-29,text,true,,587,137,1,37,http://localhost:8002/restaurants/?q=ramen,2,0,1
1777162930915,2,GET /restaurants?q=ramen,200,OK,Restaurant Search Load Test 2-30,text,true,,587,137,1,39,http://localhost:8002/restaurants/?q=ramen,2,0,0
1777162930969,2,GET /restaurants?q=ramen,200,OK,Restaurant Search Load Test 2-31,text,true,,587,137,1,41,http://localhost:8002/restaurants/?q=ramen,2,0,1
1777162931019,2,GET /restaurants?q=ramen,200,OK,Restaurant Search Load Test 2-32,text,true,,587,137,1,43,http://localhost:8002/restaurants/?q=ramen,2,0,1
1777162930032,1007,POST /auth/login,200,OK,Login Load Test 1-12,text,true,,316,250,22,44,http://localhost:8001/auth/login,1007,0,0
1777162930043,996,Login for Token,200,OK,Review Submission Load Test 3-12,text,true,,316,250,22,44,http://localhost:8001/auth/login,996,0,1
1777162930090,949,Login for Token,200,OK,Review Submission Load Test 3-13,text,true,,316,250,22,44,http://localhost:8001/auth/login,949,0,0
1777162929991,1048,Login for Token,200,OK,Review Submission Load Test 3-11,text,true,,316,250,22,44,http://localhost:8001/auth/login,1048,0,0
1777162930080,959,POST /auth/login,200,OK,Login Load Test 1-13,text,true,,316,250,21,43,http://localhost:8001/auth/login,959,0,0
1777162931039,2,POST /reviews/,201,Created,Review Submission Load Test 3-13,text,true,,380,440,22,42,http://localhost:8004/reviews/,2,0,0
1777162931039,2,POST /reviews/,201,Created,Review Submission Load Test 3-12,text,true,,380,440,22,42,http://localhost:8004/reviews/,2,0,0
1777162931039,3,POST /reviews/,201,Created,Review Submission Load Test 3-11,text,true,,380,440,22,42,http://localhost:8004/reviews/,3,0,0
1777162931070,2,GET /restaurants?q=ramen,200,OK,Restaurant Search Load Test 2-33,text,true,,587,137,1,40,http://localhost:8002/restaurants/?q=ramen,2,0,0
1777162931117,2,GET /restaurants?q=ramen,200,OK,Restaurant Search Load Test 2-34,text,true,,587,137,1,42,http://localhost:8002/restaurants/?q=ramen,2,0,0
1777162931169,3,GET /restaurants?q=ramen,200,OK,Restaurant Search Load Test 2-35,text,true,,587,137,1,44,http://localhost:8002/restaurants/?q=ramen,3,0,0
1777162931219,4,GET /restaurants?q=ramen,200,OK,Restaurant Search Load Test 2-36,text,true,,587,137,1,46,http://localhost:8002/restaurants/?q=ramen,4,0,0
1777162930243,1012,Login for Token,200,OK,Review Submission Load Test 3-16,text,true,,316,250,23,47,http://localhost:8001/auth/login,1012,0,0
1777162930282,973,POST /auth/login,200,OK,Login Load Test 1-17,text,true,,316,250,24,47,http://localhost:8001/auth/login,973,0,0
1777162930491,764,Login for Token,200,OK,Review Submission Load Test 3-21,text,true,,316,250,23,47,http://localhost:8001/auth/login,764,0,0
1777162930477,780,POST /auth/login,200,OK,Login Load Test 1-21,text,true,,316,250,23,46,http://localhost:8001/auth/login,780,0,0
1777162931255,4,POST /reviews/,201,Created,Review Submission Load Test 3-16,text,true,,380,440,23,45,http://localhost:8004/reviews/,4,0,1
1777162931256,3,POST /reviews/,201,Created,Review Submission Load Test 3-21,text,true,,380,440,22,44,http://localhost:8004/reviews/,3,0,0
1777162931267,3,GET /restaurants?q=ramen,200,OK,Restaurant Search Load Test 2-37,text,true,,587,137,1,44,http://localhost:8002/restaurants/?q=ramen,3,0,1
1777162931315,3,GET /restaurants?q=ramen,200,OK,Restaurant Search Load Test 2-38,text,true,,587,137,1,46,http://localhost:8002/restaurants/?q=ramen,2,0,0
1777162931369,3,GET /restaurants?q=ramen,200,OK,Restaurant Search Load Test 2-39,text,true,,587,137,1,48,http://localhost:8002/restaurants/?q=ramen,3,0,0
1777162931419,3,GET /restaurants?q=ramen,200,OK,Restaurant Search Load Test 2-40,text,true,,587,137,1,50,http://localhost:8002/restaurants/?q=ramen,3,0,0
1777162931469,4,GET /restaurants?q=ramen,200,OK,Restaurant Search Load Test 2-41,text,true,,587,137,1,52,http://localhost:8002/restaurants/?q=ramen,3,0,0
1777162931520,3,GET /restaurants?q=ramen,200,OK,Restaurant Search Load Test 2-42,text,true,,587,137,1,54,http://localhost:8002/restaurants/?q=ramen,3,0,0
1777162931565,3,GET /restaurants?q=ramen,200,OK,Restaurant Search Load Test 2-43,text,true,,587,137,1,56,http://localhost:8002/restaurants/?q=ramen,3,0,0
1777162931618,4,GET /restaurants?q=ramen,200,OK,Restaurant Search Load Test 2-44,text,true,,587,137,1,58,http://localhost:8002/restaurants/?q=ramen,4,0,1
1777162931666,3,GET /restaurants?q=ramen,200,OK,Restaurant Search Load Test 2-45,text,true,,587,137,1,60,http://localhost:8002/restaurants/?q=ramen,3,0,0
1777162931719,3,GET /restaurants?q=ramen,200,OK,Restaurant Search Load Test 2-46,text,true,,587,137,1,62,http://localhost:8002/restaurants/?q=ramen,3,0,0
1777162931768,4,GET /restaurants?q=ramen,200,OK,Restaurant Search Load Test 2-47,text,true,,587,137,1,65,http://localhost:8002/restaurants/?q=ramen,4,0,0
1777162931818,3,GET /restaurants?q=ramen,200,OK,Restaurant Search Load Test 2-48,text,true,,587,137,1,66,http://localhost:8002/restaurants/?q=ramen,3,0,0
1777162931869,3,GET /restaurants?q=ramen,200,OK,Restaurant Search Load Test 2-49,text,true,,587,137,1,68,http://localhost:8002/restaurants/?q=ramen,3,0,0
1777162931919,2,GET /restaurants?q=ramen,200,OK,Restaurant Search Load Test 2-50,text,true,,587,137,1,70,http://localhost:8002/restaurants/?q=ramen,2,0,0
1777162931969,3,GET /restaurants?q=ramen,200,OK,Restaurant Search Load Test 2-51,text,true,,587,137,1,72,http://localhost:8002/restaurants/?q=ramen,3,0,0
1777162932018,4,GET /restaurants?q=ramen,200,OK,Restaurant Search Load Test 2-52,text,true,,587,137,1,74,http://localhost:8002/restaurants/?q=ramen,4,0,1
1777162932066,4,GET /restaurants?q=ramen,200,OK,Restaurant Search Load Test 2-53,text,true,,587,137,1,76,http://localhost:8002/restaurants/?q=ramen,4,0,0
1777162930383,1730,POST /auth/login,200,OK,Login Load Test 1-19,text,true,,316,250,39,77,http://localhost:8001/auth/login,1730,0,0
1777162930329,1784,POST /auth/login,200,OK,Login Load Test 1-18,text,true,,316,250,39,77,http://localhost:8001/auth/login,1784,0,0
1777162930393,1720,Login for Token,200,OK,Review Submission Load Test 3-19,text,true,,316,250,38,77,http://localhost:8001/auth/login,1720,0,0
1777162930343,1770,Login for Token,200,OK,Review Submission Load Test 3-18,text,true,,316,250,38,77,http://localhost:8001/auth/login,1770,0,0
1777162930178,1935,POST /auth/login,200,OK,Login Load Test 1-15,text,true,,316,250,39,77,http://localhost:8001/auth/login,1935,0,0
1777162929981,2132,POST /auth/login,200,OK,Login Load Test 1-11,text,true,,316,250,39,77,http://localhost:8001/auth/login,2132,0,0
1777162930293,1820,Login for Token,200,OK,Review Submission Load Test 3-17,text,true,,316,250,38,77,http://localhost:8001/auth/login,1820,0,0
1777162930431,1682,POST /auth/login,200,OK,Login Load Test 1-20,text,true,,316,250,39,77,http://localhost:8001/auth/login,1682,0,1
1777162930443,1672,Login for Token,200,OK,Review Submission Load Test 3-20,text,true,,316,250,38,73,http://localhost:8001/auth/login,1671,0,0
1777162932113,3,POST /reviews/,201,Created,Review Submission Load Test 3-17,text,true,,380,440,38,73,http://localhost:8004/reviews/,3,0,1
1777162932113,3,POST /reviews/,201,Created,Review Submission Load Test 3-18,text,true,,380,440,38,73,http://localhost:8004/reviews/,3,0,1
1777162932113,3,POST /reviews/,201,Created,Review Submission Load Test 3-19,text,true,,380,440,36,71,http://localhost:8004/reviews/,3,0,1
1777162932114,3,GET /restaurants?q=ramen,200,OK,Restaurant Search Load Test 2-54,text,true,,587,137,1,70,http://localhost:8002/restaurants/?q=ramen,3,0,0
1777162932115,3,POST /reviews/,201,Created,Review Submission Load Test 3-20,text,true,,380,440,35,69,http://localhost:8004/reviews/,3,0,0
1777162932169,4,GET /restaurants?q=ramen,200,OK,Restaurant Search Load Test 2-55,text,true,,587,137,1,72,http://localhost:8002/restaurants/?q=ramen,4,0,0
1777162932218,3,GET /restaurants?q=ramen,200,OK,Restaurant Search Load Test 2-56,text,true,,587,137,1,73,http://localhost:8002/restaurants/?q=ramen,3,0,0
1777162932269,3,GET /restaurants?q=ramen,200,OK,Restaurant Search Load Test 2-57,text,true,,587,137,1,76,http://localhost:8002/restaurants/?q=ramen,3,0,1
1777162932320,3,GET /restaurants?q=ramen,200,OK,Restaurant Search Load Test 2-58,text,true,,587,137,1,77,http://localhost:8002/restaurants/?q=ramen,3,0,0
1777162932369,3,GET /restaurants?q=ramen,200,OK,Restaurant Search Load Test 2-59,text,true,,587,137,1,80,http://localhost:8002/restaurants/?q=ramen,3,0,0
1777162932419,3,GET /restaurants?q=ramen,200,OK,Restaurant Search Load Test 2-60,text,true,,587,137,1,81,http://localhost:8002/restaurants/?q=ramen,3,0,0
1777162932469,3,GET /restaurants?q=ramen,200,OK,Restaurant Search Load Test 2-61,text,true,,587,137,1,84,http://localhost:8002/restaurants/?q=ramen,3,0,0
1777162932517,3,GET /restaurants?q=ramen,200,OK,Restaurant Search Load Test 2-62,text,true,,587,137,1,85,http://localhost:8002/restaurants/?q=ramen,3,0,0
1777162932569,3,GET /restaurants?q=ramen,200,OK,Restaurant Search Load Test 2-63,text,true,,587,137,1,88,http://localhost:8002/restaurants/?q=ramen,3,0,0
1777162932616,3,GET /restaurants?q=ramen,200,OK,Restaurant Search Load Test 2-64,text,true,,587,137,1,89,http://localhost:8002/restaurants/?q=ramen,3,0,0
1777162932669,3,GET /restaurants?q=ramen,200,OK,Restaurant Search Load Test 2-65,text,true,,587,137,1,91,http://localhost:8002/restaurants/?q=ramen,3,0,0
1777162930892,1794,Login for Token,200,OK,Review Submission Load Test 3-29,text,true,,316,250,45,91,http://localhost:8001/auth/login,1794,0,0
1777162931030,1657,POST /auth/login,200,OK,Login Load Test 1-32,text,true,,316,250,46,91,http://localhost:8001/auth/login,1657,0,0
1777162930232,2455,POST /auth/login,200,OK,Login Load Test 1-16,text,true,,316,250,46,91,http://localhost:8001/auth/login,2455,0,0
1777162930938,1749,Login for Token,200,OK,Review Submission Load Test 3-30,text,true,,316,250,45,91,http://localhost:8001/auth/login,1749,0,0
1777162930927,1760,POST /auth/login,200,OK,Login Load Test 1-30,text,true,,316,250,46,91,http://localhost:8001/auth/login,1760,0,1
1777162930193,2494,Login for Token,200,OK,Review Submission Load Test 3-15,text,true,,316,250,45,91,http://localhost:8001/auth/login,2494,0,0
1777162930979,1708,POST /auth/login,200,OK,Login Load Test 1-31,text,true,,316,250,46,91,http://localhost:8001/auth/login,1708,0,0
1777162930990,1697,Login for Token,200,OK,Review Submission Load Test 3-31,text,true,,316,250,45,87,http://localhost:8001/auth/login,1697,0,1
1777162931038,1650,Login for Token,200,OK,Review Submission Load Test 3-32,text,true,,316,250,45,87,http://localhost:8001/auth/login,1650,0,1
1777162932687,2,POST /reviews/,201,Created,Review Submission Load Test 3-15,text,true,,380,440,45,87,http://localhost:8004/reviews/,2,0,0
1777162932687,2,POST /reviews/,201,Created,Review Submission Load Test 3-29,text,true,,380,440,45,87,http://localhost:8004/reviews/,2,0,0
1777162932687,3,POST /reviews/,201,Created,Review Submission Load Test 3-30,text,true,,380,440,45,87,http://localhost:8004/reviews/,3,0,0
1777162932687,3,POST /reviews/,201,Created,Review Submission Load Test 3-31,text,true,,380,440,42,84,http://localhost:8004/reviews/,3,0,1
1777162932688,2,POST /reviews/,201,Created,Review Submission Load Test 3-32,text,true,,380,440,41,83,http://localhost:8004/reviews/,2,0,0
1777162932715,2,GET /restaurants?q=ramen,200,OK,Restaurant Search Load Test 2-66,text,true,,587,137,1,84,http://localhost:8002/restaurants/?q=ramen,2,0,0
1777162930828,1897,POST /auth/login,200,OK,Login Load Test 1-28,text,true,,316,250,43,84,http://localhost:8001/auth/login,1897,0,0
1777162931129,1596,POST /auth/login,200,OK,Login Load Test 1-34,text,true,,316,250,43,84,http://localhost:8001/auth/login,1596,0,0
1777162931179,1546,POST /auth/login,200,OK,Login Load Test 1-35,text,true,,316,250,43,84,http://localhost:8001/auth/login,1546,0,0
1777162930574,2151,POST /auth/login,200,OK,Login Load Test 1-23,text,true,,316,250,43,84,http://localhost:8001/auth/login,2151,0,0
1777162931142,1583,Login for Token,200,OK,Review Submission Load Test 3-34,text,true,,316,250,41,84,http://localhost:8001/auth/login,1583,0,1
1777162931228,1497,POST /auth/login,200,OK,Login Load Test 1-36,text,true,,316,250,39,80,http://localhost:8001/auth/login,1497,0,1
1777162931194,1531,Login for Token,200,OK,Review Submission Load Test 3-35,text,true,,316,250,41,80,http://localhost:8001/auth/login,1531,0,0
1777162931244,1482,Login for Token,200,OK,Review Submission Load Test 3-36,text,true,,316,250,41,79,http://localhost:8001/auth/login,1482,0,0
1777162932725,2,POST /reviews/,201,Created,Review Submission Load Test 3-34,text,true,,380,440,41,79,http://localhost:8004/reviews/,2,0,0
1777162932726,2,POST /reviews/,201,Created,Review Submission Load Test 3-35,text,true,,380,440,40,78,http://localhost:8004/reviews/,2,0,0
1777162932726,2,POST /reviews/,201,Created,Review Submission Load Test 3-36,text,true,,380,440,39,77,http://localhost:8004/reviews/,2,0,0
1777162932769,4,GET /restaurants?q=ramen,200,OK,Restaurant Search Load Test 2-67,text,true,,587,137,1,78,http://localhost:8002/restaurants/?q=ramen,4,0,0
1777162929793,3020,Login for Token,200,OK,Review Submission Load Test 3-7,text,true,,316,250,40,79,http://localhost:8001/auth/login,3020,0,0
1777162930731,2082,POST /auth/login,200,OK,Login Load Test 1-26,text,true,,316,250,39,79,http://localhost:8001/auth/login,2082,0,0
1777162930780,2033,POST /auth/login,200,OK,Login Load Test 1-27,text,true,,316,250,39,79,http://localhost:8001/auth/login,2033,0,0
1777162930593,2220,Login for Token,200,OK,Review Submission Load Test 3-23,text,true,,316,250,40,79,http://localhost:8001/auth/login,2220,0,0
1777162930739,2074,Login for Token,200,OK,Review Submission Load Test 3-26,text,true,,316,250,40,78,http://localhost:8001/auth/login,2074,0,0
1777162930679,2134,POST /auth/login,200,OK,Login Load Test 1-25,text,true,,316,250,39,79,http://localhost:8001/auth/login,2134,0,0
1777162930628,2185,POST /auth/login,200,OK,Login Load Test 1-24,text,true,,316,250,37,77,http://localhost:8001/auth/login,2185,0,0
1777162930644,2169,Login for Token,200,OK,Review Submission Load Test 3-24,text,true,,316,250,40,77,http://localhost:8001/auth/login,2169,0,0
1777162929835,2978,POST /auth/login,200,OK,Login Load Test 1-8,text,true,,316,250,37,77,http://localhost:8001/auth/login,2978,0,1
1777162930694,2119,Login for Token,200,OK,Review Submission Load Test 3-25,text,true,,316,250,40,77,http://localhost:8001/auth/login,2119,0,0
1777162930793,2022,Login for Token,200,OK,Review Submission Load Test 3-27,text,true,,316,250,40,74,http://localhost:8001/auth/login,2022,0,0
1777162932813,3,POST /reviews/,201,Created,Review Submission Load Test 3-7,text,true,,380,440,40,74,http://localhost:8004/reviews/,3,0,0
1777162932813,3,POST /reviews/,201,Created,Review Submission Load Test 3-23,text,true,,380,440,40,75,http://localhost:8004/reviews/,3,0,0
1777162932813,3,POST /reviews/,201,Created,Review Submission Load Test 3-24,text,true,,380,440,40,74,http://localhost:8004/reviews/,3,0,1
1777162932813,4,POST /reviews/,201,Created,Review Submission Load Test 3-26,text,true,,380,440,37,72,http://localhost:8004/reviews/,4,0,0
1777162932815,3,POST /reviews/,201,Created,Review Submission Load Test 3-27,text,true,,380,440,36,71,http://localhost:8004/reviews/,3,0,0
1777162932817,2,GET /restaurants?q=ramen,200,OK,Restaurant Search Load Test 2-68,text,true,,587,137,1,70,http://localhost:8002/restaurants/?q=ramen,2,0,0
1777162932814,19,POST /reviews/,201,Created,Review Submission Load Test 3-25,text,true,,380,440,35,70,http://localhost:8004/reviews/,19,0,0
1777162932867,3,GET /restaurants?q=ramen,200,OK,Restaurant Search Load Test 2-69,text,true,,587,137,1,71,http://localhost:8002/restaurants/?q=ramen,3,0,1
1777162932919,4,GET /restaurants?q=ramen,200,OK,Restaurant Search Load Test 2-70,text,true,,587,137,1,73,http://localhost:8002/restaurants/?q=ramen,4,0,1
1777162932970,3,GET /restaurants?q=ramen,200,OK,Restaurant Search Load Test 2-71,text,true,,587,137,1,75,http://localhost:8002/restaurants/?q=ramen,3,0,0
1777162933020,3,GET /restaurants?q=ramen,200,OK,Restaurant Search Load Test 2-72,text,true,,587,137,1,78,http://localhost:8002/restaurants/?q=ramen,3,0,0
1777162933069,3,GET /restaurants?q=ramen,200,OK,Restaurant Search Load Test 2-73,text,true,,587,137,1,80,http://localhost:8002/restaurants/?q=ramen,3,0,0
1777162933119,4,GET /restaurants?q=ramen,200,OK,Restaurant Search Load Test 2-74,text,true,,587,137,1,82,http://localhost:8002/restaurants/?q=ramen,4,0,1
1777162933168,4,GET /restaurants?q=ramen,200,OK,Restaurant Search Load Test 2-75,text,true,,587,137,1,83,http://localhost:8002/restaurants/?q=ramen,4,0,1
1777162933215,4,GET /restaurants?q=ramen,200,OK,Restaurant Search Load Test 2-76,text,true,,587,137,1,85,http://localhost:8002/restaurants/?q=ramen,4,0,0
1777162933264,4,GET /restaurants?q=ramen,200,OK,Restaurant Search Load Test 2-77,text,true,,587,137,1,87,http://localhost:8002/restaurants/?q=ramen,4,0,0
1777162933319,3,GET /restaurants?q=ramen,200,OK,Restaurant Search Load Test 2-78,text,true,,587,137,1,90,http://localhost:8002/restaurants/?q=ramen,3,0,0
1777162933368,4,GET /restaurants?q=ramen,200,OK,Restaurant Search Load Test 2-79,text,true,,587,137,1,92,http://localhost:8002/restaurants/?q=ramen,4,0,1
1777162933419,3,GET /restaurants?q=ramen,200,OK,Restaurant Search Load Test 2-80,text,true,,587,137,1,94,http://localhost:8002/restaurants/?q=ramen,3,0,0
1777162933469,3,GET /restaurants?q=ramen,200,OK,Restaurant Search Load Test 2-81,text,true,,587,137,1,96,http://localhost:8002/restaurants/?q=ramen,3,0,0
1777162933519,3,GET /restaurants?q=ramen,200,OK,Restaurant Search Load Test 2-82,text,true,,587,137,1,98,http://localhost:8002/restaurants/?q=ramen,3,0,0
1777162933568,4,GET /restaurants?q=ramen,200,OK,Restaurant Search Load Test 2-83,text,true,,587,137,1,100,http://localhost:8002/restaurants/?q=ramen,4,0,1
1777162933619,3,GET /restaurants?q=ramen,200,OK,Restaurant Search Load Test 2-84,text,true,,587,137,1,102,http://localhost:8002/restaurants/?q=ramen,3,0,0
1777162933667,3,GET /restaurants?q=ramen,200,OK,Restaurant Search Load Test 2-85,text,true,,587,137,1,104,http://localhost:8002/restaurants/?q=ramen,3,0,0
1777162933718,4,GET /restaurants?q=ramen,200,OK,Restaurant Search Load Test 2-86,text,true,,587,137,1,106,http://localhost:8002/restaurants/?q=ramen,4,0,1
1777162933770,3,GET /restaurants?q=ramen,200,OK,Restaurant Search Load Test 2-87,text,true,,587,137,1,108,http://localhost:8002/restaurants/?q=ramen,3,0,0
1777162933817,3,GET /restaurants?q=ramen,200,OK,Restaurant Search Load Test 2-88,text,true,,587,137,1,109,http://localhost:8002/restaurants/?q=ramen,3,0,0
1777162933869,3,GET /restaurants?q=ramen,200,OK,Restaurant Search Load Test 2-89,text,true,,587,137,1,112,http://localhost:8002/restaurants/?q=ramen,3,0,0
1777162933919,2,GET /restaurants?q=ramen,200,OK,Restaurant Search Load Test 2-90,text,true,,587,137,1,114,http://localhost:8002/restaurants/?q=ramen,2,0,0
1777162933969,4,GET /restaurants?q=ramen,200,OK,Restaurant Search Load Test 2-91,text,true,,587,137,1,116,http://localhost:8002/restaurants/?q=ramen,4,0,0
1777162931290,2719,Login for Token,200,OK,Review Submission Load Test 3-37,text,true,,316,250,58,116,http://localhost:8001/auth/login,2719,0,1
1777162934009,2,POST /reviews/,201,Created,Review Submission Load Test 3-37,text,true,,380,440,58,116,http://localhost:8004/reviews/,2,0,0
1777162934019,2,GET /restaurants?q=ramen,200,OK,Restaurant Search Load Test 2-92,text,true,,587,137,1,117,http://localhost:8002/restaurants/?q=ramen,2,0,0
1777162934069,3,GET /restaurants?q=ramen,200,OK,Restaurant Search Load Test 2-93,text,true,,587,137,1,119,http://localhost:8002/restaurants/?q=ramen,3,0,0
1777162934120,3,GET /restaurants?q=ramen,200,OK,Restaurant Search Load Test 2-94,text,true,,587,137,1,121,http://localhost:8002/restaurants/?q=ramen,3,0,0
1777162931078,3078,POST /auth/login,200,OK,Login Load Test 1-33,text,true,,316,250,61,121,http://localhost:8001/auth/login,3078,0,0
1777162931770,2386,POST /auth/login,200,OK,Login Load Test 1-47,text,true,,316,250,61,121,http://localhost:8001/auth/login,2386,0,0
1777162931090,3066,Login for Token,200,OK,Review Submission Load Test 3-33,text,true,,316,250,60,121,http://localhost:8001/auth/login,3066,0,0
1777162931840,2316,Login for Token,200,OK,Review Submission Load Test 3-48,text,true,,316,250,60,121,http://localhost:8001/auth/login,2316,0,0
1777162934156,2,POST /reviews/,201,Created,Review Submission Load Test 3-33,text,true,,380,440,60,119,http://localhost:8004/reviews/,2,0,0
1777162934156,2,POST /reviews/,201,Created,Review Submission Load Test 3-48,text,true,,380,440,60,119,http://localhost:8004/reviews/,2,0,0
1777162934169,2,GET /restaurants?q=ramen,200,OK,Restaurant Search Load Test 2-95,text,true,,587,137,1,119,http://localhost:8002/restaurants/?q=ramen,2,0,0
1777162934219,4,GET /restaurants?q=ramen,200,OK,Restaurant Search Load Test 2-96,text,true,,587,137,1,121,http://localhost:8002/restaurants/?q=ramen,4,0,1
1777162934266,3,GET /restaurants?q=ramen,200,OK,Restaurant Search Load Test 2-97,text,true,,587,137,1,122,http://localhost:8002/restaurants/?q=ramen,3,0,0
1777162934319,3,GET /restaurants?q=ramen,200,OK,Restaurant Search Load Test 2-98,text,true,,587,137,1,125,http://localhost:8002/restaurants/?q=ramen,3,0,0
1777162931828,2510,POST /auth/login,200,OK,Login Load Test 1-48,text,true,,316,250,63,124,http://localhost:8001/auth/login,2510,0,0
1777162931789,2549,Login for Token,200,OK,Review Submission Load Test 3-47,text,true,,316,250,61,124,http://localhost:8001/auth/login,2549,0,0
1777162931892,2447,Login for Token,200,OK,Review Submission Load Test 3-49,text,true,,316,250,61,124,http://localhost:8001/auth/login,2446,0,0
1777162934339,3,POST /reviews/,201,Created,Review Submission Load Test 3-47,text,true,,380,440,62,124,http://localhost:8004/reviews/,3,0,0
1777162934339,3,POST /reviews/,201,Created,Review Submission Load Test 3-49,text,true,,380,440,62,124,http://localhost:8004/reviews/,3,0,0
1777162934369,3,GET /restaurants?q=ramen,200,OK,Restaurant Search Load Test 2-99,text,true,,587,137,1,124,http://localhost:8002/restaurants/?q=ramen,3,0,0
1777162931280,3094,POST /auth/login,200,OK,Login Load Test 1-37,text,true,,316,250,63,123,http://localhost:8001/auth/login,3094,0,0
1777162931730,2644,POST /auth/login,200,OK,Login Load Test 1-46,text,true,,316,250,63,123,http://localhost:8001/auth/login,2644,0,0
1777162932027,2347,POST /auth/login,200,OK,Login Load Test 1-52,text,true,,316,251,63,123,http://localhost:8001/auth/login,2347,0,0
1777162932043,2331,Login for Token,200,OK,Review Submission Load Test 3-52,text,true,,316,251,60,123,http://localhost:8001/auth/login,2331,0,0
1777162931742,2632,Login for Token,200,OK,Review Submission Load Test 3-46,text,true,,316,250,60,123,http://localhost:8001/auth/login,2632,0,1
1777162934374,2,POST /reviews/,201,Created,Review Submission Load Test 3-52,text,true,,380,440,60,120,http://localhost:8004/reviews/,2,0,1
1777162934374,2,POST /reviews/,201,Created,Review Submission Load Test 3-46,text,true,,380,440,60,120,http://localhost:8004/reviews/,2,0,1
1777162934419,3,GET /restaurants?q=ramen,200,OK,Restaurant Search Load Test 2-100,text,true,,587,137,1,121,http://localhost:8002/restaurants/?q=ramen,3,0,0
1777162934468,3,GET /restaurants?q=ramen,200,OK,Restaurant Search Load Test 2-101,text,true,,587,137,1,122,http://localhost:8002/restaurants/?q=ramen,3,0,1
1777162931329,3170,POST /auth/login,200,OK,Login Load Test 1-38,text,true,,316,250,62,123,http://localhost:8001/auth/login,3170,0,0
1777162930528,3971,POST /auth/login,200,OK,Login Load Test 1-22,text,true,,316,250,62,123,http://localhost:8001/auth/login,3971,0,0
1777162931342,3157,Login for Token,200,OK,Review Submission Load Test 3-38,text,true,,316,250,61,123,http://localhost:8001/auth/login,3157,0,0
1777162931379,3120,POST /auth/login,200,OK,Login Load Test 1-39,text,true,,316,250,62,123,http://localhost:8001/auth/login,3120,0,0
1777162931393,3106,Login for Token,200,OK,Review Submission Load Test 3-39,text,true,,316,250,61,123,http://localhost:8001/auth/login,3106,0,0
1777162931489,3010,Login for Token,200,OK,Review Submission Load Test 3-41,text,true,,316,250,61,123,http://localhost:8001/auth/login,3010,0,1
1777162931443,3056,Login for Token,200,OK,Review Submission Load Test 3-40,text,true,,316,250,61,123,http://localhost:8001/auth/login,3056,0,0
1777162931477,3022,POST /auth/login,200,OK,Login Load Test 1-41,text,true,,316,250,60,121,http://localhost:8001/auth/login,3022,0,1
1777162930543,3956,Login for Token,200,OK,Review Submission Load Test 3-22,text,true,,316,250,61,121,http://localhost:8001/auth/login,3956,0,0
1777162934499,2,POST /reviews/,201,Created,Review Submission Load Test 3-38,text,true,,380,440,61,119,http://localhost:8004/reviews/,2,0,0
1777162934499,2,POST /reviews/,201,Created,Review Submission Load Test 3-39,text,true,,380,440,61,119,http://localhost:8004/reviews/,2,0,0
1777162934499,2,POST /reviews/,201,Created,Review Submission Load Test 3-22,text,true,,380,440,61,119,http://localhost:8004/reviews/,2,0,0
1777162934499,2,POST /reviews/,201,Created,Review Submission Load Test 3-41,text,true,,380,440,61,119,http://localhost:8004/reviews/,2,0,0
1777162934499,3,POST /reviews/,201,Created,Review Submission Load Test 3-40,text,true,,380,440,57,115,http://localhost:8004/reviews/,3,0,0
1777162934518,2,GET /restaurants?q=ramen,200,OK,Restaurant Search Load Test 2-102,text,true,,587,137,1,116,http://localhost:8002/restaurants/?q=ramen,2,0,0
1777162934565,4,GET /restaurants?q=ramen,200,OK,Restaurant Search Load Test 2-103,text,true,,587,137,1,118,http://localhost:8002/restaurants/?q=ramen,4,0,0
1777162934618,3,GET /restaurants?q=ramen,200,OK,Restaurant Search Load Test 2-104,text,true,,587,137,1,120,http://localhost:8002/restaurants/?q=ramen,3,0,0
1777162934668,3,GET /restaurants?q=ramen,200,OK,Restaurant Search Load Test 2-105,text,true,,587,137,1,122,http://localhost:8002/restaurants/?q=ramen,3,0,0
1777162931529,3152,POST /auth/login,200,OK,Login Load Test 1-42,text,true,,316,250,62,121,http://localhost:8001/auth/login,3152,0,0
1777162931428,3253,POST /auth/login,200,OK,Login Load Test 1-40,text,true,,316,250,62,121,http://localhost:8001/auth/login,3253,0,1
1777162931580,3101,POST /auth/login,200,OK,Login Load Test 1-43,text,true,,316,250,62,121,http://localhost:8001/auth/login,3101,0,0
1777162931872,2836,POST /auth/login,200,OK,Login Load Test 1-49,text,true,,316,250,59,119,http://localhost:8001/auth/login,2836,0,1
1777162934714,4,GET /restaurants?q=ramen,200,OK,Restaurant Search Load Test 2-106,text,true,,587,137,1,120,http://localhost:8002/restaurants/?q=ramen,4,0,0
1777162931993,2750,Login for Token,200,OK,Review Submission Load Test 3-51,text,true,,316,251,60,119,http://localhost:8001/auth/login,2750,0,0
1777162932093,2650,Login for Token,200,OK,Review Submission Load Test 3-53,text,true,,316,251,60,119,http://localhost:8001/auth/login,2650,0,0
1777162934742,3,POST /reviews/,201,Created,Review Submission Load Test 3-51,text,true,,380,440,61,120,http://localhost:8004/reviews/,3,0,1
1777162934742,3,POST /reviews/,201,Created,Review Submission Load Test 3-53,text,true,,380,440,61,120,http://localhost:8004/reviews/,3,0,1
1777162934768,4,GET /restaurants?q=ramen,200,OK,Restaurant Search Load Test 2-107,text,true,,587,137,1,120,http://localhost:8002/restaurants/?q=ramen,4,0,0
1777162934817,4,GET /restaurants?q=ramen,200,OK,Restaurant Search Load Test 2-108,text,true,,587,137,1,122,http://localhost:8002/restaurants/?q=ramen,4,0,1
1777162934868,3,GET /restaurants?q=ramen,200,OK,Restaurant Search Load Test 2-109,text,true,,587,137,1,124,http://localhost:8002/restaurants/?q=ramen,3,0,0
1777162934918,3,GET /restaurants?q=ramen,200,OK,Restaurant Search Load Test 2-110,text,true,,587,137,1,126,http://localhost:8002/restaurants/?q=ramen,3,0,0
1777162934968,3,GET /restaurants?q=ramen,200,OK,Restaurant Search Load Test 2-111,text,true,,587,137,1,128,http://localhost:8002/restaurants/?q=ramen,3,0,0
1777162935017,4,GET /restaurants?q=ramen,200,OK,Restaurant Search Load Test 2-112,text,true,,587,137,1,130,http://localhost:8002/restaurants/?q=ramen,4,0,1
1777162931543,3504,Login for Token,200,OK,Review Submission Load Test 3-42,text,true,,316,250,65,130,http://localhost:8001/auth/login,3504,0,0
1777162935047,2,POST /reviews/,201,Created,Review Submission Load Test 3-42,text,true,,380,440,65,130,http://localhost:8004/reviews/,2,0,0
1777162935063,3,GET /restaurants?q=ramen,200,OK,Restaurant Search Load Test 2-113,text,true,,587,137,1,130,http://localhost:8002/restaurants/?q=ramen,3,0,0
1777162931927,3147,POST /auth/login,200,OK,Login Load Test 1-50,text,true,,316,250,66,130,http://localhost:8001/auth/login,3147,0,0
1777162931943,3131,Login for Token,200,OK,Review Submission Load Test 3-50,text,true,,316,251,64,130,http://localhost:8001/auth/login,3131,0,0
1777162935073,2,POST /reviews/,201,Created,Review Submission Load Test 3-50,text,true,,380,440,64,129,http://localhost:8004/reviews/,2,0,0
1777162932077,3034,POST /auth/login,200,OK,Login Load Test 1-53,text,true,,316,251,65,129,http://localhost:8001/auth/login,3034,0,0
1777162932123,2988,POST /auth/login,200,OK,Login Load Test 1-54,text,true,,316,251,65,129,http://localhost:8001/auth/login,2988,0,0
1777162935117,3,GET /restaurants?q=ramen,200,OK,Restaurant Search Load Test 2-114,text,true,,587,137,1,129,http://localhost:8002/restaurants/?q=ramen,3,0,0
1777162935168,4,GET /restaurants?q=ramen,200,OK,Restaurant Search Load Test 2-115,text,true,,587,137,1,131,http://localhost:8002/restaurants/?q=ramen,4,0,0
1777162935218,4,GET /restaurants?q=ramen,200,OK,Restaurant Search Load Test 2-116,text,true,,587,137,1,133,http://localhost:8002/restaurants/?q=ramen,4,0,0
1777162935266,4,GET /restaurants?q=ramen,200,OK,Restaurant Search Load Test 2-117,text,true,,587,137,1,135,http://localhost:8002/restaurants/?q=ramen,4,0,0
1777162935318,3,GET /restaurants?q=ramen,200,OK,Restaurant Search Load Test 2-118,text,true,,587,137,1,137,http://localhost:8002/restaurants/?q=ramen,3,0,0
1777162935368,3,GET /restaurants?q=ramen,200,OK,Restaurant Search Load Test 2-119,text,true,,587,137,1,139,http://localhost:8002/restaurants/?q=ramen,3,0,0
1777162931630,3782,POST /auth/login,200,OK,Login Load Test 1-44,text,true,,316,250,69,139,http://localhost:8001/auth/login,3782,0,0
1777162931593,3819,Login for Token,200,OK,Review Submission Load Test 3-43,text,true,,316,250,70,139,http://localhost:8001/auth/login,3819,0,0
1777162935411,3,POST /reviews/,201,Created,Review Submission Load Test 3-43,text,true,,380,440,70,138,http://localhost:8004/reviews/,2,0,0
1777162935417,2,GET /restaurants?q=ramen,200,OK,Restaurant Search Load Test 2-120,text,true,,587,137,1,139,http://localhost:8002/restaurants/?q=ramen,2,0,0
1777162932673,2762,POST /auth/login,200,OK,Login Load Test 1-65,text,true,,316,251,69,138,http://localhost:8001/auth/login,2762,0,0
1777162931976,3459,POST /auth/login,200,OK,Login Load Test 1-51,text,true,,316,251,69,138,http://localhost:8001/auth/login,3459,0,0
1777162935468,4,GET /restaurants?q=ramen,200,OK,Restaurant Search Load Test 2-121,text,true,,587,137,1,139,http://localhost:8002/restaurants/?q=ramen,4,0,0
1777162932143,3333,Login for Token,200,OK,Review Submission Load Test 3-54,text,true,,316,251,70,138,http://localhost:8001/auth/login,3333,0,0
1777162932190,3286,Login for Token,200,OK,Review Submission Load Test 3-55,text,true,,316,251,70,138,http://localhost:8001/auth/login,3286,0,0
1777162935475,3,POST /reviews/,201,Created,Review Submission Load Test 3-55,text,true,,380,440,70,138,http://localhost:8004/reviews/,3,0,0
1777162935475,3,POST /reviews/,201,Created,Review Submission Load Test 3-54,text,true,,380,440,70,138,http://localhost:8004/reviews/,3,0,0
1777162935517,3,GET /restaurants?q=ramen,200,OK,Restaurant Search Load Test 2-122,text,true,,587,137,1,139,http://localhost:8002/restaurants/?q=ramen,3,0,0
1777162932241,3320,Login for Token,200,OK,Review Submission Load Test 3-56,text,true,,316,251,70,139,http://localhost:8001/auth/login,3320,0,1
1777162935560,3,POST /reviews/,201,Created,Review Submission Load Test 3-56,text,true,,380,440,70,139,http://localhost:8004/reviews/,3,0,0
1777162935567,2,GET /restaurants?q=ramen,200,OK,Restaurant Search Load Test 2-123,text,true,,587,137,1,140,http://localhost:8002/restaurants/?q=ramen,2,0,0
1777162935618,3,GET /restaurants?q=ramen,200,OK,Restaurant Search Load Test 2-124,text,true,,587,137,1,142,http://localhost:8002/restaurants/?q=ramen,3,0,0
1777162935665,4,GET /restaurants?q=ramen,200,OK,Restaurant Search Load Test 2-125,text,true,,587,137,1,144,http://localhost:8002/restaurants/?q=ramen,4,0,0
1777162935718,3,GET /restaurants?q=ramen,200,OK,Restaurant Search Load Test 2-126,text,true,,587,137,1,146,http://localhost:8002/restaurants/?q=ramen,3,0,0
1777162935767,4,GET /restaurants?q=ramen,200,OK,Restaurant Search Load Test 2-127,text,true,,587,137,1,148,http://localhost:8002/restaurants/?q=ramen,4,0,1
1777162931678,4100,POST /auth/login,200,OK,Login Load Test 1-45,text,true,,316,250,74,147,http://localhost:8001/auth/login,4100,0,1
1777162931643,4135,Login for Token,200,OK,Review Submission Load Test 3-44,text,true,,316,250,73,147,http://localhost:8001/auth/login,4135,0,0
1777162935777,2,POST /reviews/,201,Created,Review Submission Load Test 3-44,text,true,,380,440,73,146,http://localhost:8004/reviews/,2,0,0
1777162932820,2983,POST /auth/login,200,OK,Login Load Test 1-68,text,true,,316,251,73,146,http://localhost:8001/auth/login,2983,0,0
1777162932693,3110,Login for Token,200,OK,Review Submission Load Test 3-65,text,true,,316,251,73,146,http://localhost:8001/auth/login,3110,0,0
1777162935802,3,POST /reviews/,201,Created,Review Submission Load Test 3-65,text,true,,380,440,73,145,http://localhost:8004/reviews/,3,0,0
1777162935817,4,GET /restaurants?q=ramen,200,OK,Restaurant Search Load Test 2-128,text,true,,587,137,1,146,http://localhost:8002/restaurants/?q=ramen,4,0,0
1777162932725,3116,POST /auth/login,200,OK,Login Load Test 1-66,text,true,,316,251,73,145,http://localhost:8001/auth/login,3116,0,0
1777162932172,3669,POST /auth/login,200,OK,Login Load Test 1-55,text,true,,316,251,73,145,http://localhost:8001/auth/login,3669,0,0
1777162935864,3,GET /restaurants?q=ramen,200,OK,Restaurant Search Load Test 2-129,text,true,,587,137,1,146,http://localhost:8002/restaurants/?q=ramen,3,0,0
1777162935916,2,GET /restaurants?q=ramen,200,OK,Restaurant Search Load Test 2-130,text,true,,587,137,1,148,http://localhost:8002/restaurants/?q=ramen,2,0,0
1777162932272,3655,POST /auth/login,200,OK,Login Load Test 1-57,text,true,,316,251,73,147,http://localhost:8001/auth/login,3655,0,1
1777162932226,3701,POST /auth/login,200,OK,Login Load Test 1-56,text,true,,316,251,73,147,http://localhost:8001/auth/login,3701,0,0
1777162932325,3602,POST /auth/login,200,OK,Login Load Test 1-58,text,true,,316,251,73,147,http://localhost:8001/auth/login,3602,0,0
1777162932293,3634,Login for Token,200,OK,Review Submission Load Test 3-57,text,true,,316,251,74,147,http://localhost:8001/auth/login,3634,0,0
1777162932342,3585,Login for Token,200,OK,Review Submission Load Test 3-58,text,true,,316,251,74,147,http://localhost:8001/auth/login,3585,0,1
1777162930838,5089,Login for Token,200,OK,Review Submission Load Test 3-28,text,true,,316,250,74,147,http://localhost:8001/auth/login,5089,0,1
1777162932471,3456,POST /auth/login,200,OK,Login Load Test 1-61,text,true,,316,251,73,147,http://localhost:8001/auth/login,3456,0,1
1777162932443,3484,Login for Token,200,OK,Review Submission Load Test 3-60,text,true,,316,251,74,146,http://localhost:8001/auth/login,3484,0,0
1777162932492,3435,Login for Token,200,OK,Review Submission Load Test 3-61,text,true,,316,251,74,146,http://localhost:8001/auth/login,3435,0,0
1777162932522,3405,POST /auth/login,200,OK,Login Load Test 1-62,text,true,,316,251,71,145,http://localhost:8001/auth/login,3405,0,0
1777162930881,5046,POST /auth/login,200,OK,Login Load Test 1-29,text,true,,316,250,71,145,http://localhost:8001/auth/login,5046,0,0
1777162932370,3557,POST /auth/login,200,OK,Login Load Test 1-59,text,true,,316,251,71,145,http://localhost:8001/auth/login,3557,0,0
1777162932391,3536,Login for Token,200,OK,Review Submission Load Test 3-59,text,true,,316,251,74,145,http://localhost:8001/auth/login,3536,0,0
1777162935926,3,POST /reviews/,201,Created,Review Submission Load Test 3-57,text,true,,380,440,74,140,http://localhost:8004/reviews/,3,0,0
1777162935926,3,POST /reviews/,201,Created,Review Submission Load Test 3-58,text,true,,380,440,74,140,http://localhost:8004/reviews/,3,0,0
1777162935926,3,POST /reviews/,201,Created,Review Submission Load Test 3-61,text,true,,380,440,72,138,http://localhost:8004/reviews/,3,0,0
1777162935926,4,POST /reviews/,201,Created,Review Submission Load Test 3-28,text,true,,380,440,71,137,http://localhost:8004/reviews/,4,0,1
1777162935926,4,POST /reviews/,201,Created,Review Submission Load Test 3-60,text,true,,380,440,70,136,http://localhost:8004/reviews/,4,0,1
1777162935927,4,POST /reviews/,201,Created,Review Submission Load Test 3-59,text,true,,380,440,69,135,http://localhost:8004/reviews/,4,0,0
1777162935968,2,GET /restaurants?q=ramen,200,OK,Restaurant Search Load Test 2-131,text,true,,587,137,1,137,http://localhost:8002/restaurants/?q=ramen,2,0,0
1777162936019,3,GET /restaurants?q=ramen,200,OK,Restaurant Search Load Test 2-132,text,true,,587,137,1,139,http://localhost:8002/restaurants/?q=ramen,3,0,0
1777162936067,4,GET /restaurants?q=ramen,200,OK,Restaurant Search Load Test 2-133,text,true,,587,137,1,141,http://localhost:8002/restaurants/?q=ramen,4,0,1
1777162932426,3682,POST /auth/login,200,OK,Login Load Test 1-60,text,true,,316,251,69,141,http://localhost:8001/auth/login,3682,0,0
1777162932570,3538,POST /auth/login,200,OK,Login Load Test 1-63,text,true,,316,251,69,141,http://localhost:8001/auth/login,3538,0,0
1777162932542,3566,Login for Token,200,OK,Review Submission Load Test 3-62,text,true,,316,251,72,139,http://localhost:8001/auth/login,3566,0,1
1777162936108,2,POST /reviews/,201,Created,Review Submission Load Test 3-62,text,true,,380,440,72,139,http://localhost:8004/reviews/,2,0,0
1777162936115,2,GET /restaurants?q=ramen,200,OK,Restaurant Search Load Test 2-134,text,true,,587,137,1,140,http://localhost:8002/restaurants/?q=ramen,2,0,1
1777162932873,3273,POST /auth/login,200,OK,Login Load Test 1-69,text,true,,316,251,68,140,http://localhost:8001/auth/login,3273,0,0
1777162931693,4453,Login for Token,200,OK,Review Submission Load Test 3-45,text,true,,316,250,72,140,http://localhost:8001/auth/login,4453,0,0
1777162936145,2,POST /reviews/,201,Created,Review Submission Load Test 3-45,text,true,,380,440,72,139,http://localhost:8004/reviews/,2,0,0
1777162932976,3193,POST /auth/login,200,OK,Login Load Test 1-71,text,true,,316,251,68,140,http://localhost:8001/auth/login,3193,0,0
1777162932839,3330,Login for Token,200,OK,Review Submission Load Test 3-68,text,true,,316,251,71,140,http://localhost:8001/auth/login,3330,0,0
1777162936167,2,GET /restaurants?q=ramen,200,OK,Restaurant Search Load Test 2-135,text,true,,587,137,1,139,http://localhost:8002/restaurants/?q=ramen,2,0,1
1777162936168,3,POST /reviews/,201,Created,Review Submission Load Test 3-68,text,true,,380,440,71,138,http://localhost:8004/reviews/,3,0,1
1777162932925,3282,POST /auth/login,200,OK,Login Load Test 1-70,text,true,,316,251,67,138,http://localhost:8001/auth/login,3282,0,1
1777162932743,3464,Login for Token,200,OK,Review Submission Load Test 3-66,text,true,,316,251,71,138,http://localhost:8001/auth/login,3464,0,0
1777162936206,2,POST /reviews/,201,Created,Review Submission Load Test 3-66,text,true,,380,440,71,137,http://localhost:8004/reviews/,2,0,1
1777162936216,2,GET /restaurants?q=ramen,200,OK,Restaurant Search Load Test 2-136,text,true,,587,137,1,138,http://localhost:8002/restaurants/?q=ramen,2,0,0
1777162936268,2,GET /restaurants?q=ramen,200,OK,Restaurant Search Load Test 2-137,text,true,,587,137,1,140,http://localhost:8002/restaurants/?q=ramen,2,0,0
1777162936318,2,GET /restaurants?q=ramen,200,OK,Restaurant Search Load Test 2-138,text,true,,587,137,1,142,http://localhost:8002/restaurants/?q=ramen,2,0,0
1777162936368,2,GET /restaurants?q=ramen,200,OK,Restaurant Search Load Test 2-139,text,true,,587,137,1,144,http://localhost:8002/restaurants/?q=ramen,2,0,0
1777162936415,2,GET /restaurants?q=ramen,200,OK,Restaurant Search Load Test 2-140,text,true,,587,137,1,146,http://localhost:8002/restaurants/?q=ramen,2,0,0
1777162936463,2,GET /restaurants?q=ramen,200,OK,Restaurant Search Load Test 2-141,text,true,,587,137,1,147,http://localhost:8002/restaurants/?q=ramen,2,0,0
1777162933143,3373,Login for Token,200,OK,Review Submission Load Test 3-74,text,true,,316,251,76,150,http://localhost:8001/auth/login,3373,0,0
1777162932893,3623,Login for Token,200,OK,Review Submission Load Test 3-69,text,true,,316,251,76,150,http://localhost:8001/auth/login,3623,0,0
1777162933120,3396,POST /auth/login,200,OK,Login Load Test 1-74,text,true,,316,251,73,150,http://localhost:8001/auth/login,3396,0,0
1777162936514,1,GET /restaurants?q=ramen,200,OK,Restaurant Search Load Test 2-142,text,true,,587,137,1,149,http://localhost:8002/restaurants/?q=ramen,1,0,0
1777162936515,2,POST /reviews/,201,Created,Review Submission Load Test 3-69,text,true,,380,440,76,148,http://localhost:8004/reviews/,2,0,0
1777162936515,2,POST /reviews/,201,Created,Review Submission Load Test 3-74,text,true,,380,440,76,148,http://localhost:8004/reviews/,2,0,0
1777162933023,3518,POST /auth/login,200,OK,Login Load Test 1-72,text,true,,316,251,72,147,http://localhost:8001/auth/login,3518,0,0
1777162932992,3549,Login for Token,200,OK,Review Submission Load Test 3-71,text,true,,316,251,75,147,http://localhost:8001/auth/login,3549,0,1
1777162936541,1,POST /reviews/,201,Created,Review Submission Load Test 3-71,text,true,,380,440,75,146,http://localhost:8004/reviews/,1,0,0
1777162936568,2,GET /restaurants?q=ramen,200,OK,Restaurant Search Load Test 2-143,text,true,,587,137,1,147,http://localhost:8002/restaurants/?q=ramen,2,0,0
1777162933068,3508,POST /auth/login,200,OK,Login Load Test 1-73,text,true,,316,251,72,146,http://localhost:8001/auth/login,3508,0,0
1777162932943,3633,Login for Token,200,OK,Review Submission Load Test 3-70,text,true,,316,251,74,146,http://localhost:8001/auth/login,3633,0,0
1777162936576,2,POST /reviews/,201,Created,Review Submission Load Test 3-70,text,true,,380,440,74,145,http://localhost:8004/reviews/,2,0,0
1777162936618,3,GET /restaurants?q=ramen,200,OK,Restaurant Search Load Test 2-144,text,true,,587,137,1,147,http://localhost:8002/restaurants/?q=ramen,3,0,0
1777162936668,4,GET /restaurants?q=ramen,200,OK,Restaurant Search Load Test 2-145,text,true,,587,137,1,149,http://localhost:8002/restaurants/?q=ramen,4,0,1
1777162936717,3,GET /restaurants?q=ramen,200,OK,Restaurant Search Load Test 2-146,text,true,,587,137,1,151,http://localhost:8002/restaurants/?q=ramen,3,0,0
1777162936767,3,GET /restaurants?q=ramen,200,OK,Restaurant Search Load Test 2-147,text,true,,587,137,1,153,http://localhost:8002/restaurants/?q=ramen,3,0,0
1777162936818,3,GET /restaurants?q=ramen,200,OK,Restaurant Search Load Test 2-148,text,true,,587,137,1,155,http://localhost:8002/restaurants/?q=ramen,3,0,0
1777162932625,4229,POST /auth/login,200,OK,Login Load Test 1-64,text,true,,316,251,76,155,http://localhost:8001/auth/login,4229,0,1
1777162932593,4261,Login for Token,200,OK,Review Submission Load Test 3-63,text,true,,316,251,79,155,http://localhost:8001/auth/login,4261,0,0
1777162936853,2,POST /reviews/,201,Created,Review Submission Load Test 3-63,text,true,,380,440,79,154,http://localhost:8004/reviews/,2,0,0
1777162936864,3,GET /restaurants?q=ramen,200,OK,Restaurant Search Load Test 2-149,text,true,,587,137,1,155,http://localhost:8002/restaurants/?q=ramen,3,0,1
1777162933174,3709,POST /auth/login,200,OK,Login Load Test 1-75,text,true,,316,251,76,154,http://localhost:8001/auth/login,3709,0,0
1777162933193,3691,Login for Token,200,OK,Review Submission Load Test 3-75,text,true,,316,251,78,153,http://localhost:8001/auth/login,3691,0,0
1777162936883,2,POST /reviews/,201,Created,Review Submission Load Test 3-75,text,true,,380,440,78,153,http://localhost:8004/reviews/,2,0,0
1777162933220,3687,POST /auth/login,200,OK,Login Load Test 1-76,text,true,,316,251,75,153,http://localhost:8001/auth/login,3687,0,0
1777162933040,3867,Login for Token,200,OK,Review Submission Load Test 3-72,text,true,,316,251,78,153,http://localhost:8001/auth/login,3867,0,0
1777162936906,2,POST /reviews/,201,Created,Review Submission Load Test 3-72,text,true,,380,440,78,152,http://localhost:8004/reviews/,2,0,0
1777162936918,3,GET /restaurants?q=ramen,200,OK,Restaurant Search Load Test 2-150,text,true,,587,137,1,153,http://localhost:8002/restaurants/?q=ramen,3,0,0
1777162933276,3670,POST /auth/login,200,OK,Login Load Test 1-77,text,true,,316,251,75,153,http://localhost:8001/auth/login,3670,0,0
1777162933092,3854,Login for Token,200,OK,Review Submission Load Test 3-73,text,true,,316,251,78,153,http://localhost:8001/auth/login,3854,0,0
1777162936946,2,POST /reviews/,201,Created,Review Submission Load Test 3-73,text,true,,380,440,78,152,http://localhost:8004/reviews/,2,0,0
1777162936967,4,GET /restaurants?q=ramen,200,OK,Restaurant Search Load Test 2-151,text,true,,587,137,1,153,http://localhost:8002/restaurants/?q=ramen,4,0,0
1777162937018,3,GET /restaurants?q=ramen,200,OK,Restaurant Search Load Test 2-152,text,true,,587,137,1,155,http://localhost:8002/restaurants/?q=ramen,3,0,0
1777162937064,3,GET /restaurants?q=ramen,200,OK,Restaurant Search Load Test 2-153,text,true,,587,137,1,157,http://localhost:8002/restaurants/?q=ramen,3,0,0
1777162937114,2,GET /restaurants?q=ramen,200,OK,Restaurant Search Load Test 2-154,text,true,,587,137,1,159,http://localhost:8002/restaurants/?q=ramen,2,0,0
1777162937168,3,GET /restaurants?q=ramen,200,OK,Restaurant Search Load Test 2-155,text,true,,587,137,1,161,http://localhost:8002/restaurants/?q=ramen,3,0,0
1777162937217,4,GET /restaurants?q=ramen,200,OK,Restaurant Search Load Test 2-156,text,true,,587,137,1,163,http://localhost:8002/restaurants/?q=ramen,4,0,1
1777162932773,4449,POST /auth/login,200,OK,Login Load Test 1-67,text,true,,316,251,80,162,http://localhost:8001/auth/login,4449,0,1
1777162932641,4581,Login for Token,200,OK,Review Submission Load Test 3-64,text,true,,316,251,82,163,http://localhost:8001/auth/login,4581,0,1
1777162937221,2,POST /reviews/,201,Created,Review Submission Load Test 3-64,text,true,,380,440,82,161,http://localhost:8004/reviews/,2,0,0
1777162933320,3928,POST /auth/login,200,OK,Login Load Test 1-78,text,true,,316,251,79,161,http://localhost:8001/auth/login,3928,0,0
1777162937266,3,GET /restaurants?q=ramen,200,OK,Restaurant Search Load Test 2-157,text,true,,587,137,1,162,http://localhost:8002/restaurants/?q=ramen,3,0,0
1777162933368,3908,POST /auth/login,200,OK,Login Load Test 1-79,text,true,,316,251,79,161,http://localhost:8001/auth/login,3908,0,1
1777162933243,4033,Login for Token,200,OK,Review Submission Load Test 3-76,text,true,,316,251,82,161,http://localhost:8001/auth/login,4033,0,0
1777162937275,3,POST /reviews/,201,Created,Review Submission Load Test 3-76,text,true,,380,440,82,160,http://localhost:8004/reviews/,3,0,0
1777162933422,3893,POST /auth/login,200,OK,Login Load Test 1-80,text,true,,316,251,79,161,http://localhost:8001/auth/login,3893,0,0
1777162933292,4023,Login for Token,200,OK,Review Submission Load Test 3-77,text,true,,316,251,82,161,http://localhost:8001/auth/login,4023,0,1
1777162937314,3,POST /reviews/,201,Created,Review Submission Load Test 3-77,text,true,,380,440,82,161,http://localhost:8004/reviews/,3,0,0
1777162937315,2,GET /restaurants?q=ramen,200,OK,Restaurant Search Load Test 2-158,text,true,,587,137,1,160,http://localhost:8002/restaurants/?q=ramen,2,0,0
1777162937368,3,GET /restaurants?q=ramen,200,OK,Restaurant Search Load Test 2-159,text,true,,587,137,1,162,http://localhost:8002/restaurants/?q=ramen,3,0,0
1777162937417,3,GET /restaurants?q=ramen,200,OK,Restaurant Search Load Test 2-160,text,true,,587,137,1,164,http://localhost:8002/restaurants/?q=ramen,3,0,0
1777162937468,4,GET /restaurants?q=ramen,200,OK,Restaurant Search Load Test 2-161,text,true,,587,137,1,166,http://localhost:8002/restaurants/?q=ramen,4,0,1
1777162937516,3,GET /restaurants?q=ramen,200,OK,Restaurant Search Load Test 2-162,text,true,,587,137,1,168,http://localhost:8002/restaurants/?q=ramen,3,0,0
1777162937568,3,GET /restaurants?q=ramen,200,OK,Restaurant Search Load Test 2-163,text,true,,587,137,1,170,http://localhost:8002/restaurants/?q=ramen,3,0,0
1777162932793,4795,Login for Token,200,OK,Review Submission Load Test 3-67,text,true,,316,251,86,169,http://localhost:8001/auth/login,4795,0,0
1777162933621,3967,POST /auth/login,200,OK,Login Load Test 1-84,text,true,,316,251,83,169,http://localhost:8001/auth/login,3967,0,0
1777162937587,2,POST /reviews/,201,Created,Review Submission Load Test 3-67,text,true,,380,440,87,169,http://localhost:8004/reviews/,2,0,0
1777162937613,2,GET /restaurants?q=ramen,200,OK,Restaurant Search Load Test 2-164,text,true,,587,137,1,170,http://localhost:8002/restaurants/?q=ramen,2,0,0
1777162933343,4274,Login for Token,200,OK,Review Submission Load Test 3-78,text,true,,316,251,86,169,http://localhost:8001/auth/login,4274,0,0
1777162933469,4148,POST /auth/login,200,OK,Login Load Test 1-81,text,true,,316,251,83,169,http://localhost:8001/auth/login,4148,0,0
1777162937617,1,POST /reviews/,201,Created,Review Submission Load Test 3-78,text,true,,380,440,86,168,http://localhost:8004/reviews/,1,0,0
1777162933541,4104,Login for Token,200,OK,Review Submission Load Test 3-82,text,true,,316,251,86,168,http://localhost:8001/auth/login,4104,0,0
1777162933392,4253,Login for Token,200,OK,Review Submission Load Test 3-79,text,true,,316,251,86,168,http://localhost:8001/auth/login,4253,0,1
1777162937645,2,POST /reviews/,201,Created,Review Submission Load Test 3-82,text,true,,380,440,86,168,http://localhost:8004/reviews/,2,0,0
1777162937645,2,POST /reviews/,201,Created,Review Submission Load Test 3-79,text,true,,380,440,86,168,http://localhost:8004/reviews/,2,0,0
1777162937665,2,GET /restaurants?q=ramen,200,OK,Restaurant Search Load Test 2-165,text,true,,587,137,1,168,http://localhost:8002/restaurants/?q=ramen,2,0,1
1777162933570,4115,POST /auth/login,200,OK,Login Load Test 1-83,text,true,,316,251,83,167,http://localhost:8001/auth/login,4115,0,0
1777162933443,4242,Login for Token,200,OK,Review Submission Load Test 3-80,text,true,,316,251,84,167,http://localhost:8001/auth/login,4242,0,1
1777162937685,2,POST /reviews/,201,Created,Review Submission Load Test 3-80,text,true,,380,440,84,166,http://localhost:8004/reviews/,2,0,0
1777162937715,1,GET /restaurants?q=ramen,200,OK,Restaurant Search Load Test 2-166,text,true,,587,137,1,168,http://localhost:8002/restaurants/?q=ramen,1,0,0
1777162937768,2,GET /restaurants?q=ramen,200,OK,Restaurant Search Load Test 2-167,text,true,,587,137,1,170,http://localhost:8002/restaurants/?q=ramen,2,0,0
1777162937818,1,GET /restaurants?q=ramen,200,OK,Restaurant Search Load Test 2-168,text,true,,587,137,1,172,http://localhost:8002/restaurants/?q=ramen,1,0,0
1777162937863,2,GET /restaurants?q=ramen,200,OK,Restaurant Search Load Test 2-169,text,true,,587,137,1,174,http://localhost:8002/restaurants/?q=ramen,2,0,1
1777162937913,2,GET /restaurants?q=ramen,200,OK,Restaurant Search Load Test 2-170,text,true,,587,137,1,176,http://localhost:8002/restaurants/?q=ramen,2,0,1
1777162933823,4141,POST /auth/login,200,OK,Login Load Test 1-88,text,true,,316,251,88,178,http://localhost:8001/auth/login,4141,0,0
1777162933642,4322,Login for Token,200,OK,Review Submission Load Test 3-84,text,true,,316,251,89,178,http://localhost:8001/auth/login,4322,0,0
1777162937963,1,GET /restaurants?q=ramen,200,OK,Restaurant Search Load Test 2-171,text,true,,587,137,1,177,http://localhost:8002/restaurants/?q=ramen,1,0,0
1777162937963,2,POST /reviews/,201,Created,Review Submission Load Test 3-84,text,true,,380,440,89,176,http://localhost:8004/reviews/,2,0,0
1777162933670,4321,POST /auth/login,200,OK,Login Load Test 1-85,text,true,,316,251,87,176,http://localhost:8001/auth/login,4321,0,0
1777162933492,4499,Login for Token,200,OK,Review Submission Load Test 3-81,text,true,,316,251,89,176,http://localhost:8001/auth/login,4499,0,0
1777162937990,2,POST /reviews/,201,Created,Review Submission Load Test 3-81,text,true,,380,440,89,175,http://localhost:8004/reviews/,2,0,0
1777162938017,2,GET /restaurants?q=ramen,200,OK,Restaurant Search Load Test 2-172,text,true,,587,137,1,176,http://localhost:8002/restaurants/?q=ramen,2,0,0
1777162933522,4498,POST /auth/login,200,OK,Login Load Test 1-82,text,true,,316,251,87,175,http://localhost:8001/auth/login,4498,0,0
1777162933722,4298,POST /auth/login,200,OK,Login Load Test 1-86,text,true,,316,251,87,175,http://localhost:8001/auth/login,4298,0,0
1777162933771,4286,POST /auth/login,200,OK,Login Load Test 1-87,text,true,,316,251,85,174,http://localhost:8001/auth/login,4286,0,1
1777162933593,4464,Login for Token,200,OK,Review Submission Load Test 3-83,text,true,,316,251,89,174,http://localhost:8001/auth/login,4464,0,0
1777162938056,2,POST /reviews/,201,Created,Review Submission Load Test 3-83,text,true,,380,440,89,173,http://localhost:8004/reviews/,2,0,0
1777162938064,1,GET /restaurants?q=ramen,200,OK,Restaurant Search Load Test 2-173,text,true,,587,137,1,174,http://localhost:8002/restaurants/?q=ramen,1,0,0
1777162938117,2,GET /restaurants?q=ramen,200,OK,Restaurant Search Load Test 2-174,text,true,,587,137,1,176,http://localhost:8002/restaurants/?q=ramen,2,0,1
1777162938167,2,GET /restaurants?q=ramen,200,OK,Restaurant Search Load Test 2-175,text,true,,587,137,1,178,http://localhost:8002/restaurants/?q=ramen,2,0,0
1777162938215,3,GET /restaurants?q=ramen,200,OK,Restaurant Search Load Test 2-176,text,true,,587,137,1,180,http://localhost:8002/restaurants/?q=ramen,3,0,0
1777162938268,4,GET /restaurants?q=ramen,200,OK,Restaurant Search Load Test 2-177,text,true,,587,137,1,182,http://localhost:8002/restaurants/?q=ramen,4,0,1
1777162938318,4,GET /restaurants?q=ramen,200,OK,Restaurant Search Load Test 2-178,text,true,,587,137,1,184,http://localhost:8002/restaurants/?q=ramen,4,0,0
1777162933843,4486,Login for Token,200,OK,Review Submission Load Test 3-88,text,true,,316,251,93,183,http://localhost:8001/auth/login,4486,0,0
1777162933869,4460,POST /auth/login,200,OK,Login Load Test 1-89,text,true,,316,251,90,183,http://localhost:8001/auth/login,4460,0,0
1777162933892,4438,Login for Token,200,OK,Review Submission Load Test 3-89,text,true,,316,251,93,182,http://localhost:8001/auth/login,4438,0,1
1777162938329,2,POST /reviews/,201,Created,Review Submission Load Test 3-88,text,true,,380,440,93,182,http://localhost:8004/reviews/,2,0,0
1777162938329,3,POST /reviews/,201,Created,Review Submission Load Test 3-89,text,true,,380,440,92,181,http://localhost:8004/reviews/,3,0,0
1777162933919,4435,POST /auth/login,200,OK,Login Load Test 1-90,text,true,,316,251,89,181,http://localhost:8001/auth/login,4435,0,0
1777162933693,4661,Login for Token,200,OK,Review Submission Load Test 3-85,text,true,,316,251,92,181,http://localhost:8001/auth/login,4661,0,0
1777162933942,4413,Login for Token,200,OK,Review Submission Load Test 3-90,text,true,,316,251,92,180,http://localhost:8001/auth/login,4413,0,1
1777162938353,3,POST /reviews/,201,Created,Review Submission Load Test 3-85,text,true,,380,440,92,180,http://localhost:8004/reviews/,3,0,0
1777162938354,2,POST /reviews/,201,Created,Review Submission Load Test 3-90,text,true,,380,440,91,179,http://localhost:8004/reviews/,2,0,0
1777162938366,3,GET /restaurants?q=ramen,200,OK,Restaurant Search Load Test 2-179,text,true,,587,137,1,180,http://localhost:8002/restaurants/?q=ramen,3,0,0
1777162933971,4419,POST /auth/login,200,OK,Login Load Test 1-91,text,true,,316,251,89,179,http://localhost:8001/auth/login,4419,0,0
1777162933743,4647,Login for Token,200,OK,Review Submission Load Test 3-86,text,true,,316,251,90,179,http://localhost:8001/auth/login,4647,0,0
1777162933993,4397,Login for Token,200,OK,Review Submission Load Test 3-91,text,true,,316,251,90,179,http://localhost:8001/auth/login,4397,0,0
1777162938389,3,POST /reviews/,201,Created,Review Submission Load Test 3-86,text,true,,380,440,90,178,http://localhost:8004/reviews/,3,0,1
1777162938389,3,POST /reviews/,201,Created,Review Submission Load Test 3-91,text,true,,380,440,90,178,http://localhost:8004/reviews/,3,0,1
1777162938418,3,GET /restaurants?q=ramen,200,OK,Restaurant Search Load Test 2-180,text,true,,587,137,1,179,http://localhost:8002/restaurants/?q=ramen,3,0,0
1777162934019,4405,POST /auth/login,200,OK,Login Load Test 1-92,text,true,,316,251,89,178,http://localhost:8001/auth/login,4405,0,0
1777162933788,4636,Login for Token,200,OK,Review Submission Load Test 3-87,text,true,,316,251,89,178,http://localhost:8001/auth/login,4636,0,1
1777162938423,3,POST /reviews/,201,Created,Review Submission Load Test 3-87,text,true,,380,440,89,177,http://localhost:8004/reviews/,3,0,1
1777162938465,2,GET /restaurants?q=ramen,200,OK,Restaurant Search Load Test 2-181,text,true,,587,137,1,179,http://localhost:8002/restaurants/?q=ramen,2,0,0
1777162938514,3,GET /restaurants?q=ramen,200,OK,Restaurant Search Load Test 2-182,text,true,,587,137,1,181,http://localhost:8002/restaurants/?q=ramen,3,0,0
1777162938568,2,GET /restaurants?q=ramen,200,OK,Restaurant Search Load Test 2-183,text,true,,587,137,1,183,http://localhost:8002/restaurants/?q=ramen,2,0,0
1777162938614,2,GET /restaurants?q=ramen,200,OK,Restaurant Search Load Test 2-184,text,true,,587,137,1,185,http://localhost:8002/restaurants/?q=ramen,2,0,0
1777162938667,3,GET /restaurants?q=ramen,200,OK,Restaurant Search Load Test 2-185,text,true,,587,137,1,187,http://localhost:8002/restaurants/?q=ramen,3,0,1
1777162934072,4629,POST /auth/login,200,OK,Login Load Test 1-93,text,true,,316,251,93,187,http://localhost:8001/auth/login,4629,0,0
1777162938713,2,GET /restaurants?q=ramen,200,OK,Restaurant Search Load Test 2-186,text,true,,587,137,1,188,http://localhost:8002/restaurants/?q=ramen,2,0,0
1777162934144,4579,Login for Token,200,OK,Review Submission Load Test 3-94,text,true,,316,251,94,187,http://localhost:8001/auth/login,4579,0,0
1777162938723,2,POST /reviews/,201,Created,Review Submission Load Test 3-94,text,true,,380,440,94,187,http://localhost:8004/reviews/,2,0,0
1777162934171,4594,POST /auth/login,200,OK,Login Load Test 1-95,text,true,,316,251,94,189,http://localhost:8001/auth/login,4594,0,0
1777162934189,4577,Login for Token,200,OK,Review Submission Load Test 3-95,text,true,,316,251,94,188,http://localhost:8001/auth/login,4577,0,0
1777162938763,3,GET /restaurants?q=ramen,200,OK,Restaurant Search Load Test 2-187,text,true,,587,137,1,188,http://localhost:8002/restaurants/?q=ramen,3,0,0
1777162938765,3,POST /reviews/,201,Created,Review Submission Load Test 3-95,text,true,,380,440,94,187,http://localhost:8004/reviews/,3,0,0
1777162934221,4581,POST /auth/login,200,OK,Login Load Test 1-96,text,true,,316,251,93,187,http://localhost:8001/auth/login,4581,0,0
1777162934042,4760,Login for Token,200,OK,Review Submission Load Test 3-92,text,true,,316,251,94,187,http://localhost:8001/auth/login,4760,0,1
1777162938801,2,POST /reviews/,201,Created,Review Submission Load Test 3-92,text,true,,380,440,94,186,http://localhost:8004/reviews/,2,0,0
1777162938816,2,GET /restaurants?q=ramen,200,OK,Restaurant Search Load Test 2-188,text,true,,587,137,1,187,http://localhost:8002/restaurants/?q=ramen,2,0,0
1777162938863,1,GET /restaurants?q=ramen,200,OK,Restaurant Search Load Test 2-189,text,true,,587,137,1,189,http://localhost:8002/restaurants/?q=ramen,1,0,0
1777162938913,2,GET /restaurants?q=ramen,200,OK,Restaurant Search Load Test 2-190,text,true,,587,137,1,191,http://localhost:8002/restaurants/?q=ramen,2,0,0
1777162938967,2,GET /restaurants?q=ramen,200,OK,Restaurant Search Load Test 2-191,text,true,,587,137,1,193,http://localhost:8002/restaurants/?q=ramen,2,0,0
1777162939013,2,GET /restaurants?q=ramen,200,OK,Restaurant Search Load Test 2-192,text,true,,587,137,1,195,http://localhost:8002/restaurants/?q=ramen,2,0,0
1777162939064,1,GET /restaurants?q=ramen,200,OK,Restaurant Search Load Test 2-193,text,true,,587,137,1,197,http://localhost:8002/restaurants/?q=ramen,1,0,0
1777162934271,4803,POST /auth/login,200,OK,Login Load Test 1-97,text,true,,316,251,98,196,http://localhost:8001/auth/login,4803,0,0
1777162934092,4982,Login for Token,200,OK,Review Submission Load Test 3-93,text,true,,316,251,98,196,http://localhost:8001/auth/login,4982,0,1
1777162939073,2,POST /reviews/,201,Created,Review Submission Load Test 3-93,text,true,,380,440,98,195,http://localhost:8004/reviews/,2,0,1
1777162934321,4778,POST /auth/login,200,OK,Login Load Test 1-98,text,true,,316,251,97,195,http://localhost:8001/auth/login,4778,0,0
1777162934122,4977,POST /auth/login,200,OK,Login Load Test 1-94,text,true,,316,251,97,195,http://localhost:8001/auth/login,4977,0,0
1777162934339,4760,Login for Token,200,OK,Review Submission Load Test 3-98,text,true,,316,251,98,195,http://localhost:8001/auth/login,4760,0,0
1777162939098,1,POST /reviews/,201,Created,Review Submission Load Test 3-98,text,true,,380,440,98,193,http://localhost:8004/reviews/,1,0,0
1777162939116,2,GET /restaurants?q=ramen,200,OK,Restaurant Search Load Test 2-194,text,true,,587,137,1,194,http://localhost:8002/restaurants/?q=ramen,2,0,1
1777162934370,4766,POST /auth/login,200,OK,Login Load Test 1-99,text,true,,316,251,96,193,http://localhost:8001/auth/login,4766,0,0
1777162939168,1,GET /restaurants?q=ramen,200,OK,Restaurant Search Load Test 2-195,text,true,,587,137,1,195,http://localhost:8002/restaurants/?q=ramen,1,0,0
1777162934420,4751,POST /auth/login,200,OK,Login Load Test 1-100,text,true,,316,251,96,194,http://localhost:8001/auth/login,4751,0,0
1777162934240,4931,Login for Token,200,OK,Review Submission Load Test 3-96,text,true,,316,251,98,194,http://localhost:8001/auth/login,4931,0,0
1777162939170,2,POST /reviews/,201,Created,Review Submission Load Test 3-96,text,true,,380,440,98,193,http://localhost:8004/reviews/,2,0,1
1777162939213,2,GET /restaurants?q=ramen,200,OK,Restaurant Search Load Test 2-196,text,true,,587,137,1,195,http://localhost:8002/restaurants/?q=ramen,2,0,0
1777162939267,4,GET /restaurants?q=ramen,200,OK,Restaurant Search Load Test 2-197,text,true,,587,137,1,197,http://localhost:8002/restaurants/?q=ramen,4,0,1
1777162939317,3,GET /restaurants?q=ramen,200,OK,Restaurant Search Load Test 2-198,text,true,,587,137,1,199,http://localhost:8002/restaurants/?q=ramen,3,0,0
1777162939363,3,GET /restaurants?q=ramen,200,OK,Restaurant Search Load Test 2-199,text,true,,587,137,1,201,http://localhost:8002/restaurants/?q=ramen,3,0,0
1777162939414,3,GET /restaurants?q=ramen,200,OK,Restaurant Search Load Test 2-200,text,true,,587,137,1,203,http://localhost:8002/restaurants/?q=ramen,3,0,0
1777162934472,4969,POST /auth/login,200,OK,Login Load Test 1-101,text,true,,316,251,100,202,http://localhost:8001/auth/login,4969,0,0
1777162934293,5148,Login for Token,200,OK,Review Submission Load Test 3-97,text,true,,316,251,102,202,http://localhost:8001/auth/login,5148,0,0
1777162939440,3,POST /reviews/,201,Created,Review Submission Load Test 3-97,text,true,,380,440,103,202,http://localhost:8004/reviews/,3,0,0
1777162934520,4944,POST /auth/login,200,OK,Login Load Test 1-102,text,true,,316,251,99,201,http://localhost:8001/auth/login,4944,0,0
1777162934542,4921,Login for Token,200,OK,Review Submission Load Test 3-102,text,true,,316,251,102,201,http://localhost:8001/auth/login,4921,0,0
1777162939463,2,POST /reviews/,201,Created,Review Submission Load Test 3-102,text,true,,380,440,102,200,http://localhost:8004/reviews/,2,0,0
1777162934567,4936,POST /auth/login,200,OK,Login Load Test 1-103,text,true,,316,251,98,199,http://localhost:8001/auth/login,4936,0,0
1777162934393,5111,Login for Token,200,OK,Review Submission Load Test 3-99,text,true,,316,251,101,199,http://localhost:8001/auth/login,5111,0,0
1777162934588,4915,Login for Token,200,OK,Review Submission Load Test 3-103,text,true,,316,251,101,199,http://localhost:8001/auth/login,4915,0,0
1777162939503,2,POST /reviews/,201,Created,Review Submission Load Test 3-99,text,true,,380,440,101,198,http://localhost:8004/reviews/,2,0,0
1777162939503,2,POST /reviews/,201,Created,Review Submission Load Test 3-103,text,true,,380,440,101,198,http://localhost:8004/reviews/,2,0,0
1777162934443,5093,Login for Token,200,OK,Review Submission Load Test 3-100,text,true,,316,251,99,196,http://localhost:8001/auth/login,5093,0,0
1777162934620,4915,POST /auth/login,200,OK,Login Load Test 1-104,text,true,,316,251,97,196,http://localhost:8001/auth/login,4915,0,0
1777162939535,2,POST /reviews/,201,Created,Review Submission Load Test 3-100,text,true,,380,440,99,195,http://localhost:8004/reviews/,2,0,0
1777162934668,5139,POST /auth/login,200,OK,Login Load Test 1-105,text,true,,316,251,96,194,http://localhost:8001/auth/login,5139,0,0
1777162934493,5315,Login for Token,200,OK,Review Submission Load Test 3-101,text,true,,316,251,98,194,http://localhost:8001/auth/login,5315,0,0
1777162939807,3,POST /reviews/,201,Created,Review Submission Load Test 3-101,text,true,,380,440,98,193,http://localhost:8004/reviews/,3,0,0
1777162934714,5118,POST /auth/login,200,OK,Login Load Test 1-106,text,true,,316,251,95,192,http://localhost:8001/auth/login,5118,0,0
1777162934768,5100,POST /auth/login,200,OK,Login Load Test 1-107,text,true,,316,251,94,191,http://localhost:8001/auth/login,5100,0,0
1777162934817,5085,POST /auth/login,200,OK,Login Load Test 1-108,text,true,,316,251,93,190,http://localhost:8001/auth/login,5085,0,1
1777162934642,5260,Login for Token,200,OK,Review Submission Load Test 3-104,text,true,,316,251,97,190,http://localhost:8001/auth/login,5260,0,0
1777162939902,2,POST /reviews/,201,Created,Review Submission Load Test 3-104,text,true,,380,440,97,189,http://localhost:8004/reviews/,2,0,0
1777162934870,5303,POST /auth/login,200,OK,Login Load Test 1-109,text,true,,316,251,92,188,http://localhost:8001/auth/login,5303,0,0
1777162934691,5482,Login for Token,200,OK,Review Submission Load Test 3-105,text,true,,316,251,96,188,http://localhost:8001/auth/login,5482,0,1
1777162940173,3,POST /reviews/,201,Created,Review Submission Load Test 3-105,text,true,,380,440,96,187,http://localhost:8004/reviews/,3,0,0
1777162934743,5451,Login for Token,200,OK,Review Submission Load Test 3-106,text,true,,316,251,95,186,http://localhost:8001/auth/login,5451,0,0
1777162934920,5274,POST /auth/login,200,OK,Login Load Test 1-110,text,true,,316,251,91,186,http://localhost:8001/auth/login,5274,0,0
1777162940194,3,POST /reviews/,201,Created,Review Submission Load Test 3-106,text,true,,380,440,95,185,http://localhost:8004/reviews/,3,0,0
1777162934792,5437,Login for Token,200,OK,Review Submission Load Test 3-107,text,true,,316,251,94,184,http://localhost:8001/auth/login,5437,0,0
1777162934970,5260,POST /auth/login,200,OK,Login Load Test 1-111,text,true,,316,251,90,184,http://localhost:8001/auth/login,5260,0,0
1777162940230,2,POST /reviews/,201,Created,Review Submission Load Test 3-107,text,true,,380,440,94,183,http://localhost:8004/reviews/,2,0,0
1777162935018,5244,POST /auth/login,200,OK,Login Load Test 1-112,text,true,,316,251,89,182,http://localhost:8001/auth/login,5244,0,0
1777162934841,5421,Login for Token,200,OK,Review Submission Load Test 3-108,text,true,,316,251,93,182,http://localhost:8001/auth/login,5421,0,0
1777162940263,3,POST /reviews/,201,Created,Review Submission Load Test 3-108,text,true,,380,440,93,181,http://localhost:8004/reviews/,3,0,0
1777162935069,5467,POST /auth/login,200,OK,Login Load Test 1-113,text,true,,316,251,88,180,http://localhost:8001/auth/login,5467,0,0
1777162934889,5647,Login for Token,200,OK,Review Submission Load Test 3-109,text,true,,316,251,92,180,http://localhost:8001/auth/login,5647,0,0
1777162940536,3,POST /reviews/,201,Created,Review Submission Load Test 3-109,text,true,,380,440,92,179,http://localhost:8004/reviews/,3,0,1
1777162935117,5443,POST /auth/login,200,OK,Login Load Test 1-114,text,true,,316,251,87,178,http://localhost:8001/auth/login,5443,0,0
1777162934941,5619,Login for Token,200,OK,Review Submission Load Test 3-110,text,true,,316,251,91,178,http://localhost:8001/auth/login,5619,0,1
1777162940560,3,POST /reviews/,201,Created,Review Submission Load Test 3-110,text,true,,380,440,91,177,http://localhost:8004/reviews/,3,0,1
1777162935171,5423,POST /auth/login,200,OK,Login Load Test 1-115,text,true,,316,251,86,176,http://localhost:8001/auth/login,5423,0,0
1777162934992,5602,Login for Token,200,OK,Review Submission Load Test 3-111,text,true,,316,251,90,176,http://localhost:8001/auth/login,5602,0,0
1777162940594,3,POST /reviews/,201,Created,Review Submission Load Test 3-111,text,true,,380,440,90,175,http://localhost:8004/reviews/,3,0,0
1777162935215,5409,POST /auth/login,200,OK,Login Load Test 1-116,text,true,,316,251,85,174,http://localhost:8001/auth/login,5409,0,0
1777162935042,5582,Login for Token,200,OK,Review Submission Load Test 3-112,text,true,,316,251,89,174,http://localhost:8001/auth/login,5582,0,0
1777162940624,2,POST /reviews/,201,Created,Review Submission Load Test 3-112,text,true,,380,440,89,173,http://localhost:8004/reviews/,2,0,0
1777162935315,5431,POST /auth/login,200,OK,Login Load Test 1-118,text,true,,316,251,84,172,http://localhost:8001/auth/login,5431,0,0
1777162935137,5609,Login for Token,200,OK,Review Submission Load Test 3-114,text,true,,316,251,88,172,http://localhost:8001/auth/login,5609,0,1
1777162940746,3,POST /reviews/,201,Created,Review Submission Load Test 3-114,text,true,,380,440,88,171,http://localhost:8004/reviews/,3,0,0
1777162935370,5408,POST /auth/login,200,OK,Login Load Test 1-119,text,true,,316,251,83,170,http://localhost:8001/auth/login,5408,0,0
1777162935186,5592,Login for Token,200,OK,Review Submission Load Test 3-115,text,true,,316,251,87,170,http://localhost:8001/auth/login,5592,0,1
1777162940779,2,POST /reviews/,201,Created,Review Submission Load Test 3-115,text,true,,380,440,87,169,http://localhost:8004/reviews/,2,0,0
1777162935265,5635,POST /auth/login,200,OK,Login Load Test 1-117,text,true,,316,251,82,168,http://localhost:8001/auth/login,5635,0,1
1777162935092,5808,Login for Token,200,OK,Review Submission Load Test 3-113,text,true,,316,251,86,168,http://localhost:8001/auth/login,5808,0,0
1777162940901,2,POST /reviews/,201,Created,Review Submission Load Test 3-113,text,true,,380,440,86,167,http://localhost:8004/reviews/,2,0,0
1777162935417,5577,POST /auth/login,200,OK,Login Load Test 1-120,text,true,,316,251,81,166,http://localhost:8001/auth/login,5577,0,0
1777162935242,5752,Login for Token,200,OK,Review Submission Load Test 3-116,text,true,,316,251,85,166,http://localhost:8001/auth/login,5752,0,0
1777162940994,5,POST /reviews/,201,Created,Review Submission Load Test 3-116,text,true,,380,440,85,165,http://localhost:8004/reviews/,5,0,1
1777162935342,5770,Login for Token,200,OK,Review Submission Load Test 3-118,text,true,,316,251,84,164,http://localhost:8001/auth/login,5770,0,0
1777162941112,2,POST /reviews/,201,Created,Review Submission Load Test 3-118,text,true,,380,440,84,164,http://localhost:8004/reviews/,2,0,0
1777162935390,5752,Login for Token,200,OK,Review Submission Load Test 3-119,text,true,,316,251,83,163,http://localhost:8001/auth/login,5752,0,1
1777162941142,2,POST /reviews/,201,Created,Review Submission Load Test 3-119,text,true,,380,440,83,163,http://localhost:8004/reviews/,2,0,0
1777162935466,5804,POST /auth/login,200,OK,Login Load Test 1-121,text,true,,316,251,80,162,http://localhost:8001/auth/login,5804,0,0
1777162935293,5977,Login for Token,200,OK,Review Submission Load Test 3-117,text,true,,316,251,82,162,http://localhost:8001/auth/login,5977,0,0
1777162935488,5783,Login for Token,200,OK,Review Submission Load Test 3-121,text,true,,316,251,82,161,http://localhost:8001/auth/login,5783,0,0
1777162941271,3,POST /reviews/,201,Created,Review Submission Load Test 3-117,text,true,,380,440,82,161,http://localhost:8004/reviews/,3,0,0
1777162941271,3,POST /reviews/,201,Created,Review Submission Load Test 3-121,text,true,,380,440,81,160,http://localhost:8004/reviews/,3,0,0
1777162935617,5754,POST /auth/login,200,OK,Login Load Test 1-124,text,true,,316,251,79,159,http://localhost:8001/auth/login,5754,0,1
1777162935641,5730,Login for Token,200,OK,Review Submission Load Test 3-124,text,true,,316,251,80,159,http://localhost:8001/auth/login,5730,0,0
1777162935439,5932,Login for Token,200,OK,Review Submission Load Test 3-120,text,true,,316,251,80,159,http://localhost:8001/auth/login,5932,0,1
1777162941372,2,POST /reviews/,201,Created,Review Submission Load Test 3-120,text,true,,380,440,80,158,http://localhost:8004/reviews/,2,0,0
1777162941372,2,POST /reviews/,201,Created,Review Submission Load Test 3-124,text,true,,380,440,80,158,http://localhost:8004/reviews/,2,0,0
1777162935511,5965,POST /auth/login,200,OK,Login Load Test 1-122,text,true,,316,251,78,156,http://localhost:8001/auth/login,5965,0,1
1777162935542,5934,Login for Token,200,OK,Review Submission Load Test 3-122,text,true,,316,251,78,156,http://localhost:8001/auth/login,5934,0,0
1777162941477,2,POST /reviews/,201,Created,Review Submission Load Test 3-122,text,true,,380,440,78,155,http://localhost:8004/reviews/,2,0,0
1777162935564,5947,POST /auth/login,200,OK,Login Load Test 1-123,text,true,,316,251,77,154,http://localhost:8001/auth/login,5947,0,1
1777162935592,5919,Login for Token,200,OK,Review Submission Load Test 3-123,text,true,,316,251,77,154,http://localhost:8001/auth/login,5919,0,0
1777162941511,2,POST /reviews/,201,Created,Review Submission Load Test 3-123,text,true,,380,440,77,153,http://localhost:8004/reviews/,2,0,1
1777162935666,5975,POST /auth/login,200,OK,Login Load Test 1-125,text,true,,316,251,76,152,http://localhost:8001/auth/login,5975,0,1
1777162935692,5949,Login for Token,200,OK,Review Submission Load Test 3-125,text,true,,316,251,76,151,http://localhost:8001/auth/login,5949,0,0
1777162941642,2,POST /reviews/,201,Created,Review Submission Load Test 3-125,text,true,,380,440,76,151,http://localhost:8004/reviews/,2,0,0
1777162935770,5966,POST /auth/login,200,OK,Login Load Test 1-127,text,true,,316,251,75,150,http://localhost:8001/auth/login,5966,0,0
1777162935916,5925,POST /auth/login,200,OK,Login Load Test 1-130,text,true,,316,251,74,149,http://localhost:8001/auth/login,5925,0,0
1777162935718,6123,POST /auth/login,200,OK,Login Load Test 1-126,text,true,,316,251,74,149,http://localhost:8001/auth/login,6123,0,0
1777162935742,6136,Login for Token,200,OK,Review Submission Load Test 3-126,text,true,,316,251,75,147,http://localhost:8001/auth/login,6136,0,0
1777162935842,6036,Login for Token,200,OK,Review Submission Load Test 3-128,text,true,,316,251,75,147,http://localhost:8001/auth/login,6036,0,1
1777162941878,4,POST /reviews/,201,Created,Review Submission Load Test 3-126,text,true,,380,440,75,147,http://localhost:8004/reviews/,4,0,1
1777162941878,4,POST /reviews/,201,Created,Review Submission Load Test 3-128,text,true,,380,440,75,147,http://localhost:8004/reviews/,4,0,1
1777162935863,6142,POST /auth/login,200,OK,Login Load Test 1-129,text,true,,316,251,72,145,http://localhost:8001/auth/login,6142,0,0
1777162935966,6137,POST /auth/login,200,OK,Login Load Test 1-131,text,true,,316,251,71,144,http://localhost:8001/auth/login,6137,0,0
1777162935791,6312,Login for Token,200,OK,Review Submission Load Test 3-127,text,true,,316,251,73,144,http://localhost:8001/auth/login,6312,0,1
1777162942104,2,POST /reviews/,201,Created,Review Submission Load Test 3-127,text,true,,380,440,73,143,http://localhost:8004/reviews/,2,0,0
1777162935820,6393,POST /auth/login,200,OK,Login Load Test 1-128,text,true,,316,251,70,142,http://localhost:8001/auth/login,6393,0,0
1777162936066,6147,POST /auth/login,200,OK,Login Load Test 1-133,text,true,,316,251,70,142,http://localhost:8001/auth/login,6147,0,0
1777162936114,6129,POST /auth/login,200,OK,Login Load Test 1-134,text,true,,316,251,68,140,http://localhost:8001/auth/login,6129,0,0
1777162935937,6306,Login for Token,200,OK,Review Submission Load Test 3-130,text,true,,316,251,72,140,http://localhost:8001/auth/login,6306,0,0
1777162942244,3,POST /reviews/,201,Created,Review Submission Load Test 3-130,text,true,,380,440,72,139,http://localhost:8004/reviews/,3,0,0
1777162936018,6356,POST /auth/login,200,OK,Login Load Test 1-132,text,true,,316,251,67,138,http://localhost:8001/auth/login,6356,0,0
1777162935891,6483,Login for Token,200,OK,Review Submission Load Test 3-129,text,true,,316,251,71,138,http://localhost:8001/auth/login,6483,0,0
1777162942374,3,POST /reviews/,201,Created,Review Submission Load Test 3-129,text,true,,380,440,71,137,http://localhost:8004/reviews/,3,0,0
1777162936165,6309,POST /auth/login,200,OK,Login Load Test 1-135,text,true,,316,251,66,136,http://localhost:8001/auth/login,6309,0,1
1777162935991,6483,Login for Token,200,OK,Review Submission Load Test 3-131,text,true,,316,251,70,136,http://localhost:8001/auth/login,6483,0,1
1777162942474,3,POST /reviews/,201,Created,Review Submission Load Test 3-131,text,true,,380,440,70,135,http://localhost:8004/reviews/,3,0,0
1777162936263,6314,POST /auth/login,200,OK,Login Load Test 1-137,text,true,,316,251,65,134,http://localhost:8001/auth/login,6314,0,0
1777162936091,6486,Login for Token,200,OK,Review Submission Load Test 3-133,text,true,,316,251,69,134,http://localhost:8001/auth/login,6486,0,0
1777162942578,2,POST /reviews/,201,Created,Review Submission Load Test 3-133,text,true,,380,440,69,133,http://localhost:8004/reviews/,2,0,0
1777162936311,6302,POST /auth/login,200,OK,Login Load Test 1-138,text,true,,316,251,64,132,http://localhost:8001/auth/login,6302,0,0
1777162936138,6475,Login for Token,200,OK,Review Submission Load Test 3-134,text,true,,316,251,68,132,http://localhost:8001/auth/login,6475,0,1
1777162942613,3,POST /reviews/,201,Created,Review Submission Load Test 3-134,text,true,,380,440,68,131,http://localhost:8004/reviews/,3,0,1
1777162936211,6531,POST /auth/login,200,OK,Login Load Test 1-136,text,true,,316,251,63,130,http://localhost:8001/auth/login,6531,0,0
1777162936042,6700,Login for Token,200,OK,Review Submission Load Test 3-132,text,true,,316,251,67,130,http://localhost:8001/auth/login,6700,0,0
1777162942742,3,POST /reviews/,201,Created,Review Submission Load Test 3-132,text,true,,380,440,67,129,http://localhost:8004/reviews/,3,0,0
1777162936366,6470,POST /auth/login,200,OK,Login Load Test 1-139,text,true,,316,251,62,128,http://localhost:8001/auth/login,6470,0,0
1777162936190,6646,Login for Token,200,OK,Review Submission Load Test 3-135,text,true,,316,251,66,128,http://localhost:8001/auth/login,6646,0,1
1777162942836,3,POST /reviews/,201,Created,Review Submission Load Test 3-135,text,true,,380,440,66,127,http://localhost:8004/reviews/,3,0,1
1777162936417,6522,POST /auth/login,200,OK,Login Load Test 1-140,text,true,,316,251,61,126,http://localhost:8001/auth/login,6522,0,0
1777162936289,6650,Login for Token,200,OK,Review Submission Load Test 3-137,text,true,,316,251,65,126,http://localhost:8001/auth/login,6650,0,1
1777162942939,3,POST /reviews/,201,Created,Review Submission Load Test 3-137,text,true,,380,440,65,125,http://localhost:8004/reviews/,3,0,1
1777162936466,6514,POST /auth/login,200,OK,Login Load Test 1-141,text,true,,316,251,60,124,http://localhost:8001/auth/login,6514,0,0
1777162936340,6640,Login for Token,200,OK,Review Submission Load Test 3-138,text,true,,316,251,64,124,http://localhost:8001/auth/login,6640,0,1
1777162942980,3,POST /reviews/,201,Created,Review Submission Load Test 3-138,text,true,,380,440,64,123,http://localhost:8004/reviews/,3,0,0
1777162936511,6596,POST /auth/login,200,OK,Login Load Test 1-142,text,true,,316,251,59,122,http://localhost:8001/auth/login,6596,0,0
1777162936240,6867,Login for Token,200,OK,Review Submission Load Test 3-136,text,true,,316,251,63,122,http://localhost:8001/auth/login,6867,0,0
1777162943107,3,POST /reviews/,201,Created,Review Submission Load Test 3-136,text,true,,380,440,63,121,http://localhost:8004/reviews/,3,0,0
1777162936567,6631,POST /auth/login,200,OK,Login Load Test 1-143,text,true,,316,251,58,120,http://localhost:8001/auth/login,6631,0,0
1777162936390,6808,Login for Token,200,OK,Review Submission Load Test 3-139,text,true,,316,251,62,120,http://localhost:8001/auth/login,6808,0,0
1777162943199,2,POST /reviews/,201,Created,Review Submission Load Test 3-139,text,true,,380,440,62,119,http://localhost:8004/reviews/,2,0,0
1777162936616,6689,POST /auth/login,200,OK,Login Load Test 1-144,text,true,,316,251,57,118,http://localhost:8001/auth/login,6689,0,0
1777162936443,6862,Login for Token,200,OK,Review Submission Load Test 3-140,text,true,,316,251,61,118,http://localhost:8001/auth/login,6862,0,0
1777162943306,3,POST /reviews/,201,Created,Review Submission Load Test 3-140,text,true,,380,440,61,117,http://localhost:8004/reviews/,3,0,0
1777162936666,6679,POST /auth/login,200,OK,Login Load Test 1-145,text,true,,316,251,56,116,http://localhost:8001/auth/login,6679,0,0
1777162936488,6857,Login for Token,200,OK,Review Submission Load Test 3-141,text,true,,316,251,60,116,http://localhost:8001/auth/login,6857,0,0
1777162943346,2,POST /reviews/,201,Created,Review Submission Load Test 3-141,text,true,,380,440,60,115,http://localhost:8004/reviews/,2,0,0
1777162936717,6758,POST /auth/login,200,OK,Login Load Test 1-146,text,true,,316,251,55,114,http://localhost:8001/auth/login,6758,0,0
1777162936538,6937,Login for Token,200,OK,Review Submission Load Test 3-142,text,true,,316,251,59,114,http://localhost:8001/auth/login,6937,0,0
1777162943476,2,POST /reviews/,201,Created,Review Submission Load Test 3-142,text,true,,380,440,59,113,http://localhost:8004/reviews/,2,0,0
1777162936764,6801,POST /auth/login,200,OK,Login Load Test 1-147,text,true,,316,251,54,112,http://localhost:8001/auth/login,6801,0,0
1777162936587,6978,Login for Token,200,OK,Review Submission Load Test 3-143,text,true,,316,251,58,112,http://localhost:8001/auth/login,6978,0,0
1777162943566,2,POST /reviews/,201,Created,Review Submission Load Test 3-143,text,true,,380,440,58,111,http://localhost:8004/reviews/,2,0,0
1777162936815,6856,POST /auth/login,200,OK,Login Load Test 1-148,text,true,,316,251,53,110,http://localhost:8001/auth/login,6856,0,0
1777162936641,7030,Login for Token,200,OK,Review Submission Load Test 3-144,text,true,,316,251,57,110,http://localhost:8001/auth/login,7030,0,0
1777162943671,3,POST /reviews/,201,Created,Review Submission Load Test 3-144,text,true,,380,440,57,109,http://localhost:8004/reviews/,3,0,0
1777162936692,7017,Login for Token,200,OK,Review Submission Load Test 3-145,text,true,,316,251,56,108,http://localhost:8001/auth/login,7017,0,0
1777162936892,6817,Login for Token,200,OK,Review Submission Load Test 3-149,text,true,,316,251,56,108,http://localhost:8001/auth/login,6817,0,0
1777162943709,3,POST /reviews/,201,Created,Review Submission Load Test 3-145,text,true,,380,440,56,108,http://localhost:8004/reviews/,3,0,0
1777162943709,3,POST /reviews/,201,Created,Review Submission Load Test 3-149,text,true,,380,440,56,108,http://localhost:8004/reviews/,3,0,0
1777162936915,6927,POST /auth/login,200,OK,Login Load Test 1-150,text,true,,316,251,52,106,http://localhost:8001/auth/login,6927,0,0
1777162936741,7101,Login for Token,200,OK,Review Submission Load Test 3-146,text,true,,316,251,54,106,http://localhost:8001/auth/login,7101,0,0
1777162943842,3,POST /reviews/,201,Created,Review Submission Load Test 3-146,text,true,,380,440,54,105,http://localhost:8004/reviews/,3,0,0
1777162936964,6971,POST /auth/login,200,OK,Login Load Test 1-151,text,true,,316,251,51,104,http://localhost:8001/auth/login,6971,0,1
1777162936791,7144,Login for Token,200,OK,Review Submission Load Test 3-147,text,true,,316,251,53,104,http://localhost:8001/auth/login,7144,0,0
1777162943935,3,POST /reviews/,201,Created,Review Submission Load Test 3-147,text,true,,380,440,53,103,http://localhost:8004/reviews/,3,0,0
1777162937012,7030,POST /auth/login,200,OK,Login Load Test 1-152,text,true,,316,251,50,102,http://localhost:8001/auth/login,7030,0,0
1777162936841,7201,Login for Token,200,OK,Review Submission Load Test 3-148,text,true,,316,251,52,102,http://localhost:8001/auth/login,7201,0,1
1777162944042,3,POST /reviews/,201,Created,Review Submission Load Test 3-148,text,true,,380,440,52,101,http://localhost:8004/reviews/,3,0,1
1777162937064,7012,POST /auth/login,200,OK,Login Load Test 1-153,text,true,,316,251,49,100,http://localhost:8001/auth/login,7012,0,0
1777162936864,7212,POST /auth/login,200,OK,Login Load Test 1-149,text,true,,316,251,49,100,http://localhost:8001/auth/login,7212,0,0
1777162937114,7095,POST /auth/login,200,OK,Login Load Test 1-154,text,true,,316,251,47,98,http://localhost:8001/auth/login,7095,0,0
1777162936942,7267,Login for Token,200,OK,Review Submission Load Test 3-150,text,true,,316,251,51,98,http://localhost:8001/auth/login,7267,0,0
1777162944210,2,POST /reviews/,201,Created,Review Submission Load Test 3-150,text,true,,380,440,51,97,http://localhost:8004/reviews/,2,0,0
1777162937161,7141,POST /auth/login,200,OK,Login Load Test 1-155,text,true,,316,251,46,96,http://localhost:8001/auth/login,7141,0,1
1777162936992,7310,Login for Token,200,OK,Review Submission Load Test 3-151,text,true,,316,251,50,96,http://localhost:8001/auth/login,7310,0,0
1777162944302,3,POST /reviews/,201,Created,Review Submission Load Test 3-151,text,true,,380,440,50,95,http://localhost:8004/reviews/,3,0,1
1777162937213,7194,POST /auth/login,200,OK,Login Load Test 1-156,text,true,,316,251,45,94,http://localhost:8001/auth/login,7194,0,0
1777162937043,7364,Login for Token,200,OK,Review Submission Load Test 3-152,text,true,,316,251,49,94,http://localhost:8001/auth/login,7364,0,0
1777162944407,3,POST /reviews/,201,Created,Review Submission Load Test 3-152,text,true,,380,440,49,93,http://localhost:8004/reviews/,3,0,0
1777162937292,7154,Login for Token,200,OK,Review Submission Load Test 3-157,text,true,,316,251,48,92,http://localhost:8001/auth/login,7154,0,0
1777162937092,7354,Login for Token,200,OK,Review Submission Load Test 3-153,text,true,,316,251,48,92,http://localhost:8001/auth/login,7354,0,1
1777162944446,3,POST /reviews/,201,Created,Review Submission Load Test 3-153,text,true,,380,440,48,92,http://localhost:8004/reviews/,3,0,1
1777162944446,3,POST /reviews/,201,Created,Review Submission Load Test 3-157,text,true,,380,440,48,92,http://localhost:8004/reviews/,3,0,1
1777162937313,7265,POST /auth/login,200,OK,Login Load Test 1-158,text,true,,316,251,44,90,http://localhost:8001/auth/login,7265,0,0
1777162937143,7435,Login for Token,200,OK,Review Submission Load Test 3-154,text,true,,316,251,46,90,http://localhost:8001/auth/login,7435,0,0
1777162944579,2,POST /reviews/,201,Created,Review Submission Load Test 3-154,text,true,,380,440,46,89,http://localhost:8004/reviews/,2,0,0
1777162937363,7306,POST /auth/login,200,OK,Login Load Test 1-159,text,true,,316,251,43,88,http://localhost:8001/auth/login,7306,0,0
1777162937191,7478,Login for Token,200,OK,Review Submission Load Test 3-155,text,true,,316,251,45,88,http://localhost:8001/auth/login,7478,0,0
1777162944669,3,POST /reviews/,201,Created,Review Submission Load Test 3-155,text,true,,380,440,45,87,http://localhost:8004/reviews/,3,0,1
1777162937414,7362,POST /auth/login,200,OK,Login Load Test 1-160,text,true,,316,251,42,86,http://localhost:8001/auth/login,7362,0,0
1777162937242,7534,Login for Token,200,OK,Review Submission Load Test 3-156,text,true,,316,251,44,86,http://localhost:8001/auth/login,7534,0,0
1777162944776,2,POST /reviews/,201,Created,Review Submission Load Test 3-156,text,true,,380,440,44,85,http://localhost:8004/reviews/,2,0,0
1777162937263,7550,POST /auth/login,200,OK,Login Load Test 1-157,text,true,,316,251,41,84,http://localhost:8001/auth/login,7550,0,0
1777162937465,7348,POST /auth/login,200,OK,Login Load Test 1-161,text,true,,316,251,41,84,http://localhost:8001/auth/login,7348,0,0
1777162937509,7439,POST /auth/login,200,OK,Login Load Test 1-162,text,true,,316,251,39,82,http://localhost:8001/auth/login,7439,0,0
1777162937341,7607,Login for Token,200,OK,Review Submission Load Test 3-158,text,true,,316,251,43,82,http://localhost:8001/auth/login,7607,0,1
1777162944948,3,POST /reviews/,201,Created,Review Submission Load Test 3-158,text,true,,380,440,43,81,http://localhost:8004/reviews/,3,0,0
1777162937558,7481,POST /auth/login,200,OK,Login Load Test 1-163,text,true,,316,251,38,80,http://localhost:8001/auth/login,7481,0,0
1777162937391,7648,Login for Token,200,OK,Review Submission Load Test 3-159,text,true,,316,251,42,80,http://localhost:8001/auth/login,7648,0,1
1777162945042,3,POST /reviews/,201,Created,Review Submission Load Test 3-159,text,true,,380,440,42,79,http://localhost:8004/reviews/,3,0,0
1777162937608,7533,POST /auth/login,200,OK,Login Load Test 1-164,text,true,,316,251,37,78,http://localhost:8001/auth/login,7533,0,1
1777162937441,7700,Login for Token,200,OK,Review Submission Load Test 3-160,text,true,,316,251,41,78,http://localhost:8001/auth/login,7700,0,1
1777162945141,3,POST /reviews/,201,Created,Review Submission Load Test 3-160,text,true,,380,440,41,77,http://localhost:8004/reviews/,3,0,0
1777162937658,7521,POST /auth/login,200,OK,Login Load Test 1-165,text,true,,316,251,36,76,http://localhost:8001/auth/login,7521,0,0
1777162937492,7687,Login for Token,200,OK,Review Submission Load Test 3-161,text,true,,316,251,40,76,http://localhost:8001/auth/login,7687,0,0
1777162945179,3,POST /reviews/,201,Created,Review Submission Load Test 3-161,text,true,,380,440,40,75,http://localhost:8004/reviews/,3,0,0
1777162937712,7596,POST /auth/login,200,OK,Login Load Test 1-166,text,true,,316,251,35,74,http://localhost:8001/auth/login,7596,0,0
1777162937539,7769,Login for Token,200,OK,Review Submission Load Test 3-162,text,true,,316,251,39,74,http://localhost:8001/auth/login,7769,0,0
1777162945309,2,POST /reviews/,201,Created,Review Submission Load Test 3-162,text,true,,380,440,39,73,http://localhost:8004/reviews/,2,0,0
1777162937759,7641,POST /auth/login,200,OK,Login Load Test 1-167,text,true,,316,251,34,72,http://localhost:8001/auth/login,7641,0,0
1777162937589,7811,Login for Token,200,OK,Review Submission Load Test 3-163,text,true,,316,251,38,72,http://localhost:8001/auth/login,7811,0,0
1777162945400,3,POST /reviews/,201,Created,Review Submission Load Test 3-163,text,true,,380,440,38,71,http://localhost:8004/reviews/,3,0,1
1777162937814,7693,POST /auth/login,200,OK,Login Load Test 1-168,text,true,,316,251,33,70,http://localhost:8001/auth/login,7693,0,0
1777162937638,7869,Login for Token,200,OK,Review Submission Load Test 3-164,text,true,,316,251,37,70,http://localhost:8001/auth/login,7869,0,0
1777162945508,2,POST /reviews/,201,Created,Review Submission Load Test 3-164,text,true,,380,440,37,69,http://localhost:8004/reviews/,2,0,0
1777162937860,7684,POST /auth/login,200,OK,Login Load Test 1-169,text,true,,316,251,32,68,http://localhost:8001/auth/login,7684,0,1
1777162937692,7852,Login for Token,200,OK,Review Submission Load Test 3-165,text,true,,316,251,36,68,http://localhost:8001/auth/login,7852,0,0
1777162945544,3,POST /reviews/,201,Created,Review Submission Load Test 3-165,text,true,,380,440,36,67,http://localhost:8004/reviews/,3,0,1
1777162937909,7768,POST /auth/login,200,OK,Login Load Test 1-170,text,true,,316,251,31,66,http://localhost:8001/auth/login,7768,0,0
1777162937740,7937,Login for Token,200,OK,Review Submission Load Test 3-166,text,true,,316,251,35,66,http://localhost:8001/auth/login,7937,0,1
1777162945677,3,POST /reviews/,201,Created,Review Submission Load Test 3-166,text,true,,380,440,35,65,http://localhost:8004/reviews/,3,0,1
1777162937961,7808,POST /auth/login,200,OK,Login Load Test 1-171,text,true,,316,251,30,64,http://localhost:8001/auth/login,7808,0,1
1777162937793,7976,Login for Token,200,OK,Review Submission Load Test 3-167,text,true,,316,251,34,64,http://localhost:8001/auth/login,7976,0,0
1777162945770,3,POST /reviews/,201,Created,Review Submission Load Test 3-167,text,true,,380,440,34,63,http://localhost:8004/reviews/,3,0,0
1777162938013,7861,POST /auth/login,200,OK,Login Load Test 1-172,text,true,,316,251,29,62,http://localhost:8001/auth/login,7861,0,0
1777162937842,8032,Login for Token,200,OK,Review Submission Load Test 3-168,text,true,,316,251,33,61,http://localhost:8001/auth/login,8032,0,0
1777162945874,3,POST /reviews/,201,Created,Review Submission Load Test 3-168,text,true,,380,440,33,61,http://localhost:8004/reviews/,3,0,0
1777162938062,7849,POST /auth/login,200,OK,Login Load Test 1-173,text,true,,316,251,28,60,http://localhost:8001/auth/login,7849,0,1
1777162937890,8021,Login for Token,200,OK,Review Submission Load Test 3-169,text,true,,316,251,32,60,http://localhost:8001/auth/login,8021,0,0
1777162945911,2,POST /reviews/,201,Created,Review Submission Load Test 3-169,text,true,,380,440,32,59,http://localhost:8004/reviews/,2,0,0
1777162938115,7927,POST /auth/login,200,OK,Login Load Test 1-174,text,true,,316,251,27,58,http://localhost:8001/auth/login,7927,0,0
1777162937941,8101,Login for Token,200,OK,Review Submission Load Test 3-170,text,true,,316,251,31,58,http://localhost:8001/auth/login,8101,0,1
1777162946042,3,POST /reviews/,201,Created,Review Submission Load Test 3-170,text,true,,380,440,31,57,http://localhost:8004/reviews/,3,0,1
1777162938160,7977,POST /auth/login,200,OK,Login Load Test 1-175,text,true,,316,251,26,56,http://localhost:8001/auth/login,7977,0,0
1777162937987,8150,Login for Token,200,OK,Review Submission Load Test 3-171,text,true,,316,251,30,56,http://localhost:8001/auth/login,8150,0,0
1777162946138,3,POST /reviews/,201,Created,Review Submission Load Test 3-171,text,true,,380,440,30,55,http://localhost:8004/reviews/,3,0,0
1777162938214,8026,POST /auth/login,200,OK,Login Load Test 1-176,text,true,,316,251,25,54,http://localhost:8001/auth/login,8026,0,0
1777162938042,8198,Login for Token,200,OK,Review Submission Load Test 3-172,text,true,,316,251,29,54,http://localhost:8001/auth/login,8198,0,0
1777162946240,3,POST /reviews/,201,Created,Review Submission Load Test 3-172,text,true,,380,440,29,53,http://localhost:8004/reviews/,3,0,1
1777162938341,7938,Login for Token,200,OK,Review Submission Load Test 3-178,text,true,,316,251,28,52,http://localhost:8001/auth/login,7938,0,1
1777162938091,8188,Login for Token,200,OK,Review Submission Load Test 3-173,text,true,,316,251,28,52,http://localhost:8001/auth/login,8188,0,1
1777162946279,3,POST /reviews/,201,Created,Review Submission Load Test 3-178,text,true,,380,440,28,52,http://localhost:8004/reviews/,3,0,1
1777162946279,3,POST /reviews/,201,Created,Review Submission Load Test 3-173,text,true,,380,440,28,52,http://localhost:8004/reviews/,3,0,1
1777162938141,8263,Login for Token,200,OK,Review Submission Load Test 3-174,text,true,,316,251,26,50,http://localhost:8001/auth/login,8263,0,0
1777162938292,8112,Login for Token,200,OK,Review Submission Load Test 3-177,text,true,,316,251,26,50,http://localhost:8001/auth/login,8112,0,62
1777162946405,2,POST /reviews/,201,Created,Review Submission Load Test 3-174,text,true,,380,440,26,50,http://localhost:8004/reviews/,2,0,0
1777162946405,2,POST /reviews/,201,Created,Review Submission Load Test 3-177,text,true,,380,440,26,50,http://localhost:8004/reviews/,2,0,0
1777162938393,8116,Login for Token,200,OK,Review Submission Load Test 3-179,text,true,,316,251,24,48,http://localhost:8001/auth/login,8116,0,0
1777162938192,8317,Login for Token,200,OK,Review Submission Load Test 3-175,text,true,,316,251,24,48,http://localhost:8001/auth/login,8317,0,0
1777162946509,2,POST /reviews/,201,Created,Review Submission Load Test 3-179,text,true,,380,440,24,48,http://localhost:8004/reviews/,2,0,1
1777162946509,2,POST /reviews/,201,Created,Review Submission Load Test 3-175,text,true,,380,440,24,48,http://localhost:8004/reviews/,2,0,1
1777162938409,8201,POST /auth/login,200,OK,Login Load Test 1-180,text,true,,316,251,24,46,http://localhost:8001/auth/login,8201,0,30
1777162938241,8369,Login for Token,200,OK,Review Submission Load Test 3-176,text,true,,316,251,22,46,http://localhost:8001/auth/login,8369,0,0
1777162946610,2,POST /reviews/,201,Created,Review Submission Load Test 3-176,text,true,,380,440,22,45,http://localhost:8004/reviews/,2,0,1
1777162938262,8388,POST /auth/login,200,OK,Login Load Test 1-177,text,true,,316,251,23,44,http://localhost:8001/auth/login,8388,0,70
1777162938640,8010,Login for Token,200,OK,Review Submission Load Test 3-184,text,true,,316,251,21,44,http://localhost:8001/auth/login,8010,0,61
1777162946651,1,POST /reviews/,201,Created,Review Submission Load Test 3-184,text,true,,380,440,21,43,http://localhost:8004/reviews/,1,0,0
1777162938608,8167,POST /auth/login,200,OK,Login Load Test 1-184,text,true,,316,251,22,42,http://localhost:8001/auth/login,8167,0,123
1777162938361,8414,POST /auth/login,200,OK,Login Load Test 1-179,text,true,,316,251,22,42,http://localhost:8001/auth/login,8414,0,0
1777162938738,8038,Login for Token,200,OK,Review Submission Load Test 3-186,text,true,,316,251,20,40,http://localhost:8001/auth/login,8038,0,0
1777162946776,2,POST /reviews/,201,Created,Review Submission Load Test 3-186,text,true,,380,440,20,40,http://localhost:8004/reviews/,2,0,0
1777162938709,8168,POST /auth/login,200,OK,Login Load Test 1-186,text,true,,316,251,20,39,http://localhost:8001/auth/login,8168,0,62
1777162938311,8566,POST /auth/login,200,OK,Login Load Test 1-178,text,true,,316,251,20,39,http://localhost:8001/auth/login,8566,0,93
1777162938561,8316,POST /auth/login,200,OK,Login Load Test 1-183,text,true,,316,251,18,37,http://localhost:8001/auth/login,8316,0,213
1777162938442,8533,Login for Token,200,OK,Review Submission Load Test 3-180,text,true,,316,251,19,36,http://localhost:8001/auth/login,8533,0,0
1777162938688,8287,Login for Token,200,OK,Review Submission Load Test 3-185,text,true,,316,251,19,36,http://localhost:8001/auth/login,8287,0,121
1777162938590,8386,Login for Token,200,OK,Review Submission Load Test 3-183,text,true,,316,251,19,36,http://localhost:8001/auth/login,8386,0,216
1777162946975,4,POST /reviews/,201,Created,Review Submission Load Test 3-180,text,true,,380,440,19,36,http://localhost:8004/reviews/,4,0,1
1777162946976,3,POST /reviews/,201,Created,Review Submission Load Test 3-183,text,true,,380,440,19,36,http://localhost:8004/reviews/,3,0,0
1777162946975,4,POST /reviews/,201,Created,Review Submission Load Test 3-185,text,true,,380,440,19,36,http://localhost:8004/reviews/,4,0,1
1777162938955,8061,POST /auth/login,200,OK,Login Load Test 1-191,text,true,,316,251,17,33,http://localhost:8001/auth/login,8061,0,122
1777162938491,8525,Login for Token,200,OK,Review Submission Load Test 3-181,text,true,,316,251,16,33,http://localhost:8001/auth/login,8525,0,215
1777162947017,2,POST /reviews/,201,Created,Review Submission Load Test 3-181,text,true,,380,440,16,32,http://localhost:8004/reviews/,2,0,0
1777162939039,8097,Login for Token,200,OK,Review Submission Load Test 3-192,text,true,,316,251,15,31,http://localhost:8001/auth/login,8097,0,62
1777162947136,3,POST /reviews/,201,Created,Review Submission Load Test 3-192,text,true,,380,440,15,31,http://localhost:8004/reviews/,3,0,1
1777162939104,8139,POST /auth/login,200,OK,Login Load Test 1-194,text,true,,316,251,16,30,http://localhost:8001/auth/login,8139,0,32
1777162938842,8497,Login for Token,200,OK,Review Submission Load Test 3-188,text,true,,316,251,14,29,http://localhost:8001/auth/login,8497,0,336
1777162947339,3,POST /reviews/,201,Created,Review Submission Load Test 3-188,text,true,,380,440,14,29,http://localhost:8004/reviews/,3,0,1
1777162938505,8881,POST /auth/login,200,OK,Login Load Test 1-182,text,true,,316,251,15,28,http://localhost:8001/auth/login,8881,0,578
1777162939440,7946,Login for Token,200,OK,Review Submission Load Test 3-200,text,true,,316,251,13,28,http://localhost:8001/auth/login,7946,0,1
1777162947386,3,POST /reviews/,201,Created,Review Submission Load Test 3-200,text,true,,380,440,13,27,http://localhost:8004/reviews/,3,0,0
1777162938890,8616,Login for Token,200,OK,Review Submission Load Test 3-189,text,true,,316,251,12,26,http://localhost:8001/auth/login,8616,0,214
1777162939341,8165,Login for Token,200,OK,Review Submission Load Test 3-198,text,true,,316,251,12,26,http://localhost:8001/auth/login,8165,0,122
1777162947506,3,POST /reviews/,201,Created,Review Submission Load Test 3-189,text,true,,380,440,12,26,http://localhost:8004/reviews/,3,0,0
1777162947506,3,POST /reviews/,201,Created,Review Submission Load Test 3-198,text,true,,380,440,11,25,http://localhost:8004/reviews/,3,0,0
1777162939209,8403,POST /auth/login,200,OK,Login Load Test 1-196,text,true,,316,251,14,24,http://localhost:8001/auth/login,8403,0,333
1777162939140,8472,Login for Token,200,OK,Review Submission Load Test 3-194,text,true,,316,251,10,24,http://localhost:8001/auth/login,8472,0,0
1777162947613,3,POST /reviews/,201,Created,Review Submission Load Test 3-194,text,true,,380,440,10,23,http://localhost:8004/reviews/,3,0,0
1777162939359,8347,POST /auth/login,200,OK,Login Load Test 1-199,text,true,,316,251,13,22,http://localhost:8001/auth/login,8347,0,337
1777162939093,8613,Login for Token,200,OK,Review Submission Load Test 3-193,text,true,,316,251,9,22,http://localhost:8001/auth/login,8613,0,90
1777162947707,2,POST /reviews/,201,Created,Review Submission Load Test 3-193,text,true,,380,440,9,21,http://localhost:8004/reviews/,2,0,0
1777162938755,9000,POST /auth/login,200,OK,Login Load Test 1-187,text,true,,316,251,12,20,http://localhost:8001/auth/login,9000,0,1053
1777162939292,8463,Login for Token,200,OK,Review Submission Load Test 3-197,text,true,,316,251,8,20,http://localhost:8001/auth/login,8463,0,151
1777162938461,9294,POST /auth/login,200,OK,Login Load Test 1-181,text,true,,316,251,11,19,http://localhost:8001/auth/login,9294,0,2017
1777162939242,8513,Login for Token,200,OK,Review Submission Load Test 3-196,text,true,,316,251,8,19,http://localhost:8001/auth/login,8513,0,573
1777162938538,9218,Login for Token,200,OK,Review Submission Load Test 3-182,text,true,,316,251,8,18,http://localhost:8001/auth/login,9218,0,2015
1777162947755,3,POST /reviews/,201,Created,Review Submission Load Test 3-196,text,true,,380,440,8,18,http://localhost:8004/reviews/,3,0,0
1777162947755,3,POST /reviews/,201,Created,Review Submission Load Test 3-197,text,true,,380,440,8,18,http://localhost:8004/reviews/,3,0,0
1777162947756,3,POST /reviews/,201,Created,Review Submission Load Test 3-182,text,true,,380,440,6,16,http://localhost:8004/reviews/,3,0,0
1777162939310,8561,POST /auth/login,200,OK,Login Load Test 1-198,text,true,,316,251,10,15,http://localhost:8001/auth/login,8561,0,575
1777162939392,8479,Login for Token,200,OK,Review Submission Load Test 3-199,text,true,,316,251,5,15,http://localhost:8001/auth/login,8479,0,121
1777162939259,8613,POST /auth/login,200,OK,Login Load Test 1-197,text,true,,316,251,9,14,http://localhost:8001/auth/login,8613,0,573
1777162938811,9061,POST /auth/login,200,OK,Login Load Test 1-188,text,true,,316,251,9,14,http://localhost:8001/auth/login,9061,0,2017
1777162938789,9083,Login for Token,200,OK,Review Submission Load Test 3-187,text,true,,316,251,5,12,http://localhost:8001/auth/login,9083,0,2016
1777162947872,3,POST /reviews/,201,Created,Review Submission Load Test 3-199,text,true,,380,440,5,12,http://localhost:8004/reviews/,3,0,0
1777162947872,3,POST /reviews/,201,Created,Review Submission Load Test 3-187,text,true,,380,440,4,11,http://localhost:8004/reviews/,3,0,0
1777162939409,8558,POST /auth/login,200,OK,Login Load Test 1-200,text,true,,316,251,7,10,http://localhost:8001/auth/login,8558,0,155
1777162938858,9109,POST /auth/login,200,OK,Login Load Test 1-189,text,true,,316,251,7,10,http://localhost:8001/auth/login,9109,0,1057
1777162938992,8976,Login for Token,200,OK,Review Submission Load Test 3-191,text,true,,316,251,3,10,http://localhost:8001/auth/login,8976,0,2017
1777162938911,9057,POST /auth/login,200,OK,Login Load Test 1-190,text,true,,316,251,7,10,http://localhost:8001/auth/login,9057,0,1057
1777162938942,9026,Login for Token,200,OK,Review Submission Load Test 3-190,text,true,,316,251,3,7,http://localhost:8001/auth/login,9026,0,2018
1777162947968,3,POST /reviews/,201,Created,Review Submission Load Test 3-191,text,true,,380,440,3,7,http://localhost:8004/reviews/,3,0,0
1777162947968,3,POST /reviews/,201,Created,Review Submission Load Test 3-190,text,true,,380,440,2,6,http://localhost:8004/reviews/,3,0,0
1777162938657,9401,POST /auth/login,200,OK,Login Load Test 1-185,text,true,,316,251,4,5,http://localhost:8001/auth/login,9401,0,1058
1777162939192,8866,Login for Token,200,OK,Review Submission Load Test 3-195,text,true,,316,251,1,5,http://localhost:8001/auth/login,8866,0,1058
1777162939155,8903,POST /auth/login,200,OK,Login Load Test 1-195,text,true,,316,251,3,4,http://localhost:8001/auth/login,8903,0,1055
1777162939059,8999,POST /auth/login,200,OK,Login Load Test 1-193,text,true,,316,251,3,4,http://localhost:8001/auth/login,8999,0,2016
1777162939007,9052,POST /auth/login,200,OK,Login Load Test 1-192,text,true,,316,251,1,2,http://localhost:8001/auth/login,9052,0,2013
1777162948058,2,POST /reviews/,201,Created,Review Submission Load Test 3-195,text,true,,380,440,1,1,http://localhost:8004/reviews/,2,0,1
1777221438053,16,GET /restaurants?q=ramen,200,OK,Restaurant Search Load Test 2-1,text,true,,587,137,1,3,http://localhost:8002/restaurants/?q=ramen,16,0,10
1777221438208,4,GET /restaurants?q=ramen,200,OK,Restaurant Search Load Test 2-2,text,true,,587,137,1,3,http://localhost:8002/restaurants/?q=ramen,4,0,0
1777221438053,185,Login for Token,200,OK,Review Submission Load Test 3-1,text,true,,316,249,2,4,http://localhost:8001/auth/login,185,0,10
1777221438053,187,POST /auth/login,200,OK,Login Load Test 1-1,text,true,,316,249,2,4,http://localhost:8001/auth/login,187,0,10
1777221438240,2,POST /reviews/,400,Bad Request,Review Submission Load Test 3-1,text,false,"Test failed: code expected to equal /

****** received  : [[[400]]]

****** comparison: [[[201]]]

/",188,440,2,3,http://localhost:8004/reviews/,2,0,1
1777221438224,173,POST /auth/login,200,OK,Login Load Test 1-2,text,true,,316,249,1,2,http://localhost:8001/auth/login,173,0,1
1777221438229,172,Login for Token,200,OK,Review Submission Load Test 3-2,text,true,,316,249,1,1,http://localhost:8001/auth/login,172,0,1
1777221438402,2,POST /reviews/,400,Bad Request,Review Submission Load Test 3-2,text,false,"Test failed: code expected to equal /

****** received  : [[[400]]]

****** comparison: [[[201]]]

/",188,440,1,1,http://localhost:8004/reviews/,2,0,0
1777221438411,4,GET /restaurants?q=ramen,200,OK,Restaurant Search Load Test 2-3,text,true,,587,137,1,1,http://localhost:8002/restaurants/?q=ramen,4,0,0
1777221438421,175,POST /auth/login,200,OK,Login Load Test 1-3,text,true,,316,249,1,2,http://localhost:8001/auth/login,175,0,0
1777221438425,175,Login for Token,200,OK,Review Submission Load Test 3-3,text,true,,316,249,1,1,http://localhost:8001/auth/login,175,0,1
1777221438600,3,POST /reviews/,400,Bad Request,Review Submission Load Test 3-3,text,false,"Test failed: code expected to equal /

****** received  : [[[400]]]

****** comparison: [[[201]]]

/",188,440,1,1,http://localhost:8004/reviews/,3,0,1
1777221438608,5,GET /restaurants?q=ramen,200,OK,Restaurant Search Load Test 2-4,text,true,,587,137,1,1,http://localhost:8002/restaurants/?q=ramen,5,0,0
1777221438624,177,POST /auth/login,200,OK,Login Load Test 1-4,text,true,,316,249,1,2,http://localhost:8001/auth/login,177,0,1
1777221438628,174,Login for Token,200,OK,Review Submission Load Test 3-4,text,true,,316,249,1,2,http://localhost:8001/auth/login,174,0,0
1777221438802,4,POST /reviews/,201,Created,Review Submission Load Test 3-4,text,true,,380,440,1,1,http://localhost:8004/reviews/,4,0,1
1777221438811,4,GET /restaurants?q=ramen,200,OK,Restaurant Search Load Test 2-5,text,true,,587,137,1,1,http://localhost:8002/restaurants/?q=ramen,4,0,1
1777221438824,179,POST /auth/login,200,OK,Login Load Test 1-5,text,true,,316,249,1,2,http://localhost:8001/auth/login,179,0,0
1777221438825,178,Login for Token,200,OK,Review Submission Load Test 3-5,text,true,,316,250,1,2,http://localhost:8001/auth/login,178,0,0
1777221439004,2,POST /reviews/,400,Bad Request,Review Submission Load Test 3-5,text,false,"Test failed: code expected to equal /

****** received  : [[[400]]]

****** comparison: [[[201]]]

/",188,440,1,1,http://localhost:8004/reviews/,2,0,0
1777221439007,3,GET /restaurants?q=ramen,200,OK,Restaurant Search Load Test 2-6,text,true,,587,137,1,1,http://localhost:8002/restaurants/?q=ramen,3,0,1
1777221439027,172,POST /auth/login,200,OK,Login Load Test 1-6,text,true,,316,250,1,2,http://localhost:8001/auth/login,172,0,0
1777221439027,172,Login for Token,200,OK,Review Submission Load Test 3-6,text,true,,316,250,1,2,http://localhost:8001/auth/login,172,0,0
1777221439203,3,POST /reviews/,201,Created,Review Submission Load Test 3-6,text,true,,380,440,1,1,http://localhost:8004/reviews/,3,0,0
1777221439212,4,GET /restaurants?q=ramen,200,OK,Restaurant Search Load Test 2-7,text,true,,587,137,1,1,http://localhost:8002/restaurants/?q=ramen,4,0,0
1777221439222,172,POST /auth/login,200,OK,Login Load Test 1-7,text,true,,316,250,1,2,http://localhost:8001/auth/login,172,0,1
1777221439228,171,Login for Token,200,OK,Review Submission Load Test 3-7,text,true,,316,250,1,1,http://localhost:8001/auth/login,171,0,0
1777221439399,4,POST /reviews/,201,Created,Review Submission Load Test 3-7,text,true,,380,440,1,1,http://localhost:8004/reviews/,4,0,1
1777221439411,3,GET /restaurants?q=ramen,200,OK,Restaurant Search Load Test 2-8,text,true,,587,137,1,1,http://localhost:8002/restaurants/?q=ramen,3,0,0
1777221439612,4,GET /restaurants?q=ramen,200,OK,Restaurant Search Load Test 2-9,text,true,,587,137,1,3,http://localhost:8002/restaurants/?q=ramen,4,0,0
1777221439427,345,POST /auth/login,200,OK,Login Load Test 1-8,text,true,,316,250,2,4,http://localhost:8001/auth/login,345,0,0
1777221439428,345,Login for Token,200,OK,Review Submission Load Test 3-8,text,true,,316,250,2,3,http://localhost:8001/auth/login,345,0,0
1777221439773,3,POST /reviews/,400,Bad Request,Review Submission Load Test 3-8,text,false,"Test failed: code expected to equal /

****** received  : [[[400]]]

****** comparison: [[[201]]]

/",188,440,2,3,http://localhost:8004/reviews/,3,0,1
1777221439619,179,POST /auth/login,200,OK,Login Load Test 1-9,text,true,,316,250,1,2,http://localhost:8001/auth/login,179,0,1
1777221439625,179,Login for Token,200,OK,Review Submission Load Test 3-9,text,true,,316,250,1,1,http://localhost:8001/auth/login,179,0,1
1777221439804,2,POST /reviews/,400,Bad Request,Review Submission Load Test 3-9,text,false,"Test failed: code expected to equal /

****** received  : [[[400]]]

****** comparison: [[[201]]]

/",188,440,1,2,http://localhost:8004/reviews/,2,0,0
1777221439805,3,GET /restaurants?q=ramen,200,OK,Restaurant Search Load Test 2-10,text,true,,587,137,1,1,http://localhost:8002/restaurants/?q=ramen,3,0,1
1777221439820,174,POST /auth/login,200,OK,Login Load Test 1-10,text,true,,316,250,1,2,http://localhost:8001/auth/login,174,0,1
1777221439829,173,Login for Token,200,OK,Review Submission Load Test 3-10,text,true,,316,250,1,1,http://localhost:8001/auth/login,173,0,1
1777221440002,3,POST /reviews/,201,Created,Review Submission Load Test 3-10,text,true,,380,440,1,2,http://localhost:8004/reviews/,3,0,0
1777221440003,3,GET /restaurants?q=ramen,200,OK,Restaurant Search Load Test 2-11,text,true,,587,137,1,1,http://localhost:8002/restaurants/?q=ramen,3,0,1
1777221440026,172,POST /auth/login,200,OK,Login Load Test 1-11,text,true,,316,250,1,2,http://localhost:8001/auth/login,172,0,0
1777221440028,172,Login for Token,200,OK,Review Submission Load Test 3-11,text,true,,316,250,1,1,http://localhost:8001/auth/login,172,0,1
1777221440200,2,POST /reviews/,400,Bad Request,Review Submission Load Test 3-11,text,false,"Test failed: code expected to equal /

****** received  : [[[400]]]

****** comparison: [[[201]]]

/",188,440,1,1,http://localhost:8004/reviews/,2,0,1
1777221440206,4,GET /restaurants?q=ramen,200,OK,Restaurant Search Load Test 2-12,text,true,,587,137,1,1,http://localhost:8002/restaurants/?q=ramen,4,0,0
1777221440222,175,POST /auth/login,200,OK,Login Load Test 1-12,text,true,,316,250,1,2,http://localhost:8001/auth/login,175,0,1
1777221440228,174,Login for Token,200,OK,Review Submission Load Test 3-12,text,true,,316,250,1,1,http://localhost:8001/auth/login,174,0,0
1777221440402,2,POST /reviews/,400,Bad Request,Review Submission Load Test 3-12,text,false,"Test failed: code expected to equal /

****** received  : [[[400]]]

****** comparison: [[[201]]]

/",188,440,1,2,http://localhost:8004/reviews/,2,0,0
1777221440402,2,GET /restaurants?q=ramen,200,OK,Restaurant Search Load Test 2-13,text,true,,587,137,1,1,http://localhost:8002/restaurants/?q=ramen,2,0,1
1777221440420,185,POST /auth/login,200,OK,Login Load Test 1-13,text,true,,316,250,1,3,http://localhost:8001/auth/login,185,0,0
1777221440605,2,GET /restaurants?q=ramen,200,OK,Restaurant Search Load Test 2-14,text,true,,587,137,1,2,http://localhost:8002/restaurants/?q=ramen,2,0,0
1777221440428,183,Login for Token,200,OK,Review Submission Load Test 3-13,text,true,,316,250,1,1,http://localhost:8001/auth/login,183,0,0
1777221440612,2,POST /reviews/,201,Created,Review Submission Load Test 3-13,text,true,,380,440,1,1,http://localhost:8004/reviews/,2,0,0
1777221440619,173,POST /auth/login,200,OK,Login Load Test 1-14,text,true,,316,250,1,2,http://localhost:8001/auth/login,173,0,1
1777221440626,171,Login for Token,200,OK,Review Submission Load Test 3-14,text,true,,316,250,1,1,http://localhost:8001/auth/login,171,0,0
1777221440798,2,POST /reviews/,400,Bad Request,Review Submission Load Test 3-14,text,false,"Test failed: code expected to equal /

****** received  : [[[400]]]

****** comparison: [[[201]]]

/",188,440,1,1,http://localhost:8004/reviews/,2,0,0
1777221440803,2,GET /restaurants?q=ramen,200,OK,Restaurant Search Load Test 2-15,text,true,,587,137,1,1,http://localhost:8002/restaurants/?q=ramen,2,0,0
1777221440819,172,POST /auth/login,200,OK,Login Load Test 1-15,text,true,,316,250,1,2,http://localhost:8001/auth/login,172,0,0
1777221440829,171,Login for Token,200,OK,Review Submission Load Test 3-15,text,true,,316,250,1,1,http://localhost:8001/auth/login,171,0,0
1777221441000,3,POST /reviews/,400,Bad Request,Review Submission Load Test 3-15,text,false,"Test failed: code expected to equal /

****** received  : [[[400]]]

****** comparison: [[[201]]]

/",188,440,1,2,http://localhost:8004/reviews/,3,0,1
1777221441003,3,GET /restaurants?q=ramen,200,OK,Restaurant Search Load Test 2-16,text,true,,587,137,1,1,http://localhost:8002/restaurants/?q=ramen,3,0,0
1777221441019,173,POST /auth/login,200,OK,Login Load Test 1-16,text,true,,316,250,1,2,http://localhost:8001/auth/login,173,0,1
1777221441023,172,Login for Token,200,OK,Review Submission Load Test 3-16,text,true,,316,250,1,1,http://localhost:8001/auth/login,172,0,1
1777221441195,3,POST /reviews/,400,Bad Request,Review Submission Load Test 3-16,text,false,"Test failed: code expected to equal /

****** received  : [[[400]]]

****** comparison: [[[201]]]

/",188,440,1,1,http://localhost:8004/reviews/,3,0,1
1777221441205,4,GET /restaurants?q=ramen,200,OK,Restaurant Search Load Test 2-17,text,true,,587,137,1,1,http://localhost:8002/restaurants/?q=ramen,4,0,1
1777221441219,172,POST /auth/login,200,OK,Login Load Test 1-17,text,true,,316,250,1,2,http://localhost:8001/auth/login,172,0,1
1777221441229,170,Login for Token,200,OK,Review Submission Load Test 3-17,text,true,,316,250,1,1,http://localhost:8001/auth/login,170,0,0
1777221441400,2,POST /reviews/,400,Bad Request,Review Submission Load Test 3-17,text,false,"Test failed: code expected to equal /

****** received  : [[[400]]]

****** comparison: [[[201]]]

/",188,440,1,1,http://localhost:8004/reviews/,2,0,0
1777221441405,4,GET /restaurants?q=ramen,200,OK,Restaurant Search Load Test 2-18,text,true,,587,137,1,1,http://localhost:8002/restaurants/?q=ramen,4,0,0
1777221441423,175,POST /auth/login,200,OK,Login Load Test 1-18,text,true,,316,250,1,2,http://localhost:8001/auth/login,175,0,0
1777221441428,172,Login for Token,200,OK,Review Submission Load Test 3-18,text,true,,316,250,1,1,http://localhost:8001/auth/login,172,0,0
1777221441601,2,POST /reviews/,400,Bad Request,Review Submission Load Test 3-18,text,false,"Test failed: code expected to equal /

****** received  : [[[400]]]

****** comparison: [[[201]]]

/",188,440,1,2,http://localhost:8004/reviews/,2,0,0
1777221441602,3,GET /restaurants?q=ramen,200,OK,Restaurant Search Load Test 2-19,text,true,,587,137,1,1,http://localhost:8002/restaurants/?q=ramen,3,0,0
1777221441618,172,POST /auth/login,200,OK,Login Load Test 1-19,text,true,,316,250,1,2,http://localhost:8001/auth/login,172,0,1
1777221441628,170,Login for Token,200,OK,Review Submission Load Test 3-19,text,true,,316,250,1,1,http://localhost:8001/auth/login,170,0,0
1777221441799,2,POST /reviews/,400,Bad Request,Review Submission Load Test 3-19,text,false,"Test failed: code expected to equal /

****** received  : [[[400]]]

****** comparison: [[[201]]]

/",188,440,1,2,http://localhost:8004/reviews/,2,0,0
1777221441801,4,GET /restaurants?q=ramen,200,OK,Restaurant Search Load Test 2-20,text,true,,587,137,1,1,http://localhost:8002/restaurants/?q=ramen,4,0,1
1777221441822,172,POST /auth/login,200,OK,Login Load Test 1-20,text,true,,316,250,1,2,http://localhost:8001/auth/login,172,0,0
1777221441826,170,Login for Token,200,OK,Review Submission Load Test 3-20,text,true,,316,250,1,1,http://localhost:8001/auth/login,170,0,0
1777221441997,2,POST /reviews/,400,Bad Request,Review Submission Load Test 3-20,text,false,"Test failed: code expected to equal /

****** received  : [[[400]]]

****** comparison: [[[201]]]

/",188,440,1,1,http://localhost:8004/reviews/,2,0,0
1777221442005,4,GET /restaurants?q=ramen,200,OK,Restaurant Search Load Test 2-21,text,true,,587,137,1,1,http://localhost:8002/restaurants/?q=ramen,4,0,0
1777221442016,172,POST /auth/login,200,OK,Login Load Test 1-21,text,true,,316,250,1,2,http://localhost:8001/auth/login,172,0,1
1777221442025,171,Login for Token,200,OK,Review Submission Load Test 3-21,text,true,,316,250,1,1,http://localhost:8001/auth/login,171,0,0
1777221442196,4,POST /reviews/,201,Created,Review Submission Load Test 3-21,text,true,,380,440,1,2,http://localhost:8004/reviews/,4,0,1
1777221442200,4,GET /restaurants?q=ramen,200,OK,Restaurant Search Load Test 2-22,text,true,,587,137,1,1,http://localhost:8002/restaurants/?q=ramen,4,0,0
1777221442221,172,POST /auth/login,200,OK,Login Load Test 1-22,text,true,,316,250,1,2,http://localhost:8001/auth/login,172,0,1
1777221442226,172,Login for Token,200,OK,Review Submission Load Test 3-22,text,true,,316,250,1,1,http://localhost:8001/auth/login,172,0,1
1777221442398,2,POST /reviews/,400,Bad Request,Review Submission Load Test 3-22,text,false,"Test failed: code expected to equal /

****** received  : [[[400]]]

****** comparison: [[[201]]]

/",188,440,1,1,http://localhost:8004/reviews/,2,0,0
1777221442402,3,GET /restaurants?q=ramen,200,OK,Restaurant Search Load Test 2-23,text,true,,587,137,1,1,http://localhost:8002/restaurants/?q=ramen,3,0,0
1777221442422,172,POST /auth/login,200,OK,Login Load Test 1-23,text,true,,316,250,1,2,http://localhost:8001/auth/login,172,0,0
1777221442429,171,Login for Token,200,OK,Review Submission Load Test 3-23,text,true,,316,250,1,2,http://localhost:8001/auth/login,171,0,0
1777221442598,4,GET /restaurants?q=ramen,200,OK,Restaurant Search Load Test 2-24,text,true,,587,137,1,2,http://localhost:8002/restaurants/?q=ramen,4,0,0
1777221442600,3,POST /reviews/,201,Created,Review Submission Load Test 3-23,text,true,,380,440,1,1,http://localhost:8004/reviews/,3,0,0
1777221442619,172,POST /auth/login,200,OK,Login Load Test 1-24,text,true,,316,250,1,2,http://localhost:8001/auth/login,172,0,1
1777221442628,170,Login for Token,200,OK,Review Submission Load Test 3-24,text,true,,316,250,1,1,http://localhost:8001/auth/login,170,0,0
1777221442799,2,POST /reviews/,400,Bad Request,Review Submission Load Test 3-24,text,false,"Test failed: code expected to equal /

****** received  : [[[400]]]

****** comparison: [[[201]]]

/",188,440,1,2,http://localhost:8004/reviews/,2,0,0
1777221442801,4,GET /restaurants?q=ramen,200,OK,Restaurant Search Load Test 2-25,text,true,,587,137,1,1,http://localhost:8002/restaurants/?q=ramen,4,0,1
1777221442816,174,POST /auth/login,200,OK,Login Load Test 1-25,text,true,,316,250,1,2,http://localhost:8001/auth/login,174,0,1
1777221442825,171,Login for Token,200,OK,Review Submission Load Test 3-25,text,true,,316,250,1,1,http://localhost:8001/auth/login,171,0,1
1777221442997,1,POST /reviews/,400,Bad Request,Review Submission Load Test 3-25,text,false,"Test failed: code expected to equal /

****** received  : [[[400]]]

****** comparison: [[[201]]]

/",188,440,1,1,http://localhost:8004/reviews/,1,0,0
1777221443002,2,GET /restaurants?q=ramen,200,OK,Restaurant Search Load Test 2-26,text,true,,587,137,1,1,http://localhost:8002/restaurants/?q=ramen,2,0,0
1777221443018,172,POST /auth/login,200,OK,Login Load Test 1-26,text,true,,316,250,1,2,http://localhost:8001/auth/login,172,0,1
1777221443029,171,Login for Token,200,OK,Review Submission Load Test 3-26,text,true,,316,250,1,1,http://localhost:8001/auth/login,171,0,0
1777221443200,4,POST /reviews/,201,Created,Review Submission Load Test 3-26,text,true,,380,440,1,2,http://localhost:8004/reviews/,4,0,1
1777221443202,4,GET /restaurants?q=ramen,200,OK,Restaurant Search Load Test 2-27,text,true,,587,137,1,1,http://localhost:8002/restaurants/?q=ramen,4,0,1
1777221443222,172,POST /auth/login,200,OK,Login Load Test 1-27,text,true,,316,250,1,2,http://localhost:8001/auth/login,172,0,0
1777221443224,171,Login for Token,200,OK,Review Submission Load Test 3-27,text,true,,316,250,1,1,http://localhost:8001/auth/login,171,0,1
1777221443396,2,POST /reviews/,400,Bad Request,Review Submission Load Test 3-27,text,false,"Test failed: code expected to equal /

****** received  : [[[400]]]

****** comparison: [[[201]]]

/",188,440,1,1,http://localhost:8004/reviews/,2,0,0
1777221443402,4,GET /restaurants?q=ramen,200,OK,Restaurant Search Load Test 2-28,text,true,,587,137,1,1,http://localhost:8002/restaurants/?q=ramen,4,0,0
1777221443422,173,POST /auth/login,200,OK,Login Load Test 1-28,text,true,,316,250,1,2,http://localhost:8001/auth/login,173,0,0
1777221443428,171,Login for Token,200,OK,Review Submission Load Test 3-28,text,true,,316,250,1,1,http://localhost:8001/auth/login,171,0,0
1777221443600,2,POST /reviews/,201,Created,Review Submission Load Test 3-28,text,true,,380,440,1,2,http://localhost:8004/reviews/,2,0,0
1777221443602,2,GET /restaurants?q=ramen,200,OK,Restaurant Search Load Test 2-29,text,true,,587,137,1,1,http://localhost:8002/restaurants/?q=ramen,2,0,0
1777221443619,172,POST /auth/login,200,OK,Login Load Test 1-29,text,true,,316,250,1,2,http://localhost:8001/auth/login,172,0,1
1777221443628,171,Login for Token,200,OK,Review Submission Load Test 3-29,text,true,,316,250,1,1,http://localhost:8001/auth/login,171,0,0
1777221443799,3,POST /reviews/,400,Bad Request,Review Submission Load Test 3-29,text,false,"Test failed: code expected to equal /

****** received  : [[[400]]]

****** comparison: [[[201]]]

/",188,440,1,1,http://localhost:8004/reviews/,3,0,1
1777221443802,4,GET /restaurants?q=ramen,200,OK,Restaurant Search Load Test 2-30,text,true,,587,137,1,1,http://localhost:8002/restaurants/?q=ramen,4,0,1
1777221443818,171,POST /auth/login,200,OK,Login Load Test 1-30,text,true,,316,250,1,2,http://localhost:8001/auth/login,171,0,0
1777221443826,171,Login for Token,200,OK,Review Submission Load Test 3-30,text,true,,316,250,1,1,http://localhost:8001/auth/login,171,0,0
1777221443997,3,POST /reviews/,400,Bad Request,Review Submission Load Test 3-30,text,false,"Test failed: code expected to equal /

****** received  : [[[400]]]

****** comparison: [[[201]]]

/",188,440,1,2,http://localhost:8004/reviews/,3,0,1
1777221443998,4,GET /restaurants?q=ramen,200,OK,Restaurant Search Load Test 2-31,text,true,,587,137,1,1,http://localhost:8002/restaurants/?q=ramen,4,0,0
1777221444020,174,POST /auth/login,200,OK,Login Load Test 1-31,text,true,,316,250,1,2,http://localhost:8001/auth/login,174,0,1
1777221444027,172,Login for Token,200,OK,Review Submission Load Test 3-31,text,true,,316,250,1,1,http://localhost:8001/auth/login,172,0,0
1777221444199,3,POST /reviews/,400,Bad Request,Review Submission Load Test 3-31,text,false,"Test failed: code expected to equal /

****** received  : [[[400]]]

****** comparison: [[[201]]]

/",188,440,1,2,http://localhost:8004/reviews/,3,0,1
1777221444201,3,GET /restaurants?q=ramen,200,OK,Restaurant Search Load Test 2-32,text,true,,587,137,1,1,http://localhost:8002/restaurants/?q=ramen,3,0,0
1777221444220,172,POST /auth/login,200,OK,Login Load Test 1-32,text,true,,316,250,1,2,http://localhost:8001/auth/login,172,0,0
1777221444228,171,Login for Token,200,OK,Review Submission Load Test 3-32,text,true,,316,250,1,1,http://localhost:8001/auth/login,171,0,0
1777221444399,2,POST /reviews/,400,Bad Request,Review Submission Load Test 3-32,text,false,"Test failed: code expected to equal /

****** received  : [[[400]]]

****** comparison: [[[201]]]

/",188,440,1,2,http://localhost:8004/reviews/,2,0,1
1777221444400,4,GET /restaurants?q=ramen,200,OK,Restaurant Search Load Test 2-33,text,true,,587,137,1,1,http://localhost:8002/restaurants/?q=ramen,4,0,1
1777221444416,172,POST /auth/login,200,OK,Login Load Test 1-33,text,true,,316,250,1,2,http://localhost:8001/auth/login,172,0,0
1777221444427,171,Login for Token,200,OK,Review Submission Load Test 3-33,text,true,,316,250,1,1,http://localhost:8001/auth/login,171,0,0
1777221444598,4,POST /reviews/,201,Created,Review Submission Load Test 3-33,text,true,,380,440,1,1,http://localhost:8004/reviews/,4,0,1
1777221444604,3,GET /restaurants?q=ramen,200,OK,Restaurant Search Load Test 2-34,text,true,,587,137,1,1,http://localhost:8002/restaurants/?q=ramen,3,0,0
1777221444617,172,POST /auth/login,200,OK,Login Load Test 1-34,text,true,,316,250,1,2,http://localhost:8001/auth/login,172,0,1
1777221444628,171,Login for Token,200,OK,Review Submission Load Test 3-34,text,true,,316,250,1,1,http://localhost:8001/auth/login,171,0,1
1777221444799,3,POST /reviews/,400,Bad Request,Review Submission Load Test 3-34,text,false,"Test failed: code expected to equal /

****** received  : [[[400]]]

****** comparison: [[[201]]]

/",188,440,1,1,http://localhost:8004/reviews/,3,0,0
1777221444802,4,GET /restaurants?q=ramen,200,OK,Restaurant Search Load Test 2-35,text,true,,587,137,1,1,http://localhost:8002/restaurants/?q=ramen,4,0,0
1777221444818,171,POST /auth/login,200,OK,Login Load Test 1-35,text,true,,316,250,1,2,http://localhost:8001/auth/login,171,0,0
1777221444829,170,Login for Token,200,OK,Review Submission Load Test 3-35,text,true,,316,250,1,1,http://localhost:8001/auth/login,170,0,0
1777221444999,3,POST /reviews/,400,Bad Request,Review Submission Load Test 3-35,text,false,"Test failed: code expected to equal /

****** received  : [[[400]]]

****** comparison: [[[201]]]

/",188,440,1,1,http://localhost:8004/reviews/,3,0,1
1777221445002,4,GET /restaurants?q=ramen,200,OK,Restaurant Search Load Test 2-36,text,true,,587,137,1,1,http://localhost:8002/restaurants/?q=ramen,4,0,0
1777221445019,173,POST /auth/login,200,OK,Login Load Test 1-36,text,true,,316,250,1,2,http://localhost:8001/auth/login,173,0,1
1777221445028,171,Login for Token,200,OK,Review Submission Load Test 3-36,text,true,,316,250,1,1,http://localhost:8001/auth/login,171,0,0
1777221445200,2,POST /reviews/,400,Bad Request,Review Submission Load Test 3-36,text,false,"Test failed: code expected to equal /

****** received  : [[[400]]]

****** comparison: [[[201]]]

/",188,440,1,2,http://localhost:8004/reviews/,2,0,0
1777221445200,3,GET /restaurants?q=ramen,200,OK,Restaurant Search Load Test 2-37,text,true,,587,137,1,1,http://localhost:8002/restaurants/?q=ramen,3,0,0
1777221445218,172,POST /auth/login,200,OK,Login Load Test 1-37,text,true,,316,250,1,2,http://localhost:8001/auth/login,172,0,0
1777221445229,171,Login for Token,200,OK,Review Submission Load Test 3-37,text,true,,316,250,1,1,http://localhost:8001/auth/login,171,0,0
1777221445401,2,POST /reviews/,400,Bad Request,Review Submission Load Test 3-37,text,false,"Test failed: code expected to equal /

****** received  : [[[400]]]

****** comparison: [[[201]]]

/",188,440,1,2,http://localhost:8004/reviews/,2,0,0
1777221445402,3,GET /restaurants?q=ramen,200,OK,Restaurant Search Load Test 2-38,text,true,,587,137,1,1,http://localhost:8002/restaurants/?q=ramen,3,0,0
1777221445418,173,POST /auth/login,200,OK,Login Load Test 1-38,text,true,,316,250,1,2,http://localhost:8001/auth/login,173,0,0
1777221445427,173,Login for Token,200,OK,Review Submission Load Test 3-38,text,true,,316,250,1,2,http://localhost:8001/auth/login,173,0,0
1777221445600,2,POST /reviews/,400,Bad Request,Review Submission Load Test 3-38,text,false,"Test failed: code expected to equal /

****** received  : [[[400]]]

****** comparison: [[[201]]]

/",188,440,1,2,http://localhost:8004/reviews/,2,0,0
1777221445600,3,GET /restaurants?q=ramen,200,OK,Restaurant Search Load Test 2-39,text,true,,587,137,1,1,http://localhost:8002/restaurants/?q=ramen,3,0,0
1777221445613,172,POST /auth/login,200,OK,Login Load Test 1-39,text,true,,316,250,1,2,http://localhost:8001/auth/login,172,0,0
1777221445628,173,Login for Token,200,OK,Review Submission Load Test 3-39,text,true,,316,250,1,1,http://localhost:8001/auth/login,173,0,0
1777221445801,3,POST /reviews/,400,Bad Request,Review Submission Load Test 3-39,text,false,"Test failed: code expected to equal /

****** received  : [[[400]]]

****** comparison: [[[201]]]

/",188,440,1,2,http://localhost:8004/reviews/,3,0,1
1777221445802,4,GET /restaurants?q=ramen,200,OK,Restaurant Search Load Test 2-40,text,true,,587,137,1,1,http://localhost:8002/restaurants/?q=ramen,4,0,0
1777221445817,172,POST /auth/login,200,OK,Login Load Test 1-40,text,true,,316,250,1,2,http://localhost:8001/auth/login,172,0,1
1777221445827,171,Login for Token,200,OK,Review Submission Load Test 3-40,text,true,,316,250,1,1,http://localhost:8001/auth/login,171,0,0
1777221445998,2,POST /reviews/,400,Bad Request,Review Submission Load Test 3-40,text,false,"Test failed: code expected to equal /

****** received  : [[[400]]]

****** comparison: [[[201]]]

/",188,440,1,1,http://localhost:8004/reviews/,2,0,0
1777221446001,3,GET /restaurants?q=ramen,200,OK,Restaurant Search Load Test 2-41,text,true,,587,137,1,1,http://localhost:8002/restaurants/?q=ramen,3,0,0
1777221446019,174,POST /auth/login,200,OK,Login Load Test 1-41,text,true,,316,250,1,2,http://localhost:8001/auth/login,174,0,0
1777221446027,172,Login for Token,200,OK,Review Submission Load Test 3-41,text,true,,316,250,1,2,http://localhost:8001/auth/login,172,0,1
1777221446200,2,POST /reviews/,400,Bad Request,Review Submission Load Test 3-41,text,false,"Test failed: code expected to equal /

****** received  : [[[400]]]

****** comparison: [[[201]]]

/",188,440,1,2,http://localhost:8004/reviews/,2,0,0
1777221446199,3,GET /restaurants?q=ramen,200,OK,Restaurant Search Load Test 2-42,text,true,,587,137,1,1,http://localhost:8002/restaurants/?q=ramen,3,0,0
1777221446216,172,POST /auth/login,200,OK,Login Load Test 1-42,text,true,,316,250,1,2,http://localhost:8001/auth/login,172,0,1
1777221446228,170,Login for Token,200,OK,Review Submission Load Test 3-42,text,true,,316,250,1,1,http://localhost:8001/auth/login,170,0,0
1777221446398,3,POST /reviews/,400,Bad Request,Review Submission Load Test 3-42,text,false,"Test failed: code expected to equal /

****** received  : [[[400]]]

****** comparison: [[[201]]]

/",188,440,1,1,http://localhost:8004/reviews/,3,0,0
1777221446403,4,GET /restaurants?q=ramen,200,OK,Restaurant Search Load Test 2-43,text,true,,587,137,1,1,http://localhost:8002/restaurants/?q=ramen,4,0,0
1777221446411,172,POST /auth/login,200,OK,Login Load Test 1-43,text,true,,316,250,1,2,http://localhost:8001/auth/login,172,0,0
1777221446424,171,Login for Token,200,OK,Review Submission Load Test 3-43,text,true,,316,250,1,1,http://localhost:8001/auth/login,171,0,1
1777221446596,1,POST /reviews/,400,Bad Request,Review Submission Load Test 3-43,text,false,"Test failed: code expected to equal /

****** received  : [[[400]]]

****** comparison: [[[201]]]

/",188,440,1,1,http://localhost:8004/reviews/,1,0,0
1777221446603,2,GET /restaurants?q=ramen,200,OK,Restaurant Search Load Test 2-44,text,true,,587,137,1,1,http://localhost:8002/restaurants/?q=ramen,2,0,0
1777221446618,171,POST /auth/login,200,OK,Login Load Test 1-44,text,true,,316,250,1,2,http://localhost:8001/auth/login,171,0,0
1777221446626,171,Login for Token,200,OK,Review Submission Load Test 3-44,text,true,,316,250,1,1,http://localhost:8001/auth/login,171,0,0
1777221446797,2,POST /reviews/,400,Bad Request,Review Submission Load Test 3-44,text,false,"Test failed: code expected to equal /

****** received  : [[[400]]]

****** comparison: [[[201]]]

/",188,440,1,1,http://localhost:8004/reviews/,2,0,0
1777221446803,4,GET /restaurants?q=ramen,200,OK,Restaurant Search Load Test 2-45,text,true,,587,137,1,1,http://localhost:8002/restaurants/?q=ramen,4,0,0
1777221446815,172,POST /auth/login,200,OK,Login Load Test 1-45,text,true,,316,250,1,2,http://localhost:8001/auth/login,172,0,0
1777221446828,171,Login for Token,200,OK,Review Submission Load Test 3-45,text,true,,316,250,1,1,http://localhost:8001/auth/login,171,0,0
1777221446999,3,POST /reviews/,400,Bad Request,Review Submission Load Test 3-45,text,false,"Test failed: code expected to equal /

****** received  : [[[400]]]

****** comparison: [[[201]]]

/",188,440,1,1,http://localhost:8004/reviews/,3,0,1
1777221447002,4,GET /restaurants?q=ramen,200,OK,Restaurant Search Load Test 2-46,text,true,,587,137,1,1,http://localhost:8002/restaurants/?q=ramen,4,0,1
1777221447019,173,POST /auth/login,200,OK,Login Load Test 1-46,text,true,,316,250,1,2,http://localhost:8001/auth/login,173,0,0
1777221447027,172,Login for Token,200,OK,Review Submission Load Test 3-46,text,true,,316,250,1,1,http://localhost:8001/auth/login,172,0,1
1777221447199,3,POST /reviews/,400,Bad Request,Review Submission Load Test 3-46,text,false,"Test failed: code expected to equal /

****** received  : [[[400]]]

****** comparison: [[[201]]]

/",188,440,1,2,http://localhost:8004/reviews/,3,0,1
1777221447202,3,GET /restaurants?q=ramen,200,OK,Restaurant Search Load Test 2-47,text,true,,587,137,1,1,http://localhost:8002/restaurants/?q=ramen,3,0,0
1777221447219,171,POST /auth/login,200,OK,Login Load Test 1-47,text,true,,316,250,1,2,http://localhost:8001/auth/login,171,0,0
1777221447228,170,Login for Token,200,OK,Review Submission Load Test 3-47,text,true,,316,250,1,1,http://localhost:8001/auth/login,170,0,0
1777221447399,3,POST /reviews/,201,Created,Review Submission Load Test 3-47,text,true,,380,440,1,2,http://localhost:8004/reviews/,3,0,0
1777221447402,3,GET /restaurants?q=ramen,200,OK,Restaurant Search Load Test 2-48,text,true,,587,137,1,1,http://localhost:8002/restaurants/?q=ramen,3,0,0
1777221447411,172,POST /auth/login,200,OK,Login Load Test 1-48,text,true,,316,250,1,2,http://localhost:8001/auth/login,172,0,0
1777221447427,171,Login for Token,200,OK,Review Submission Load Test 3-48,text,true,,316,250,1,1,http://localhost:8001/auth/login,171,0,0
1777221447599,2,POST /reviews/,400,Bad Request,Review Submission Load Test 3-48,text,false,"Test failed: code expected to equal /

****** received  : [[[400]]]

****** comparison: [[[201]]]

/",188,440,1,1,http://localhost:8004/reviews/,2,0,0
1777221447603,3,GET /restaurants?q=ramen,200,OK,Restaurant Search Load Test 2-49,text,true,,587,137,1,1,http://localhost:8002/restaurants/?q=ramen,3,0,0
1777221447619,173,POST /auth/login,200,OK,Login Load Test 1-49,text,true,,316,250,1,2,http://localhost:8001/auth/login,173,0,1
1777221447629,171,Login for Token,200,OK,Review Submission Load Test 3-49,text,true,,316,250,1,1,http://localhost:8001/auth/login,171,0,0
1777221447800,2,POST /reviews/,400,Bad Request,Review Submission Load Test 3-49,text,false,"Test failed: code expected to equal /

****** received  : [[[400]]]

****** comparison: [[[201]]]

/",188,440,1,2,http://localhost:8004/reviews/,2,0,0
1777221447800,4,GET /restaurants?q=ramen,200,OK,Restaurant Search Load Test 2-50,text,true,,587,137,1,1,http://localhost:8002/restaurants/?q=ramen,4,0,1
1777221447814,171,POST /auth/login,200,OK,Login Load Test 1-50,text,true,,316,250,1,2,http://localhost:8001/auth/login,171,0,0
1777221447830,170,Login for Token,200,OK,Review Submission Load Test 3-50,text,true,,316,251,1,1,http://localhost:8001/auth/login,170,0,0
1777221448001,2,POST /reviews/,400,Bad Request,Review Submission Load Test 3-50,text,false,"Test failed: code expected to equal /

****** received  : [[[400]]]

****** comparison: [[[201]]]

/",188,440,1,2,http://localhost:8004/reviews/,2,0,0
1777221448003,3,GET /restaurants?q=ramen,200,OK,Restaurant Search Load Test 2-51,text,true,,587,137,1,1,http://localhost:8002/restaurants/?q=ramen,3,0,0
1777221448018,172,POST /auth/login,200,OK,Login Load Test 1-51,text,true,,316,251,1,2,http://localhost:8001/auth/login,172,0,0
1777221448026,172,Login for Token,200,OK,Review Submission Load Test 3-51,text,true,,316,251,1,1,http://localhost:8001/auth/login,172,0,1
1777221448199,2,POST /reviews/,400,Bad Request,Review Submission Load Test 3-51,text,false,"Test failed: code expected to equal /

****** received  : [[[400]]]

****** comparison: [[[201]]]

/",188,440,1,1,http://localhost:8004/reviews/,2,0,0
1777221448203,3,GET /restaurants?q=ramen,200,OK,Restaurant Search Load Test 2-52,text,true,,587,137,1,1,http://localhost:8002/restaurants/?q=ramen,3,0,0
1777221448217,173,POST /auth/login,200,OK,Login Load Test 1-52,text,true,,316,251,1,2,http://localhost:8001/auth/login,173,0,0
1777221448228,171,Login for Token,200,OK,Review Submission Load Test 3-52,text,true,,316,251,1,1,http://localhost:8001/auth/login,171,0,0
1777221448399,3,POST /reviews/,400,Bad Request,Review Submission Load Test 3-52,text,false,"Test failed: code expected to equal /

****** received  : [[[400]]]

****** comparison: [[[201]]]

/",188,440,1,1,http://localhost:8004/reviews/,3,0,1
1777221448402,3,GET /restaurants?q=ramen,200,OK,Restaurant Search Load Test 2-53,text,true,,587,137,1,1,http://localhost:8002/restaurants/?q=ramen,3,0,1
1777221448411,172,POST /auth/login,200,OK,Login Load Test 1-53,text,true,,316,251,1,2,http://localhost:8001/auth/login,172,0,1
1777221448427,171,Login for Token,200,OK,Review Submission Load Test 3-53,text,true,,316,251,1,2,http://localhost:8001/auth/login,171,0,0
1777221448599,2,POST /reviews/,400,Bad Request,Review Submission Load Test 3-53,text,false,"Test failed: code expected to equal /

****** received  : [[[400]]]

****** comparison: [[[201]]]

/",188,440,1,2,http://localhost:8004/reviews/,2,0,0
1777221448599,2,GET /restaurants?q=ramen,200,OK,Restaurant Search Load Test 2-54,text,true,,587,137,1,1,http://localhost:8002/restaurants/?q=ramen,2,0,0
1777221448615,173,POST /auth/login,200,OK,Login Load Test 1-54,text,true,,316,251,1,2,http://localhost:8001/auth/login,173,0,1
1777221448626,172,Login for Token,200,OK,Review Submission Load Test 3-54,text,true,,316,251,1,2,http://localhost:8001/auth/login,172,0,0
1777221448798,2,POST /reviews/,400,Bad Request,Review Submission Load Test 3-54,text,false,"Test failed: code expected to equal /

****** received  : [[[400]]]

****** comparison: [[[201]]]

/",188,440,1,2,http://localhost:8004/reviews/,2,0,0
1777221448798,4,GET /restaurants?q=ramen,200,OK,Restaurant Search Load Test 2-55,text,true,,587,137,1,1,http://localhost:8002/restaurants/?q=ramen,4,0,0
1777221448813,171,POST /auth/login,200,OK,Login Load Test 1-55,text,true,,316,251,1,2,http://localhost:8001/auth/login,171,0,0
1777221448825,171,Login for Token,200,OK,Review Submission Load Test 3-55,text,true,,316,251,1,1,http://localhost:8001/auth/login,171,0,0
1777221448996,3,POST /reviews/,400,Bad Request,Review Submission Load Test 3-55,text,false,"Test failed: code expected to equal /

****** received  : [[[400]]]

****** comparison: [[[201]]]

/",188,440,1,1,http://localhost:8004/reviews/,3,0,0
1777221449001,4,GET /restaurants?q=ramen,200,OK,Restaurant Search Load Test 2-56,text,true,,587,137,1,1,http://localhost:8002/restaurants/?q=ramen,4,0,1
1777221449012,184,POST /auth/login,200,OK,Login Load Test 1-56,text,true,,316,251,1,2,http://localhost:8001/auth/login,183,0,0
1777221449203,2,GET /restaurants?q=ramen,200,OK,Restaurant Search Load Test 2-57,text,true,,587,137,1,2,http://localhost:8002/restaurants/?q=ramen,2,0,0
1777221449026,181,Login for Token,200,OK,Review Submission Load Test 3-56,text,true,,316,251,1,1,http://localhost:8001/auth/login,181,0,0
1777221449208,2,POST /reviews/,400,Bad Request,Review Submission Load Test 3-56,text,false,"Test failed: code expected to equal /

****** received  : [[[400]]]

****** comparison: [[[201]]]

/",188,440,1,1,http://localhost:8004/reviews/,2,0,0
1777221449215,188,POST /auth/login,200,OK,Login Load Test 1-57,text,true,,316,251,1,3,http://localhost:8001/auth/login,188,0,1
1777221449402,2,GET /restaurants?q=ramen,200,OK,Restaurant Search Load Test 2-58,text,true,,587,137,1,2,http://localhost:8002/restaurants/?q=ramen,2,0,1
1777221449228,187,Login for Token,200,OK,Review Submission Load Test 3-57,text,true,,316,251,1,2,http://localhost:8001/auth/login,187,0,0
1777221449415,2,POST /reviews/,400,Bad Request,Review Submission Load Test 3-57,text,false,"Test failed: code expected to equal /

****** received  : [[[400]]]

****** comparison: [[[201]]]

/",188,440,1,2,http://localhost:8004/reviews/,2,0,1
1777221449413,174,POST /auth/login,200,OK,Login Load Test 1-58,text,true,,316,251,1,2,http://localhost:8001/auth/login,174,0,1
1777221449427,173,Login for Token,200,OK,Review Submission Load Test 3-58,text,true,,316,251,1,1,http://localhost:8001/auth/login,173,0,0
1777221449601,2,POST /reviews/,400,Bad Request,Review Submission Load Test 3-58,text,false,"Test failed: code expected to equal /

****** received  : [[[400]]]

****** comparison: [[[201]]]

/",188,440,1,2,http://localhost:8004/reviews/,2,0,0
1777221449602,2,GET /restaurants?q=ramen,200,OK,Restaurant Search Load Test 2-59,text,true,,587,137,1,1,http://localhost:8002/restaurants/?q=ramen,2,0,0
1777221449612,172,POST /auth/login,200,OK,Login Load Test 1-59,text,true,,316,251,1,2,http://localhost:8001/auth/login,172,0,1
1777221449628,171,Login for Token,200,OK,Review Submission Load Test 3-59,text,true,,316,251,1,1,http://localhost:8001/auth/login,171,0,0
1777221449799,3,POST /reviews/,400,Bad Request,Review Submission Load Test 3-59,text,false,"Test failed: code expected to equal /

****** received  : [[[400]]]

****** comparison: [[[201]]]

/",188,440,1,1,http://localhost:8004/reviews/,3,0,1
1777221449802,4,GET /restaurants?q=ramen,200,OK,Restaurant Search Load Test 2-60,text,true,,587,137,1,1,http://localhost:8002/restaurants/?q=ramen,4,0,0
1777221449815,175,POST /auth/login,200,OK,Login Load Test 1-60,text,true,,316,251,1,2,http://localhost:8001/auth/login,175,0,1
1777221449828,173,Login for Token,200,OK,Review Submission Load Test 3-60,text,true,,316,251,1,2,http://localhost:8001/auth/login,173,0,0
1777221450000,3,GET /restaurants?q=ramen,200,OK,Restaurant Search Load Test 2-61,text,true,,587,137,1,2,http://localhost:8002/restaurants/?q=ramen,3,0,1
1777221450001,3,POST /reviews/,400,Bad Request,Review Submission Load Test 3-60,text,false,"Test failed: code expected to equal /

****** received  : [[[400]]]

****** comparison: [[[201]]]

/",188,440,1,1,http://localhost:8004/reviews/,3,0,1
1777221450018,175,POST /auth/login,200,OK,Login Load Test 1-61,text,true,,316,251,1,2,http://localhost:8001/auth/login,175,0,0
1777221450025,172,Login for Token,200,OK,Review Submission Load Test 3-61,text,true,,316,251,1,1,http://localhost:8001/auth/login,172,0,0
1777221450198,2,POST /reviews/,400,Bad Request,Review Submission Load Test 3-61,text,false,"Test failed: code expected to equal /

****** received  : [[[400]]]

****** comparison: [[[201]]]

/",188,440,1,2,http://localhost:8004/reviews/,2,0,0
1777221450198,4,GET /restaurants?q=ramen,200,OK,Restaurant Search Load Test 2-62,text,true,,587,137,1,1,http://localhost:8002/restaurants/?q=ramen,4,0,1
1777221450212,172,POST /auth/login,200,OK,Login Load Test 1-62,text,true,,316,251,1,2,http://localhost:8001/auth/login,172,0,0
1777221450229,172,Login for Token,200,OK,Review Submission Load Test 3-62,text,true,,316,251,1,2,http://localhost:8001/auth/login,172,0,1
1777221450401,2,POST /reviews/,400,Bad Request,Review Submission Load Test 3-62,text,false,"Test failed: code expected to equal /

****** received  : [[[400]]]

****** comparison: [[[201]]]

/",188,440,1,2,http://localhost:8004/reviews/,2,0,0
1777221450400,3,GET /restaurants?q=ramen,200,OK,Restaurant Search Load Test 2-63,text,true,,587,137,1,2,http://localhost:8002/restaurants/?q=ramen,3,0,1
1777221450412,176,POST /auth/login,200,OK,Login Load Test 1-63,text,true,,316,251,1,2,http://localhost:8001/auth/login,176,0,0
1777221450428,175,Login for Token,200,OK,Review Submission Load Test 3-63,text,true,,316,251,1,2,http://localhost:8001/auth/login,175,0,0
1777221450603,2,POST /reviews/,400,Bad Request,Review Submission Load Test 3-63,text,false,"Test failed: code expected to equal /

****** received  : [[[400]]]

****** comparison: [[[201]]]

/",188,440,1,2,http://localhost:8004/reviews/,2,0,0
1777221450603,3,GET /restaurants?q=ramen,200,OK,Restaurant Search Load Test 2-64,text,true,,587,137,1,1,http://localhost:8002/restaurants/?q=ramen,3,0,0
1777221450612,189,POST /auth/login,200,OK,Login Load Test 1-64,text,true,,316,251,1,2,http://localhost:8001/auth/login,189,0,1
1777221450801,2,GET /restaurants?q=ramen,200,OK,Restaurant Search Load Test 2-65,text,true,,587,137,1,2,http://localhost:8002/restaurants/?q=ramen,2,0,1
1777221450628,183,Login for Token,200,OK,Review Submission Load Test 3-64,text,true,,316,251,1,1,http://localhost:8001/auth/login,183,0,0
1777221450812,2,POST /reviews/,400,Bad Request,Review Submission Load Test 3-64,text,false,"Test failed: code expected to equal /

****** received  : [[[400]]]

****** comparison: [[[201]]]

/",188,440,1,1,http://localhost:8004/reviews/,2,0,0
1777221450815,172,POST /auth/login,200,OK,Login Load Test 1-65,text,true,,316,251,1,2,http://localhost:8001/auth/login,172,0,0
1777221450824,172,Login for Token,200,OK,Review Submission Load Test 3-65,text,true,,316,251,1,1,http://localhost:8001/auth/login,172,0,0
1777221450996,2,POST /reviews/,400,Bad Request,Review Submission Load Test 3-65,text,false,"Test failed: code expected to equal /

****** received  : [[[400]]]

****** comparison: [[[201]]]

/",188,440,1,1,http://localhost:8004/reviews/,2,0,1
1777221451003,2,GET /restaurants?q=ramen,200,OK,Restaurant Search Load Test 2-66,text,true,,587,137,1,1,http://localhost:8002/restaurants/?q=ramen,2,0,0
1777221451013,172,POST /auth/login,200,OK,Login Load Test 1-66,text,true,,316,251,1,2,http://localhost:8001/auth/login,172,0,0
1777221451028,171,Login for Token,200,OK,Review Submission Load Test 3-66,text,true,,316,251,1,1,http://localhost:8001/auth/login,171,0,0
1777221451199,3,POST /reviews/,400,Bad Request,Review Submission Load Test 3-66,text,false,"Test failed: code expected to equal /

****** received  : [[[400]]]

****** comparison: [[[201]]]

/",188,440,1,2,http://localhost:8004/reviews/,3,0,1
1777221451202,4,GET /restaurants?q=ramen,200,OK,Restaurant Search Load Test 2-67,text,true,,587,137,1,1,http://localhost:8002/restaurants/?q=ramen,4,0,0
1777221451215,172,POST /auth/login,200,OK,Login Load Test 1-67,text,true,,316,251,1,2,http://localhost:8001/auth/login,172,0,1
1777221451228,170,Login for Token,200,OK,Review Submission Load Test 3-67,text,true,,316,251,1,1,http://localhost:8001/auth/login,170,0,0
1777221451399,3,POST /reviews/,400,Bad Request,Review Submission Load Test 3-67,text,false,"Test failed: code expected to equal /

****** received  : [[[400]]]

****** comparison: [[[201]]]

/",188,440,1,1,http://localhost:8004/reviews/,3,0,0
1777221451403,4,GET /restaurants?q=ramen,200,OK,Restaurant Search Load Test 2-68,text,true,,587,137,1,1,http://localhost:8002/restaurants/?q=ramen,4,0,0
1777221451411,172,POST /auth/login,200,OK,Login Load Test 1-68,text,true,,316,251,1,2,http://localhost:8001/auth/login,172,0,1
1777221451423,172,Login for Token,200,OK,Review Submission Load Test 3-68,text,true,,316,251,1,1,http://localhost:8001/auth/login,172,0,1
1777221451595,3,POST /reviews/,400,Bad Request,Review Submission Load Test 3-68,text,false,"Test failed: code expected to equal /

****** received  : [[[400]]]

****** comparison: [[[201]]]

/",188,440,1,1,http://localhost:8004/reviews/,3,0,0
1777221451603,4,GET /restaurants?q=ramen,200,OK,Restaurant Search Load Test 2-69,text,true,,587,137,1,1,http://localhost:8002/restaurants/?q=ramen,4,0,0
1777221451617,173,POST /auth/login,200,OK,Login Load Test 1-69,text,true,,316,251,1,2,http://localhost:8001/auth/login,173,0,0
1777221451628,172,Login for Token,200,OK,Review Submission Load Test 3-69,text,true,,316,251,1,2,http://localhost:8001/auth/login,172,0,1
1777221451800,2,POST /reviews/,400,Bad Request,Review Submission Load Test 3-69,text,false,"Test failed: code expected to equal /

****** received  : [[[400]]]

****** comparison: [[[201]]]

/",188,440,1,2,http://localhost:8004/reviews/,2,0,0
1777221451799,4,GET /restaurants?q=ramen,200,OK,Restaurant Search Load Test 2-70,text,true,,587,137,1,1,http://localhost:8002/restaurants/?q=ramen,4,0,0
1777221451811,171,POST /auth/login,200,OK,Login Load Test 1-70,text,true,,316,251,1,2,http://localhost:8001/auth/login,171,0,0
1777221451826,171,Login for Token,200,OK,Review Submission Load Test 3-70,text,true,,316,251,1,1,http://localhost:8001/auth/login,171,0,0
1777221451997,3,POST /reviews/,400,Bad Request,Review Submission Load Test 3-70,text,false,"Test failed: code expected to equal /

****** received  : [[[400]]]

****** comparison: [[[201]]]

/",188,440,1,1,http://localhost:8004/reviews/,3,0,0
1777221452002,3,GET /restaurants?q=ramen,200,OK,Restaurant Search Load Test 2-71,text,true,,587,137,1,1,http://localhost:8002/restaurants/?q=ramen,3,0,0
1777221452016,172,POST /auth/login,200,OK,Login Load Test 1-71,text,true,,316,251,1,2,http://localhost:8001/auth/login,172,0,0
1777221452026,171,Login for Token,200,OK,Review Submission Load Test 3-71,text,true,,316,251,1,1,http://localhost:8001/auth/login,171,0,0
1777221452198,3,POST /reviews/,400,Bad Request,Review Submission Load Test 3-71,text,false,"Test failed: code expected to equal /

****** received  : [[[400]]]

****** comparison: [[[201]]]

/",188,440,1,1,http://localhost:8004/reviews/,3,0,0
1777221452201,3,GET /restaurants?q=ramen,200,OK,Restaurant Search Load Test 2-72,text,true,,587,137,1,1,http://localhost:8002/restaurants/?q=ramen,3,0,0
1777221452215,172,POST /auth/login,200,OK,Login Load Test 1-72,text,true,,316,251,1,2,http://localhost:8001/auth/login,172,0,0
1777221452228,171,Login for Token,200,OK,Review Submission Load Test 3-72,text,true,,316,251,1,1,http://localhost:8001/auth/login,171,0,0
1777221452399,3,POST /reviews/,400,Bad Request,Review Submission Load Test 3-72,text,false,"Test failed: code expected to equal /

****** received  : [[[400]]]

****** comparison: [[[201]]]

/",188,440,1,1,http://localhost:8004/reviews/,3,0,1
1777221452402,4,GET /restaurants?q=ramen,200,OK,Restaurant Search Load Test 2-73,text,true,,587,137,1,1,http://localhost:8002/restaurants/?q=ramen,4,0,0
1777221452411,172,POST /auth/login,200,OK,Login Load Test 1-73,text,true,,316,251,1,2,http://localhost:8001/auth/login,172,0,0
1777221452429,171,Login for Token,200,OK,Review Submission Load Test 3-73,text,true,,316,251,1,1,http://localhost:8001/auth/login,171,0,0
1777221452601,2,POST /reviews/,400,Bad Request,Review Submission Load Test 3-73,text,false,"Test failed: code expected to equal /

****** received  : [[[400]]]

****** comparison: [[[201]]]

/",188,440,1,2,http://localhost:8004/reviews/,2,0,0
1777221452603,3,GET /restaurants?q=ramen,200,OK,Restaurant Search Load Test 2-74,text,true,,587,137,1,1,http://localhost:8002/restaurants/?q=ramen,3,0,0
1777221452613,171,POST /auth/login,200,OK,Login Load Test 1-74,text,true,,316,251,1,2,http://localhost:8001/auth/login,171,0,0
1777221452629,171,Login for Token,200,OK,Review Submission Load Test 3-74,text,true,,316,251,1,1,http://localhost:8001/auth/login,171,0,1
1777221452800,3,POST /reviews/,400,Bad Request,Review Submission Load Test 3-74,text,false,"Test failed: code expected to equal /

****** received  : [[[400]]]

****** comparison: [[[201]]]

/",188,440,1,2,http://localhost:8004/reviews/,3,0,1
1777221452801,4,GET /restaurants?q=ramen,200,OK,Restaurant Search Load Test 2-75,text,true,,587,137,1,1,http://localhost:8002/restaurants/?q=ramen,4,0,0
1777221452811,171,POST /auth/login,200,OK,Login Load Test 1-75,text,true,,316,251,1,2,http://localhost:8001/auth/login,171,0,0
1777221452828,170,Login for Token,200,OK,Review Submission Load Test 3-75,text,true,,316,251,1,1,http://localhost:8001/auth/login,170,0,0
1777221452999,2,POST /reviews/,400,Bad Request,Review Submission Load Test 3-75,text,false,"Test failed: code expected to equal /

****** received  : [[[400]]]

****** comparison: [[[201]]]

/",188,440,1,1,http://localhost:8004/reviews/,2,0,0
1777221453003,3,GET /restaurants?q=ramen,200,OK,Restaurant Search Load Test 2-76,text,true,,587,137,1,1,http://localhost:8002/restaurants/?q=ramen,3,0,0
1777221453014,178,POST /auth/login,200,OK,Login Load Test 1-76,text,true,,316,251,1,2,http://localhost:8001/auth/login,178,0,0
1777221453202,2,GET /restaurants?q=ramen,200,OK,Restaurant Search Load Test 2-77,text,true,,587,137,1,2,http://localhost:8002/restaurants/?q=ramen,2,0,0
1777221453028,178,Login for Token,200,OK,Review Submission Load Test 3-76,text,true,,316,251,1,1,http://localhost:8001/auth/login,178,0,0
1777221453206,2,POST /reviews/,400,Bad Request,Review Submission Load Test 3-76,text,false,"Test failed: code expected to equal /

****** received  : [[[400]]]

****** comparison: [[[201]]]

/",188,440,1,1,http://localhost:8004/reviews/,2,0,0
1777221453214,183,POST /auth/login,200,OK,Login Load Test 1-77,text,true,,316,251,1,2,http://localhost:8001/auth/login,183,0,0
1777221453403,2,GET /restaurants?q=ramen,200,OK,Restaurant Search Load Test 2-78,text,true,,587,137,1,2,http://localhost:8002/restaurants/?q=ramen,2,0,0
1777221453229,186,Login for Token,200,OK,Review Submission Load Test 3-77,text,true,,316,251,1,2,http://localhost:8001/auth/login,186,0,0
1777221453416,1,POST /reviews/,400,Bad Request,Review Submission Load Test 3-77,text,false,"Test failed: code expected to equal /

****** received  : [[[400]]]

****** comparison: [[[201]]]

/",188,440,1,2,http://localhost:8004/reviews/,1,0,0
1777221453411,180,POST /auth/login,200,OK,Login Load Test 1-78,text,true,,316,251,1,2,http://localhost:8001/auth/login,180,0,0
1777221453598,2,GET /restaurants?q=ramen,200,OK,Restaurant Search Load Test 2-79,text,true,,587,137,1,2,http://localhost:8002/restaurants/?q=ramen,2,0,0
1777221453428,180,Login for Token,200,OK,Review Submission Load Test 3-78,text,true,,316,251,1,1,http://localhost:8001/auth/login,180,0,0
1777221453609,1,POST /reviews/,400,Bad Request,Review Submission Load Test 3-78,text,false,"Test failed: code expected to equal /

****** received  : [[[400]]]

****** comparison: [[[201]]]

/",188,440,1,2,http://localhost:8004/reviews/,1,0,0
1777221453609,171,POST /auth/login,200,OK,Login Load Test 1-79,text,true,,316,251,1,2,http://localhost:8001/auth/login,171,0,0
1777221453629,170,Login for Token,200,OK,Review Submission Load Test 3-79,text,true,,316,251,1,1,http://localhost:8001/auth/login,170,0,0
1777221453800,2,POST /reviews/,201,Created,Review Submission Load Test 3-79,text,true,,380,440,1,2,http://localhost:8004/reviews/,2,0,0
1777221453800,3,GET /restaurants?q=ramen,200,OK,Restaurant Search Load Test 2-80,text,true,,587,137,1,1,http://localhost:8002/restaurants/?q=ramen,3,0,0
1777221453813,171,POST /auth/login,200,OK,Login Load Test 1-80,text,true,,316,251,1,2,http://localhost:8001/auth/login,171,0,0
1777221453829,171,Login for Token,200,OK,Review Submission Load Test 3-80,text,true,,316,251,1,2,http://localhost:8001/auth/login,171,0,0
1777221454000,2,POST /reviews/,400,Bad Request,Review Submission Load Test 3-80,text,false,"Test failed: code expected to equal /

****** received  : [[[400]]]

****** comparison: [[[201]]]

/",188,440,1,2,http://localhost:8004/reviews/,2,0,0
1777221454000,3,GET /restaurants?q=ramen,200,OK,Restaurant Search Load Test 2-81,text,true,,587,137,1,1,http://localhost:8002/restaurants/?q=ramen,3,0,0
1777221454014,173,POST /auth/login,200,OK,Login Load Test 1-81,text,true,,316,251,1,2,http://localhost:8001/auth/login,173,0,1
1777221454027,172,Login for Token,200,OK,Review Submission Load Test 3-81,text,true,,316,251,1,1,http://localhost:8001/auth/login,172,0,0
1777221454199,3,POST /reviews/,400,Bad Request,Review Submission Load Test 3-81,text,false,"Test failed: code expected to equal /

****** received  : [[[400]]]

****** comparison: [[[201]]]

/",188,440,1,2,http://localhost:8004/reviews/,3,0,0
1777221454201,3,GET /restaurants?q=ramen,200,OK,Restaurant Search Load Test 2-82,text,true,,587,137,1,1,http://localhost:8002/restaurants/?q=ramen,3,0,1
1777221454211,170,POST /auth/login,200,OK,Login Load Test 1-82,text,true,,316,251,1,2,http://localhost:8001/auth/login,170,0,0
1777221454228,170,Login for Token,200,OK,Review Submission Load Test 3-82,text,true,,316,251,1,1,http://localhost:8001/auth/login,170,0,0
1777221454398,3,POST /reviews/,201,Created,Review Submission Load Test 3-82,text,true,,380,440,1,2,http://localhost:8004/reviews/,3,0,0
1777221454399,3,GET /restaurants?q=ramen,200,OK,Restaurant Search Load Test 2-83,text,true,,587,137,1,1,http://localhost:8002/restaurants/?q=ramen,3,0,1
1777221454409,171,POST /auth/login,200,OK,Login Load Test 1-83,text,true,,316,251,1,2,http://localhost:8001/auth/login,171,0,0
1777221454425,171,Login for Token,200,OK,Review Submission Load Test 3-83,text,true,,316,251,1,1,http://localhost:8001/auth/login,171,0,0
1777221454597,3,POST /reviews/,201,Created,Review Submission Load Test 3-83,text,true,,380,440,1,2,http://localhost:8004/reviews/,3,0,0
1777221454599,3,GET /restaurants?q=ramen,200,OK,Restaurant Search Load Test 2-84,text,true,,587,137,1,1,http://localhost:8002/restaurants/?q=ramen,3,0,0
1777221454610,172,POST /auth/login,200,OK,Login Load Test 1-84,text,true,,316,251,1,2,http://localhost:8001/auth/login,171,0,1
1777221454628,171,Login for Token,200,OK,Review Submission Load Test 3-84,text,true,,316,251,1,1,http://localhost:8001/auth/login,171,0,0
1777221454799,3,POST /reviews/,400,Bad Request,Review Submission Load Test 3-84,text,false,"Test failed: code expected to equal /

****** received  : [[[400]]]

****** comparison: [[[201]]]

/",188,440,1,2,http://localhost:8004/reviews/,3,0,0
1777221454802,4,GET /restaurants?q=ramen,200,OK,Restaurant Search Load Test 2-85,text,true,,587,137,1,1,http://localhost:8002/restaurants/?q=ramen,4,0,0
1777221454811,171,POST /auth/login,200,OK,Login Load Test 1-85,text,true,,316,251,1,2,http://localhost:8001/auth/login,171,0,0
1777221454829,170,Login for Token,200,OK,Review Submission Load Test 3-85,text,true,,316,251,1,2,http://localhost:8001/auth/login,170,0,0
1777221454999,2,POST /reviews/,400,Bad Request,Review Submission Load Test 3-85,text,false,"Test failed: code expected to equal /

****** received  : [[[400]]]

****** comparison: [[[201]]]

/",188,440,1,2,http://localhost:8004/reviews/,2,0,0
1777221454998,4,GET /restaurants?q=ramen,200,OK,Restaurant Search Load Test 2-86,text,true,,587,137,1,1,http://localhost:8002/restaurants/?q=ramen,4,0,1
1777221455008,171,POST /auth/login,200,OK,Login Load Test 1-86,text,true,,316,251,1,2,http://localhost:8001/auth/login,171,0,0
1777221455026,171,Login for Token,200,OK,Review Submission Load Test 3-86,text,true,,316,251,1,1,http://localhost:8001/auth/login,171,0,0
1777221455197,3,POST /reviews/,201,Created,Review Submission Load Test 3-86,text,true,,380,440,1,2,http://localhost:8004/reviews/,3,0,0
1777221455197,4,GET /restaurants?q=ramen,200,OK,Restaurant Search Load Test 2-87,text,true,,587,137,1,1,http://localhost:8002/restaurants/?q=ramen,4,0,1
1777221455211,171,POST /auth/login,200,OK,Login Load Test 1-87,text,true,,316,251,1,2,http://localhost:8001/auth/login,171,0,0
1777221455229,171,Login for Token,200,OK,Review Submission Load Test 3-87,text,true,,316,251,1,1,http://localhost:8001/auth/login,171,0,0
1777221455400,3,POST /reviews/,201,Created,Review Submission Load Test 3-87,text,true,,380,440,1,2,http://localhost:8004/reviews/,3,0,0
1777221455402,3,GET /restaurants?q=ramen,200,OK,Restaurant Search Load Test 2-88,text,true,,587,137,1,1,http://localhost:8002/restaurants/?q=ramen,3,0,0
1777221455411,173,POST /auth/login,200,OK,Login Load Test 1-88,text,true,,316,251,1,2,http://localhost:8001/auth/login,173,0,0
1777221455426,172,Login for Token,200,OK,Review Submission Load Test 3-88,text,true,,316,251,1,1,http://localhost:8001/auth/login,172,0,0
1777221455599,2,POST /reviews/,400,Bad Request,Review Submission Load Test 3-88,text,false,"Test failed: code expected to equal /

****** received  : [[[400]]]

****** comparison: [[[201]]]

/",188,440,1,1,http://localhost:8004/reviews/,2,0,0
1777221455604,4,GET /restaurants?q=ramen,200,OK,Restaurant Search Load Test 2-89,text,true,,587,137,1,1,http://localhost:8002/restaurants/?q=ramen,4,0,1
1777221455611,172,POST /auth/login,200,OK,Login Load Test 1-89,text,true,,316,251,1,2,http://localhost:8001/auth/login,172,0,0
1777221455625,172,Login for Token,200,OK,Review Submission Load Test 3-89,text,true,,316,251,1,1,http://localhost:8001/auth/login,172,0,0
1777221455797,3,POST /reviews/,400,Bad Request,Review Submission Load Test 3-89,text,false,"Test failed: code expected to equal /

****** received  : [[[400]]]

****** comparison: [[[201]]]

/",188,440,1,2,http://localhost:8004/reviews/,3,0,1
1777221455800,4,GET /restaurants?q=ramen,200,OK,Restaurant Search Load Test 2-90,text,true,,587,137,1,1,http://localhost:8002/restaurants/?q=ramen,4,0,0
1777221455811,176,POST /auth/login,200,OK,Login Load Test 1-90,text,true,,316,251,1,2,http://localhost:8001/auth/login,176,0,1
1777221455828,176,Login for Token,200,OK,Review Submission Load Test 3-90,text,true,,316,251,1,2,http://localhost:8001/auth/login,176,0,0
1777221456004,3,POST /reviews/,400,Bad Request,Review Submission Load Test 3-90,text,false,"Test failed: code expected to equal /

****** received  : [[[400]]]

****** comparison: [[[201]]]

/",188,440,1,2,http://localhost:8004/reviews/,3,0,1
1777221456004,3,GET /restaurants?q=ramen,200,OK,Restaurant Search Load Test 2-91,text,true,,587,137,1,1,http://localhost:8002/restaurants/?q=ramen,3,0,0
1777221456013,173,POST /auth/login,200,OK,Login Load Test 1-91,text,true,,316,251,1,2,http://localhost:8001/auth/login,173,0,1
1777221456028,173,Login for Token,200,OK,Review Submission Load Test 3-91,text,true,,316,251,1,1,http://localhost:8001/auth/login,173,0,0
1777221456201,3,POST /reviews/,400,Bad Request,Review Submission Load Test 3-91,text,false,"Test failed: code expected to equal /

****** received  : [[[400]]]

****** comparison: [[[201]]]

/",188,440,1,2,http://localhost:8004/reviews/,3,0,0
1777221456202,3,GET /restaurants?q=ramen,200,OK,Restaurant Search Load Test 2-92,text,true,,587,137,1,1,http://localhost:8002/restaurants/?q=ramen,3,0,0
1777221456208,171,POST /auth/login,200,OK,Login Load Test 1-92,text,true,,316,251,1,2,http://localhost:8001/auth/login,171,0,0
1777221456225,170,Login for Token,200,OK,Review Submission Load Test 3-92,text,true,,316,251,1,1,http://localhost:8001/auth/login,170,0,0
1777221456396,3,POST /reviews/,201,Created,Review Submission Load Test 3-92,text,true,,380,440,1,1,http://localhost:8004/reviews/,3,0,0
1777221456403,2,GET /restaurants?q=ramen,200,OK,Restaurant Search Load Test 2-93,text,true,,587,137,1,1,http://localhost:8002/restaurants/?q=ramen,2,0,0
1777221456411,172,POST /auth/login,200,OK,Login Load Test 1-93,text,true,,316,251,1,2,http://localhost:8001/auth/login,172,0,0
1777221456428,171,Login for Token,200,OK,Review Submission Load Test 3-93,text,true,,316,251,1,2,http://localhost:8001/auth/login,171,0,0
1777221456599,2,POST /reviews/,400,Bad Request,Review Submission Load Test 3-93,text,false,"Test failed: code expected to equal /

****** received  : [[[400]]]

****** comparison: [[[201]]]

/",188,440,1,2,http://localhost:8004/reviews/,2,0,1
1777221456599,4,GET /restaurants?q=ramen,200,OK,Restaurant Search Load Test 2-94,text,true,,587,137,1,1,http://localhost:8002/restaurants/?q=ramen,3,0,1
1777221456612,171,POST /auth/login,200,OK,Login Load Test 1-94,text,true,,316,251,1,2,http://localhost:8001/auth/login,171,0,0
1777221456629,170,Login for Token,200,OK,Review Submission Load Test 3-94,text,true,,316,251,1,1,http://localhost:8001/auth/login,170,0,0
1777221456799,4,POST /reviews/,201,Created,Review Submission Load Test 3-94,text,true,,380,440,1,2,http://localhost:8004/reviews/,4,0,1
1777221456800,4,GET /restaurants?q=ramen,200,OK,Restaurant Search Load Test 2-95,text,true,,587,137,1,1,http://localhost:8002/restaurants/?q=ramen,4,0,0
1777221456807,171,POST /auth/login,200,OK,Login Load Test 1-95,text,true,,316,251,1,2,http://localhost:8001/auth/login,171,0,0
1777221456828,171,Login for Token,200,OK,Review Submission Load Test 3-95,text,true,,316,251,1,1,http://localhost:8001/auth/login,171,0,0
1777221456999,3,POST /reviews/,400,Bad Request,Review Submission Load Test 3-95,text,false,"Test failed: code expected to equal /

****** received  : [[[400]]]

****** comparison: [[[201]]]

/",188,440,1,2,http://localhost:8004/reviews/,3,0,1
1777221457000,4,GET /restaurants?q=ramen,200,OK,Restaurant Search Load Test 2-96,text,true,,587,137,1,1,http://localhost:8002/restaurants/?q=ramen,3,0,0
1777221457009,171,POST /auth/login,200,OK,Login Load Test 1-96,text,true,,316,251,1,2,http://localhost:8001/auth/login,171,0,0
1777221457025,171,Login for Token,200,OK,Review Submission Load Test 3-96,text,true,,316,251,1,1,http://localhost:8001/auth/login,171,0,0
1777221457197,3,POST /reviews/,201,Created,Review Submission Load Test 3-96,text,true,,380,440,1,1,http://localhost:8004/reviews/,3,0,0
1777221457202,4,GET /restaurants?q=ramen,200,OK,Restaurant Search Load Test 2-97,text,true,,587,137,1,1,http://localhost:8002/restaurants/?q=ramen,4,0,1
1777221457211,170,POST /auth/login,200,OK,Login Load Test 1-97,text,true,,316,251,1,2,http://localhost:8001/auth/login,170,0,0
1777221457229,170,Login for Token,200,OK,Review Submission Load Test 3-97,text,true,,316,251,1,1,http://localhost:8001/auth/login,170,0,0
1777221457399,3,POST /reviews/,201,Created,Review Submission Load Test 3-97,text,true,,380,440,1,2,http://localhost:8004/reviews/,3,0,1
1777221457400,3,GET /restaurants?q=ramen,200,OK,Restaurant Search Load Test 2-98,text,true,,587,137,1,1,http://localhost:8002/restaurants/?q=ramen,3,0,0
1777221457411,172,POST /auth/login,200,OK,Login Load Test 1-98,text,true,,316,251,1,2,http://localhost:8001/auth/login,172,0,1
1777221457428,171,Login for Token,200,OK,Review Submission Load Test 3-98,text,true,,316,251,1,2,http://localhost:8001/auth/login,171,0,0
1777221457599,3,POST /reviews/,201,Created,Review Submission Load Test 3-98,text,true,,380,440,1,2,http://localhost:8004/reviews/,3,0,1
1777221457599,3,GET /restaurants?q=ramen,200,OK,Restaurant Search Load Test 2-99,text,true,,587,137,1,1,http://localhost:8002/restaurants/?q=ramen,3,0,1
1777221457611,171,POST /auth/login,200,OK,Login Load Test 1-99,text,true,,316,251,1,2,http://localhost:8001/auth/login,171,0,0
1777221457625,171,Login for Token,200,OK,Review Submission Load Test 3-99,text,true,,316,251,1,1,http://localhost:8001/auth/login,171,0,0
1777221457796,4,POST /reviews/,201,Created,Review Submission Load Test 3-99,text,true,,380,440,1,2,http://localhost:8004/reviews/,4,0,1
1777221457799,3,GET /restaurants?q=ramen,200,OK,Restaurant Search Load Test 2-100,text,true,,587,137,1,1,http://localhost:8002/restaurants/?q=ramen,3,0,0
1777221457811,171,POST /auth/login,200,OK,Login Load Test 1-100,text,true,,316,251,1,2,http://localhost:8001/auth/login,171,0,0
1777221457827,171,Login for Token,200,OK,Review Submission Load Test 3-100,text,true,,316,251,1,1,http://localhost:8001/auth/login,171,0,1
1777221457998,3,POST /reviews/,400,Bad Request,Review Submission Load Test 3-100,text,false,"Test failed: code expected to equal /

****** received  : [[[400]]]

****** comparison: [[[201]]]

/",188,440,1,1,http://localhost:8004/reviews/,3,0,0
1777221458002,3,GET /restaurants?q=ramen,200,OK,Restaurant Search Load Test 2-101,text,true,,587,137,1,1,http://localhost:8002/restaurants/?q=ramen,3,0,0
1777221458013,172,POST /auth/login,200,OK,Login Load Test 1-101,text,true,,316,251,1,2,http://localhost:8001/auth/login,172,0,0
1777221458028,171,Login for Token,200,OK,Review Submission Load Test 3-101,text,true,,316,251,1,1,http://localhost:8001/auth/login,171,0,0
1777221458199,4,POST /reviews/,201,Created,Review Submission Load Test 3-101,text,true,,380,440,1,2,http://localhost:8004/reviews/,4,0,1
1777221458203,3,GET /restaurants?q=ramen,200,OK,Restaurant Search Load Test 2-102,text,true,,587,137,1,2,http://localhost:8002/restaurants/?q=ramen,3,0,0
1777221458207,171,POST /auth/login,200,OK,Login Load Test 1-102,text,true,,316,251,1,2,http://localhost:8001/auth/login,171,0,0
1777221458228,172,Login for Token,200,OK,Review Submission Load Test 3-102,text,true,,316,251,1,1,http://localhost:8001/auth/login,172,0,0
1777221458400,3,POST /reviews/,201,Created,Review Submission Load Test 3-102,text,true,,380,440,1,2,http://localhost:8004/reviews/,3,0,0
1777221458402,3,GET /restaurants?q=ramen,200,OK,Restaurant Search Load Test 2-103,text,true,,587,137,1,1,http://localhost:8002/restaurants/?q=ramen,3,0,0
1777221458411,172,POST /auth/login,200,OK,Login Load Test 1-103,text,true,,316,251,1,2,http://localhost:8001/auth/login,172,0,0
1777221458428,171,Login for Token,200,OK,Review Submission Load Test 3-103,text,true,,316,251,1,2,http://localhost:8001/auth/login,171,0,0
1777221458599,2,GET /restaurants?q=ramen,200,OK,Restaurant Search Load Test 2-104,text,true,,587,137,1,2,http://localhost:8002/restaurants/?q=ramen,2,0,0
1777221458599,2,POST /reviews/,201,Created,Review Submission Load Test 3-103,text,true,,380,440,1,1,http://localhost:8004/reviews/,2,0,0
1777221458611,182,POST /auth/login,200,OK,Login Load Test 1-104,text,true,,316,251,1,2,http://localhost:8001/auth/login,182,0,1
1777221458624,181,Login for Token,200,OK,Review Submission Load Test 3-104,text,true,,316,251,1,2,http://localhost:8001/auth/login,181,0,1
1777221458803,2,GET /restaurants?q=ramen,200,OK,Restaurant Search Load Test 2-105,text,true,,587,137,1,2,http://localhost:8002/restaurants/?q=ramen,2,0,0
1777221458805,2,POST /reviews/,201,Created,Review Submission Load Test 3-104,text,true,,380,440,1,2,http://localhost:8004/reviews/,2,0,0
1777221458807,176,POST /auth/login,200,OK,Login Load Test 1-105,text,true,,316,251,1,2,http://localhost:8001/auth/login,176,0,0
1777221458826,175,Login for Token,200,OK,Review Submission Load Test 3-105,text,true,,316,251,1,2,http://localhost:8001/auth/login,175,0,0
1777221458999,2,GET /restaurants?q=ramen,200,OK,Restaurant Search Load Test 2-106,text,true,,587,137,1,2,http://localhost:8002/restaurants/?q=ramen,2,0,1
1777221459001,2,POST /reviews/,201,Created,Review Submission Load Test 3-105,text,true,,380,440,1,1,http://localhost:8004/reviews/,2,0,0
1777221459011,171,POST /auth/login,200,OK,Login Load Test 1-106,text,true,,316,251,1,2,http://localhost:8001/auth/login,171,0,0
1777221459028,170,Login for Token,200,OK,Review Submission Load Test 3-106,text,true,,316,251,1,1,http://localhost:8001/auth/login,170,0,0
1777221459198,4,POST /reviews/,201,Created,Review Submission Load Test 3-106,text,true,,380,440,1,2,http://localhost:8004/reviews/,4,0,0
1777221459201,3,GET /restaurants?q=ramen,200,OK,Restaurant Search Load Test 2-107,text,true,,587,137,1,1,http://localhost:8002/restaurants/?q=ramen,3,0,0
1777221459211,171,POST /auth/login,200,OK,Login Load Test 1-107,text,true,,316,251,1,2,http://localhost:8001/auth/login,171,0,1
1777221459227,170,Login for Token,200,OK,Review Submission Load Test 3-107,text,true,,316,251,1,1,http://localhost:8001/auth/login,170,0,0
1777221459397,4,POST /reviews/,201,Created,Review Submission Load Test 3-107,text,true,,380,440,1,1,http://localhost:8004/reviews/,4,0,0
1777221459404,3,GET /restaurants?q=ramen,200,OK,Restaurant Search Load Test 2-108,text,true,,587,137,1,1,http://localhost:8002/restaurants/?q=ramen,3,0,0
1777221459408,171,POST /auth/login,200,OK,Login Load Test 1-108,text,true,,316,251,1,2,http://localhost:8001/auth/login,171,0,0
1777221459428,171,Login for Token,200,OK,Review Submission Load Test 3-108,text,true,,316,251,1,1,http://localhost:8001/auth/login,171,0,0
1777221459600,3,POST /reviews/,201,Created,Review Submission Load Test 3-108,text,true,,380,440,1,1,http://localhost:8004/reviews/,3,0,0
1777221459603,3,GET /restaurants?q=ramen,200,OK,Restaurant Search Load Test 2-109,text,true,,587,137,1,1,http://localhost:8002/restaurants/?q=ramen,3,0,0
1777221459614,170,POST /auth/login,200,OK,Login Load Test 1-109,text,true,,316,251,1,2,http://localhost:8001/auth/login,170,0,0
1777221459628,171,Login for Token,200,OK,Review Submission Load Test 3-109,text,true,,316,251,1,2,http://localhost:8001/auth/login,171,0,0
1777221459799,3,POST /reviews/,201,Created,Review Submission Load Test 3-109,text,true,,380,440,1,2,http://localhost:8004/reviews/,3,0,0
1777221459799,3,GET /restaurants?q=ramen,200,OK,Restaurant Search Load Test 2-110,text,true,,587,137,1,1,http://localhost:8002/restaurants/?q=ramen,3,0,0
1777221459812,173,POST /auth/login,200,OK,Login Load Test 1-110,text,true,,316,251,1,2,http://localhost:8001/auth/login,173,0,0
1777221459828,173,Login for Token,200,OK,Review Submission Load Test 3-110,text,true,,316,251,1,2,http://localhost:8001/auth/login,173,0,0
1777221460001,3,GET /restaurants?q=ramen,200,OK,Restaurant Search Load Test 2-111,text,true,,587,137,1,2,http://localhost:8002/restaurants/?q=ramen,3,0,1
1777221460002,2,POST /reviews/,201,Created,Review Submission Load Test 3-110,text,true,,380,440,1,2,http://localhost:8004/reviews/,2,0,0
1777221460011,181,POST /auth/login,200,OK,Login Load Test 1-111,text,true,,316,251,1,2,http://localhost:8001/auth/login,181,0,0
1777221460201,2,GET /restaurants?q=ramen,200,OK,Restaurant Search Load Test 2-112,text,true,,587,137,1,2,http://localhost:8002/restaurants/?q=ramen,2,0,1
1777221460029,184,Login for Token,200,OK,Review Submission Load Test 3-111,text,true,,316,251,1,2,http://localhost:8001/auth/login,184,0,0
1777221460213,2,POST /reviews/,201,Created,Review Submission Load Test 3-111,text,true,,380,440,1,2,http://localhost:8004/reviews/,2,0,0
1777221460209,172,POST /auth/login,200,OK,Login Load Test 1-112,text,true,,316,251,1,2,http://localhost:8001/auth/login,172,0,0
1777221460226,171,Login for Token,200,OK,Review Submission Load Test 3-112,text,true,,316,251,1,1,http://localhost:8001/auth/login,171,0,0
1777221460397,2,POST /reviews/,201,Created,Review Submission Load Test 3-112,text,true,,380,440,1,2,http://localhost:8004/reviews/,2,0,0
1777221460398,2,GET /restaurants?q=ramen,200,OK,Restaurant Search Load Test 2-113,text,true,,587,137,1,1,http://localhost:8002/restaurants/?q=ramen,2,0,1
1777221460405,174,POST /auth/login,200,OK,Login Load Test 1-113,text,true,,316,251,1,2,http://localhost:8001/auth/login,174,0,1
1777221460428,175,Login for Token,200,OK,Review Submission Load Test 3-113,text,true,,316,251,1,2,http://localhost:8001/auth/login,175,0,1
1777221460603,3,GET /restaurants?q=ramen,200,OK,Restaurant Search Load Test 2-114,text,true,,587,137,1,2,http://localhost:8002/restaurants/?q=ramen,3,0,0
1777221460603,3,POST /reviews/,201,Created,Review Submission Load Test 3-113,text,true,,380,440,1,1,http://localhost:8004/reviews/,3,0,1
1777221460613,172,POST /auth/login,200,OK,Login Load Test 1-114,text,true,,316,251,1,2,http://localhost:8001/auth/login,172,0,0
1777221460628,172,Login for Token,200,OK,Review Submission Load Test 3-114,text,true,,316,251,1,2,http://localhost:8001/auth/login,172,0,0
1777221460800,3,POST /reviews/,201,Created,Review Submission Load Test 3-114,text,true,,380,440,1,2,http://localhost:8004/reviews/,3,0,0
1777221460799,4,GET /restaurants?q=ramen,200,OK,Restaurant Search Load Test 2-115,text,true,,587,137,1,2,http://localhost:8002/restaurants/?q=ramen,4,0,0
1777221460809,185,POST /auth/login,200,OK,Login Load Test 1-115,text,true,,316,251,1,2,http://localhost:8001/auth/login,185,0,0
1777221461002,2,GET /restaurants?q=ramen,200,OK,Restaurant Search Load Test 2-116,text,true,,587,137,1,2,http://localhost:8002/restaurants/?q=ramen,2,0,0
1777221460826,186,Login for Token,200,OK,Review Submission Load Test 3-115,text,true,,316,251,1,2,http://localhost:8001/auth/login,186,0,0
1777221461013,2,POST /reviews/,201,Created,Review Submission Load Test 3-115,text,true,,380,440,1,2,http://localhost:8004/reviews/,2,0,0
1777221461011,176,POST /auth/login,200,OK,Login Load Test 1-116,text,true,,316,251,1,2,http://localhost:8001/auth/login,176,0,1
1777221461028,175,Login for Token,200,OK,Review Submission Load Test 3-116,text,true,,316,251,1,1,http://localhost:8001/auth/login,175,0,1
1777221461203,2,GET /restaurants?q=ramen,200,OK,Restaurant Search Load Test 2-117,text,true,,587,137,1,2,http://localhost:8002/restaurants/?q=ramen,2,0,0
1777221461203,2,POST /reviews/,201,Created,Review Submission Load Test 3-116,text,true,,380,440,1,1,http://localhost:8004/reviews/,2,0,0
1777221461213,172,POST /auth/login,200,OK,Login Load Test 1-117,text,true,,316,251,1,2,http://localhost:8001/auth/login,172,0,0
1777221461226,171,Login for Token,200,OK,Review Submission Load Test 3-117,text,true,,316,251,1,1,http://localhost:8001/auth/login,171,0,0
1777221461397,4,POST /reviews/,201,Created,Review Submission Load Test 3-117,text,true,,380,440,1,1,http://localhost:8004/reviews/,4,0,1
1777221461403,4,GET /restaurants?q=ramen,200,OK,Restaurant Search Load Test 2-118,text,true,,587,137,1,1,http://localhost:8002/restaurants/?q=ramen,4,0,0
1777221461410,172,POST /auth/login,200,OK,Login Load Test 1-118,text,true,,316,251,1,2,http://localhost:8001/auth/login,172,0,0
1777221461426,172,Login for Token,200,OK,Review Submission Load Test 3-118,text,true,,316,251,1,2,http://localhost:8001/auth/login,172,0,1
1777221461598,3,POST /reviews/,201,Created,Review Submission Load Test 3-118,text,true,,380,440,1,2,http://localhost:8004/reviews/,3,0,0
1777221461598,3,GET /restaurants?q=ramen,200,OK,Restaurant Search Load Test 2-119,text,true,,587,137,1,1,http://localhost:8002/restaurants/?q=ramen,3,0,0
1777221461607,171,POST /auth/login,200,OK,Login Load Test 1-119,text,true,,316,251,1,2,http://localhost:8001/auth/login,171,0,0
1777221461628,171,Login for Token,200,OK,Review Submission Load Test 3-119,text,true,,316,251,1,1,http://localhost:8001/auth/login,171,0,1
1777221461800,3,POST /reviews/,201,Created,Review Submission Load Test 3-119,text,true,,380,440,1,2,http://localhost:8004/reviews/,3,0,0
1777221461803,4,GET /restaurants?q=ramen,200,OK,Restaurant Search Load Test 2-120,text,true,,587,137,1,1,http://localhost:8002/restaurants/?q=ramen,4,0,0
1777221461807,172,POST /auth/login,200,OK,Login Load Test 1-120,text,true,,316,251,1,2,http://localhost:8001/auth/login,172,0,0
1777221461825,172,Login for Token,200,OK,Review Submission Load Test 3-120,text,true,,316,251,1,1,http://localhost:8001/auth/login,172,0,0
1777221461997,4,POST /reviews/,201,Created,Review Submission Load Test 3-120,text,true,,380,440,1,1,http://localhost:8004/reviews/,4,0,0
1777221462002,3,GET /restaurants?q=ramen,200,OK,Restaurant Search Load Test 2-121,text,true,,587,137,1,1,http://localhost:8002/restaurants/?q=ramen,3,0,0
1777221462007,171,POST /auth/login,200,OK,Login Load Test 1-121,text,true,,316,251,1,2,http://localhost:8001/auth/login,171,0,0
1777221462029,171,Login for Token,200,OK,Review Submission Load Test 3-121,text,true,,316,251,1,1,http://localhost:8001/auth/login,171,0,0
1777221462201,3,POST /reviews/,201,Created,Review Submission Load Test 3-121,text,true,,380,440,1,2,http://localhost:8004/reviews/,3,0,0
1777221462203,3,GET /restaurants?q=ramen,200,OK,Restaurant Search Load Test 2-122,text,true,,587,137,1,1,http://localhost:8002/restaurants/?q=ramen,3,0,0
1777221462210,170,POST /auth/login,200,OK,Login Load Test 1-122,text,true,,316,251,1,2,http://localhost:8001/auth/login,170,0,0
1777221462229,170,Login for Token,200,OK,Review Submission Load Test 3-122,text,true,,316,251,1,1,http://localhost:8001/auth/login,170,0,0
1777221462400,3,POST /reviews/,201,Created,Review Submission Load Test 3-122,text,true,,380,440,1,2,http://localhost:8004/reviews/,3,0,0
1777221462403,3,GET /restaurants?q=ramen,200,OK,Restaurant Search Load Test 2-123,text,true,,587,137,1,2,http://localhost:8002/restaurants/?q=ramen,3,0,0
1777221462405,171,POST /auth/login,200,OK,Login Load Test 1-123,text,true,,316,251,1,2,http://localhost:8001/auth/login,171,0,1
1777221462425,172,Login for Token,200,OK,Review Submission Load Test 3-123,text,true,,316,251,1,1,http://localhost:8001/auth/login,172,0,0
1777221462597,3,POST /reviews/,201,Created,Review Submission Load Test 3-123,text,true,,380,440,1,2,http://localhost:8004/reviews/,3,0,1
1777221462598,2,GET /restaurants?q=ramen,200,OK,Restaurant Search Load Test 2-124,text,true,,587,137,1,1,http://localhost:8002/restaurants/?q=ramen,2,0,0
1777221462606,169,POST /auth/login,200,OK,Login Load Test 1-124,text,true,,316,251,1,2,http://localhost:8001/auth/login,169,0,0
1777221462628,171,Login for Token,200,OK,Review Submission Load Test 3-124,text,true,,316,251,1,1,http://localhost:8001/auth/login,171,0,0
1777221462799,3,POST /reviews/,201,Created,Review Submission Load Test 3-124,text,true,,380,440,1,2,http://localhost:8004/reviews/,3,0,0
1777221462799,3,GET /restaurants?q=ramen,200,OK,Restaurant Search Load Test 2-125,text,true,,587,137,1,1,http://localhost:8002/restaurants/?q=ramen,3,0,1
1777221462808,171,POST /auth/login,200,OK,Login Load Test 1-125,text,true,,316,251,1,2,http://localhost:8001/auth/login,171,0,1
1777221462829,170,Login for Token,200,OK,Review Submission Load Test 3-125,text,true,,316,251,1,1,http://localhost:8001/auth/login,170,0,0
1777221462999,3,POST /reviews/,201,Created,Review Submission Load Test 3-125,text,true,,380,440,1,2,http://localhost:8004/reviews/,3,0,0
1777221463001,3,GET /restaurants?q=ramen,200,OK,Restaurant Search Load Test 2-126,text,true,,587,137,1,1,http://localhost:8002/restaurants/?q=ramen,3,0,0
1777221463006,173,POST /auth/login,200,OK,Login Load Test 1-126,text,true,,316,251,1,2,http://localhost:8001/auth/login,173,0,1
1777221463028,171,Login for Token,200,OK,Review Submission Load Test 3-126,text,true,,316,251,1,1,http://localhost:8001/auth/login,171,0,0
1777221463199,4,POST /reviews/,201,Created,Review Submission Load Test 3-126,text,true,,380,440,1,2,http://localhost:8004/reviews/,4,0,1
1777221463202,4,GET /restaurants?q=ramen,200,OK,Restaurant Search Load Test 2-127,text,true,,587,137,1,2,http://localhost:8002/restaurants/?q=ramen,4,0,1
1777221463206,170,POST /auth/login,200,OK,Login Load Test 1-127,text,true,,316,251,1,2,http://localhost:8001/auth/login,170,0,0
1777221463228,171,Login for Token,200,OK,Review Submission Load Test 3-127,text,true,,316,251,1,2,http://localhost:8001/auth/login,171,0,0
1777221463399,3,POST /reviews/,201,Created,Review Submission Load Test 3-127,text,true,,380,440,1,2,http://localhost:8004/reviews/,3,0,0
1777221463399,3,GET /restaurants?q=ramen,200,OK,Restaurant Search Load Test 2-128,text,true,,587,137,1,1,http://localhost:8002/restaurants/?q=ramen,3,0,0
1777221463412,172,POST /auth/login,200,OK,Login Load Test 1-128,text,true,,316,251,1,2,http://localhost:8001/auth/login,172,0,0
1777221463427,171,Login for Token,200,OK,Review Submission Load Test 3-128,text,true,,316,251,1,1,http://localhost:8001/auth/login,171,0,0
1777221463599,3,POST /reviews/,201,Created,Review Submission Load Test 3-128,text,true,,380,440,1,2,http://localhost:8004/reviews/,3,0,0
1777221463599,4,GET /restaurants?q=ramen,200,OK,Restaurant Search Load Test 2-129,text,true,,587,137,1,1,http://localhost:8002/restaurants/?q=ramen,4,0,1
1777221463608,171,POST /auth/login,200,OK,Login Load Test 1-129,text,true,,316,251,1,2,http://localhost:8001/auth/login,171,0,0
1777221463627,170,Login for Token,200,OK,Review Submission Load Test 3-129,text,true,,316,251,1,1,http://localhost:8001/auth/login,170,0,0
1777221463797,4,POST /reviews/,201,Created,Review Submission Load Test 3-129,text,true,,380,440,1,2,http://localhost:8004/reviews/,4,0,0
1777221463800,4,GET /restaurants?q=ramen,200,OK,Restaurant Search Load Test 2-130,text,true,,587,137,1,1,http://localhost:8002/restaurants/?q=ramen,4,0,0
1777221463809,171,POST /auth/login,200,OK,Login Load Test 1-130,text,true,,316,251,1,2,http://localhost:8001/auth/login,171,0,0
1777221463829,171,Login for Token,200,OK,Review Submission Load Test 3-130,text,true,,316,251,1,1,http://localhost:8001/auth/login,171,0,0
1777221464000,3,POST /reviews/,201,Created,Review Submission Load Test 3-130,text,true,,380,440,1,2,http://localhost:8004/reviews/,3,0,0
1777221464003,4,GET /restaurants?q=ramen,200,OK,Restaurant Search Load Test 2-131,text,true,,587,137,1,1,http://localhost:8002/restaurants/?q=ramen,4,0,0
1777221464011,172,POST /auth/login,200,OK,Login Load Test 1-131,text,true,,316,251,1,2,http://localhost:8001/auth/login,172,0,0
1777221464027,171,Login for Token,200,OK,Review Submission Load Test 3-131,text,true,,316,251,1,1,http://localhost:8001/auth/login,171,0,0
1777221464198,3,POST /reviews/,201,Created,Review Submission Load Test 3-131,text,true,,380,440,1,1,http://localhost:8004/reviews/,3,0,0
1777221464204,3,GET /restaurants?q=ramen,200,OK,Restaurant Search Load Test 2-132,text,true,,587,137,1,2,http://localhost:8002/restaurants/?q=ramen,3,0,0
1777221464204,171,POST /auth/login,200,OK,Login Load Test 1-132,text,true,,316,251,1,2,http://localhost:8001/auth/login,171,0,0
1777221464228,171,Login for Token,200,OK,Review Submission Load Test 3-132,text,true,,316,251,1,1,http://localhost:8001/auth/login,171,0,0
1777221464399,3,POST /reviews/,201,Created,Review Submission Load Test 3-132,text,true,,380,440,1,2,http://localhost:8004/reviews/,3,0,0
1777221464400,3,GET /restaurants?q=ramen,200,OK,Restaurant Search Load Test 2-133,text,true,,587,137,1,1,http://localhost:8002/restaurants/?q=ramen,3,0,0
1777221464408,171,POST /auth/login,200,OK,Login Load Test 1-133,text,true,,316,251,1,2,http://localhost:8001/auth/login,171,0,0
1777221464429,171,Login for Token,200,OK,Review Submission Load Test 3-133,text,true,,316,251,1,2,http://localhost:8001/auth/login,171,0,0
1777221464598,4,GET /restaurants?q=ramen,200,OK,Restaurant Search Load Test 2-134,text,true,,587,137,1,2,http://localhost:8002/restaurants/?q=ramen,4,0,1
1777221464600,3,POST /reviews/,201,Created,Review Submission Load Test 3-133,text,true,,380,440,1,1,http://localhost:8004/reviews/,3,0,0
1777221464608,170,POST /auth/login,200,OK,Login Load Test 1-134,text,true,,316,251,1,2,http://localhost:8001/auth/login,170,0,0
1777221464627,171,Login for Token,200,OK,Review Submission Load Test 3-134,text,true,,316,251,1,1,http://localhost:8001/auth/login,171,0,0
1777221464798,3,POST /reviews/,201,Created,Review Submission Load Test 3-134,text,true,,380,440,1,2,http://localhost:8004/reviews/,3,0,0
1777221464799,3,GET /restaurants?q=ramen,200,OK,Restaurant Search Load Test 2-135,text,true,,587,137,1,1,http://localhost:8002/restaurants/?q=ramen,3,0,0
1777221464807,173,POST /auth/login,200,OK,Login Load Test 1-135,text,true,,316,251,1,2,http://localhost:8001/auth/login,173,0,0
1777221464824,174,Login for Token,200,OK,Review Submission Load Test 3-135,text,true,,316,251,1,1,http://localhost:8001/auth/login,174,0,0
1777221464999,2,POST /reviews/,201,Created,Review Submission Load Test 3-135,text,true,,380,440,1,1,http://localhost:8004/reviews/,2,0,0
1777221465001,2,GET /restaurants?q=ramen,200,OK,Restaurant Search Load Test 2-136,text,true,,587,137,1,1,http://localhost:8002/restaurants/?q=ramen,2,0,1
1777221465009,185,POST /auth/login,200,OK,Login Load Test 1-136,text,true,,316,251,1,2,http://localhost:8001/auth/login,185,0,0
1777221465202,2,GET /restaurants?q=ramen,200,OK,Restaurant Search Load Test 2-137,text,true,,587,137,1,2,http://localhost:8002/restaurants/?q=ramen,2,0,1
1777221465027,187,Login for Token,200,OK,Review Submission Load Test 3-136,text,true,,316,251,1,2,http://localhost:8001/auth/login,187,0,0
1777221465214,3,POST /reviews/,201,Created,Review Submission Load Test 3-136,text,true,,380,440,1,2,http://localhost:8004/reviews/,3,0,1
1777221465207,184,POST /auth/login,200,OK,Login Load Test 1-137,text,true,,316,251,1,2,http://localhost:8001/auth/login,184,0,1
1777221465403,1,GET /restaurants?q=ramen,200,OK,Restaurant Search Load Test 2-138,text,true,,587,137,1,2,http://localhost:8002/restaurants/?q=ramen,1,0,0
1777221465226,180,Login for Token,200,OK,Review Submission Load Test 3-137,text,true,,316,251,1,1,http://localhost:8001/auth/login,180,0,0
1777221465406,2,POST /reviews/,201,Created,Review Submission Load Test 3-137,text,true,,380,440,1,1,http://localhost:8004/reviews/,2,0,0
1777221465408,176,POST /auth/login,200,OK,Login Load Test 1-138,text,true,,316,251,1,2,http://localhost:8001/auth/login,176,0,1
1777221465598,2,GET /restaurants?q=ramen,200,OK,Restaurant Search Load Test 2-139,text,true,,587,137,1,2,http://localhost:8002/restaurants/?q=ramen,2,0,0
1777221465429,174,Login for Token,200,OK,Review Submission Load Test 3-138,text,true,,316,251,1,1,http://localhost:8001/auth/login,174,0,0
1777221465603,3,POST /reviews/,201,Created,Review Submission Load Test 3-138,text,true,,380,440,1,2,http://localhost:8004/reviews/,3,0,0
1777221465603,172,POST /auth/login,200,OK,Login Load Test 1-139,text,true,,316,251,1,2,http://localhost:8001/auth/login,172,0,1
1777221465627,171,Login for Token,200,OK,Review Submission Load Test 3-139,text,true,,316,251,1,2,http://localhost:8001/auth/login,171,0,0
1777221465797,2,GET /restaurants?q=ramen,200,OK,Restaurant Search Load Test 2-140,text,true,,587,137,1,2,http://localhost:8002/restaurants/?q=ramen,2,0,1
1777221465798,2,POST /reviews/,201,Created,Review Submission Load Test 3-139,text,true,,380,440,1,1,http://localhost:8004/reviews/,2,0,0
1777221465811,172,POST /auth/login,200,OK,Login Load Test 1-140,text,true,,316,251,1,2,http://localhost:8001/auth/login,172,0,0
1777221465828,172,Login for Token,200,OK,Review Submission Load Test 3-140,text,true,,316,251,1,2,http://localhost:8001/auth/login,172,0,0
1777221466000,3,POST /reviews/,201,Created,Review Submission Load Test 3-140,text,true,,380,440,1,2,http://localhost:8004/reviews/,3,0,0
1777221466000,4,GET /restaurants?q=ramen,200,OK,Restaurant Search Load Test 2-141,text,true,,587,137,1,2,http://localhost:8002/restaurants/?q=ramen,4,0,0
1777221466004,171,POST /auth/login,200,OK,Login Load Test 1-141,text,true,,316,251,1,2,http://localhost:8001/auth/login,171,0,0
1777221466029,171,Login for Token,200,OK,Review Submission Load Test 3-141,text,true,,316,251,1,1,http://localhost:8001/auth/login,171,0,0
1777221466200,4,POST /reviews/,201,Created,Review Submission Load Test 3-141,text,true,,380,440,1,2,http://localhost:8004/reviews/,4,0,0
1777221466200,4,GET /restaurants?q=ramen,200,OK,Restaurant Search Load Test 2-142,text,true,,587,137,1,2,http://localhost:8002/restaurants/?q=ramen,4,0,1
1777221466204,171,POST /auth/login,200,OK,Login Load Test 1-142,text,true,,316,251,1,2,http://localhost:8001/auth/login,171,0,0
1777221466229,170,Login for Token,200,OK,Review Submission Load Test 3-142,text,true,,316,251,1,1,http://localhost:8001/auth/login,170,0,0
1777221466399,3,POST /reviews/,201,Created,Review Submission Load Test 3-142,text,true,,380,440,1,2,http://localhost:8004/reviews/,3,0,0
1777221466399,4,GET /restaurants?q=ramen,200,OK,Restaurant Search Load Test 2-143,text,true,,587,137,1,1,http://localhost:8002/restaurants/?q=ramen,4,0,0
1777221466409,171,POST /auth/login,200,OK,Login Load Test 1-143,text,true,,316,251,1,2,http://localhost:8001/auth/login,171,0,0
1777221466430,171,Login for Token,200,OK,Review Submission Load Test 3-143,text,true,,316,251,1,1,http://localhost:8001/auth/login,171,0,0
1777221466601,4,POST /reviews/,201,Created,Review Submission Load Test 3-143,text,true,,380,440,1,2,http://localhost:8004/reviews/,4,0,0
1777221466603,4,GET /restaurants?q=ramen,200,OK,Restaurant Search Load Test 2-144,text,true,,587,137,1,2,http://localhost:8002/restaurants/?q=ramen,4,0,1
1777221466607,171,POST /auth/login,200,OK,Login Load Test 1-144,text,true,,316,251,1,2,http://localhost:8001/auth/login,171,0,0
1777221466628,171,Login for Token,200,OK,Review Submission Load Test 3-144,text,true,,316,251,1,1,http://localhost:8001/auth/login,171,0,1
1777221466799,4,POST /reviews/,201,Created,Review Submission Load Test 3-144,text,true,,380,440,1,2,http://localhost:8004/reviews/,4,0,1
1777221466803,3,GET /restaurants?q=ramen,200,OK,Restaurant Search Load Test 2-145,text,true,,587,137,1,1,http://localhost:8002/restaurants/?q=ramen,3,0,0
1777221466808,171,POST /auth/login,200,OK,Login Load Test 1-145,text,true,,316,251,1,2,http://localhost:8001/auth/login,171,0,0
1777221466829,170,Login for Token,200,OK,Review Submission Load Test 3-145,text,true,,316,251,1,1,http://localhost:8001/auth/login,170,0,0
1777221467000,3,POST /reviews/,201,Created,Review Submission Load Test 3-145,text,true,,380,440,1,2,http://localhost:8004/reviews/,3,0,0
1777221467001,3,GET /restaurants?q=ramen,200,OK,Restaurant Search Load Test 2-146,text,true,,587,137,1,1,http://localhost:8002/restaurants/?q=ramen,3,0,0
1777221467006,171,POST /auth/login,200,OK,Login Load Test 1-146,text,true,,316,251,1,2,http://localhost:8001/auth/login,171,0,0
1777221467026,171,Login for Token,200,OK,Review Submission Load Test 3-146,text,true,,316,251,1,1,http://localhost:8001/auth/login,171,0,0
1777221467198,3,POST /reviews/,201,Created,Review Submission Load Test 3-146,text,true,,380,440,1,1,http://localhost:8004/reviews/,3,0,0
1777221467203,2,GET /restaurants?q=ramen,200,OK,Restaurant Search Load Test 2-147,text,true,,587,137,1,2,http://localhost:8002/restaurants/?q=ramen,2,0,0
1777221467203,170,POST /auth/login,200,OK,Login Load Test 1-147,text,true,,316,251,1,2,http://localhost:8001/auth/login,170,0,0
1777221467228,172,Login for Token,200,OK,Review Submission Load Test 3-147,text,true,,316,251,1,1,http://localhost:8001/auth/login,172,0,1
1777221467400,4,POST /reviews/,201,Created,Review Submission Load Test 3-147,text,true,,380,440,1,3,http://localhost:8004/reviews/,4,0,0
1777221467403,2,GET /restaurants?q=ramen,200,OK,Restaurant Search Load Test 2-148,text,true,,587,137,1,2,http://localhost:8002/restaurants/?q=ramen,2,0,0
1777221467403,171,POST /auth/login,200,OK,Login Load Test 1-148,text,true,,316,251,1,2,http://localhost:8001/auth/login,171,0,0
1777221467428,172,Login for Token,200,OK,Review Submission Load Test 3-148,text,true,,316,251,1,1,http://localhost:8001/auth/login,172,0,0
1777221467601,3,POST /reviews/,201,Created,Review Submission Load Test 3-148,text,true,,380,440,1,3,http://localhost:8004/reviews/,3,0,0
1777221467602,3,GET /restaurants?q=ramen,200,OK,Restaurant Search Load Test 2-149,text,true,,587,137,1,2,http://localhost:8002/restaurants/?q=ramen,3,0,1
1777221467601,171,POST /auth/login,200,OK,Login Load Test 1-149,text,true,,316,251,1,2,http://localhost:8001/auth/login,171,0,0
1777221467628,171,Login for Token,200,OK,Review Submission Load Test 3-149,text,true,,316,251,1,2,http://localhost:8001/auth/login,171,0,1
1777221467799,3,POST /reviews/,201,Created,Review Submission Load Test 3-149,text,true,,380,440,1,2,http://localhost:8004/reviews/,3,0,1
1777221467799,4,GET /restaurants?q=ramen,200,OK,Restaurant Search Load Test 2-150,text,true,,587,137,1,2,http://localhost:8002/restaurants/?q=ramen,3,0,1
1777221467803,171,POST /auth/login,200,OK,Login Load Test 1-150,text,true,,316,251,1,2,http://localhost:8001/auth/login,171,0,0
1777221467824,172,Login for Token,200,OK,Review Submission Load Test 3-150,text,true,,316,251,1,1,http://localhost:8001/auth/login,172,0,1
1777221467997,3,POST /reviews/,201,Created,Review Submission Load Test 3-150,text,true,,380,440,1,2,http://localhost:8004/reviews/,3,0,0
1777221467997,4,GET /restaurants?q=ramen,200,OK,Restaurant Search Load Test 2-151,text,true,,587,137,1,2,http://localhost:8002/restaurants/?q=ramen,4,0,1
1777221468001,170,POST /auth/login,200,OK,Login Load Test 1-151,text,true,,316,251,1,2,http://localhost:8001/auth/login,170,0,0
1777221468027,172,Login for Token,200,OK,Review Submission Load Test 3-151,text,true,,316,251,1,1,http://localhost:8001/auth/login,172,0,0
1777221468199,3,POST /reviews/,201,Created,Review Submission Load Test 3-151,text,true,,380,440,1,2,http://localhost:8004/reviews/,3,0,0
1777221468201,3,GET /restaurants?q=ramen,200,OK,Restaurant Search Load Test 2-152,text,true,,587,137,1,2,http://localhost:8002/restaurants/?q=ramen,3,0,0
1777221468203,170,POST /auth/login,200,OK,Login Load Test 1-152,text,true,,316,251,1,2,http://localhost:8001/auth/login,170,0,0
1777221468227,171,Login for Token,200,OK,Review Submission Load Test 3-152,text,true,,316,251,1,2,http://localhost:8001/auth/login,171,0,0
1777221468398,3,POST /reviews/,201,Created,Review Submission Load Test 3-152,text,true,,380,440,1,2,http://localhost:8004/reviews/,3,0,0
1777221468398,3,GET /restaurants?q=ramen,200,OK,Restaurant Search Load Test 2-153,text,true,,587,137,1,1,http://localhost:8002/restaurants/?q=ramen,3,0,0
1777221468403,173,POST /auth/login,200,OK,Login Load Test 1-153,text,true,,316,251,1,2,http://localhost:8001/auth/login,173,0,0
1777221468425,171,Login for Token,200,OK,Review Submission Load Test 3-153,text,true,,316,251,1,1,http://localhost:8001/auth/login,171,0,0
1777221468597,3,GET /restaurants?q=ramen,200,OK,Restaurant Search Load Test 2-154,text,true,,587,137,1,3,http://localhost:8002/restaurants/?q=ramen,3,0,0
1777221468597,3,POST /reviews/,201,Created,Review Submission Load Test 3-153,text,true,,380,440,1,2,http://localhost:8004/reviews/,3,0,0
1777221468600,171,POST /auth/login,200,OK,Login Load Test 1-154,text,true,,316,251,1,2,http://localhost:8001/auth/login,171,0,0
1777221468629,170,Login for Token,200,OK,Review Submission Load Test 3-154,text,true,,316,251,1,1,http://localhost:8001/auth/login,170,0,0
1777221468799,3,POST /reviews/,201,Created,Review Submission Load Test 3-154,text,true,,380,440,1,2,http://localhost:8004/reviews/,3,0,0
1777221468802,4,GET /restaurants?q=ramen,200,OK,Restaurant Search Load Test 2-155,text,true,,587,137,1,2,http://localhost:8002/restaurants/?q=ramen,4,0,0
1777221468802,171,POST /auth/login,200,OK,Login Load Test 1-155,text,true,,316,251,1,2,http://localhost:8001/auth/login,171,0,1
1777221468828,171,Login for Token,200,OK,Review Submission Load Test 3-155,text,true,,316,251,1,1,http://localhost:8001/auth/login,171,0,0
1777221468999,4,POST /reviews/,201,Created,Review Submission Load Test 3-155,text,true,,380,440,1,2,http://localhost:8004/reviews/,4,0,0
1777221468999,4,GET /restaurants?q=ramen,200,OK,Restaurant Search Load Test 2-156,text,true,,587,137,1,2,http://localhost:8002/restaurants/?q=ramen,4,0,0
1777221469003,172,POST /auth/login,200,OK,Login Load Test 1-156,text,true,,316,251,1,2,http://localhost:8001/auth/login,172,0,0
1777221469029,172,Login for Token,200,OK,Review Submission Load Test 3-156,text,true,,316,251,1,1,http://localhost:8001/auth/login,172,0,1
1777221469201,3,POST /reviews/,201,Created,Review Submission Load Test 3-156,text,true,,380,440,1,2,http://localhost:8004/reviews/,3,0,0
1777221469202,3,GET /restaurants?q=ramen,200,OK,Restaurant Search Load Test 2-157,text,true,,587,137,1,1,http://localhost:8002/restaurants/?q=ramen,3,0,0
1777221469205,170,POST /auth/login,200,OK,Login Load Test 1-157,text,true,,316,251,1,2,http://localhost:8001/auth/login,170,0,1
1777221469230,170,Login for Token,200,OK,Review Submission Load Test 3-157,text,true,,316,251,1,1,http://localhost:8001/auth/login,170,0,0
1777221469400,4,POST /reviews/,201,Created,Review Submission Load Test 3-157,text,true,,380,440,1,2,http://localhost:8004/reviews/,4,0,1
1777221469402,3,GET /restaurants?q=ramen,200,OK,Restaurant Search Load Test 2-158,text,true,,587,137,1,1,http://localhost:8002/restaurants/?q=ramen,3,0,0
1777221469406,172,POST /auth/login,200,OK,Login Load Test 1-158,text,true,,316,251,1,2,http://localhost:8001/auth/login,172,0,0
1777221469425,172,Login for Token,200,OK,Review Submission Load Test 3-158,text,true,,316,251,1,1,http://localhost:8001/auth/login,172,0,1
1777221469597,4,POST /reviews/,201,Created,Review Submission Load Test 3-158,text,true,,380,440,1,2,http://localhost:8004/reviews/,4,0,1
1777221469598,4,GET /restaurants?q=ramen,200,OK,Restaurant Search Load Test 2-159,text,true,,587,137,1,1,http://localhost:8002/restaurants/?q=ramen,4,0,0
1777221469602,171,POST /auth/login,200,OK,Login Load Test 1-159,text,true,,316,251,1,2,http://localhost:8001/auth/login,171,0,0
1777221469628,171,Login for Token,200,OK,Review Submission Load Test 3-159,text,true,,316,251,1,2,http://localhost:8001/auth/login,171,0,0
1777221469799,3,POST /reviews/,201,Created,Review Submission Load Test 3-159,text,true,,380,440,1,3,http://localhost:8004/reviews/,3,0,0
1777221469799,3,GET /restaurants?q=ramen,200,OK,Restaurant Search Load Test 2-160,text,true,,587,137,1,2,http://localhost:8002/restaurants/?q=ramen,3,0,0
1777221469799,172,POST /auth/login,200,OK,Login Load Test 1-160,text,true,,316,251,1,2,http://localhost:8001/auth/login,172,0,0
1777221469828,171,Login for Token,200,OK,Review Submission Load Test 3-160,text,true,,316,251,1,1,http://localhost:8001/auth/login,171,0,0
1777221470000,3,GET /restaurants?q=ramen,200,OK,Restaurant Search Load Test 2-161,text,true,,587,137,1,3,http://localhost:8002/restaurants/?q=ramen,3,0,0
1777221470000,3,POST /reviews/,201,Created,Review Submission Load Test 3-160,text,true,,380,440,1,3,http://localhost:8004/reviews/,3,0,0
1777221470001,171,POST /auth/login,200,OK,Login Load Test 1-161,text,true,,316,251,1,2,http://localhost:8001/auth/login,171,0,0
1777221470028,171,Login for Token,200,OK,Review Submission Load Test 3-161,text,true,,316,251,1,1,http://localhost:8001/auth/login,171,0,1
1777221470199,4,POST /reviews/,201,Created,Review Submission Load Test 3-161,text,true,,380,440,1,2,http://localhost:8004/reviews/,4,0,1
1777221470203,4,GET /restaurants?q=ramen,200,OK,Restaurant Search Load Test 2-162,text,true,,587,137,1,2,http://localhost:8002/restaurants/?q=ramen,4,0,0
1777221470203,172,POST /auth/login,200,OK,Login Load Test 1-162,text,true,,316,251,1,2,http://localhost:8001/auth/login,172,0,1
1777221470228,172,Login for Token,200,OK,Review Submission Load Test 3-162,text,true,,316,251,1,2,http://localhost:8001/auth/login,172,0,0
1777221470400,3,POST /reviews/,201,Created,Review Submission Load Test 3-162,text,true,,380,440,1,3,http://localhost:8004/reviews/,3,0,0
1777221470402,1,GET /restaurants?q=ramen,200,OK,Restaurant Search Load Test 2-163,text,true,,587,137,1,2,http://localhost:8002/restaurants/?q=ramen,1,0,0
1777221470400,181,POST /auth/login,200,OK,Login Load Test 1-163,text,true,,316,251,1,2,http://localhost:8001/auth/login,181,0,0
1777221470600,3,GET /restaurants?q=ramen,200,OK,Restaurant Search Load Test 2-164,text,true,,587,137,1,2,http://localhost:8002/restaurants/?q=ramen,3,0,0
1777221470428,176,Login for Token,200,OK,Review Submission Load Test 3-163,text,true,,316,251,1,1,http://localhost:8001/auth/login,176,0,0
1777221470604,3,POST /reviews/,201,Created,Review Submission Load Test 3-163,text,true,,380,440,1,2,http://localhost:8004/reviews/,3,0,0
1777221470606,172,POST /auth/login,200,OK,Login Load Test 1-164,text,true,,316,251,1,2,http://localhost:8001/auth/login,172,0,0
1777221470629,172,Login for Token,200,OK,Review Submission Load Test 3-164,text,true,,316,251,1,1,http://localhost:8001/auth/login,171,0,0
1777221470801,3,POST /reviews/,201,Created,Review Submission Load Test 3-164,text,true,,380,440,1,3,http://localhost:8004/reviews/,3,0,0
1777221470803,3,GET /restaurants?q=ramen,200,OK,Restaurant Search Load Test 2-165,text,true,,587,137,1,2,http://localhost:8002/restaurants/?q=ramen,3,0,0
1777221470803,173,POST /auth/login,200,OK,Login Load Test 1-165,text,true,,316,251,1,2,http://localhost:8001/auth/login,173,0,0
1777221470828,173,Login for Token,200,OK,Review Submission Load Test 3-165,text,true,,316,251,1,1,http://localhost:8001/auth/login,173,0,0
1777221471001,3,POST /reviews/,201,Created,Review Submission Load Test 3-165,text,true,,380,440,1,3,http://localhost:8004/reviews/,3,0,0
1777221471001,4,GET /restaurants?q=ramen,200,OK,Restaurant Search Load Test 2-166,text,true,,587,137,1,2,http://localhost:8002/restaurants/?q=ramen,4,0,0
1777221471001,178,POST /auth/login,200,OK,Login Load Test 1-166,text,true,,316,251,1,2,http://localhost:8001/auth/login,178,0,0
1777221471203,2,GET /restaurants?q=ramen,200,OK,Restaurant Search Load Test 2-167,text,true,,587,137,1,3,http://localhost:8002/restaurants/?q=ramen,2,0,0
1777221471028,184,Login for Token,200,OK,Review Submission Load Test 3-166,text,true,,316,251,1,2,http://localhost:8001/auth/login,184,0,0
1777221471212,2,POST /reviews/,201,Created,Review Submission Load Test 3-166,text,true,,380,440,1,2,http://localhost:8004/reviews/,2,0,0
1777221471203,178,POST /auth/login,200,OK,Login Load Test 1-167,text,true,,316,251,1,2,http://localhost:8001/auth/login,178,0,0
1777221471229,176,Login for Token,200,OK,Review Submission Load Test 3-167,text,true,,316,251,1,3,http://localhost:8001/auth/login,176,0,0
1777221471403,2,GET /restaurants?q=ramen,200,OK,Restaurant Search Load Test 2-168,text,true,,587,137,1,3,http://localhost:8002/restaurants/?q=ramen,2,0,1
1777221471405,2,POST /reviews/,201,Created,Review Submission Load Test 3-167,text,true,,380,440,1,2,http://localhost:8004/reviews/,2,0,0
1777221471402,173,POST /auth/login,200,OK,Login Load Test 1-168,text,true,,316,251,1,2,http://localhost:8001/auth/login,173,0,1
1777221471429,172,Login for Token,200,OK,Review Submission Load Test 3-168,text,true,,316,251,1,3,http://localhost:8001/auth/login,172,0,0
1777221471599,4,GET /restaurants?q=ramen,200,OK,Restaurant Search Load Test 2-169,text,true,,587,137,1,3,http://localhost:8002/restaurants/?q=ramen,4,0,0
1777221471601,3,POST /reviews/,201,Created,Review Submission Load Test 3-168,text,true,,380,440,1,2,http://localhost:8004/reviews/,3,0,0
1777221471599,172,POST /auth/login,200,OK,Login Load Test 1-169,text,true,,316,251,1,2,http://localhost:8001/auth/login,172,0,0
1777221471629,172,Login for Token,200,OK,Review Submission Load Test 3-169,text,true,,316,251,1,1,http://localhost:8001/auth/login,172,0,1
1777221471801,6,POST /reviews/,201,Created,Review Submission Load Test 3-169,text,true,,380,440,1,3,http://localhost:8004/reviews/,6,0,0
1777221471802,5,GET /restaurants?q=ramen,200,OK,Restaurant Search Load Test 2-170,text,true,,587,137,1,3,http://localhost:8002/restaurants/?q=ramen,5,0,0
1777221471802,174,POST /auth/login,200,OK,Login Load Test 1-170,text,true,,316,251,1,2,http://localhost:8001/auth/login,174,0,0
1777221471828,172,Login for Token,200,OK,Review Submission Load Test 3-170,text,true,,316,251,1,2,http://localhost:8001/auth/login,172,0,0
1777221472000,4,POST /reviews/,201,Created,Review Submission Load Test 3-170,text,true,,380,440,1,3,http://localhost:8004/reviews/,4,0,0
1777221472000,4,GET /restaurants?q=ramen,200,OK,Restaurant Search Load Test 2-171,text,true,,587,137,1,2,http://localhost:8002/restaurants/?q=ramen,4,0,0
1777221472000,173,POST /auth/login,200,OK,Login Load Test 1-171,text,true,,316,251,1,2,http://localhost:8001/auth/login,173,0,1
1777221472028,172,Login for Token,200,OK,Review Submission Load Test 3-171,text,true,,316,251,1,1,http://localhost:8001/auth/login,172,0,0
1777221472201,3,POST /reviews/,201,Created,Review Submission Load Test 3-171,text,true,,380,440,1,3,http://localhost:8004/reviews/,3,0,0
1777221472201,4,GET /restaurants?q=ramen,200,OK,Restaurant Search Load Test 2-172,text,true,,587,137,1,2,http://localhost:8002/restaurants/?q=ramen,4,0,0
1777221472203,170,POST /auth/login,200,OK,Login Load Test 1-172,text,true,,316,251,1,2,http://localhost:8001/auth/login,170,0,0
1777221472228,170,Login for Token,200,OK,Review Submission Load Test 3-172,text,true,,316,251,1,1,http://localhost:8001/auth/login,170,0,0
1777221472398,3,POST /reviews/,201,Created,Review Submission Load Test 3-172,text,true,,380,440,1,3,http://localhost:8004/reviews/,3,0,0
1777221472399,3,GET /restaurants?q=ramen,200,OK,Restaurant Search Load Test 2-173,text,true,,587,137,1,2,http://localhost:8002/restaurants/?q=ramen,3,0,0
1777221472399,172,POST /auth/login,200,OK,Login Load Test 1-173,text,true,,316,251,1,2,http://localhost:8001/auth/login,172,0,0
1777221472428,172,Login for Token,200,OK,Review Submission Load Test 3-173,text,true,,316,251,1,1,http://localhost:8001/auth/login,172,0,1
1777221472600,3,POST /reviews/,201,Created,Review Submission Load Test 3-173,text,true,,380,440,1,3,http://localhost:8004/reviews/,3,0,1
1777221472601,3,GET /restaurants?q=ramen,200,OK,Restaurant Search Load Test 2-174,text,true,,587,137,1,2,http://localhost:8002/restaurants/?q=ramen,3,0,0
1777221472600,171,POST /auth/login,200,OK,Login Load Test 1-174,text,true,,316,251,1,2,http://localhost:8001/auth/login,171,0,1
1777221472628,171,Login for Token,200,OK,Review Submission Load Test 3-174,text,true,,316,251,1,1,http://localhost:8001/auth/login,171,0,0
1777221472799,4,POST /reviews/,201,Created,Review Submission Load Test 3-174,text,true,,380,440,1,3,http://localhost:8004/reviews/,4,0,0
1777221472802,3,GET /restaurants?q=ramen,200,OK,Restaurant Search Load Test 2-175,text,true,,587,137,1,2,http://localhost:8002/restaurants/?q=ramen,3,0,0
1777221472800,171,POST /auth/login,200,OK,Login Load Test 1-175,text,true,,316,251,1,2,http://localhost:8001/auth/login,171,0,0
1777221472828,171,Login for Token,200,OK,Review Submission Load Test 3-175,text,true,,316,251,1,2,http://localhost:8001/auth/login,171,0,0
1777221472999,3,POST /reviews/,201,Created,Review Submission Load Test 3-175,text,true,,380,440,1,3,http://localhost:8004/reviews/,3,0,1
1777221473001,3,GET /restaurants?q=ramen,200,OK,Restaurant Search Load Test 2-176,text,true,,587,137,1,2,http://localhost:8002/restaurants/?q=ramen,3,0,1
1777221472999,171,POST /auth/login,200,OK,Login Load Test 1-176,text,true,,316,251,1,2,http://localhost:8001/auth/login,171,0,1
1777221473028,170,Login for Token,200,OK,Review Submission Load Test 3-176,text,true,,316,251,1,1,http://localhost:8001/auth/login,170,0,0
1777221473199,2,POST /reviews/,201,Created,Review Submission Load Test 3-176,text,true,,380,440,1,3,http://localhost:8004/reviews/,2,0,0
1777221473200,3,GET /restaurants?q=ramen,200,OK,Restaurant Search Load Test 2-177,text,true,,587,137,1,2,http://localhost:8002/restaurants/?q=ramen,3,0,0
1777221473200,171,POST /auth/login,200,OK,Login Load Test 1-177,text,true,,316,251,1,2,http://localhost:8001/auth/login,171,0,0
1777221473228,171,Login for Token,200,OK,Review Submission Load Test 3-177,text,true,,316,251,1,1,http://localhost:8001/auth/login,171,0,1
1777221473399,3,POST /reviews/,201,Created,Review Submission Load Test 3-177,text,true,,380,440,1,3,http://localhost:8004/reviews/,3,0,1
1777221473400,3,GET /restaurants?q=ramen,200,OK,Restaurant Search Load Test 2-178,text,true,,587,137,1,2,http://localhost:8002/restaurants/?q=ramen,3,0,0
1777221473400,171,POST /auth/login,200,OK,Login Load Test 1-178,text,true,,316,251,1,2,http://localhost:8001/auth/login,171,0,0
1777221473428,171,Login for Token,200,OK,Review Submission Load Test 3-178,text,true,,316,251,1,1,http://localhost:8001/auth/login,171,0,0
1777221473600,3,POST /reviews/,201,Created,Review Submission Load Test 3-178,text,true,,380,440,1,3,http://localhost:8004/reviews/,3,0,0
1777221473600,4,GET /restaurants?q=ramen,200,OK,Restaurant Search Load Test 2-179,text,true,,587,137,1,2,http://localhost:8002/restaurants/?q=ramen,4,0,0
1777221473603,170,POST /auth/login,200,OK,Login Load Test 1-179,text,true,,316,251,1,2,http://localhost:8001/auth/login,170,0,0
1777221473628,171,Login for Token,200,OK,Review Submission Load Test 3-179,text,true,,316,251,1,1,http://localhost:8001/auth/login,171,0,1
1777221473799,4,POST /reviews/,201,Created,Review Submission Load Test 3-179,text,true,,380,440,1,3,http://localhost:8004/reviews/,4,0,0
1777221473803,2,GET /restaurants?q=ramen,200,OK,Restaurant Search Load Test 2-180,text,true,,587,137,1,2,http://localhost:8002/restaurants/?q=ramen,2,0,0
1777221473803,171,POST /auth/login,200,OK,Login Load Test 1-180,text,true,,316,251,1,2,http://localhost:8001/auth/login,171,0,0
1777221473829,171,Login for Token,200,OK,Review Submission Load Test 3-180,text,true,,316,251,1,2,http://localhost:8001/auth/login,171,0,0
1777221474000,4,POST /reviews/,201,Created,Review Submission Load Test 3-180,text,true,,380,440,1,3,http://localhost:8004/reviews/,4,0,1
1777221474002,3,GET /restaurants?q=ramen,200,OK,Restaurant Search Load Test 2-181,text,true,,587,137,1,2,http://localhost:8002/restaurants/?q=ramen,3,0,0
1777221473999,171,POST /auth/login,200,OK,Login Load Test 1-181,text,true,,316,251,1,2,http://localhost:8001/auth/login,171,0,0
1777221474028,171,Login for Token,200,OK,Review Submission Load Test 3-181,text,true,,316,251,1,2,http://localhost:8001/auth/login,171,0,1
1777221474199,4,POST /reviews/,201,Created,Review Submission Load Test 3-181,text,true,,380,440,1,3,http://localhost:8004/reviews/,4,0,0
1777221474199,4,GET /restaurants?q=ramen,200,OK,Restaurant Search Load Test 2-182,text,true,,587,137,1,2,http://localhost:8002/restaurants/?q=ramen,4,0,0
1777221474202,170,POST /auth/login,200,OK,Login Load Test 1-182,text,true,,316,251,1,2,http://localhost:8001/auth/login,170,0,0
1777221474228,171,Login for Token,200,OK,Review Submission Load Test 3-182,text,true,,316,251,1,1,http://localhost:8001/auth/login,171,0,0
1777221474399,3,POST /reviews/,201,Created,Review Submission Load Test 3-182,text,true,,380,440,1,3,http://localhost:8004/reviews/,3,0,0
1777221474402,2,GET /restaurants?q=ramen,200,OK,Restaurant Search Load Test 2-183,text,true,,587,137,1,2,http://localhost:8002/restaurants/?q=ramen,2,0,0
1777221474401,171,POST /auth/login,200,OK,Login Load Test 1-183,text,true,,316,251,1,2,http://localhost:8001/auth/login,171,0,0
1777221474428,171,Login for Token,200,OK,Review Submission Load Test 3-183,text,true,,316,251,1,1,http://localhost:8001/auth/login,171,0,0
1777221474599,3,POST /reviews/,201,Created,Review Submission Load Test 3-183,text,true,,380,440,1,3,http://localhost:8004/reviews/,3,0,0
1777221474600,3,GET /restaurants?q=ramen,200,OK,Restaurant Search Load Test 2-184,text,true,,587,137,1,2,http://localhost:8002/restaurants/?q=ramen,3,0,0
1777221474600,172,POST /auth/login,200,OK,Login Load Test 1-184,text,true,,316,251,1,2,http://localhost:8001/auth/login,172,0,0
1777221474625,170,Login for Token,200,OK,Review Submission Load Test 3-184,text,true,,316,251,1,1,http://localhost:8001/auth/login,170,0,0
1777221474796,3,POST /reviews/,201,Created,Review Submission Load Test 3-184,text,true,,380,440,1,2,http://localhost:8004/reviews/,3,0,0
1777221474798,3,GET /restaurants?q=ramen,200,OK,Restaurant Search Load Test 2-185,text,true,,587,137,1,1,http://localhost:8002/restaurants/?q=ramen,3,0,0
1777221474807,171,POST /auth/login,200,OK,Login Load Test 1-185,text,true,,316,251,1,2,http://localhost:8001/auth/login,171,0,0
1777221474828,171,Login for Token,200,OK,Review Submission Load Test 3-185,text,true,,316,251,1,1,http://localhost:8001/auth/login,171,0,0
1777221474999,4,POST /reviews/,201,Created,Review Submission Load Test 3-185,text,true,,380,440,1,3,http://localhost:8004/reviews/,4,0,0
1777221475001,3,GET /restaurants?q=ramen,200,OK,Restaurant Search Load Test 2-186,text,true,,587,137,1,2,http://localhost:8002/restaurants/?q=ramen,3,0,0
1777221475001,171,POST /auth/login,200,OK,Login Load Test 1-186,text,true,,316,251,1,2,http://localhost:8001/auth/login,171,0,0
1777221475024,171,Login for Token,200,OK,Review Submission Load Test 3-186,text,true,,316,251,1,1,http://localhost:8001/auth/login,171,0,1
1777221475195,4,POST /reviews/,201,Created,Review Submission Load Test 3-186,text,true,,380,440,1,1,http://localhost:8004/reviews/,4,0,1
1777221475202,3,GET /restaurants?q=ramen,200,OK,Restaurant Search Load Test 2-187,text,true,,587,137,1,2,http://localhost:8002/restaurants/?q=ramen,3,0,0
1777221475202,171,POST /auth/login,200,OK,Login Load Test 1-187,text,true,,316,251,1,2,http://localhost:8001/auth/login,171,0,0
1777221475229,171,Login for Token,200,OK,Review Submission Load Test 3-187,text,true,,316,251,1,1,http://localhost:8001/auth/login,171,0,0
1777221475401,3,POST /reviews/,201,Created,Review Submission Load Test 3-187,text,true,,380,440,1,3,http://localhost:8004/reviews/,3,0,0
1777221475401,3,GET /restaurants?q=ramen,200,OK,Restaurant Search Load Test 2-188,text,true,,587,137,1,2,http://localhost:8002/restaurants/?q=ramen,3,0,0
1777221475401,173,POST /auth/login,200,OK,Login Load Test 1-188,text,true,,316,251,1,2,http://localhost:8001/auth/login,173,0,0
1777221475428,173,Login for Token,200,OK,Review Submission Load Test 3-188,text,true,,316,251,1,3,http://localhost:8001/auth/login,173,0,0
1777221475599,3,GET /restaurants?q=ramen,200,OK,Restaurant Search Load Test 2-189,text,true,,587,137,1,3,http://localhost:8002/restaurants/?q=ramen,3,0,0
1777221475602,2,POST /reviews/,201,Created,Review Submission Load Test 3-188,text,true,,380,440,1,2,http://localhost:8004/reviews/,2,0,0
1777221475600,172,POST /auth/login,200,OK,Login Load Test 1-189,text,true,,316,251,1,2,http://localhost:8001/auth/login,172,0,0
1777221475624,172,Login for Token,200,OK,Review Submission Load Test 3-189,text,true,,316,251,1,2,http://localhost:8001/auth/login,172,0,1
1777221475796,4,POST /reviews/,201,Created,Review Submission Load Test 3-189,text,true,,380,440,1,2,http://localhost:8004/reviews/,4,0,1
1777221475800,4,GET /restaurants?q=ramen,200,OK,Restaurant Search Load Test 2-190,text,true,,587,137,1,2,http://localhost:8002/restaurants/?q=ramen,4,0,0
1777221475796,172,POST /auth/login,200,OK,Login Load Test 1-190,text,true,,316,251,1,2,http://localhost:8001/auth/login,172,0,1
1777221475829,171,Login for Token,200,OK,Review Submission Load Test 3-190,text,true,,316,251,1,1,http://localhost:8001/auth/login,171,0,0
1777221476001,4,POST /reviews/,201,Created,Review Submission Load Test 3-190,text,true,,380,440,1,3,http://localhost:8004/reviews/,4,0,0
1777221476002,3,GET /restaurants?q=ramen,200,OK,Restaurant Search Load Test 2-191,text,true,,587,137,1,2,http://localhost:8002/restaurants/?q=ramen,3,0,0
1777221476002,171,POST /auth/login,200,OK,Login Load Test 1-191,text,true,,316,251,1,2,http://localhost:8001/auth/login,171,0,0
1777221476028,171,Login for Token,200,OK,Review Submission Load Test 3-191,text,true,,316,251,1,1,http://localhost:8001/auth/login,171,0,0
1777221476199,4,POST /reviews/,201,Created,Review Submission Load Test 3-191,text,true,,380,440,1,2,http://localhost:8004/reviews/,4,0,1
1777221476203,2,GET /restaurants?q=ramen,200,OK,Restaurant Search Load Test 2-192,text,true,,587,137,1,2,http://localhost:8002/restaurants/?q=ramen,2,0,0
1777221476202,170,POST /auth/login,200,OK,Login Load Test 1-192,text,true,,316,251,1,2,http://localhost:8001/auth/login,170,0,0
1777221476228,171,Login for Token,200,OK,Review Submission Load Test 3-192,text,true,,316,251,1,3,http://localhost:8001/auth/login,171,0,0
1777221476398,3,GET /restaurants?q=ramen,200,OK,Restaurant Search Load Test 2-193,text,true,,587,137,1,3,http://localhost:8002/restaurants/?q=ramen,3,0,0
1777221476399,3,POST /reviews/,201,Created,Review Submission Load Test 3-192,text,true,,380,440,1,2,http://localhost:8004/reviews/,3,0,1
1777221476395,172,POST /auth/login,200,OK,Login Load Test 1-193,text,true,,316,251,1,2,http://localhost:8001/auth/login,172,0,0
1777221476428,172,Login for Token,200,OK,Review Submission Load Test 3-193,text,true,,316,251,1,1,http://localhost:8001/auth/login,171,0,1
1777221476600,4,POST /reviews/,201,Created,Review Submission Load Test 3-193,text,true,,380,440,1,3,http://localhost:8004/reviews/,4,0,0
1777221476601,3,GET /restaurants?q=ramen,200,OK,Restaurant Search Load Test 2-194,text,true,,587,137,1,2,http://localhost:8002/restaurants/?q=ramen,3,0,0
1777221476600,171,POST /auth/login,200,OK,Login Load Test 1-194,text,true,,316,251,1,2,http://localhost:8001/auth/login,171,0,1
1777221476625,170,Login for Token,200,OK,Review Submission Load Test 3-194,text,true,,316,251,1,1,http://localhost:8001/auth/login,170,0,0
1777221476795,4,POST /reviews/,201,Created,Review Submission Load Test 3-194,text,true,,380,440,1,3,http://localhost:8004/reviews/,4,0,0
1777221476799,4,GET /restaurants?q=ramen,200,OK,Restaurant Search Load Test 2-195,text,true,,587,137,1,2,http://localhost:8002/restaurants/?q=ramen,4,0,0
1777221476799,172,POST /auth/login,200,OK,Login Load Test 1-195,text,true,,316,251,1,2,http://localhost:8001/auth/login,172,0,0
1777221476827,171,Login for Token,200,OK,Review Submission Load Test 3-195,text,true,,316,251,1,2,http://localhost:8001/auth/login,171,0,0
1777221476998,3,POST /reviews/,201,Created,Review Submission Load Test 3-195,text,true,,380,440,1,3,http://localhost:8004/reviews/,3,0,0
1777221476999,3,GET /restaurants?q=ramen,200,OK,Restaurant Search Load Test 2-196,text,true,,587,137,1,2,http://localhost:8002/restaurants/?q=ramen,3,0,0
1777221476996,172,POST /auth/login,200,OK,Login Load Test 1-196,text,true,,316,251,1,2,http://localhost:8001/auth/login,172,0,0
1777221477028,171,Login for Token,200,OK,Review Submission Load Test 3-196,text,true,,316,251,1,1,http://localhost:8001/auth/login,171,0,0
1777221477199,4,POST /reviews/,201,Created,Review Submission Load Test 3-196,text,true,,380,440,1,3,http://localhost:8004/reviews/,4,0,0
1777221477202,3,GET /restaurants?q=ramen,200,OK,Restaurant Search Load Test 2-197,text,true,,587,137,1,2,http://localhost:8002/restaurants/?q=ramen,3,0,0
1777221477202,170,POST /auth/login,200,OK,Login Load Test 1-197,text,true,,316,251,1,2,http://localhost:8001/auth/login,170,0,0
1777221477227,170,Login for Token,200,OK,Review Submission Load Test 3-197,text,true,,316,251,1,1,http://localhost:8001/auth/login,170,0,0
1777221477397,3,POST /reviews/,201,Created,Review Submission Load Test 3-197,text,true,,380,440,1,3,http://localhost:8004/reviews/,3,0,1
1777221477399,3,GET /restaurants?q=ramen,200,OK,Restaurant Search Load Test 2-198,text,true,,587,137,1,2,http://localhost:8002/restaurants/?q=ramen,3,0,0
1777221477399,172,POST /auth/login,200,OK,Login Load Test 1-198,text,true,,316,251,1,2,http://localhost:8001/auth/login,172,0,0
1777221477428,172,Login for Token,200,OK,Review Submission Load Test 3-198,text,true,,316,251,1,2,http://localhost:8001/auth/login,172,0,0
1777221477600,2,POST /reviews/,201,Created,Review Submission Load Test 3-198,text,true,,380,440,1,3,http://localhost:8004/reviews/,2,0,0
1777221477600,2,GET /restaurants?q=ramen,200,OK,Restaurant Search Load Test 2-199,text,true,,587,137,1,2,http://localhost:8002/restaurants/?q=ramen,2,0,0
1777221477597,172,POST /auth/login,200,OK,Login Load Test 1-199,text,true,,316,251,1,2,http://localhost:8001/auth/login,172,0,1
1777221477629,171,Login for Token,200,OK,Review Submission Load Test 3-199,text,true,,316,251,1,1,http://localhost:8001/auth/login,171,0,0
1777221477800,4,POST /reviews/,201,Created,Review Submission Load Test 3-199,text,true,,380,440,1,3,http://localhost:8004/reviews/,4,0,1
1777221477802,3,GET /restaurants?q=ramen,200,OK,Restaurant Search Load Test 2-200,text,true,,587,137,1,2,http://localhost:8002/restaurants/?q=ramen,3,0,0
1777221477801,171,POST /auth/login,200,OK,Login Load Test 1-200,text,true,,316,251,1,2,http://localhost:8001/auth/login,171,0,0
1777221477828,171,Login for Token,200,OK,Review Submission Load Test 3-200,text,true,,316,251,1,1,http://localhost:8001/auth/login,171,0,0
1777221477999,4,POST /reviews/,201,Created,Review Submission Load Test 3-200,text,true,,380,440,1,1,http://localhost:8004/reviews/,4,0,0
1777221930325,16,GET /restaurants?q=ramen,200,OK,Restaurant Search Load Test 2-1,text,true,,587,137,1,3,http://localhost:8002/restaurants/?q=ramen,16,0,9
1777221930478,4,GET /restaurants?q=ramen,200,OK,Restaurant Search Load Test 2-2,text,true,,587,137,1,3,http://localhost:8002/restaurants/?q=ramen,4,0,0
1777221930325,187,POST /auth/login,200,OK,Login Load Test 1-1,text,true,,316,249,2,4,http://localhost:8001/auth/login,187,0,9
1777221930325,187,Login for Token,200,OK,Review Submission Load Test 3-1,text,true,,316,249,2,4,http://localhost:8001/auth/login,187,0,9
1777221930512,3,POST /reviews/,201,Created,Review Submission Load Test 3-1,text,true,,380,440,2,3,http://localhost:8004/reviews/,3,0,0
1777221930493,180,POST /auth/login,200,OK,Login Load Test 1-2,text,true,,316,249,1,2,http://localhost:8001/auth/login,180,0,1
1777221930673,3,GET /restaurants?q=ramen,200,OK,Restaurant Search Load Test 2-3,text,true,,587,137,1,2,http://localhost:8002/restaurants/?q=ramen,3,0,1
1777221930501,176,Login for Token,200,OK,Review Submission Load Test 3-2,text,true,,316,249,1,1,http://localhost:8001/auth/login,176,0,0
1777221930677,2,POST /reviews/,201,Created,Review Submission Load Test 3-2,text,true,,380,440,1,1,http://localhost:8004/reviews/,2,0,1
1777221930692,171,POST /auth/login,200,OK,Login Load Test 1-3,text,true,,316,249,1,2,http://localhost:8001/auth/login,171,0,0
1777221930697,171,Login for Token,200,OK,Review Submission Load Test 3-3,text,true,,316,249,1,1,http://localhost:8001/auth/login,171,0,1
1777221930869,3,POST /reviews/,201,Created,Review Submission Load Test 3-3,text,true,,380,440,1,1,http://localhost:8004/reviews/,3,0,0
1777221930876,4,GET /restaurants?q=ramen,200,OK,Restaurant Search Load Test 2-4,text,true,,587,137,1,1,http://localhost:8002/restaurants/?q=ramen,4,0,0
1777221930892,172,POST /auth/login,200,OK,Login Load Test 1-4,text,true,,316,249,1,2,http://localhost:8001/auth/login,172,0,0
1777221930900,171,Login for Token,200,OK,Review Submission Load Test 3-4,text,true,,316,249,1,1,http://localhost:8001/auth/login,171,0,0
1777221931071,3,POST /reviews/,201,Created,Review Submission Load Test 3-4,text,true,,380,440,1,2,http://localhost:8004/reviews/,3,0,1
1777221931074,4,GET /restaurants?q=ramen,200,OK,Restaurant Search Load Test 2-5,text,true,,587,137,1,1,http://localhost:8002/restaurants/?q=ramen,4,0,0
1777221931089,174,POST /auth/login,200,OK,Login Load Test 1-5,text,true,,316,249,1,2,http://localhost:8001/auth/login,174,0,0
1777221931100,174,Login for Token,200,OK,Review Submission Load Test 3-5,text,true,,316,250,1,2,http://localhost:8001/auth/login,174,0,0
1777221931276,4,POST /reviews/,201,Created,Review Submission Load Test 3-5,text,true,,380,440,1,2,http://localhost:8004/reviews/,4,0,1
1777221931276,5,GET /restaurants?q=ramen,200,OK,Restaurant Search Load Test 2-6,text,true,,587,137,1,1,http://localhost:8002/restaurants/?q=ramen,5,0,1
1777221931292,174,POST /auth/login,200,OK,Login Load Test 1-6,text,true,,316,250,1,2,http://localhost:8001/auth/login,174,0,0
1777221931300,172,Login for Token,200,OK,Review Submission Load Test 3-6,text,true,,316,250,1,1,http://localhost:8001/auth/login,172,0,0
1777221931473,3,POST /reviews/,201,Created,Review Submission Load Test 3-6,text,true,,380,440,1,2,http://localhost:8004/reviews/,3,0,0
1777221931476,3,GET /restaurants?q=ramen,200,OK,Restaurant Search Load Test 2-7,text,true,,587,137,1,1,http://localhost:8002/restaurants/?q=ramen,3,0,0
1777221931494,172,POST /auth/login,200,OK,Login Load Test 1-7,text,true,,316,250,1,2,http://localhost:8001/auth/login,172,0,0
1777221931500,172,Login for Token,200,OK,Review Submission Load Test 3-7,text,true,,316,250,1,1,http://localhost:8001/auth/login,172,0,0
1777221931673,2,GET /restaurants?q=ramen,200,OK,Restaurant Search Load Test 2-8,text,true,,587,137,1,2,http://localhost:8002/restaurants/?q=ramen,2,0,0
1777221931673,2,POST /reviews/,201,Created,Review Submission Load Test 3-7,text,true,,380,440,1,2,http://localhost:8004/reviews/,2,0,0
1777221931876,2,GET /restaurants?q=ramen,200,OK,Restaurant Search Load Test 2-9,text,true,,587,137,1,3,http://localhost:8002/restaurants/?q=ramen,2,0,0
1777221931693,193,POST /auth/login,200,OK,Login Load Test 1-8,text,true,,316,250,1,2,http://localhost:8001/auth/login,193,0,0
1777221931700,193,Login for Token,200,OK,Review Submission Load Test 3-8,text,true,,316,250,1,2,http://localhost:8001/auth/login,193,0,0
1777221931894,2,POST /reviews/,201,Created,Review Submission Load Test 3-8,text,true,,380,440,1,2,http://localhost:8004/reviews/,2,0,0
1777221931891,176,POST /auth/login,200,OK,Login Load Test 1-9,text,true,,316,250,1,2,http://localhost:8001/auth/login,176,0,1
1777221931898,174,Login for Token,200,OK,Review Submission Load Test 3-9,text,true,,316,250,1,2,http://localhost:8001/auth/login,174,0,0
1777221932072,2,GET /restaurants?q=ramen,200,OK,Restaurant Search Load Test 2-10,text,true,,587,137,1,2,http://localhost:8002/restaurants/?q=ramen,2,0,1
1777221932072,2,POST /reviews/,201,Created,Review Submission Load Test 3-9,text,true,,380,440,1,1,http://localhost:8004/reviews/,2,0,1
1777221932094,174,POST /auth/login,200,OK,Login Load Test 1-10,text,true,,316,250,1,2,http://localhost:8001/auth/login,174,0,0
1777221932100,173,Login for Token,200,OK,Review Submission Load Test 3-10,text,true,,316,250,1,2,http://localhost:8001/auth/login,173,0,0
1777221932272,3,GET /restaurants?q=ramen,200,OK,Restaurant Search Load Test 2-11,text,true,,587,137,1,2,http://localhost:8002/restaurants/?q=ramen,3,0,1
1777221932273,3,POST /reviews/,201,Created,Review Submission Load Test 3-10,text,true,,380,440,1,1,http://localhost:8004/reviews/,3,0,1
1777221932292,174,POST /auth/login,200,OK,Login Load Test 1-11,text,true,,316,250,1,2,http://localhost:8001/auth/login,174,0,0
1777221932300,173,Login for Token,200,OK,Review Submission Load Test 3-11,text,true,,316,250,1,1,http://localhost:8001/auth/login,173,0,0
1777221932473,3,POST /reviews/,201,Created,Review Submission Load Test 3-11,text,true,,380,440,1,2,http://localhost:8004/reviews/,3,0,1
1777221932474,4,GET /restaurants?q=ramen,200,OK,Restaurant Search Load Test 2-12,text,true,,587,137,1,1,http://localhost:8002/restaurants/?q=ramen,4,0,0
1777221932491,171,POST /auth/login,200,OK,Login Load Test 1-12,text,true,,316,250,1,2,http://localhost:8001/auth/login,171,0,0
1777221932499,171,Login for Token,200,OK,Review Submission Load Test 3-12,text,true,,316,250,1,1,http://localhost:8001/auth/login,171,0,0
1777221932671,3,POST /reviews/,201,Created,Review Submission Load Test 3-12,text,true,,380,440,1,2,http://localhost:8004/reviews/,3,0,0
1777221932671,4,GET /restaurants?q=ramen,200,OK,Restaurant Search Load Test 2-13,text,true,,587,137,1,1,http://localhost:8002/restaurants/?q=ramen,4,0,0
1777221932695,174,POST /auth/login,200,OK,Login Load Test 1-13,text,true,,316,250,1,2,http://localhost:8001/auth/login,174,0,0
1777221932697,173,Login for Token,200,OK,Review Submission Load Test 3-13,text,true,,316,250,1,1,http://localhost:8001/auth/login,173,0,0
1777221932871,3,POST /reviews/,201,Created,Review Submission Load Test 3-13,text,true,,380,440,1,2,http://localhost:8004/reviews/,3,0,0
1777221932872,4,GET /restaurants?q=ramen,200,OK,Restaurant Search Load Test 2-14,text,true,,587,137,1,1,http://localhost:8002/restaurants/?q=ramen,4,0,0
1777221932893,174,POST /auth/login,200,OK,Login Load Test 1-14,text,true,,316,250,1,2,http://localhost:8001/auth/login,174,0,1
1777221932900,173,Login for Token,200,OK,Review Submission Load Test 3-14,text,true,,316,250,1,1,http://localhost:8001/auth/login,173,0,1
1777221933073,3,POST /reviews/,201,Created,Review Submission Load Test 3-14,text,true,,380,440,1,2,http://localhost:8004/reviews/,3,0,0
1777221933075,4,GET /restaurants?q=ramen,200,OK,Restaurant Search Load Test 2-15,text,true,,587,137,1,1,http://localhost:8002/restaurants/?q=ramen,4,0,1
1777221933087,172,POST /auth/login,200,OK,Login Load Test 1-15,text,true,,316,250,1,2,http://localhost:8001/auth/login,172,0,1
1777221933100,172,Login for Token,200,OK,Review Submission Load Test 3-15,text,true,,316,250,1,1,http://localhost:8001/auth/login,172,0,1
1777221933272,3,POST /reviews/,201,Created,Review Submission Load Test 3-15,text,true,,380,440,1,2,http://localhost:8004/reviews/,3,0,1
1777221933275,3,GET /restaurants?q=ramen,200,OK,Restaurant Search Load Test 2-16,text,true,,587,137,1,1,http://localhost:8002/restaurants/?q=ramen,3,0,0
1777221933290,172,POST /auth/login,200,OK,Login Load Test 1-16,text,true,,316,250,1,2,http://localhost:8001/auth/login,172,0,0
1777221933300,172,Login for Token,200,OK,Review Submission Load Test 3-16,text,true,,316,250,1,2,http://localhost:8001/auth/login,172,0,0
1777221933472,3,POST /reviews/,201,Created,Review Submission Load Test 3-16,text,true,,380,440,1,2,http://localhost:8004/reviews/,3,0,1
1777221933471,4,GET /restaurants?q=ramen,200,OK,Restaurant Search Load Test 2-17,text,true,,587,137,1,2,http://localhost:8002/restaurants/?q=ramen,4,0,1
1777221933488,182,POST /auth/login,200,OK,Login Load Test 1-17,text,true,,316,250,1,2,http://localhost:8001/auth/login,182,0,0
1777221933671,2,GET /restaurants?q=ramen,200,OK,Restaurant Search Load Test 2-18,text,true,,587,137,1,2,http://localhost:8002/restaurants/?q=ramen,2,0,0
1777221933499,182,Login for Token,200,OK,Review Submission Load Test 3-17,text,true,,316,250,1,1,http://localhost:8001/auth/login,182,0,0
1777221933681,2,POST /reviews/,201,Created,Review Submission Load Test 3-17,text,true,,380,440,1,1,http://localhost:8004/reviews/,2,0,0
1777221933690,172,POST /auth/login,200,OK,Login Load Test 1-18,text,true,,316,250,1,2,http://localhost:8001/auth/login,172,0,1
1777221933695,171,Login for Token,200,OK,Review Submission Load Test 3-18,text,true,,316,250,1,1,http://localhost:8001/auth/login,171,0,0
1777221933866,3,POST /reviews/,201,Created,Review Submission Load Test 3-18,text,true,,380,440,1,1,http://localhost:8004/reviews/,3,0,1
1777221933875,5,GET /restaurants?q=ramen,200,OK,Restaurant Search Load Test 2-19,text,true,,587,137,1,1,http://localhost:8002/restaurants/?q=ramen,5,0,0
1777221933887,174,POST /auth/login,200,OK,Login Load Test 1-19,text,true,,316,250,1,2,http://localhost:8001/auth/login,174,0,0
1777221933900,172,Login for Token,200,OK,Review Submission Load Test 3-19,text,true,,316,250,1,1,http://localhost:8001/auth/login,172,0,0
1777221934073,3,POST /reviews/,201,Created,Review Submission Load Test 3-19,text,true,,380,440,1,2,http://localhost:8004/reviews/,3,0,0
1777221934074,3,GET /restaurants?q=ramen,200,OK,Restaurant Search Load Test 2-20,text,true,,587,137,1,1,http://localhost:8002/restaurants/?q=ramen,3,0,0
1777221934086,173,POST /auth/login,200,OK,Login Load Test 1-20,text,true,,316,250,1,2,http://localhost:8001/auth/login,173,0,0
1777221934100,173,Login for Token,200,OK,Review Submission Load Test 3-20,text,true,,316,250,1,2,http://localhost:8001/auth/login,173,0,1
1777221934271,4,GET /restaurants?q=ramen,200,OK,Restaurant Search Load Test 2-21,text,true,,587,137,1,2,http://localhost:8002/restaurants/?q=ramen,4,0,0
1777221934273,3,POST /reviews/,201,Created,Review Submission Load Test 3-20,text,true,,380,440,1,1,http://localhost:8004/reviews/,3,0,1
1777221934291,173,POST /auth/login,200,OK,Login Load Test 1-21,text,true,,316,250,1,2,http://localhost:8001/auth/login,173,0,0
1777221934299,172,Login for Token,200,OK,Review Submission Load Test 3-21,text,true,,316,250,1,1,http://localhost:8001/auth/login,172,0,0
1777221934471,4,POST /reviews/,201,Created,Review Submission Load Test 3-21,text,true,,380,440,1,2,http://localhost:8004/reviews/,4,0,1
1777221934475,2,GET /restaurants?q=ramen,200,OK,Restaurant Search Load Test 2-22,text,true,,587,137,1,1,http://localhost:8002/restaurants/?q=ramen,2,0,0
1777221934488,171,POST /auth/login,200,OK,Login Load Test 1-22,text,true,,316,250,1,2,http://localhost:8001/auth/login,171,0,1
1777221934500,170,Login for Token,200,OK,Review Submission Load Test 3-22,text,true,,316,250,1,1,http://localhost:8001/auth/login,170,0,0
1777221934670,3,POST /reviews/,201,Created,Review Submission Load Test 3-22,text,true,,380,440,1,2,http://localhost:8004/reviews/,3,0,0
1777221934671,4,GET /restaurants?q=ramen,200,OK,Restaurant Search Load Test 2-23,text,true,,587,137,1,1,http://localhost:8002/restaurants/?q=ramen,4,0,0
1777221934692,171,POST /auth/login,200,OK,Login Load Test 1-23,text,true,,316,250,1,2,http://localhost:8001/auth/login,171,0,0
1777221934700,170,Login for Token,200,OK,Review Submission Load Test 3-23,text,true,,316,250,1,1,http://localhost:8001/auth/login,170,0,0
1777221934871,3,POST /reviews/,201,Created,Review Submission Load Test 3-23,text,true,,380,440,1,2,http://localhost:8004/reviews/,3,0,0
1777221934874,2,GET /restaurants?q=ramen,200,OK,Restaurant Search Load Test 2-24,text,true,,587,137,1,1,http://localhost:8002/restaurants/?q=ramen,2,0,0
1777221934893,172,POST /auth/login,200,OK,Login Load Test 1-24,text,true,,316,250,1,2,http://localhost:8001/auth/login,172,0,0
1777221934896,171,Login for Token,200,OK,Review Submission Load Test 3-24,text,true,,316,250,1,1,http://localhost:8001/auth/login,171,0,0
1777221935068,3,POST /reviews/,201,Created,Review Submission Load Test 3-24,text,true,,380,440,1,1,http://localhost:8004/reviews/,3,0,0
1777221935076,4,GET /restaurants?q=ramen,200,OK,Restaurant Search Load Test 2-25,text,true,,587,137,1,1,http://localhost:8002/restaurants/?q=ramen,4,0,0
1777221935083,172,POST /auth/login,200,OK,Login Load Test 1-25,text,true,,316,250,1,2,http://localhost:8001/auth/login,172,0,0
1777221935098,171,Login for Token,200,OK,Review Submission Load Test 3-25,text,true,,316,250,1,1,http://localhost:8001/auth/login,171,0,0
1777221935269,3,POST /reviews/,201,Created,Review Submission Load Test 3-25,text,true,,380,440,1,1,http://localhost:8004/reviews/,3,0,1
1777221935275,3,GET /restaurants?q=ramen,200,OK,Restaurant Search Load Test 2-26,text,true,,587,137,1,1,http://localhost:8002/restaurants/?q=ramen,3,0,0
1777221935291,173,POST /auth/login,200,OK,Login Load Test 1-26,text,true,,316,250,1,2,http://localhost:8001/auth/login,173,0,1
1777221935298,172,Login for Token,200,OK,Review Submission Load Test 3-26,text,true,,316,250,1,1,http://localhost:8001/auth/login,172,0,0
1777221935471,3,POST /reviews/,201,Created,Review Submission Load Test 3-26,text,true,,380,440,1,1,http://localhost:8004/reviews/,3,0,0
1777221935476,3,GET /restaurants?q=ramen,200,OK,Restaurant Search Load Test 2-27,text,true,,587,137,1,1,http://localhost:8002/restaurants/?q=ramen,3,0,0
1777221935494,171,POST /auth/login,200,OK,Login Load Test 1-27,text,true,,316,250,1,2,http://localhost:8001/auth/login,171,0,0
1777221935500,170,Login for Token,200,OK,Review Submission Load Test 3-27,text,true,,316,250,1,1,http://localhost:8001/auth/login,170,0,0
1777221935671,3,POST /reviews/,201,Created,Review Submission Load Test 3-27,text,true,,380,440,1,1,http://localhost:8004/reviews/,3,0,0
1777221935674,4,GET /restaurants?q=ramen,200,OK,Restaurant Search Load Test 2-28,text,true,,587,137,1,1,http://localhost:8002/restaurants/?q=ramen,4,0,1
1777221935689,172,POST /auth/login,200,OK,Login Load Test 1-28,text,true,,316,250,1,2,http://localhost:8001/auth/login,172,0,0
1777221935701,171,Login for Token,200,OK,Review Submission Load Test 3-28,text,true,,316,250,1,1,http://localhost:8001/auth/login,171,0,1
1777221935872,4,POST /reviews/,201,Created,Review Submission Load Test 3-28,text,true,,380,440,1,2,http://localhost:8004/reviews/,4,0,1
1777221935876,3,GET /restaurants?q=ramen,200,OK,Restaurant Search Load Test 2-29,text,true,,587,137,1,1,http://localhost:8002/restaurants/?q=ramen,3,0,0
1777221935888,178,POST /auth/login,200,OK,Login Load Test 1-29,text,true,,316,250,1,2,http://localhost:8001/auth/login,178,0,0
1777221935901,176,Login for Token,200,OK,Review Submission Load Test 3-29,text,true,,316,250,1,2,http://localhost:8001/auth/login,176,0,0
1777221936077,3,POST /reviews/,201,Created,Review Submission Load Test 3-29,text,true,,380,440,1,2,http://localhost:8004/reviews/,3,0,0
1777221936076,4,GET /restaurants?q=ramen,200,OK,Restaurant Search Load Test 2-30,text,true,,587,137,1,2,http://localhost:8002/restaurants/?q=ramen,4,0,0
1777221936091,175,POST /auth/login,200,OK,Login Load Test 1-30,text,true,,316,250,1,2,http://localhost:8001/auth/login,175,0,0
1777221936101,174,Login for Token,200,OK,Review Submission Load Test 3-30,text,true,,316,250,1,1,http://localhost:8001/auth/login,174,0,0
1777221936276,2,POST /reviews/,201,Created,Review Submission Load Test 3-30,text,true,,380,440,1,2,http://localhost:8004/reviews/,2,0,0
1777221936276,4,GET /restaurants?q=ramen,200,OK,Restaurant Search Load Test 2-31,text,true,,587,137,1,1,http://localhost:8002/restaurants/?q=ramen,4,0,0
1777221936289,173,POST /auth/login,200,OK,Login Load Test 1-31,text,true,,316,250,1,2,http://localhost:8001/auth/login,173,0,1
1777221936299,172,Login for Token,200,OK,Review Submission Load Test 3-31,text,true,,316,250,1,1,http://localhost:8001/auth/login,172,0,0
1777221936472,3,POST /reviews/,201,Created,Review Submission Load Test 3-31,text,true,,380,440,1,2,http://localhost:8004/reviews/,3,0,0
1777221936475,4,GET /restaurants?q=ramen,200,OK,Restaurant Search Load Test 2-32,text,true,,587,137,1,1,http://localhost:8002/restaurants/?q=ramen,4,0,0
1777221936488,172,POST /auth/login,200,OK,Login Load Test 1-32,text,true,,316,250,1,2,http://localhost:8001/auth/login,172,0,1
1777221936502,171,Login for Token,200,OK,Review Submission Load Test 3-32,text,true,,316,250,1,1,http://localhost:8001/auth/login,170,0,0
1777221936673,4,POST /reviews/,201,Created,Review Submission Load Test 3-32,text,true,,380,440,1,2,http://localhost:8004/reviews/,4,0,0
1777221936673,4,GET /restaurants?q=ramen,200,OK,Restaurant Search Load Test 2-33,text,true,,587,137,1,1,http://localhost:8002/restaurants/?q=ramen,4,0,1
1777221936692,172,POST /auth/login,200,OK,Login Load Test 1-33,text,true,,316,250,1,2,http://localhost:8001/auth/login,172,0,1
1777221936701,171,Login for Token,200,OK,Review Submission Load Test 3-33,text,true,,316,250,1,1,http://localhost:8001/auth/login,171,0,0
1777221936872,3,POST /reviews/,201,Created,Review Submission Load Test 3-33,text,true,,380,440,1,1,http://localhost:8004/reviews/,3,0,0
1777221936876,4,GET /restaurants?q=ramen,200,OK,Restaurant Search Load Test 2-34,text,true,,587,137,1,1,http://localhost:8002/restaurants/?q=ramen,4,0,0
1777221936890,172,POST /auth/login,200,OK,Login Load Test 1-34,text,true,,316,250,1,2,http://localhost:8001/auth/login,172,0,0
1777221936901,171,Login for Token,200,OK,Review Submission Load Test 3-34,text,true,,316,250,1,1,http://localhost:8001/auth/login,171,0,0
1777221937072,3,POST /reviews/,201,Created,Review Submission Load Test 3-34,text,true,,380,440,1,1,http://localhost:8004/reviews/,3,0,1
1777221937076,4,GET /restaurants?q=ramen,200,OK,Restaurant Search Load Test 2-35,text,true,,587,137,1,1,http://localhost:8002/restaurants/?q=ramen,4,0,0
1777221937090,174,POST /auth/login,200,OK,Login Load Test 1-35,text,true,,316,250,1,2,http://localhost:8001/auth/login,174,0,0
1777221937101,172,Login for Token,200,OK,Review Submission Load Test 3-35,text,true,,316,250,1,2,http://localhost:8001/auth/login,172,0,0
1777221937273,3,POST /reviews/,201,Created,Review Submission Load Test 3-35,text,true,,380,440,1,2,http://localhost:8004/reviews/,3,0,1
1777221937273,4,GET /restaurants?q=ramen,200,OK,Restaurant Search Load Test 2-36,text,true,,587,137,1,1,http://localhost:8002/restaurants/?q=ramen,4,0,0
1777221937287,175,POST /auth/login,200,OK,Login Load Test 1-36,text,true,,316,250,1,2,http://localhost:8001/auth/login,175,0,1
1777221937299,174,Login for Token,200,OK,Review Submission Load Test 3-36,text,true,,316,250,1,1,http://localhost:8001/auth/login,174,0,0
1777221937473,5,POST /reviews/,201,Created,Review Submission Load Test 3-36,text,true,,380,440,1,2,http://localhost:8004/reviews/,5,0,0
1777221937476,3,GET /restaurants?q=ramen,200,OK,Restaurant Search Load Test 2-37,text,true,,587,137,1,1,http://localhost:8002/restaurants/?q=ramen,3,0,1
1777221937487,173,POST /auth/login,200,OK,Login Load Test 1-37,text,true,,316,250,1,2,http://localhost:8001/auth/login,173,0,0
1777221937501,173,Login for Token,200,OK,Review Submission Load Test 3-37,text,true,,316,250,1,1,http://localhost:8001/auth/login,173,0,1
1777221937674,3,POST /reviews/,201,Created,Review Submission Load Test 3-37,text,true,,380,440,1,2,http://localhost:8004/reviews/,3,0,0
1777221937677,3,GET /restaurants?q=ramen,200,OK,Restaurant Search Load Test 2-38,text,true,,587,137,1,1,http://localhost:8002/restaurants/?q=ramen,3,0,0
1777221937688,171,POST /auth/login,200,OK,Login Load Test 1-38,text,true,,316,250,1,2,http://localhost:8001/auth/login,171,0,0
1777221937701,171,Login for Token,200,OK,Review Submission Load Test 3-38,text,true,,316,250,1,1,http://localhost:8001/auth/login,171,0,0
1777221937872,3,POST /reviews/,201,Created,Review Submission Load Test 3-38,text,true,,380,440,1,2,http://localhost:8004/reviews/,3,0,0
1777221937872,4,GET /restaurants?q=ramen,200,OK,Restaurant Search Load Test 2-39,text,true,,587,137,1,1,http://localhost:8002/restaurants/?q=ramen,4,0,1
1777221937884,172,POST /auth/login,200,OK,Login Load Test 1-39,text,true,,316,250,1,2,http://localhost:8001/auth/login,172,0,1
1777221937896,172,Login for Token,200,OK,Review Submission Load Test 3-39,text,true,,316,250,1,1,http://localhost:8001/auth/login,172,0,1
1777221938068,3,POST /reviews/,201,Created,Review Submission Load Test 3-39,text,true,,380,440,1,1,http://localhost:8004/reviews/,3,0,0
1777221938076,4,GET /restaurants?q=ramen,200,OK,Restaurant Search Load Test 2-40,text,true,,587,137,1,1,http://localhost:8002/restaurants/?q=ramen,4,0,0
1777221938088,172,POST /auth/login,200,OK,Login Load Test 1-40,text,true,,316,250,1,2,http://localhost:8001/auth/login,172,0,0
1777221938096,171,Login for Token,200,OK,Review Submission Load Test 3-40,text,true,,316,250,1,1,http://localhost:8001/auth/login,171,0,0
1777221938268,2,POST /reviews/,201,Created,Review Submission Load Test 3-40,text,true,,380,440,1,1,http://localhost:8004/reviews/,2,0,0
1777221938276,3,GET /restaurants?q=ramen,200,OK,Restaurant Search Load Test 2-41,text,true,,587,137,1,1,http://localhost:8002/restaurants/?q=ramen,3,0,0
1777221938290,172,POST /auth/login,200,OK,Login Load Test 1-41,text,true,,316,250,1,2,http://localhost:8001/auth/login,172,0,0
1777221938300,172,Login for Token,200,OK,Review Submission Load Test 3-41,text,true,,316,250,1,1,http://localhost:8001/auth/login,172,0,1
1777221938472,4,POST /reviews/,201,Created,Review Submission Load Test 3-41,text,true,,380,440,1,2,http://localhost:8004/reviews/,4,0,1
1777221938476,3,GET /restaurants?q=ramen,200,OK,Restaurant Search Load Test 2-42,text,true,,587,137,1,1,http://localhost:8002/restaurants/?q=ramen,3,0,0
1777221938488,171,POST /auth/login,200,OK,Login Load Test 1-42,text,true,,316,250,1,2,http://localhost:8001/auth/login,171,0,0
1777221938501,170,Login for Token,200,OK,Review Submission Load Test 3-42,text,true,,316,250,1,1,http://localhost:8001/auth/login,170,0,0
1777221938672,3,POST /reviews/,201,Created,Review Submission Load Test 3-42,text,true,,380,440,1,1,http://localhost:8004/reviews/,3,0,0
1777221938676,4,GET /restaurants?q=ramen,200,OK,Restaurant Search Load Test 2-43,text,true,,587,137,1,1,http://localhost:8002/restaurants/?q=ramen,4,0,1
1777221938688,171,POST /auth/login,200,OK,Login Load Test 1-43,text,true,,316,250,1,2,http://localhost:8001/auth/login,171,0,0
1777221938697,171,Login for Token,200,OK,Review Submission Load Test 3-43,text,true,,316,250,1,1,http://localhost:8001/auth/login,171,0,0
1777221938868,3,POST /reviews/,201,Created,Review Submission Load Test 3-43,text,true,,380,440,1,1,http://localhost:8004/reviews/,3,0,0
1777221938874,4,GET /restaurants?q=ramen,200,OK,Restaurant Search Load Test 2-44,text,true,,587,137,1,1,http://localhost:8002/restaurants/?q=ramen,4,0,0
1777221938884,171,POST /auth/login,200,OK,Login Load Test 1-44,text,true,,316,250,1,2,http://localhost:8001/auth/login,171,0,0
1777221938896,171,Login for Token,200,OK,Review Submission Load Test 3-44,text,true,,316,250,1,1,http://localhost:8001/auth/login,171,0,1
1777221939067,3,POST /reviews/,201,Created,Review Submission Load Test 3-44,text,true,,380,440,1,1,http://localhost:8004/reviews/,3,0,0
1777221939076,4,GET /restaurants?q=ramen,200,OK,Restaurant Search Load Test 2-45,text,true,,587,137,1,1,http://localhost:8002/restaurants/?q=ramen,4,0,0
1777221939087,173,POST /auth/login,200,OK,Login Load Test 1-45,text,true,,316,250,1,2,http://localhost:8001/auth/login,173,0,0
1777221939101,171,Login for Token,200,OK,Review Submission Load Test 3-45,text,true,,316,250,1,2,http://localhost:8001/auth/login,171,0,0
1777221939273,2,POST /reviews/,201,Created,Review Submission Load Test 3-45,text,true,,380,440,1,2,http://localhost:8004/reviews/,2,0,0
1777221939272,4,GET /restaurants?q=ramen,200,OK,Restaurant Search Load Test 2-46,text,true,,587,137,1,1,http://localhost:8002/restaurants/?q=ramen,4,0,1
1777221939289,173,POST /auth/login,200,OK,Login Load Test 1-46,text,true,,316,250,1,2,http://localhost:8001/auth/login,173,0,0
1777221939300,172,Login for Token,200,OK,Review Submission Load Test 3-46,text,true,,316,250,1,1,http://localhost:8001/auth/login,172,0,1
1777221939472,4,POST /reviews/,201,Created,Review Submission Load Test 3-46,text,true,,380,440,1,2,http://localhost:8004/reviews/,4,0,1
1777221939476,4,GET /restaurants?q=ramen,200,OK,Restaurant Search Load Test 2-47,text,true,,587,137,1,1,http://localhost:8002/restaurants/?q=ramen,4,0,0
1777221939491,170,POST /auth/login,200,OK,Login Load Test 1-47,text,true,,316,250,1,2,http://localhost:8001/auth/login,170,0,0
1777221939501,169,Login for Token,200,OK,Review Submission Load Test 3-47,text,true,,316,250,1,1,http://localhost:8001/auth/login,169,0,0
1777221939671,3,POST /reviews/,201,Created,Review Submission Load Test 3-47,text,true,,380,440,1,1,http://localhost:8004/reviews/,3,0,0
1777221939675,4,GET /restaurants?q=ramen,200,OK,Restaurant Search Load Test 2-48,text,true,,587,137,1,1,http://localhost:8002/restaurants/?q=ramen,4,0,1
1777221939690,172,POST /auth/login,200,OK,Login Load Test 1-48,text,true,,316,250,1,2,http://localhost:8001/auth/login,172,0,0
1777221939701,170,Login for Token,200,OK,Review Submission Load Test 3-48,text,true,,316,250,1,2,http://localhost:8001/auth/login,170,0,0
1777221939871,3,POST /reviews/,201,Created,Review Submission Load Test 3-48,text,true,,380,440,1,2,http://localhost:8004/reviews/,3,0,0
1777221939871,4,GET /restaurants?q=ramen,200,OK,Restaurant Search Load Test 2-49,text,true,,587,137,1,1,http://localhost:8002/restaurants/?q=ramen,4,0,0
1777221939885,171,POST /auth/login,200,OK,Login Load Test 1-49,text,true,,316,250,1,2,http://localhost:8001/auth/login,171,0,0
1777221939901,170,Login for Token,200,OK,Review Submission Load Test 3-49,text,true,,316,250,1,1,http://localhost:8001/auth/login,170,0,0
1777221940072,3,POST /reviews/,201,Created,Review Submission Load Test 3-49,text,true,,380,440,1,1,http://localhost:8004/reviews/,3,0,0
1777221940075,3,GET /restaurants?q=ramen,200,OK,Restaurant Search Load Test 2-50,text,true,,587,137,1,1,http://localhost:8002/restaurants/?q=ramen,3,0,0
1777221940088,181,POST /auth/login,200,OK,Login Load Test 1-50,text,true,,316,250,1,2,http://localhost:8001/auth/login,181,0,0
1777221940275,2,GET /restaurants?q=ramen,200,OK,Restaurant Search Load Test 2-51,text,true,,587,137,1,2,http://localhost:8002/restaurants/?q=ramen,2,0,0
1777221940100,181,Login for Token,200,OK,Review Submission Load Test 3-50,text,true,,316,251,1,1,http://localhost:8001/auth/login,181,0,0
1777221940281,2,POST /reviews/,201,Created,Review Submission Load Test 3-50,text,true,,380,440,1,1,http://localhost:8004/reviews/,2,0,0
1777221940286,173,POST /auth/login,200,OK,Login Load Test 1-51,text,true,,316,251,1,2,http://localhost:8001/auth/login,173,0,0
1777221940301,173,Login for Token,200,OK,Review Submission Load Test 3-51,text,true,,316,251,1,1,http://localhost:8001/auth/login,173,0,0
1777221940473,3,POST /reviews/,201,Created,Review Submission Load Test 3-51,text,true,,380,440,1,2,http://localhost:8004/reviews/,3,0,0
1777221940475,3,GET /restaurants?q=ramen,200,OK,Restaurant Search Load Test 2-52,text,true,,587,137,1,1,http://localhost:8002/restaurants/?q=ramen,3,0,1
1777221940483,174,POST /auth/login,200,OK,Login Load Test 1-52,text,true,,316,251,1,2,http://localhost:8001/auth/login,174,0,0
1777221940496,176,Login for Token,200,OK,Review Submission Load Test 3-52,text,true,,316,251,1,2,http://localhost:8001/auth/login,176,0,0
1777221940671,2,GET /restaurants?q=ramen,200,OK,Restaurant Search Load Test 2-53,text,true,,587,137,1,2,http://localhost:8002/restaurants/?q=ramen,2,0,1
1777221940672,2,POST /reviews/,201,Created,Review Submission Load Test 3-52,text,true,,380,440,1,1,http://localhost:8004/reviews/,2,0,0
1777221940681,171,POST /auth/login,200,OK,Login Load Test 1-53,text,true,,316,251,1,2,http://localhost:8001/auth/login,171,0,0
1777221940697,171,Login for Token,200,OK,Review Submission Load Test 3-53,text,true,,316,251,1,1,http://localhost:8001/auth/login,171,0,0
1777221940868,3,POST /reviews/,201,Created,Review Submission Load Test 3-53,text,true,,380,440,1,1,http://localhost:8004/reviews/,3,0,0
1777221940873,2,GET /restaurants?q=ramen,200,OK,Restaurant Search Load Test 2-54,text,true,,587,137,1,1,http://localhost:8002/restaurants/?q=ramen,2,0,1
1777221940883,188,POST /auth/login,200,OK,Login Load Test 1-54,text,true,,316,251,1,2,http://localhost:8001/auth/login,188,0,1
1777221941073,2,GET /restaurants?q=ramen,200,OK,Restaurant Search Load Test 2-55,text,true,,587,137,1,2,http://localhost:8002/restaurants/?q=ramen,2,0,1
1777221940900,190,Login for Token,200,OK,Review Submission Load Test 3-54,text,true,,316,251,1,2,http://localhost:8001/auth/login,190,0,0
1777221941090,2,POST /reviews/,201,Created,Review Submission Load Test 3-54,text,true,,380,440,1,2,http://localhost:8004/reviews/,2,0,1
1777221941086,185,POST /auth/login,200,OK,Login Load Test 1-55,text,true,,316,251,1,2,http://localhost:8001/auth/login,185,0,0
1777221941274,2,GET /restaurants?q=ramen,200,OK,Restaurant Search Load Test 2-56,text,true,,587,137,1,2,http://localhost:8002/restaurants/?q=ramen,2,0,0
1777221941100,182,Login for Token,200,OK,Review Submission Load Test 3-55,text,true,,316,251,1,1,http://localhost:8001/auth/login,182,0,1
1777221941282,2,POST /reviews/,201,Created,Review Submission Load Test 3-55,text,true,,380,440,1,2,http://localhost:8004/reviews/,2,0,0
1777221941284,171,POST /auth/login,200,OK,Login Load Test 1-56,text,true,,316,251,1,2,http://localhost:8001/auth/login,171,0,0
1777221941299,172,Login for Token,200,OK,Review Submission Load Test 3-56,text,true,,316,251,1,1,http://localhost:8001/auth/login,172,0,0
1777221941472,2,POST /reviews/,201,Created,Review Submission Load Test 3-56,text,true,,380,440,1,1,http://localhost:8004/reviews/,2,0,0
1777221941474,3,GET /restaurants?q=ramen,200,OK,Restaurant Search Load Test 2-57,text,true,,587,137,1,1,http://localhost:8002/restaurants/?q=ramen,3,0,1
1777221941484,171,POST /auth/login,200,OK,Login Load Test 1-57,text,true,,316,251,1,2,http://localhost:8001/auth/login,171,0,1
1777221941501,171,Login for Token,200,OK,Review Submission Load Test 3-57,text,true,,316,251,1,1,http://localhost:8001/auth/login,171,0,1
1777221941672,4,POST /reviews/,201,Created,Review Submission Load Test 3-57,text,true,,380,440,1,2,http://localhost:8004/reviews/,4,0,1
1777221941675,4,GET /restaurants?q=ramen,200,OK,Restaurant Search Load Test 2-58,text,true,,587,137,1,1,http://localhost:8002/restaurants/?q=ramen,4,0,0
1777221941685,172,POST /auth/login,200,OK,Login Load Test 1-58,text,true,,316,251,1,2,http://localhost:8001/auth/login,172,0,0
1777221941701,171,Login for Token,200,OK,Review Submission Load Test 3-58,text,true,,316,251,1,1,http://localhost:8001/auth/login,171,0,0
1777221941872,4,POST /reviews/,201,Created,Review Submission Load Test 3-58,text,true,,380,440,1,2,http://localhost:8004/reviews/,4,0,1
1777221941875,2,GET /restaurants?q=ramen,200,OK,Restaurant Search Load Test 2-59,text,true,,587,137,1,1,http://localhost:8002/restaurants/?q=ramen,2,0,0
1777221942076,2,GET /restaurants?q=ramen,200,OK,Restaurant Search Load Test 2-60,text,true,,587,137,1,3,http://localhost:8002/restaurants/?q=ramen,2,0,1
1777221941886,193,POST /auth/login,200,OK,Login Load Test 1-59,text,true,,316,251,1,3,http://localhost:8001/auth/login,193,0,0
1777221941900,185,Login for Token,200,OK,Review Submission Load Test 3-59,text,true,,316,251,1,2,http://localhost:8001/auth/login,185,0,0
1777221942086,2,POST /reviews/,201,Created,Review Submission Load Test 3-59,text,true,,380,440,1,2,http://localhost:8004/reviews/,2,0,0
1777221942085,173,POST /auth/login,200,OK,Login Load Test 1-60,text,true,,316,251,1,2,http://localhost:8001/auth/login,173,0,0
1777221942097,172,Login for Token,200,OK,Review Submission Load Test 3-60,text,true,,316,251,1,1,http://localhost:8001/auth/login,172,0,0
1777221942270,2,POST /reviews/,201,Created,Review Submission Load Test 3-60,text,true,,380,440,1,1,http://localhost:8004/reviews/,2,0,0
1777221942275,2,GET /restaurants?q=ramen,200,OK,Restaurant Search Load Test 2-61,text,true,,587,137,1,1,http://localhost:8002/restaurants/?q=ramen,2,0,1
1777221942287,174,POST /auth/login,200,OK,Login Load Test 1-61,text,true,,316,251,1,2,http://localhost:8001/auth/login,174,0,0
1777221942299,173,Login for Token,200,OK,Review Submission Load Test 3-61,text,true,,316,251,1,1,http://localhost:8001/auth/login,173,0,0
1777221942472,4,POST /reviews/,201,Created,Review Submission Load Test 3-61,text,true,,380,440,1,2,http://localhost:8004/reviews/,4,0,0
1777221942473,4,GET /restaurants?q=ramen,200,OK,Restaurant Search Load Test 2-62,text,true,,587,137,1,1,http://localhost:8002/restaurants/?q=ramen,4,0,0
1777221942484,171,POST /auth/login,200,OK,Login Load Test 1-62,text,true,,316,251,1,2,http://localhost:8001/auth/login,171,0,0
1777221942496,172,Login for Token,200,OK,Review Submission Load Test 3-62,text,true,,316,251,1,1,http://localhost:8001/auth/login,172,0,1
1777221942669,3,POST /reviews/,201,Created,Review Submission Load Test 3-62,text,true,,380,440,1,1,http://localhost:8004/reviews/,3,0,0
1777221942676,5,GET /restaurants?q=ramen,200,OK,Restaurant Search Load Test 2-63,text,true,,587,137,1,1,http://localhost:8002/restaurants/?q=ramen,5,0,1
1777221942685,172,POST /auth/login,200,OK,Login Load Test 1-63,text,true,,316,251,1,2,http://localhost:8001/auth/login,172,0,0
1777221942696,171,Login for Token,200,OK,Review Submission Load Test 3-63,text,true,,316,251,1,1,http://localhost:8001/auth/login,171,0,0
1777221942867,3,POST /reviews/,201,Created,Review Submission Load Test 3-63,text,true,,380,440,1,1,http://localhost:8004/reviews/,3,0,1
1777221942872,3,GET /restaurants?q=ramen,200,OK,Restaurant Search Load Test 2-64,text,true,,587,137,1,1,http://localhost:8002/restaurants/?q=ramen,3,0,0
1777221942884,173,POST /auth/login,200,OK,Login Load Test 1-64,text,true,,316,251,1,2,http://localhost:8001/auth/login,173,0,0
1777221942898,171,Login for Token,200,OK,Review Submission Load Test 3-64,text,true,,316,251,1,1,http://localhost:8001/auth/login,171,0,0
1777221943069,4,POST /reviews/,201,Created,Review Submission Load Test 3-64,text,true,,380,440,1,1,http://localhost:8004/reviews/,4,0,0
1777221943075,4,GET /restaurants?q=ramen,200,OK,Restaurant Search Load Test 2-65,text,true,,587,137,1,1,http://localhost:8002/restaurants/?q=ramen,4,0,1
1777221943085,171,POST /auth/login,200,OK,Login Load Test 1-65,text,true,,316,251,1,2,http://localhost:8001/auth/login,171,0,0
1777221943100,171,Login for Token,200,OK,Review Submission Load Test 3-65,text,true,,316,251,1,1,http://localhost:8001/auth/login,171,0,0
1777221943271,4,POST /reviews/,201,Created,Review Submission Load Test 3-65,text,true,,380,440,1,2,http://localhost:8004/reviews/,4,0,1
1777221943275,3,GET /restaurants?q=ramen,200,OK,Restaurant Search Load Test 2-66,text,true,,587,137,1,1,http://localhost:8002/restaurants/?q=ramen,3,0,0
1777221943280,173,POST /auth/login,200,OK,Login Load Test 1-66,text,true,,316,251,1,2,http://localhost:8001/auth/login,173,0,1
1777221943300,173,Login for Token,200,OK,Review Submission Load Test 3-66,text,true,,316,251,1,1,http://localhost:8001/auth/login,173,0,0
1777221943473,3,POST /reviews/,201,Created,Review Submission Load Test 3-66,text,true,,380,440,1,2,http://localhost:8004/reviews/,3,0,0
1777221943475,3,GET /restaurants?q=ramen,200,OK,Restaurant Search Load Test 2-67,text,true,,587,137,1,1,http://localhost:8002/restaurants/?q=ramen,3,0,0
1777221943482,170,POST /auth/login,200,OK,Login Load Test 1-67,text,true,,316,251,1,2,http://localhost:8001/auth/login,170,0,0
1777221943501,171,Login for Token,200,OK,Review Submission Load Test 3-67,text,true,,316,251,1,1,http://localhost:8001/auth/login,171,0,0
1777221943672,3,POST /reviews/,201,Created,Review Submission Load Test 3-67,text,true,,380,440,1,2,http://localhost:8004/reviews/,3,0,0
1777221943675,4,GET /restaurants?q=ramen,200,OK,Restaurant Search Load Test 2-68,text,true,,587,137,1,1,http://localhost:8002/restaurants/?q=ramen,4,0,0
1777221943683,171,POST /auth/login,200,OK,Login Load Test 1-68,text,true,,316,251,1,2,http://localhost:8001/auth/login,171,0,0
1777221943700,171,Login for Token,200,OK,Review Submission Load Test 3-68,text,true,,316,251,1,1,http://localhost:8001/auth/login,171,0,0
1777221943871,3,POST /reviews/,201,Created,Review Submission Load Test 3-68,text,true,,380,440,1,1,http://localhost:8004/reviews/,3,0,0
1777221943876,2,GET /restaurants?q=ramen,200,OK,Restaurant Search Load Test 2-69,text,true,,587,137,1,1,http://localhost:8002/restaurants/?q=ramen,2,0,0
1777221943884,171,POST /auth/login,200,OK,Login Load Test 1-69,text,true,,316,251,1,2,http://localhost:8001/auth/login,171,0,0
1777221943900,171,Login for Token,200,OK,Review Submission Load Test 3-69,text,true,,316,251,1,1,http://localhost:8001/auth/login,171,0,1
1777221944071,3,POST /reviews/,201,Created,Review Submission Load Test 3-69,text,true,,380,440,1,1,http://localhost:8004/reviews/,3,0,1
1777221944075,3,GET /restaurants?q=ramen,200,OK,Restaurant Search Load Test 2-70,text,true,,587,137,1,1,http://localhost:8002/restaurants/?q=ramen,3,0,0
1777221944083,173,POST /auth/login,200,OK,Login Load Test 1-70,text,true,,316,251,1,2,http://localhost:8001/auth/login,173,0,1
1777221944100,172,Login for Token,200,OK,Review Submission Load Test 3-70,text,true,,316,251,1,1,http://localhost:8001/auth/login,172,0,0
1777221944272,3,POST /reviews/,201,Created,Review Submission Load Test 3-70,text,true,,380,440,1,2,http://localhost:8004/reviews/,3,0,1
1777221944275,2,GET /restaurants?q=ramen,200,OK,Restaurant Search Load Test 2-71,text,true,,587,137,1,1,http://localhost:8002/restaurants/?q=ramen,2,0,0
1777221944283,186,POST /auth/login,200,OK,Login Load Test 1-71,text,true,,316,251,1,2,http://localhost:8001/auth/login,186,0,0
1777221944474,2,GET /restaurants?q=ramen,200,OK,Restaurant Search Load Test 2-72,text,true,,587,137,1,2,http://localhost:8002/restaurants/?q=ramen,2,0,1
1777221944300,185,Login for Token,200,OK,Review Submission Load Test 3-71,text,true,,316,251,1,2,http://localhost:8001/auth/login,185,0,0
1777221944486,2,POST /reviews/,201,Created,Review Submission Load Test 3-71,text,true,,380,440,1,2,http://localhost:8004/reviews/,2,0,0
1777221944484,175,POST /auth/login,200,OK,Login Load Test 1-72,text,true,,316,251,1,2,http://localhost:8001/auth/login,175,0,0
1777221944672,2,GET /restaurants?q=ramen,200,OK,Restaurant Search Load Test 2-73,text,true,,587,137,1,2,http://localhost:8002/restaurants/?q=ramen,2,0,0
1777221944501,173,Login for Token,200,OK,Review Submission Load Test 3-72,text,true,,316,251,1,2,http://localhost:8001/auth/login,173,0,0
1777221944674,2,POST /reviews/,201,Created,Review Submission Load Test 3-72,text,true,,380,440,1,1,http://localhost:8004/reviews/,2,0,0
1777221944681,171,POST /auth/login,200,OK,Login Load Test 1-73,text,true,,316,251,1,2,http://localhost:8001/auth/login,171,0,1
1777221944700,171,Login for Token,200,OK,Review Submission Load Test 3-73,text,true,,316,251,1,2,http://localhost:8001/auth/login,171,0,0
1777221944871,3,POST /reviews/,201,Created,Review Submission Load Test 3-73,text,true,,380,440,1,2,http://localhost:8004/reviews/,3,0,0
1777221944871,4,GET /restaurants?q=ramen,200,OK,Restaurant Search Load Test 2-74,text,true,,587,137,1,1,http://localhost:8002/restaurants/?q=ramen,4,0,0
1777221944883,171,POST /auth/login,200,OK,Login Load Test 1-74,text,true,,316,251,1,2,http://localhost:8001/auth/login,171,0,0
1777221944900,170,Login for Token,200,OK,Review Submission Load Test 3-74,text,true,,316,251,1,1,http://localhost:8001/auth/login,170,0,0
1777221945070,3,POST /reviews/,201,Created,Review Submission Load Test 3-74,text,true,,380,440,1,2,http://localhost:8004/reviews/,3,0,0
1777221945072,4,GET /restaurants?q=ramen,200,OK,Restaurant Search Load Test 2-75,text,true,,587,137,1,1,http://localhost:8002/restaurants/?q=ramen,4,0,1
1777221945084,172,POST /auth/login,200,OK,Login Load Test 1-75,text,true,,316,251,1,2,http://localhost:8001/auth/login,172,0,1
1777221945098,171,Login for Token,200,OK,Review Submission Load Test 3-75,text,true,,316,251,1,1,http://localhost:8001/auth/login,171,0,0
1777221945269,4,POST /reviews/,201,Created,Review Submission Load Test 3-75,text,true,,380,440,1,1,http://localhost:8004/reviews/,4,0,1
1777221945274,4,GET /restaurants?q=ramen,200,OK,Restaurant Search Load Test 2-76,text,true,,587,137,1,1,http://localhost:8002/restaurants/?q=ramen,4,0,1
1777221945278,172,POST /auth/login,200,OK,Login Load Test 1-76,text,true,,316,251,1,2,http://localhost:8001/auth/login,172,0,1
1777221945300,172,Login for Token,200,OK,Review Submission Load Test 3-76,text,true,,316,251,1,1,http://localhost:8001/auth/login,172,0,0
1777221945472,4,POST /reviews/,201,Created,Review Submission Load Test 3-76,text,true,,380,440,1,2,http://localhost:8004/reviews/,4,0,1
1777221945474,3,GET /restaurants?q=ramen,200,OK,Restaurant Search Load Test 2-77,text,true,,587,137,1,1,http://localhost:8002/restaurants/?q=ramen,3,0,0
1777221945480,170,POST /auth/login,200,OK,Login Load Test 1-77,text,true,,316,251,1,2,http://localhost:8001/auth/login,170,0,0
1777221945500,170,Login for Token,200,OK,Review Submission Load Test 3-77,text,true,,316,251,1,1,http://localhost:8001/auth/login,170,0,0
1777221945670,2,POST /reviews/,201,Created,Review Submission Load Test 3-77,text,true,,380,440,1,1,http://localhost:8004/reviews/,2,0,0
1777221945675,3,GET /restaurants?q=ramen,200,OK,Restaurant Search Load Test 2-78,text,true,,587,137,1,1,http://localhost:8002/restaurants/?q=ramen,3,0,0
1777221945679,171,POST /auth/login,200,OK,Login Load Test 1-78,text,true,,316,251,1,2,http://localhost:8001/auth/login,171,0,0
1777221945698,170,Login for Token,200,OK,Review Submission Load Test 3-78,text,true,,316,251,1,1,http://localhost:8001/auth/login,170,0,0
1777221945869,3,POST /reviews/,201,Created,Review Submission Load Test 3-78,text,true,,380,440,1,1,http://localhost:8004/reviews/,3,0,0
1777221945876,3,GET /restaurants?q=ramen,200,OK,Restaurant Search Load Test 2-79,text,true,,587,137,1,1,http://localhost:8002/restaurants/?q=ramen,3,0,0
1777221945884,172,POST /auth/login,200,OK,Login Load Test 1-79,text,true,,316,251,1,2,http://localhost:8001/auth/login,172,0,1
1777221945900,170,Login for Token,200,OK,Review Submission Load Test 3-79,text,true,,316,251,1,1,http://localhost:8001/auth/login,170,0,0
1777221946071,3,POST /reviews/,201,Created,Review Submission Load Test 3-79,text,true,,380,440,1,2,http://localhost:8004/reviews/,3,0,0
1777221946071,5,GET /restaurants?q=ramen,200,OK,Restaurant Search Load Test 2-80,text,true,,587,137,1,1,http://localhost:8002/restaurants/?q=ramen,5,0,0
1777221946082,172,POST /auth/login,200,OK,Login Load Test 1-80,text,true,,316,251,1,2,http://localhost:8001/auth/login,172,0,1
1777221946099,172,Login for Token,200,OK,Review Submission Load Test 3-80,text,true,,316,251,1,1,http://localhost:8001/auth/login,172,0,0
1777221946271,3,POST /reviews/,201,Created,Review Submission Load Test 3-80,text,true,,380,440,1,2,http://localhost:8004/reviews/,3,0,0
1777221946273,3,GET /restaurants?q=ramen,200,OK,Restaurant Search Load Test 2-81,text,true,,587,137,1,1,http://localhost:8002/restaurants/?q=ramen,3,0,0
1777221946283,172,POST /auth/login,200,OK,Login Load Test 1-81,text,true,,316,251,1,2,http://localhost:8001/auth/login,172,0,0
1777221946300,172,Login for Token,200,OK,Review Submission Load Test 3-81,text,true,,316,251,1,1,http://localhost:8001/auth/login,172,0,0
1777221946473,3,POST /reviews/,201,Created,Review Submission Load Test 3-81,text,true,,380,440,1,2,http://localhost:8004/reviews/,3,0,0
1777221946476,4,GET /restaurants?q=ramen,200,OK,Restaurant Search Load Test 2-82,text,true,,587,137,1,2,http://localhost:8002/restaurants/?q=ramen,4,0,0
1777221946479,170,POST /auth/login,200,OK,Login Load Test 1-82,text,true,,316,251,1,2,http://localhost:8001/auth/login,170,0,0
1777221946496,171,Login for Token,200,OK,Review Submission Load Test 3-82,text,true,,316,251,1,1,http://localhost:8001/auth/login,171,0,0
1777221946667,4,POST /reviews/,201,Created,Review Submission Load Test 3-82,text,true,,380,440,1,2,http://localhost:8004/reviews/,4,0,0
1777221946671,3,GET /restaurants?q=ramen,200,OK,Restaurant Search Load Test 2-83,text,true,,587,137,1,1,http://localhost:8002/restaurants/?q=ramen,3,0,0
1777221946682,171,POST /auth/login,200,OK,Login Load Test 1-83,text,true,,316,251,1,2,http://localhost:8001/auth/login,171,0,0
1777221946701,170,Login for Token,200,OK,Review Submission Load Test 3-83,text,true,,316,251,1,1,http://localhost:8001/auth/login,170,0,0
1777221946871,3,POST /reviews/,201,Created,Review Submission Load Test 3-83,text,true,,380,440,1,2,http://localhost:8004/reviews/,3,0,1
1777221946873,3,GET /restaurants?q=ramen,200,OK,Restaurant Search Load Test 2-84,text,true,,587,137,1,1,http://localhost:8002/restaurants/?q=ramen,3,0,0
1777221946879,171,POST /auth/login,200,OK,Login Load Test 1-84,text,true,,316,251,1,2,http://localhost:8001/auth/login,171,0,0
1777221946897,170,Login for Token,200,OK,Review Submission Load Test 3-84,text,true,,316,251,1,1,http://localhost:8001/auth/login,170,0,0
1777221947068,3,POST /reviews/,201,Created,Review Submission Load Test 3-84,text,true,,380,440,1,1,http://localhost:8004/reviews/,3,0,0
1777221947074,3,GET /restaurants?q=ramen,200,OK,Restaurant Search Load Test 2-85,text,true,,587,137,1,1,http://localhost:8002/restaurants/?q=ramen,3,0,1
1777221947081,173,POST /auth/login,200,OK,Login Load Test 1-85,text,true,,316,251,1,2,http://localhost:8001/auth/login,173,0,0
1777221947098,173,Login for Token,200,OK,Review Submission Load Test 3-85,text,true,,316,251,1,2,http://localhost:8001/auth/login,173,0,0
1777221947271,4,POST /reviews/,201,Created,Review Submission Load Test 3-85,text,true,,380,440,1,2,http://localhost:8004/reviews/,4,0,1
1777221947271,4,GET /restaurants?q=ramen,200,OK,Restaurant Search Load Test 2-86,text,true,,587,137,1,1,http://localhost:8002/restaurants/?q=ramen,4,0,1
1777221947282,174,POST /auth/login,200,OK,Login Load Test 1-86,text,true,,316,251,1,2,http://localhost:8001/auth/login,174,0,0
1777221947297,172,Login for Token,200,OK,Review Submission Load Test 3-86,text,true,,316,251,1,1,http://localhost:8001/auth/login,172,0,1
1777221947470,3,POST /reviews/,201,Created,Review Submission Load Test 3-86,text,true,,380,440,1,1,http://localhost:8004/reviews/,3,0,0
1777221947473,4,GET /restaurants?q=ramen,200,OK,Restaurant Search Load Test 2-87,text,true,,587,137,1,1,http://localhost:8002/restaurants/?q=ramen,4,0,0
1777221947486,174,POST /auth/login,200,OK,Login Load Test 1-87,text,true,,316,251,1,2,http://localhost:8001/auth/login,174,0,0
1777221947497,172,Login for Token,200,OK,Review Submission Load Test 3-87,text,true,,316,251,1,1,http://localhost:8001/auth/login,172,0,0
1777221947670,3,POST /reviews/,201,Created,Review Submission Load Test 3-87,text,true,,380,440,1,2,http://localhost:8004/reviews/,3,0,0
1777221947671,3,GET /restaurants?q=ramen,200,OK,Restaurant Search Load Test 2-88,text,true,,587,137,1,1,http://localhost:8002/restaurants/?q=ramen,3,0,0
1777221947679,172,POST /auth/login,200,OK,Login Load Test 1-88,text,true,,316,251,1,2,http://localhost:8001/auth/login,172,0,1
1777221947699,172,Login for Token,200,OK,Review Submission Load Test 3-88,text,true,,316,251,1,1,http://localhost:8001/auth/login,172,0,1
1777221947871,4,POST /reviews/,201,Created,Review Submission Load Test 3-88,text,true,,380,440,1,2,http://localhost:8004/reviews/,4,0,1
1777221947875,3,GET /restaurants?q=ramen,200,OK,Restaurant Search Load Test 2-89,text,true,,587,137,1,1,http://localhost:8002/restaurants/?q=ramen,3,0,0
1777221947879,171,POST /auth/login,200,OK,Login Load Test 1-89,text,true,,316,251,1,2,http://localhost:8001/auth/login,170,0,0
1777221947896,171,Login for Token,200,OK,Review Submission Load Test 3-89,text,true,,316,251,1,1,http://localhost:8001/auth/login,171,0,0
1777221948067,4,POST /reviews/,201,Created,Review Submission Load Test 3-89,text,true,,380,440,1,2,http://localhost:8004/reviews/,4,0,1
1777221948070,3,GET /restaurants?q=ramen,200,OK,Restaurant Search Load Test 2-90,text,true,,587,137,1,1,http://localhost:8002/restaurants/?q=ramen,3,0,0
1777221948082,172,POST /auth/login,200,OK,Login Load Test 1-90,text,true,,316,251,1,2,http://localhost:8001/auth/login,172,0,1
1777221948100,171,Login for Token,200,OK,Review Submission Load Test 3-90,text,true,,316,251,1,1,http://localhost:8001/auth/login,171,0,0
1777221948271,4,POST /reviews/,201,Created,Review Submission Load Test 3-90,text,true,,380,440,1,2,http://localhost:8004/reviews/,4,0,1
1777221948274,3,GET /restaurants?q=ramen,200,OK,Restaurant Search Load Test 2-91,text,true,,587,137,1,1,http://localhost:8002/restaurants/?q=ramen,3,0,0
1777221948282,171,POST /auth/login,200,OK,Login Load Test 1-91,text,true,,316,251,1,2,http://localhost:8001/auth/login,171,0,0
1777221948299,172,Login for Token,200,OK,Review Submission Load Test 3-91,text,true,,316,251,1,1,http://localhost:8001/auth/login,172,0,1
1777221948472,4,POST /reviews/,201,Created,Review Submission Load Test 3-91,text,true,,380,440,1,2,http://localhost:8004/reviews/,4,0,0
1777221948472,5,GET /restaurants?q=ramen,200,OK,Restaurant Search Load Test 2-92,text,true,,587,137,1,1,http://localhost:8002/restaurants/?q=ramen,5,0,0
1777221948480,170,POST /auth/login,200,OK,Login Load Test 1-92,text,true,,316,251,1,2,http://localhost:8001/auth/login,170,0,0
1777221948500,170,Login for Token,200,OK,Review Submission Load Test 3-92,text,true,,316,251,1,1,http://localhost:8001/auth/login,170,0,0
1777221948670,4,POST /reviews/,201,Created,Review Submission Load Test 3-92,text,true,,380,440,1,1,http://localhost:8004/reviews/,4,0,1
1777221948675,2,GET /restaurants?q=ramen,200,OK,Restaurant Search Load Test 2-93,text,true,,587,137,1,1,http://localhost:8002/restaurants/?q=ramen,2,0,0
1777221948684,171,POST /auth/login,200,OK,Login Load Test 1-93,text,true,,316,251,1,2,http://localhost:8001/auth/login,171,0,0
1777221948700,171,Login for Token,200,OK,Review Submission Load Test 3-93,text,true,,316,251,1,1,http://localhost:8001/auth/login,171,0,0
1777221948871,3,POST /reviews/,201,Created,Review Submission Load Test 3-93,text,true,,380,440,1,1,http://localhost:8004/reviews/,3,0,1
1777221948875,4,GET /restaurants?q=ramen,200,OK,Restaurant Search Load Test 2-94,text,true,,587,137,1,1,http://localhost:8002/restaurants/?q=ramen,4,0,0
1777221948881,171,POST /auth/login,200,OK,Login Load Test 1-94,text,true,,316,251,1,2,http://localhost:8001/auth/login,171,0,0
1777221948900,170,Login for Token,200,OK,Review Submission Load Test 3-94,text,true,,316,251,1,1,http://localhost:8001/auth/login,170,0,0
1777221949070,4,POST /reviews/,201,Created,Review Submission Load Test 3-94,text,true,,380,440,1,1,http://localhost:8004/reviews/,4,0,1
1777221949075,4,GET /restaurants?q=ramen,200,OK,Restaurant Search Load Test 2-95,text,true,,587,137,1,2,http://localhost:8002/restaurants/?q=ramen,4,0,1
1777221949079,171,POST /auth/login,200,OK,Login Load Test 1-95,text,true,,316,251,1,2,http://localhost:8001/auth/login,171,0,0
1777221949098,172,Login for Token,200,OK,Review Submission Load Test 3-95,text,true,,316,251,1,1,http://localhost:8001/auth/login,172,0,1
1777221949270,3,POST /reviews/,201,Created,Review Submission Load Test 3-95,text,true,,380,440,1,2,http://localhost:8004/reviews/,3,0,0
1777221949271,4,GET /restaurants?q=ramen,200,OK,Restaurant Search Load Test 2-96,text,true,,587,137,1,1,http://localhost:8002/restaurants/?q=ramen,4,0,0
1777221949278,172,POST /auth/login,200,OK,Login Load Test 1-96,text,true,,316,251,1,2,http://localhost:8001/auth/login,172,0,0
1777221949301,173,Login for Token,200,OK,Review Submission Load Test 3-96,text,true,,316,251,1,2,http://localhost:8001/auth/login,173,0,1
1777221949474,9,POST /reviews/,201,Created,Review Submission Load Test 3-96,text,true,,380,440,1,3,http://localhost:8004/reviews/,9,0,1
1777221949474,9,GET /restaurants?q=ramen,200,OK,Restaurant Search Load Test 2-97,text,true,,587,137,1,3,http://localhost:8002/restaurants/?q=ramen,9,0,1
1777221949480,172,POST /auth/login,200,OK,Login Load Test 1-97,text,true,,316,251,1,2,http://localhost:8001/auth/login,172,0,0
1777221949498,170,Login for Token,200,OK,Review Submission Load Test 3-97,text,true,,316,251,1,1,http://localhost:8001/auth/login,170,0,0
1777221949668,3,POST /reviews/,201,Created,Review Submission Load Test 3-97,text,true,,380,440,1,1,http://localhost:8004/reviews/,3,0,0
1777221949675,4,GET /restaurants?q=ramen,200,OK,Restaurant Search Load Test 2-98,text,true,,587,137,1,2,http://localhost:8002/restaurants/?q=ramen,4,0,1
1777221949676,172,POST /auth/login,200,OK,Login Load Test 1-98,text,true,,316,251,1,2,http://localhost:8001/auth/login,172,0,1
1777221949699,170,Login for Token,200,OK,Review Submission Load Test 3-98,text,true,,316,251,1,1,http://localhost:8001/auth/login,170,0,0
1777221949870,3,POST /reviews/,201,Created,Review Submission Load Test 3-98,text,true,,380,440,1,1,http://localhost:8004/reviews/,3,0,0
1777221949875,3,GET /restaurants?q=ramen,200,OK,Restaurant Search Load Test 2-99,text,true,,587,137,1,2,http://localhost:8002/restaurants/?q=ramen,3,0,0
1777221949878,170,POST /auth/login,200,OK,Login Load Test 1-99,text,true,,316,251,1,2,http://localhost:8001/auth/login,170,0,0
1777221949898,171,Login for Token,200,OK,Review Submission Load Test 3-99,text,true,,316,251,1,1,http://localhost:8001/auth/login,171,0,0
1777221950069,3,POST /reviews/,201,Created,Review Submission Load Test 3-99,text,true,,380,440,1,1,http://localhost:8004/reviews/,3,0,0
1777221950074,3,GET /restaurants?q=ramen,200,OK,Restaurant Search Load Test 2-100,text,true,,587,137,1,1,http://localhost:8002/restaurants/?q=ramen,3,0,0
1777221950083,172,POST /auth/login,200,OK,Login Load Test 1-100,text,true,,316,251,1,2,http://localhost:8001/auth/login,172,0,0
1777221950100,171,Login for Token,200,OK,Review Submission Load Test 3-100,text,true,,316,251,1,1,http://localhost:8001/auth/login,171,0,0
1777221950272,3,POST /reviews/,201,Created,Review Submission Load Test 3-100,text,true,,380,440,1,2,http://localhost:8004/reviews/,3,0,0
1777221950272,4,GET /restaurants?q=ramen,200,OK,Restaurant Search Load Test 2-101,text,true,,587,137,1,1,http://localhost:8002/restaurants/?q=ramen,4,0,0
1777221950278,171,POST /auth/login,200,OK,Login Load Test 1-101,text,true,,316,251,1,2,http://localhost:8001/auth/login,171,0,0
1777221950299,170,Login for Token,200,OK,Review Submission Load Test 3-101,text,true,,316,251,1,1,http://localhost:8001/auth/login,170,0,0
1777221950469,2,POST /reviews/,201,Created,Review Submission Load Test 3-101,text,true,,380,440,1,1,http://localhost:8004/reviews/,2,0,0
1777221950475,3,GET /restaurants?q=ramen,200,OK,Restaurant Search Load Test 2-102,text,true,,587,137,1,1,http://localhost:8002/restaurants/?q=ramen,3,0,0
1777221950484,176,POST /auth/login,200,OK,Login Load Test 1-102,text,true,,316,251,1,2,http://localhost:8001/auth/login,176,0,0
1777221950500,176,Login for Token,200,OK,Review Submission Load Test 3-102,text,true,,316,251,1,2,http://localhost:8001/auth/login,176,0,0
1777221950675,2,GET /restaurants?q=ramen,200,OK,Restaurant Search Load Test 2-103,text,true,,587,137,1,2,http://localhost:8002/restaurants/?q=ramen,2,0,0
1777221950677,2,POST /reviews/,201,Created,Review Submission Load Test 3-102,text,true,,380,440,1,2,http://localhost:8004/reviews/,2,0,0
1777221950677,172,POST /auth/login,200,OK,Login Load Test 1-103,text,true,,316,251,1,2,http://localhost:8001/auth/login,172,0,1
1777221950700,171,Login for Token,200,OK,Review Submission Load Test 3-103,text,true,,316,251,1,2,http://localhost:8001/auth/login,171,0,0
1777221950871,4,POST /reviews/,201,Created,Review Submission Load Test 3-103,text,true,,380,440,1,2,http://localhost:8004/reviews/,4,0,0
1777221950871,4,GET /restaurants?q=ramen,200,OK,Restaurant Search Load Test 2-104,text,true,,587,137,1,1,http://localhost:8002/restaurants/?q=ramen,4,0,0
1777221950876,171,POST /auth/login,200,OK,Login Load Test 1-104,text,true,,316,251,1,2,http://localhost:8001/auth/login,171,0,0
1777221950900,171,Login for Token,200,OK,Review Submission Load Test 3-104,text,true,,316,251,1,1,http://localhost:8001/auth/login,171,0,0
1777221951071,3,POST /reviews/,201,Created,Review Submission Load Test 3-104,text,true,,380,440,1,2,http://localhost:8004/reviews/,3,0,0
1777221951074,4,GET /restaurants?q=ramen,200,OK,Restaurant Search Load Test 2-105,text,true,,587,137,1,1,http://localhost:8002/restaurants/?q=ramen,4,0,0
1777221951079,171,POST /auth/login,200,OK,Login Load Test 1-105,text,true,,316,251,1,2,http://localhost:8001/auth/login,171,0,0
1777221951100,171,Login for Token,200,OK,Review Submission Load Test 3-105,text,true,,316,251,1,1,http://localhost:8001/auth/login,171,0,0
1777221951271,3,POST /reviews/,201,Created,Review Submission Load Test 3-105,text,true,,380,440,1,2,http://localhost:8004/reviews/,3,0,1
1777221951274,3,GET /restaurants?q=ramen,200,OK,Restaurant Search Load Test 2-106,text,true,,587,137,1,2,http://localhost:8002/restaurants/?q=ramen,3,0,0
1777221951277,172,POST /auth/login,200,OK,Login Load Test 1-106,text,true,,316,251,1,2,http://localhost:8001/auth/login,172,0,0
1777221951298,172,Login for Token,200,OK,Review Submission Load Test 3-106,text,true,,316,251,1,1,http://localhost:8001/auth/login,172,0,0
1777221951470,4,POST /reviews/,201,Created,Review Submission Load Test 3-106,text,true,,380,440,1,2,http://localhost:8004/reviews/,4,0,1
1777221951471,4,GET /restaurants?q=ramen,200,OK,Restaurant Search Load Test 2-107,text,true,,587,137,1,1,http://localhost:8002/restaurants/?q=ramen,4,0,0
1777221951483,171,POST /auth/login,200,OK,Login Load Test 1-107,text,true,,316,251,1,2,http://localhost:8001/auth/login,171,0,0
1777221951500,170,Login for Token,200,OK,Review Submission Load Test 3-107,text,true,,316,251,1,1,http://localhost:8001/auth/login,170,0,0
1777221951670,4,POST /reviews/,201,Created,Review Submission Load Test 3-107,text,true,,380,440,1,1,http://localhost:8004/reviews/,4,0,1
1777221951675,4,GET /restaurants?q=ramen,200,OK,Restaurant Search Load Test 2-108,text,true,,587,137,1,2,http://localhost:8002/restaurants/?q=ramen,4,0,0
1777221951677,171,POST /auth/login,200,OK,Login Load Test 1-108,text,true,,316,251,1,2,http://localhost:8001/auth/login,171,0,0
1777221951696,170,Login for Token,200,OK,Review Submission Load Test 3-108,text,true,,316,251,1,1,http://localhost:8001/auth/login,170,0,0
1777221951866,4,POST /reviews/,201,Created,Review Submission Load Test 3-108,text,true,,380,440,1,1,http://localhost:8004/reviews/,4,0,1
1777221951875,3,GET /restaurants?q=ramen,200,OK,Restaurant Search Load Test 2-109,text,true,,587,137,1,1,http://localhost:8002/restaurants/?q=ramen,3,0,0
1777221951882,171,POST /auth/login,200,OK,Login Load Test 1-109,text,true,,316,251,1,2,http://localhost:8001/auth/login,171,0,0
1777221951898,171,Login for Token,200,OK,Review Submission Load Test 3-109,text,true,,316,251,1,1,http://localhost:8001/auth/login,171,0,0
1777221952069,4,POST /reviews/,201,Created,Review Submission Load Test 3-109,text,true,,380,440,1,1,http://localhost:8004/reviews/,4,0,1
1777221952075,4,GET /restaurants?q=ramen,200,OK,Restaurant Search Load Test 2-110,text,true,,587,137,1,1,http://localhost:8002/restaurants/?q=ramen,4,0,0
1777221952080,188,POST /auth/login,200,OK,Login Load Test 1-110,text,true,,316,251,1,2,http://localhost:8001/auth/login,188,0,1
1777221952275,2,GET /restaurants?q=ramen,200,OK,Restaurant Search Load Test 2-111,text,true,,587,137,1,2,http://localhost:8002/restaurants/?q=ramen,2,0,0
1777221952100,184,Login for Token,200,OK,Review Submission Load Test 3-110,text,true,,316,251,1,2,http://localhost:8001/auth/login,184,0,0
1777221952284,2,POST /reviews/,201,Created,Review Submission Load Test 3-110,text,true,,380,440,1,2,http://localhost:8004/reviews/,2,0,1
1777221952283,174,POST /auth/login,200,OK,Login Load Test 1-111,text,true,,316,251,1,2,http://localhost:8001/auth/login,174,0,0
1777221952300,173,Login for Token,200,OK,Review Submission Load Test 3-111,text,true,,316,251,1,2,http://localhost:8001/auth/login,173,0,0
1777221952473,2,GET /restaurants?q=ramen,200,OK,Restaurant Search Load Test 2-112,text,true,,587,137,1,2,http://localhost:8002/restaurants/?q=ramen,2,0,0
1777221952473,2,POST /reviews/,201,Created,Review Submission Load Test 3-111,text,true,,380,440,1,1,http://localhost:8004/reviews/,2,0,0
1777221952483,172,POST /auth/login,200,OK,Login Load Test 1-112,text,true,,316,251,1,2,http://localhost:8001/auth/login,172,0,0
1777221952500,172,Login for Token,200,OK,Review Submission Load Test 3-112,text,true,,316,251,1,1,http://localhost:8001/auth/login,172,0,0
1777221952672,3,POST /reviews/,201,Created,Review Submission Load Test 3-112,text,true,,380,440,1,2,http://localhost:8004/reviews/,3,0,0
1777221952675,4,GET /restaurants?q=ramen,200,OK,Restaurant Search Load Test 2-113,text,true,,587,137,1,1,http://localhost:8002/restaurants/?q=ramen,4,0,0
1777221952681,171,POST /auth/login,200,OK,Login Load Test 1-113,text,true,,316,251,1,2,http://localhost:8001/auth/login,171,0,0
1777221952700,171,Login for Token,200,OK,Review Submission Load Test 3-113,text,true,,316,251,1,1,http://localhost:8001/auth/login,171,0,0
1777221952871,3,POST /reviews/,201,Created,Review Submission Load Test 3-113,text,true,,380,440,1,1,http://localhost:8004/reviews/,3,0,1
1777221952875,2,GET /restaurants?q=ramen,200,OK,Restaurant Search Load Test 2-114,text,true,,587,137,1,1,http://localhost:8002/restaurants/?q=ramen,2,0,0
1777221952879,171,POST /auth/login,200,OK,Login Load Test 1-114,text,true,,316,251,1,2,http://localhost:8001/auth/login,171,0,0
1777221952900,172,Login for Token,200,OK,Review Submission Load Test 3-114,text,true,,316,251,1,1,http://localhost:8001/auth/login,172,0,0
1777221953072,3,POST /reviews/,201,Created,Review Submission Load Test 3-114,text,true,,380,440,1,2,http://localhost:8004/reviews/,3,0,0
1777221953072,4,GET /restaurants?q=ramen,200,OK,Restaurant Search Load Test 2-115,text,true,,587,137,1,1,http://localhost:8002/restaurants/?q=ramen,4,0,1
1777221953077,171,POST /auth/login,200,OK,Login Load Test 1-115,text,true,,316,251,1,2,http://localhost:8001/auth/login,171,0,0
1777221953100,171,Login for Token,200,OK,Review Submission Load Test 3-115,text,true,,316,251,1,1,http://localhost:8001/auth/login,171,0,0
1777221953272,3,POST /reviews/,201,Created,Review Submission Load Test 3-115,text,true,,380,440,1,2,http://localhost:8004/reviews/,3,0,0
1777221953273,3,GET /restaurants?q=ramen,200,OK,Restaurant Search Load Test 2-116,text,true,,587,137,1,1,http://localhost:8002/restaurants/?q=ramen,3,0,0
1777221953282,171,POST /auth/login,200,OK,Login Load Test 1-116,text,true,,316,251,1,2,http://localhost:8001/auth/login,171,0,0
1777221953298,172,Login for Token,200,OK,Review Submission Load Test 3-116,text,true,,316,251,1,1,http://localhost:8001/auth/login,172,0,0
1777221953470,3,POST /reviews/,201,Created,Review Submission Load Test 3-116,text,true,,380,440,1,2,http://localhost:8004/reviews/,3,0,0
1777221953473,4,GET /restaurants?q=ramen,200,OK,Restaurant Search Load Test 2-117,text,true,,587,137,1,1,http://localhost:8002/restaurants/?q=ramen,4,0,1
1777221953480,171,POST /auth/login,200,OK,Login Load Test 1-117,text,true,,316,251,1,2,http://localhost:8001/auth/login,171,0,0
1777221953500,171,Login for Token,200,OK,Review Submission Load Test 3-117,text,true,,316,251,1,2,http://localhost:8001/auth/login,171,0,0
1777221953671,3,POST /reviews/,201,Created,Review Submission Load Test 3-117,text,true,,380,440,1,2,http://localhost:8004/reviews/,3,0,0
1777221953670,4,GET /restaurants?q=ramen,200,OK,Restaurant Search Load Test 2-118,text,true,,587,137,1,2,http://localhost:8002/restaurants/?q=ramen,4,0,1
1777221953679,172,POST /auth/login,200,OK,Login Load Test 1-118,text,true,,316,251,1,2,http://localhost:8001/auth/login,172,0,0
1777221953698,171,Login for Token,200,OK,Review Submission Load Test 3-118,text,true,,316,251,1,1,http://localhost:8001/auth/login,171,0,0
1777221953869,3,POST /reviews/,201,Created,Review Submission Load Test 3-118,text,true,,380,440,1,2,http://localhost:8004/reviews/,3,0,1
1777221953870,4,GET /restaurants?q=ramen,200,OK,Restaurant Search Load Test 2-119,text,true,,587,137,1,1,http://localhost:8002/restaurants/?q=ramen,4,0,1
1777221953878,170,POST /auth/login,200,OK,Login Load Test 1-119,text,true,,316,251,1,2,http://localhost:8001/auth/login,170,0,0
1777221953896,170,Login for Token,200,OK,Review Submission Load Test 3-119,text,true,,316,251,1,1,http://localhost:8001/auth/login,170,0,1
1777221954066,4,POST /reviews/,201,Created,Review Submission Load Test 3-119,text,true,,380,440,1,1,http://localhost:8004/reviews/,4,0,1
1777221954074,4,GET /restaurants?q=ramen,200,OK,Restaurant Search Load Test 2-120,text,true,,587,137,1,2,http://localhost:8002/restaurants/?q=ramen,4,0,0
1777221954075,172,POST /auth/login,200,OK,Login Load Test 1-120,text,true,,316,251,1,2,http://localhost:8001/auth/login,172,0,0
1777221954101,172,Login for Token,200,OK,Review Submission Load Test 3-120,text,true,,316,251,1,2,http://localhost:8001/auth/login,172,0,0
1777221954270,4,GET /restaurants?q=ramen,200,OK,Restaurant Search Load Test 2-121,text,true,,587,137,1,3,http://localhost:8002/restaurants/?q=ramen,4,0,0
1777221954273,2,POST /reviews/,201,Created,Review Submission Load Test 3-120,text,true,,380,440,1,2,http://localhost:8004/reviews/,2,0,0
1777221954274,171,POST /auth/login,200,OK,Login Load Test 1-121,text,true,,316,251,1,2,http://localhost:8001/auth/login,171,0,0
1777221954300,172,Login for Token,200,OK,Review Submission Load Test 3-121,text,true,,316,251,1,1,http://localhost:8001/auth/login,172,0,0
1777221954472,4,POST /reviews/,201,Created,Review Submission Load Test 3-121,text,true,,380,440,1,2,http://localhost:8004/reviews/,4,0,0
1777221954476,3,GET /restaurants?q=ramen,200,OK,Restaurant Search Load Test 2-122,text,true,,587,137,1,2,http://localhost:8002/restaurants/?q=ramen,3,0,0
1777221954478,170,POST /auth/login,200,OK,Login Load Test 1-122,text,true,,316,251,1,2,http://localhost:8001/auth/login,170,0,0
1777221954500,171,Login for Token,200,OK,Review Submission Load Test 3-122,text,true,,316,251,1,1,http://localhost:8001/auth/login,171,0,1
1777221954671,3,POST /reviews/,201,Created,Review Submission Load Test 3-122,text,true,,380,440,1,1,http://localhost:8004/reviews/,3,0,0
1777221954677,2,GET /restaurants?q=ramen,200,OK,Restaurant Search Load Test 2-123,text,true,,587,137,1,2,http://localhost:8002/restaurants/?q=ramen,2,0,0
1777221954677,171,POST /auth/login,200,OK,Login Load Test 1-123,text,true,,316,251,1,2,http://localhost:8001/auth/login,171,0,1
1777221954699,170,Login for Token,200,OK,Review Submission Load Test 3-123,text,true,,316,251,1,1,http://localhost:8001/auth/login,170,0,0
1777221954870,3,POST /reviews/,201,Created,Review Submission Load Test 3-123,text,true,,380,440,1,2,http://localhost:8004/reviews/,3,0,0
1777221954870,4,GET /restaurants?q=ramen,200,OK,Restaurant Search Load Test 2-124,text,true,,587,137,1,1,http://localhost:8002/restaurants/?q=ramen,4,0,1
1777221954877,170,POST /auth/login,200,OK,Login Load Test 1-124,text,true,,316,251,1,2,http://localhost:8001/auth/login,170,0,0
1777221954900,171,Login for Token,200,OK,Review Submission Load Test 3-124,text,true,,316,251,1,2,http://localhost:8001/auth/login,171,0,1
1777221955072,2,POST /reviews/,201,Created,Review Submission Load Test 3-124,text,true,,380,440,1,3,http://localhost:8004/reviews/,2,0,0
1777221955071,4,GET /restaurants?q=ramen,200,OK,Restaurant Search Load Test 2-125,text,true,,587,137,1,2,http://localhost:8002/restaurants/?q=ramen,4,0,1
1777221955073,171,POST /auth/login,200,OK,Login Load Test 1-125,text,true,,316,251,1,2,http://localhost:8001/auth/login,171,0,0
1777221955099,171,Login for Token,200,OK,Review Submission Load Test 3-125,text,true,,316,251,1,1,http://localhost:8001/auth/login,171,0,0
1777221955271,3,POST /reviews/,201,Created,Review Submission Load Test 3-125,text,true,,380,440,1,2,http://localhost:8004/reviews/,3,0,0
1777221955271,4,GET /restaurants?q=ramen,200,OK,Restaurant Search Load Test 2-126,text,true,,587,137,1,1,http://localhost:8002/restaurants/?q=ramen,4,0,1
1777221955277,177,POST /auth/login,200,OK,Login Load Test 1-126,text,true,,316,251,1,2,http://localhost:8001/auth/login,177,0,0
1777221955473,2,GET /restaurants?q=ramen,200,OK,Restaurant Search Load Test 2-127,text,true,,587,137,1,3,http://localhost:8002/restaurants/?q=ramen,2,0,1
1777221955300,176,Login for Token,200,OK,Review Submission Load Test 3-126,text,true,,316,251,1,2,http://localhost:8001/auth/login,176,0,0
1777221955476,2,POST /reviews/,201,Created,Review Submission Load Test 3-126,text,true,,380,440,1,2,http://localhost:8004/reviews/,2,0,1
1777221955475,183,POST /auth/login,200,OK,Login Load Test 1-127,text,true,,316,251,1,2,http://localhost:8001/auth/login,183,0,1
1777221955674,2,GET /restaurants?q=ramen,200,OK,Restaurant Search Load Test 2-128,text,true,,587,137,1,2,http://localhost:8002/restaurants/?q=ramen,2,0,0
1777221955500,183,Login for Token,200,OK,Review Submission Load Test 3-127,text,true,,316,251,1,2,http://localhost:8001/auth/login,183,0,1
1777221955683,2,POST /reviews/,201,Created,Review Submission Load Test 3-127,text,true,,380,440,1,2,http://localhost:8004/reviews/,2,0,0
1777221955676,182,POST /auth/login,200,OK,Login Load Test 1-128,text,true,,316,251,1,2,http://localhost:8001/auth/login,182,0,0
1777221955875,3,GET /restaurants?q=ramen,200,OK,Restaurant Search Load Test 2-129,text,true,,587,137,1,3,http://localhost:8002/restaurants/?q=ramen,3,0,1
1777221955701,182,Login for Token,200,OK,Review Submission Load Test 3-128,text,true,,316,251,1,2,http://localhost:8001/auth/login,181,0,0
1777221955884,2,POST /reviews/,201,Created,Review Submission Load Test 3-128,text,true,,380,440,1,2,http://localhost:8004/reviews/,2,0,0
1777221955875,173,POST /auth/login,200,OK,Login Load Test 1-129,text,true,,316,251,1,2,http://localhost:8001/auth/login,173,0,1
1777221955897,171,Login for Token,200,OK,Review Submission Load Test 3-129,text,true,,316,251,1,1,http://localhost:8001/auth/login,171,0,1
1777221956068,4,POST /reviews/,201,Created,Review Submission Load Test 3-129,text,true,,380,440,1,1,http://localhost:8004/reviews/,4,0,1
1777221956075,4,GET /restaurants?q=ramen,200,OK,Restaurant Search Load Test 2-130,text,true,,587,137,1,2,http://localhost:8002/restaurants/?q=ramen,4,0,0
1777221956077,172,POST /auth/login,200,OK,Login Load Test 1-130,text,true,,316,251,1,2,http://localhost:8001/auth/login,172,0,1
1777221956098,172,Login for Token,200,OK,Review Submission Load Test 3-130,text,true,,316,251,1,1,http://localhost:8001/auth/login,172,0,0
1777221956270,3,POST /reviews/,201,Created,Review Submission Load Test 3-130,text,true,,380,440,1,2,http://localhost:8004/reviews/,3,0,1
1777221956275,4,GET /restaurants?q=ramen,200,OK,Restaurant Search Load Test 2-131,text,true,,587,137,1,2,http://localhost:8002/restaurants/?q=ramen,4,0,0
1777221956273,174,POST /auth/login,200,OK,Login Load Test 1-131,text,true,,316,251,1,2,http://localhost:8001/auth/login,174,0,0
1777221956300,174,Login for Token,200,OK,Review Submission Load Test 3-131,text,true,,316,251,1,2,http://localhost:8001/auth/login,174,0,0
1777221956474,3,POST /reviews/,201,Created,Review Submission Load Test 3-131,text,true,,380,440,1,3,http://localhost:8004/reviews/,3,0,1
1777221956475,3,GET /restaurants?q=ramen,200,OK,Restaurant Search Load Test 2-132,text,true,,587,137,1,2,http://localhost:8002/restaurants/?q=ramen,3,0,0
1777221956473,171,POST /auth/login,200,OK,Login Load Test 1-132,text,true,,316,251,1,2,http://localhost:8001/auth/login,171,0,0
1777221956501,171,Login for Token,200,OK,Review Submission Load Test 3-132,text,true,,316,251,1,2,http://localhost:8001/auth/login,171,0,1
1777221956672,3,GET /restaurants?q=ramen,200,OK,Restaurant Search Load Test 2-133,text,true,,587,137,1,2,http://localhost:8002/restaurants/?q=ramen,3,0,0
1777221956672,3,POST /reviews/,201,Created,Review Submission Load Test 3-132,text,true,,380,440,1,1,http://localhost:8004/reviews/,3,0,1
1777221956676,177,POST /auth/login,200,OK,Login Load Test 1-133,text,true,,316,251,1,2,http://localhost:8001/auth/login,177,0,0
1777221956873,2,GET /restaurants?q=ramen,200,OK,Restaurant Search Load Test 2-134,text,true,,587,137,1,2,http://localhost:8002/restaurants/?q=ramen,2,0,0
1777221956699,180,Login for Token,200,OK,Review Submission Load Test 3-133,text,true,,316,251,1,2,http://localhost:8001/auth/login,180,0,1
1777221956879,2,POST /reviews/,201,Created,Review Submission Load Test 3-133,text,true,,380,440,1,2,http://localhost:8004/reviews/,2,0,0
1777221956878,184,POST /auth/login,200,OK,Login Load Test 1-134,text,true,,316,251,1,2,http://localhost:8001/auth/login,184,0,0
1777221957078,2,GET /restaurants?q=ramen,200,OK,Restaurant Search Load Test 2-135,text,true,,587,137,1,3,http://localhost:8002/restaurants/?q=ramen,2,0,0
1777221956897,187,Login for Token,200,OK,Review Submission Load Test 3-134,text,true,,316,251,1,2,http://localhost:8001/auth/login,187,0,0
1777221957084,2,POST /reviews/,201,Created,Review Submission Load Test 3-134,text,true,,380,440,1,2,http://localhost:8004/reviews/,2,0,0
1777221957079,175,POST /auth/login,200,OK,Login Load Test 1-135,text,true,,316,251,1,2,http://localhost:8001/auth/login,175,0,0
1777221957099,173,Login for Token,200,OK,Review Submission Load Test 3-135,text,true,,316,251,1,2,http://localhost:8001/auth/login,173,0,1
1777221957272,2,GET /restaurants?q=ramen,200,OK,Restaurant Search Load Test 2-136,text,true,,587,137,1,2,http://localhost:8002/restaurants/?q=ramen,2,0,1
1777221957272,2,POST /reviews/,201,Created,Review Submission Load Test 3-135,text,true,,380,440,1,1,http://localhost:8004/reviews/,2,0,1
1777221957278,173,POST /auth/login,200,OK,Login Load Test 1-136,text,true,,316,251,1,2,http://localhost:8001/auth/login,173,0,0
1777221957296,173,Login for Token,200,OK,Review Submission Load Test 3-136,text,true,,316,251,1,1,http://localhost:8001/auth/login,173,0,0
1777221957469,4,POST /reviews/,201,Created,Review Submission Load Test 3-136,text,true,,380,440,1,1,http://localhost:8004/reviews/,4,0,1
1777221957475,3,GET /restaurants?q=ramen,200,OK,Restaurant Search Load Test 2-137,text,true,,587,137,1,1,http://localhost:8002/restaurants/?q=ramen,3,0,0
1777221957479,172,POST /auth/login,200,OK,Login Load Test 1-137,text,true,,316,251,1,2,http://localhost:8001/auth/login,172,0,0
1777221957500,175,Login for Token,200,OK,Review Submission Load Test 3-137,text,true,,316,251,1,1,http://localhost:8001/auth/login,175,0,0
1777221957675,3,POST /reviews/,201,Created,Review Submission Load Test 3-137,text,true,,380,440,1,3,http://localhost:8004/reviews/,3,0,1
1777221957676,3,GET /restaurants?q=ramen,200,OK,Restaurant Search Load Test 2-138,text,true,,587,137,1,2,http://localhost:8002/restaurants/?q=ramen,3,0,0
1777221957676,172,POST /auth/login,200,OK,Login Load Test 1-138,text,true,,316,251,1,2,http://localhost:8001/auth/login,172,0,1
1777221957700,171,Login for Token,200,OK,Review Submission Load Test 3-138,text,true,,316,251,1,1,http://localhost:8001/auth/login,171,0,0
1777221957872,3,POST /reviews/,201,Created,Review Submission Load Test 3-138,text,true,,380,440,1,2,http://localhost:8004/reviews/,3,0,0
1777221957875,3,GET /restaurants?q=ramen,200,OK,Restaurant Search Load Test 2-139,text,true,,587,137,1,2,http://localhost:8002/restaurants/?q=ramen,3,0,0
1777221957875,171,POST /auth/login,200,OK,Login Load Test 1-139,text,true,,316,251,1,2,http://localhost:8001/auth/login,171,0,0
1777221957900,171,Login for Token,200,OK,Review Submission Load Test 3-139,text,true,,316,251,1,1,http://localhost:8001/auth/login,171,0,0
1777221958072,3,POST /reviews/,201,Created,Review Submission Load Test 3-139,text,true,,380,440,1,3,http://localhost:8004/reviews/,3,0,0
1777221958075,3,GET /restaurants?q=ramen,200,OK,Restaurant Search Load Test 2-140,text,true,,587,137,1,2,http://localhost:8002/restaurants/?q=ramen,3,0,0
1777221958075,171,POST /auth/login,200,OK,Login Load Test 1-140,text,true,,316,251,1,2,http://localhost:8001/auth/login,171,0,0
1777221958099,171,Login for Token,200,OK,Review Submission Load Test 3-140,text,true,,316,251,1,1,http://localhost:8001/auth/login,171,0,0
1777221958271,3,POST /reviews/,201,Created,Review Submission Load Test 3-140,text,true,,380,440,1,3,http://localhost:8004/reviews/,3,0,0
1777221958271,4,GET /restaurants?q=ramen,200,OK,Restaurant Search Load Test 2-141,text,true,,587,137,1,2,http://localhost:8002/restaurants/?q=ramen,4,0,1
1777221958271,171,POST /auth/login,200,OK,Login Load Test 1-141,text,true,,316,251,1,2,http://localhost:8001/auth/login,171,0,0
1777221958300,172,Login for Token,200,OK,Review Submission Load Test 3-141,text,true,,316,251,1,1,http://localhost:8001/auth/login,172,0,0
1777221958472,3,POST /reviews/,201,Created,Review Submission Load Test 3-141,text,true,,380,440,1,2,http://localhost:8004/reviews/,3,0,0
1777221958476,2,GET /restaurants?q=ramen,200,OK,Restaurant Search Load Test 2-142,text,true,,587,137,1,2,http://localhost:8002/restaurants/?q=ramen,2,0,0
1777221958474,171,POST /auth/login,200,OK,Login Load Test 1-142,text,true,,316,251,1,2,http://localhost:8001/auth/login,171,0,1
1777221958500,171,Login for Token,200,OK,Review Submission Load Test 3-142,text,true,,316,251,1,1,http://localhost:8001/auth/login,171,0,0
1777221958672,4,POST /reviews/,201,Created,Review Submission Load Test 3-142,text,true,,380,440,1,3,http://localhost:8004/reviews/,4,0,0
1777221958675,4,GET /restaurants?q=ramen,200,OK,Restaurant Search Load Test 2-143,text,true,,587,137,1,2,http://localhost:8002/restaurants/?q=ramen,4,0,0
1777221958675,172,POST /auth/login,200,OK,Login Load Test 1-143,text,true,,316,251,1,2,http://localhost:8001/auth/login,172,0,0
1777221958697,170,Login for Token,200,OK,Review Submission Load Test 3-143,text,true,,316,251,1,1,http://localhost:8001/auth/login,170,0,0
1777221958867,2,POST /reviews/,201,Created,Review Submission Load Test 3-143,text,true,,380,440,1,1,http://localhost:8004/reviews/,2,0,1
1777221958872,2,GET /restaurants?q=ramen,200,OK,Restaurant Search Load Test 2-144,text,true,,587,137,1,2,http://localhost:8002/restaurants/?q=ramen,2,0,0
1777221958872,170,POST /auth/login,200,OK,Login Load Test 1-144,text,true,,316,251,1,2,http://localhost:8001/auth/login,170,0,0
1777221958901,170,Login for Token,200,OK,Review Submission Load Test 3-144,text,true,,316,251,1,1,http://localhost:8001/auth/login,170,0,0
1777221959071,3,POST /reviews/,201,Created,Review Submission Load Test 3-144,text,true,,380,440,1,2,http://localhost:8004/reviews/,3,0,0
1777221959075,2,GET /restaurants?q=ramen,200,OK,Restaurant Search Load Test 2-145,text,true,,587,137,1,2,http://localhost:8002/restaurants/?q=ramen,2,0,0
1777221959072,171,POST /auth/login,200,OK,Login Load Test 1-145,text,true,,316,251,1,2,http://localhost:8001/auth/login,171,0,0
1777221959101,172,Login for Token,200,OK,Review Submission Load Test 3-145,text,true,,316,251,1,3,http://localhost:8001/auth/login,172,0,0
1777221959271,4,GET /restaurants?q=ramen,200,OK,Restaurant Search Load Test 2-146,text,true,,587,137,1,3,http://localhost:8002/restaurants/?q=ramen,4,0,0
1777221959273,2,POST /reviews/,201,Created,Review Submission Load Test 3-145,text,true,,380,440,1,2,http://localhost:8004/reviews/,2,0,0
1777221959271,172,POST /auth/login,200,OK,Login Load Test 1-146,text,true,,316,251,1,2,http://localhost:8001/auth/login,172,0,0
1777221959300,171,Login for Token,200,OK,Review Submission Load Test 3-146,text,true,,316,251,1,2,http://localhost:8001/auth/login,171,0,0
1777221959470,3,GET /restaurants?q=ramen,200,OK,Restaurant Search Load Test 2-147,text,true,,587,137,1,3,http://localhost:8002/restaurants/?q=ramen,3,0,1
1777221959471,3,POST /reviews/,201,Created,Review Submission Load Test 3-146,text,true,,380,440,1,2,http://localhost:8004/reviews/,3,0,1
1777221959471,172,POST /auth/login,200,OK,Login Load Test 1-147,text,true,,316,251,1,2,http://localhost:8001/auth/login,172,0,1
1777221959498,171,Login for Token,200,OK,Review Submission Load Test 3-147,text,true,,316,251,1,1,http://localhost:8001/auth/login,171,0,0
1777221959669,3,POST /reviews/,201,Created,Review Submission Load Test 3-147,text,true,,380,440,1,1,http://localhost:8004/reviews/,3,0,0
1777221959674,4,GET /restaurants?q=ramen,200,OK,Restaurant Search Load Test 2-148,text,true,,587,137,1,2,http://localhost:8002/restaurants/?q=ramen,4,0,0
1777221959675,170,POST /auth/login,200,OK,Login Load Test 1-148,text,true,,316,251,1,2,http://localhost:8001/auth/login,170,0,0
1777221959695,171,Login for Token,200,OK,Review Submission Load Test 3-148,text,true,,316,251,1,1,http://localhost:8001/auth/login,171,0,1
1777221959867,3,POST /reviews/,201,Created,Review Submission Load Test 3-148,text,true,,380,440,1,1,http://localhost:8004/reviews/,3,0,0
1777221959871,4,GET /restaurants?q=ramen,200,OK,Restaurant Search Load Test 2-149,text,true,,587,137,1,1,http://localhost:8002/restaurants/?q=ramen,4,0,0
1777221959877,172,POST /auth/login,200,OK,Login Load Test 1-149,text,true,,316,251,1,2,http://localhost:8001/auth/login,172,0,1
1777221959899,171,Login for Token,200,OK,Review Submission Load Test 3-149,text,true,,316,251,1,2,http://localhost:8001/auth/login,171,0,0
1777221960070,3,POST /reviews/,201,Created,Review Submission Load Test 3-149,text,true,,380,440,1,2,http://localhost:8004/reviews/,3,0,0
1777221960073,3,GET /restaurants?q=ramen,200,OK,Restaurant Search Load Test 2-150,text,true,,587,137,1,2,http://localhost:8002/restaurants/?q=ramen,3,0,0
1777221960069,172,POST /auth/login,200,OK,Login Load Test 1-150,text,true,,316,251,1,2,http://localhost:8001/auth/login,172,0,1
1777221960100,171,Login for Token,200,OK,Review Submission Load Test 3-150,text,true,,316,251,1,2,http://localhost:8001/auth/login,171,0,1
1777221960271,3,POST /reviews/,201,Created,Review Submission Load Test 3-150,text,true,,380,440,1,3,http://localhost:8004/reviews/,3,0,1
1777221960274,2,GET /restaurants?q=ramen,200,OK,Restaurant Search Load Test 2-151,text,true,,587,137,1,2,http://localhost:8002/restaurants/?q=ramen,2,0,0
1777221960270,172,POST /auth/login,200,OK,Login Load Test 1-151,text,true,,316,251,1,2,http://localhost:8001/auth/login,172,0,1
1777221960297,171,Login for Token,200,OK,Review Submission Load Test 3-151,text,true,,316,251,1,1,http://localhost:8001/auth/login,171,0,1
1777221960468,4,POST /reviews/,201,Created,Review Submission Load Test 3-151,text,true,,380,440,1,1,http://localhost:8004/reviews/,4,0,1
1777221960475,4,GET /restaurants?q=ramen,200,OK,Restaurant Search Load Test 2-152,text,true,,587,137,1,2,http://localhost:8002/restaurants/?q=ramen,4,0,0
1777221960475,174,POST /auth/login,200,OK,Login Load Test 1-152,text,true,,316,251,1,2,http://localhost:8001/auth/login,174,0,0
1777221960671,2,GET /restaurants?q=ramen,200,OK,Restaurant Search Load Test 2-153,text,true,,587,137,1,3,http://localhost:8002/restaurants/?q=ramen,2,0,0
1777221960500,174,Login for Token,200,OK,Review Submission Load Test 3-152,text,true,,316,251,1,2,http://localhost:8001/auth/login,174,0,0
1777221960674,2,POST /reviews/,201,Created,Review Submission Load Test 3-152,text,true,,380,440,1,2,http://localhost:8004/reviews/,2,0,0
1777221960671,172,POST /auth/login,200,OK,Login Load Test 1-153,text,true,,316,251,1,2,http://localhost:8001/auth/login,172,0,1
1777221960700,171,Login for Token,200,OK,Review Submission Load Test 3-153,text,true,,316,251,1,1,http://localhost:8001/auth/login,171,0,0
1777221960871,3,POST /reviews/,201,Created,Review Submission Load Test 3-153,text,true,,380,440,1,3,http://localhost:8004/reviews/,3,0,0
1777221960874,4,GET /restaurants?q=ramen,200,OK,Restaurant Search Load Test 2-154,text,true,,587,137,1,2,http://localhost:8002/restaurants/?q=ramen,4,0,0
1777221960874,171,POST /auth/login,200,OK,Login Load Test 1-154,text,true,,316,251,1,2,http://localhost:8001/auth/login,171,0,0
1777221960899,171,Login for Token,200,OK,Review Submission Load Test 3-154,text,true,,316,251,1,1,http://localhost:8001/auth/login,171,0,0
1777221961071,3,POST /reviews/,201,Created,Review Submission Load Test 3-154,text,true,,380,440,1,3,http://localhost:8004/reviews/,3,0,0
1777221961073,4,GET /restaurants?q=ramen,200,OK,Restaurant Search Load Test 2-155,text,true,,587,137,1,2,http://localhost:8002/restaurants/?q=ramen,4,0,0
1777221961073,171,POST /auth/login,200,OK,Login Load Test 1-155,text,true,,316,251,1,2,http://localhost:8001/auth/login,171,0,0
1777221961100,170,Login for Token,200,OK,Review Submission Load Test 3-155,text,true,,316,251,1,1,http://localhost:8001/auth/login,170,0,0
1777221961271,3,POST /reviews/,201,Created,Review Submission Load Test 3-155,text,true,,380,440,1,2,http://localhost:8004/reviews/,3,0,0
1777221961272,4,GET /restaurants?q=ramen,200,OK,Restaurant Search Load Test 2-156,text,true,,587,137,1,2,http://localhost:8002/restaurants/?q=ramen,4,0,1
1777221961275,172,POST /auth/login,200,OK,Login Load Test 1-156,text,true,,316,251,1,2,http://localhost:8001/auth/login,172,0,1
1777221961298,171,Login for Token,200,OK,Review Submission Load Test 3-156,text,true,,316,251,1,1,http://localhost:8001/auth/login,171,0,0
1777221961470,3,POST /reviews/,201,Created,Review Submission Load Test 3-156,text,true,,380,440,1,1,http://localhost:8004/reviews/,3,0,0
1777221961474,3,GET /restaurants?q=ramen,200,OK,Restaurant Search Load Test 2-157,text,true,,587,137,1,2,http://localhost:8002/restaurants/?q=ramen,3,0,0
1777221961475,170,POST /auth/login,200,OK,Login Load Test 1-157,text,true,,316,251,1,2,http://localhost:8001/auth/login,170,0,0
1777221961500,171,Login for Token,200,OK,Review Submission Load Test 3-157,text,true,,316,251,1,1,http://localhost:8001/auth/login,171,0,0
1777221961671,4,POST /reviews/,201,Created,Review Submission Load Test 3-157,text,true,,380,440,1,3,http://localhost:8004/reviews/,4,0,1
1777221961674,4,GET /restaurants?q=ramen,200,OK,Restaurant Search Load Test 2-158,text,true,,587,137,1,2,http://localhost:8002/restaurants/?q=ramen,4,0,1
1777221961672,171,POST /auth/login,200,OK,Login Load Test 1-158,text,true,,316,251,1,2,http://localhost:8001/auth/login,171,0,0
1777221961697,170,Login for Token,200,OK,Review Submission Load Test 3-158,text,true,,316,251,1,1,http://localhost:8001/auth/login,170,0,0
1777221961868,2,POST /reviews/,201,Created,Review Submission Load Test 3-158,text,true,,380,440,1,2,http://localhost:8004/reviews/,2,0,0
1777221961873,2,GET /restaurants?q=ramen,200,OK,Restaurant Search Load Test 2-159,text,true,,587,137,1,2,http://localhost:8002/restaurants/?q=ramen,2,0,1
1777221961868,171,POST /auth/login,200,OK,Login Load Test 1-159,text,true,,316,251,1,2,http://localhost:8001/auth/login,171,0,0
1777221961901,170,Login for Token,200,OK,Review Submission Load Test 3-159,text,true,,316,251,1,3,http://localhost:8001/auth/login,170,0,0
1777221962071,3,POST /reviews/,201,Created,Review Submission Load Test 3-159,text,true,,380,440,1,3,http://localhost:8004/reviews/,3,0,0
1777221962071,4,GET /restaurants?q=ramen,200,OK,Restaurant Search Load Test 2-160,text,true,,587,137,1,2,http://localhost:8002/restaurants/?q=ramen,4,0,0
1777221962070,176,POST /auth/login,200,OK,Login Load Test 1-160,text,true,,316,251,1,2,http://localhost:8001/auth/login,176,0,0
1777221962101,176,Login for Token,200,OK,Review Submission Load Test 3-160,text,true,,316,251,1,3,http://localhost:8001/auth/login,176,0,0
1777221962275,3,GET /restaurants?q=ramen,200,OK,Restaurant Search Load Test 2-161,text,true,,587,137,1,3,http://localhost:8002/restaurants/?q=ramen,3,0,0
1777221962277,3,POST /reviews/,201,Created,Review Submission Load Test 3-160,text,true,,380,440,1,2,http://localhost:8004/reviews/,3,0,0
1777221962274,180,POST /auth/login,200,OK,Login Load Test 1-161,text,true,,316,251,1,2,http://localhost:8001/auth/login,180,0,0
1777221962473,2,GET /restaurants?q=ramen,200,OK,Restaurant Search Load Test 2-162,text,true,,587,137,1,3,http://localhost:8002/restaurants/?q=ramen,2,0,0
1777221962296,184,Login for Token,200,OK,Review Submission Load Test 3-161,text,true,,316,251,1,2,http://localhost:8001/auth/login,184,0,1
1777221962480,2,POST /reviews/,201,Created,Review Submission Load Test 3-161,text,true,,380,440,1,2,http://localhost:8004/reviews/,2,0,0
1777221962473,178,POST /auth/login,200,OK,Login Load Test 1-162,text,true,,316,251,1,2,http://localhost:8001/auth/login,178,0,1
1777221962495,177,Login for Token,200,OK,Review Submission Load Test 3-162,text,true,,316,251,1,2,http://localhost:8001/auth/login,177,0,1
1777221962672,2,POST /reviews/,201,Created,Review Submission Load Test 3-162,text,true,,380,440,1,2,http://localhost:8004/reviews/,2,0,0
1777221962675,1,GET /restaurants?q=ramen,200,OK,Restaurant Search Load Test 2-163,text,true,,587,137,1,2,http://localhost:8002/restaurants/?q=ramen,1,0,0
1777221962672,172,POST /auth/login,200,OK,Login Load Test 1-163,text,true,,316,251,1,2,http://localhost:8001/auth/login,172,0,0
1777221962700,172,Login for Token,200,OK,Review Submission Load Test 3-163,text,true,,316,251,1,2,http://localhost:8001/auth/login,172,0,0
1777221962872,5,POST /reviews/,201,Created,Review Submission Load Test 3-163,text,true,,380,440,1,3,http://localhost:8004/reviews/,5,0,3
1777221962875,2,GET /restaurants?q=ramen,200,OK,Restaurant Search Load Test 2-164,text,true,,587,137,1,2,http://localhost:8002/restaurants/?q=ramen,2,0,0
1777221962869,173,POST /auth/login,200,OK,Login Load Test 1-164,text,true,,316,251,1,2,http://localhost:8001/auth/login,173,0,1
1777221962900,171,Login for Token,200,OK,Review Submission Load Test 3-164,text,true,,316,251,1,3,http://localhost:8001/auth/login,171,0,1
1777221963072,3,POST /reviews/,201,Created,Review Submission Load Test 3-164,text,true,,380,440,1,3,http://localhost:8004/reviews/,3,0,0
1777221963071,4,GET /restaurants?q=ramen,200,OK,Restaurant Search Load Test 2-165,text,true,,587,137,1,3,http://localhost:8002/restaurants/?q=ramen,4,0,0
1777221963071,172,POST /auth/login,200,OK,Login Load Test 1-165,text,true,,316,251,1,2,http://localhost:8001/auth/login,172,0,0
1777221963100,172,Login for Token,200,OK,Review Submission Load Test 3-165,text,true,,316,251,1,3,http://localhost:8001/auth/login,172,0,0
1777221963270,3,GET /restaurants?q=ramen,200,OK,Restaurant Search Load Test 2-166,text,true,,587,137,1,3,http://localhost:8002/restaurants/?q=ramen,3,0,0
1777221963272,2,POST /reviews/,201,Created,Review Submission Load Test 3-165,text,true,,380,440,1,2,http://localhost:8004/reviews/,2,0,0
1777221963268,172,POST /auth/login,200,OK,Login Load Test 1-166,text,true,,316,251,1,2,http://localhost:8001/auth/login,172,0,1
1777221963298,171,Login for Token,200,OK,Review Submission Load Test 3-166,text,true,,316,251,1,1,http://localhost:8001/auth/login,171,0,0
1777221963469,4,POST /reviews/,201,Created,Review Submission Load Test 3-166,text,true,,380,440,1,3,http://localhost:8004/reviews/,4,0,1
1777221963470,4,GET /restaurants?q=ramen,200,OK,Restaurant Search Load Test 2-167,text,true,,587,137,1,2,http://localhost:8002/restaurants/?q=ramen,4,0,1
1777221963470,172,POST /auth/login,200,OK,Login Load Test 1-167,text,true,,316,251,1,2,http://localhost:8001/auth/login,172,0,0
1777221963500,171,Login for Token,200,OK,Review Submission Load Test 3-167,text,true,,316,251,1,2,http://localhost:8001/auth/login,171,0,0
1777221963671,3,POST /reviews/,201,Created,Review Submission Load Test 3-167,text,true,,380,440,1,2,http://localhost:8004/reviews/,3,0,0
1777221963675,3,GET /restaurants?q=ramen,200,OK,Restaurant Search Load Test 2-168,text,true,,587,137,1,2,http://localhost:8002/restaurants/?q=ramen,3,0,0
1777221963671,171,POST /auth/login,200,OK,Login Load Test 1-168,text,true,,316,251,1,2,http://localhost:8001/auth/login,171,0,0
1777221963695,170,Login for Token,200,OK,Review Submission Load Test 3-168,text,true,,316,251,1,1,http://localhost:8001/auth/login,170,0,0
1777221963866,3,POST /reviews/,201,Created,Review Submission Load Test 3-168,text,true,,380,440,1,1,http://localhost:8004/reviews/,3,0,0
1777221963874,3,GET /restaurants?q=ramen,200,OK,Restaurant Search Load Test 2-169,text,true,,587,137,1,2,http://localhost:8002/restaurants/?q=ramen,3,0,0
1777221963873,171,POST /auth/login,200,OK,Login Load Test 1-169,text,true,,316,251,1,2,http://localhost:8001/auth/login,171,0,0
1777221963900,171,Login for Token,200,OK,Review Submission Load Test 3-169,text,true,,316,251,1,2,http://localhost:8001/auth/login,171,0,1
1777221964071,3,POST /reviews/,201,Created,Review Submission Load Test 3-169,text,true,,380,440,1,2,http://localhost:8004/reviews/,3,0,1
1777221964075,3,GET /restaurants?q=ramen,200,OK,Restaurant Search Load Test 2-170,text,true,,587,137,1,2,http://localhost:8002/restaurants/?q=ramen,3,0,0
1777221964071,171,POST /auth/login,200,OK,Login Load Test 1-170,text,true,,316,251,1,2,http://localhost:8001/auth/login,171,0,0
1777221964100,171,Login for Token,200,OK,Review Submission Load Test 3-170,text,true,,316,251,1,1,http://localhost:8001/auth/login,171,0,0
1777221964271,3,POST /reviews/,201,Created,Review Submission Load Test 3-170,text,true,,380,440,1,2,http://localhost:8004/reviews/,3,0,0
1777221964275,4,GET /restaurants?q=ramen,200,OK,Restaurant Search Load Test 2-171,text,true,,587,137,1,2,http://localhost:8002/restaurants/?q=ramen,4,0,0
1777221964272,172,POST /auth/login,200,OK,Login Load Test 1-171,text,true,,316,251,1,2,http://localhost:8001/auth/login,171,0,0
1777221964300,172,Login for Token,200,OK,Review Submission Load Test 3-171,text,true,,316,251,1,1,http://localhost:8001/auth/login,172,0,1
1777221964472,3,POST /reviews/,201,Created,Review Submission Load Test 3-171,text,true,,380,440,1,3,http://localhost:8004/reviews/,3,0,1
1777221964473,3,GET /restaurants?q=ramen,200,OK,Restaurant Search Load Test 2-172,text,true,,587,137,1,2,http://localhost:8002/restaurants/?q=ramen,3,0,0
1777221964473,171,POST /auth/login,200,OK,Login Load Test 1-172,text,true,,316,251,1,2,http://localhost:8001/auth/login,171,0,0
1777221964500,171,Login for Token,200,OK,Review Submission Load Test 3-172,text,true,,316,251,1,2,http://localhost:8001/auth/login,171,0,1
1777221964672,2,POST /reviews/,201,Created,Review Submission Load Test 3-172,text,true,,380,440,1,3,http://localhost:8004/reviews/,2,0,0
1777221964672,3,GET /restaurants?q=ramen,200,OK,Restaurant Search Load Test 2-173,text,true,,587,137,1,2,http://localhost:8002/restaurants/?q=ramen,3,0,0
1777221964672,170,POST /auth/login,200,OK,Login Load Test 1-173,text,true,,316,251,1,2,http://localhost:8001/auth/login,170,0,0
1777221964697,171,Login for Token,200,OK,Review Submission Load Test 3-173,text,true,,316,251,1,1,http://localhost:8001/auth/login,171,0,1
1777221964868,3,POST /reviews/,201,Created,Review Submission Load Test 3-173,text,true,,380,440,1,2,http://localhost:8004/reviews/,3,0,0
1777221964875,2,GET /restaurants?q=ramen,200,OK,Restaurant Search Load Test 2-174,text,true,,587,137,1,2,http://localhost:8002/restaurants/?q=ramen,2,0,0
1777221964871,172,POST /auth/login,200,OK,Login Load Test 1-174,text,true,,316,251,1,2,http://localhost:8001/auth/login,172,0,0
1777221964900,171,Login for Token,200,OK,Review Submission Load Test 3-174,text,true,,316,251,1,2,http://localhost:8001/auth/login,170,0,0
1777221965071,2,POST /reviews/,201,Created,Review Submission Load Test 3-174,text,true,,380,440,1,3,http://localhost:8004/reviews/,2,0,0
1777221965071,3,GET /restaurants?q=ramen,200,OK,Restaurant Search Load Test 2-175,text,true,,587,137,1,2,http://localhost:8002/restaurants/?q=ramen,3,0,0
1777221965072,172,POST /auth/login,200,OK,Login Load Test 1-175,text,true,,316,251,1,2,http://localhost:8001/auth/login,172,0,0
1777221965095,172,Login for Token,200,OK,Review Submission Load Test 3-175,text,true,,316,251,1,1,http://localhost:8001/auth/login,172,0,0
1777221965267,3,POST /reviews/,201,Created,Review Submission Load Test 3-175,text,true,,380,440,1,1,http://localhost:8004/reviews/,3,0,1
1777221965271,3,GET /restaurants?q=ramen,200,OK,Restaurant Search Load Test 2-176,text,true,,587,137,1,2,http://localhost:8002/restaurants/?q=ramen,3,0,0
1777221965271,171,POST /auth/login,200,OK,Login Load Test 1-176,text,true,,316,251,1,2,http://localhost:8001/auth/login,171,0,0
1777221965300,171,Login for Token,200,OK,Review Submission Load Test 3-176,text,true,,316,251,1,2,http://localhost:8001/auth/login,171,0,0
1777221965472,2,POST /reviews/,201,Created,Review Submission Load Test 3-176,text,true,,380,440,1,3,http://localhost:8004/reviews/,2,0,0
1777221965474,4,GET /restaurants?q=ramen,200,OK,Restaurant Search Load Test 2-177,text,true,,587,137,1,2,http://localhost:8002/restaurants/?q=ramen,4,0,0
1777221965469,171,POST /auth/login,200,OK,Login Load Test 1-177,text,true,,316,251,1,2,http://localhost:8001/auth/login,171,0,0
1777221965499,171,Login for Token,200,OK,Review Submission Load Test 3-177,text,true,,316,251,1,2,http://localhost:8001/auth/login,171,0,1
1777221965670,2,POST /reviews/,201,Created,Review Submission Load Test 3-177,text,true,,380,440,1,2,http://localhost:8004/reviews/,2,0,0
1777221965675,3,GET /restaurants?q=ramen,200,OK,Restaurant Search Load Test 2-178,text,true,,587,137,1,2,http://localhost:8002/restaurants/?q=ramen,3,0,0
1777221965667,171,POST /auth/login,200,OK,Login Load Test 1-178,text,true,,316,251,1,2,http://localhost:8001/auth/login,171,0,0
1777221965700,171,Login for Token,200,OK,Review Submission Load Test 3-178,text,true,,316,251,1,1,http://localhost:8001/auth/login,171,0,0
1777221965871,4,POST /reviews/,201,Created,Review Submission Load Test 3-178,text,true,,380,440,1,3,http://localhost:8004/reviews/,4,0,1
1777221965875,2,GET /restaurants?q=ramen,200,OK,Restaurant Search Load Test 2-179,text,true,,587,137,1,2,http://localhost:8002/restaurants/?q=ramen,2,0,0
1777221965874,171,POST /auth/login,200,OK,Login Load Test 1-179,text,true,,316,251,1,2,http://localhost:8001/auth/login,171,0,0
1777221965897,170,Login for Token,200,OK,Review Submission Load Test 3-179,text,true,,316,251,1,1,http://localhost:8001/auth/login,170,0,0
1777221966068,3,POST /reviews/,201,Created,Review Submission Load Test 3-179,text,true,,380,440,1,1,http://localhost:8004/reviews/,3,0,0
1777221966072,3,GET /restaurants?q=ramen,200,OK,Restaurant Search Load Test 2-180,text,true,,587,137,1,2,http://localhost:8002/restaurants/?q=ramen,3,0,0
1777221966072,172,POST /auth/login,200,OK,Login Load Test 1-180,text,true,,316,251,1,2,http://localhost:8001/auth/login,172,0,1
1777221966100,172,Login for Token,200,OK,Review Submission Load Test 3-180,text,true,,316,251,1,2,http://localhost:8001/auth/login,172,0,1
1777221966272,3,POST /reviews/,201,Created,Review Submission Load Test 3-180,text,true,,380,440,1,2,http://localhost:8004/reviews/,3,0,0
1777221966275,3,GET /restaurants?q=ramen,200,OK,Restaurant Search Load Test 2-181,text,true,,587,137,1,2,http://localhost:8002/restaurants/?q=ramen,3,0,0
1777221966267,172,POST /auth/login,200,OK,Login Load Test 1-181,text,true,,316,251,1,2,http://localhost:8001/auth/login,172,0,0
1777221966295,171,Login for Token,200,OK,Review Submission Load Test 3-181,text,true,,316,251,1,2,http://localhost:8001/auth/login,171,0,0
1777221966467,3,POST /reviews/,201,Created,Review Submission Load Test 3-181,text,true,,380,440,1,2,http://localhost:8004/reviews/,3,0,0
1777221966474,4,GET /restaurants?q=ramen,200,OK,Restaurant Search Load Test 2-182,text,true,,587,137,1,2,http://localhost:8002/restaurants/?q=ramen,4,0,0
1777221966467,171,POST /auth/login,200,OK,Login Load Test 1-182,text,true,,316,251,1,2,http://localhost:8001/auth/login,171,0,0
1777221966500,170,Login for Token,200,OK,Review Submission Load Test 3-182,text,true,,316,251,1,1,http://localhost:8001/auth/login,170,0,0
1777221966671,3,POST /reviews/,201,Created,Review Submission Load Test 3-182,text,true,,380,440,1,3,http://localhost:8004/reviews/,3,0,0
1777221966671,4,GET /restaurants?q=ramen,200,OK,Restaurant Search Load Test 2-183,text,true,,587,137,1,2,http://localhost:8002/restaurants/?q=ramen,4,0,0
1777221966674,170,POST /auth/login,200,OK,Login Load Test 1-183,text,true,,316,251,1,2,http://localhost:8001/auth/login,170,0,0
1777221966700,171,Login for Token,200,OK,Review Submission Load Test 3-183,text,true,,316,251,1,1,http://localhost:8001/auth/login,171,0,1
1777221966871,4,POST /reviews/,201,Created,Review Submission Load Test 3-183,text,true,,380,440,1,3,http://localhost:8004/reviews/,4,0,1
1777221966874,3,GET /restaurants?q=ramen,200,OK,Restaurant Search Load Test 2-184,text,true,,587,137,1,2,http://localhost:8002/restaurants/?q=ramen,3,0,0
1777221966874,170,POST /auth/login,200,OK,Login Load Test 1-184,text,true,,316,251,1,2,http://localhost:8001/auth/login,170,0,0
1777221966900,170,Login for Token,200,OK,Review Submission Load Test 3-184,text,true,,316,251,1,1,http://localhost:8001/auth/login,170,0,0
1777221967071,3,POST /reviews/,201,Created,Review Submission Load Test 3-184,text,true,,380,440,1,3,http://localhost:8004/reviews/,3,0,0
1777221967071,4,GET /restaurants?q=ramen,200,OK,Restaurant Search Load Test 2-185,text,true,,587,137,1,2,http://localhost:8002/restaurants/?q=ramen,4,0,0
1777221967071,173,POST /auth/login,200,OK,Login Load Test 1-185,text,true,,316,251,1,2,http://localhost:8001/auth/login,173,0,0
1777221967100,172,Login for Token,200,OK,Review Submission Load Test 3-185,text,true,,316,251,1,3,http://localhost:8001/auth/login,172,0,0
1777221967271,4,GET /restaurants?q=ramen,200,OK,Restaurant Search Load Test 2-186,text,true,,587,137,1,3,http://localhost:8002/restaurants/?q=ramen,4,0,1
1777221967272,3,POST /reviews/,201,Created,Review Submission Load Test 3-185,text,true,,380,440,1,2,http://localhost:8004/reviews/,3,0,1
1777221967272,172,POST /auth/login,200,OK,Login Load Test 1-186,text,true,,316,251,1,2,http://localhost:8001/auth/login,172,0,0
1777221967296,173,Login for Token,200,OK,Review Submission Load Test 3-186,text,true,,316,251,1,2,http://localhost:8001/auth/login,173,0,0
1777221967469,3,POST /reviews/,201,Created,Review Submission Load Test 3-186,text,true,,380,440,1,2,http://localhost:8004/reviews/,3,0,0
1777221967475,2,GET /restaurants?q=ramen,200,OK,Restaurant Search Load Test 2-187,text,true,,587,137,1,2,http://localhost:8002/restaurants/?q=ramen,2,0,0
1777221967468,172,POST /auth/login,200,OK,Login Load Test 1-187,text,true,,316,251,1,2,http://localhost:8001/auth/login,172,0,0
1777221967497,172,Login for Token,200,OK,Review Submission Load Test 3-187,text,true,,316,251,1,1,http://localhost:8001/auth/login,172,0,0
1777221967670,3,POST /reviews/,201,Created,Review Submission Load Test 3-187,text,true,,380,440,1,2,http://localhost:8004/reviews/,3,0,0
1777221967673,3,GET /restaurants?q=ramen,200,OK,Restaurant Search Load Test 2-188,text,true,,587,137,1,2,http://localhost:8002/restaurants/?q=ramen,3,0,1
1777221967672,172,POST /auth/login,200,OK,Login Load Test 1-188,text,true,,316,251,1,2,http://localhost:8001/auth/login,172,0,0
1777221967700,172,Login for Token,200,OK,Review Submission Load Test 3-188,text,true,,316,251,1,2,http://localhost:8001/auth/login,172,0,0
1777221967872,2,POST /reviews/,201,Created,Review Submission Load Test 3-188,text,true,,380,440,1,2,http://localhost:8004/reviews/,2,0,0
1777221967875,2,GET /restaurants?q=ramen,200,OK,Restaurant Search Load Test 2-189,text,true,,587,137,1,2,http://localhost:8002/restaurants/?q=ramen,2,0,0
1777221967871,172,POST /auth/login,200,OK,Login Load Test 1-189,text,true,,316,251,1,2,http://localhost:8001/auth/login,172,0,0
1777221967898,171,Login for Token,200,OK,Review Submission Load Test 3-189,text,true,,316,251,1,1,http://localhost:8001/auth/login,171,0,1
1777221968069,4,POST /reviews/,201,Created,Review Submission Load Test 3-189,text,true,,380,440,1,2,http://localhost:8004/reviews/,4,0,1
1777221968075,2,GET /restaurants?q=ramen,200,OK,Restaurant Search Load Test 2-190,text,true,,587,137,1,2,http://localhost:8002/restaurants/?q=ramen,2,0,0
1777221968071,171,POST /auth/login,200,OK,Login Load Test 1-190,text,true,,316,251,1,2,http://localhost:8001/auth/login,171,0,0
1777221968100,172,Login for Token,200,OK,Review Submission Load Test 3-190,text,true,,316,251,1,3,http://localhost:8001/auth/login,172,0,0
1777221968272,3,POST /reviews/,201,Created,Review Submission Load Test 3-190,text,true,,380,440,1,3,http://localhost:8004/reviews/,3,0,0
1777221968272,3,GET /restaurants?q=ramen,200,OK,Restaurant Search Load Test 2-191,text,true,,587,137,1,2,http://localhost:8002/restaurants/?q=ramen,3,0,0
1777221968267,171,POST /auth/login,200,OK,Login Load Test 1-191,text,true,,316,251,1,2,http://localhost:8001/auth/login,171,0,0
1777221968300,171,Login for Token,200,OK,Review Submission Load Test 3-191,text,true,,316,251,1,1,http://localhost:8001/auth/login,171,0,0
1777221968471,3,POST /reviews/,201,Created,Review Submission Load Test 3-191,text,true,,380,440,1,3,http://localhost:8004/reviews/,3,0,0
1777221968472,3,GET /restaurants?q=ramen,200,OK,Restaurant Search Load Test 2-192,text,true,,587,137,1,2,http://localhost:8002/restaurants/?q=ramen,3,0,0
1777221968472,171,POST /auth/login,200,OK,Login Load Test 1-192,text,true,,316,251,1,2,http://localhost:8001/auth/login,171,0,0
1777221968500,171,Login for Token,200,OK,Review Submission Load Test 3-192,text,true,,316,251,1,2,http://localhost:8001/auth/login,171,0,0
1777221968671,3,POST /reviews/,201,Created,Review Submission Load Test 3-192,text,true,,380,440,1,2,http://localhost:8004/reviews/,3,0,0
1777221968675,3,GET /restaurants?q=ramen,200,OK,Restaurant Search Load Test 2-193,text,true,,587,137,1,2,http://localhost:8002/restaurants/?q=ramen,3,0,0
1777221968666,172,POST /auth/login,200,OK,Login Load Test 1-193,text,true,,316,251,1,2,http://localhost:8001/auth/login,172,0,1
1777221968700,171,Login for Token,200,OK,Review Submission Load Test 3-193,text,true,,316,251,1,2,http://localhost:8001/auth/login,171,0,0
1777221968872,3,POST /reviews/,201,Created,Review Submission Load Test 3-193,text,true,,380,440,1,3,http://localhost:8004/reviews/,3,0,0
1777221968875,3,GET /restaurants?q=ramen,200,OK,Restaurant Search Load Test 2-194,text,true,,587,137,1,2,http://localhost:8002/restaurants/?q=ramen,3,0,0
1777221968869,171,POST /auth/login,200,OK,Login Load Test 1-194,text,true,,316,251,1,2,http://localhost:8001/auth/login,171,0,0
1777221968900,170,Login for Token,200,OK,Review Submission Load Test 3-194,text,true,,316,251,1,1,http://localhost:8001/auth/login,170,0,0
1777221969070,3,POST /reviews/,201,Created,Review Submission Load Test 3-194,text,true,,380,440,1,3,http://localhost:8004/reviews/,3,0,1
1777221969071,3,GET /restaurants?q=ramen,200,OK,Restaurant Search Load Test 2-195,text,true,,587,137,1,2,http://localhost:8002/restaurants/?q=ramen,3,0,0
1777221969071,171,POST /auth/login,200,OK,Login Load Test 1-195,text,true,,316,251,1,2,http://localhost:8001/auth/login,171,0,0
1777221969098,171,Login for Token,200,OK,Review Submission Load Test 3-195,text,true,,316,251,1,1,http://localhost:8001/auth/login,171,0,1
1777221969270,2,POST /reviews/,201,Created,Review Submission Load Test 3-195,text,true,,380,440,1,2,http://localhost:8004/reviews/,2,0,0
1777221969275,3,GET /restaurants?q=ramen,200,OK,Restaurant Search Load Test 2-196,text,true,,587,137,1,2,http://localhost:8002/restaurants/?q=ramen,3,0,0
1777221969270,170,POST /auth/login,200,OK,Login Load Test 1-196,text,true,,316,251,1,2,http://localhost:8001/auth/login,170,0,0
1777221969300,171,Login for Token,200,OK,Review Submission Load Test 3-196,text,true,,316,251,1,1,http://localhost:8001/auth/login,171,0,0
1777221969471,4,POST /reviews/,201,Created,Review Submission Load Test 3-196,text,true,,380,440,1,3,http://localhost:8004/reviews/,4,0,1
1777221969473,3,GET /restaurants?q=ramen,200,OK,Restaurant Search Load Test 2-197,text,true,,587,137,1,2,http://localhost:8002/restaurants/?q=ramen,3,0,1
1777221969473,171,POST /auth/login,200,OK,Login Load Test 1-197,text,true,,316,251,1,2,http://localhost:8001/auth/login,171,0,0
1777221969500,170,Login for Token,200,OK,Review Submission Load Test 3-197,text,true,,316,251,1,1,http://localhost:8001/auth/login,170,0,0
1777221969670,3,POST /reviews/,201,Created,Review Submission Load Test 3-197,text,true,,380,440,1,3,http://localhost:8004/reviews/,3,0,0
1777221969671,3,GET /restaurants?q=ramen,200,OK,Restaurant Search Load Test 2-198,text,true,,587,137,1,2,http://localhost:8002/restaurants/?q=ramen,3,0,0
1777221969670,171,POST /auth/login,200,OK,Login Load Test 1-198,text,true,,316,251,1,2,http://localhost:8001/auth/login,171,0,1
1777221969700,170,Login for Token,200,OK,Review Submission Load Test 3-198,text,true,,316,251,1,1,http://localhost:8001/auth/login,170,0,0
1777221969870,3,POST /reviews/,201,Created,Review Submission Load Test 3-198,text,true,,380,440,1,3,http://localhost:8004/reviews/,3,0,0
1777221969872,3,GET /restaurants?q=ramen,200,OK,Restaurant Search Load Test 2-199,text,true,,587,137,1,2,http://localhost:8002/restaurants/?q=ramen,3,0,0
1777221969872,171,POST /auth/login,200,OK,Login Load Test 1-199,text,true,,316,251,1,2,http://localhost:8001/auth/login,171,0,0
1777221969902,171,Login for Token,200,OK,Review Submission Load Test 3-199,text,true,,316,251,1,1,http://localhost:8001/auth/login,171,0,0
1777221970073,3,POST /reviews/,201,Created,Review Submission Load Test 3-199,text,true,,380,440,1,3,http://localhost:8004/reviews/,3,0,0
1777221970075,3,GET /restaurants?q=ramen,200,OK,Restaurant Search Load Test 2-200,text,true,,587,137,1,2,http://localhost:8002/restaurants/?q=ramen,3,0,0
1777221970073,171,POST /auth/login,200,OK,Login Load Test 1-200,text,true,,316,251,1,2,http://localhost:8001/auth/login,171,0,0
1777221970100,171,Login for Token,200,OK,Review Submission Load Test 3-200,text,true,,316,251,1,1,http://localhost:8001/auth/login,171,0,0
1777221970271,4,POST /reviews/,201,Created,Review Submission Load Test 3-200,text,true,,380,440,1,1,http://localhost:8004/reviews/,4,0,1
