timeStamp,elapsed,label,responseCode,responseMessage,threadName,dataType,success,failureMessage,bytes,sentBytes,grpThreads,allThreads,URL,Latency,IdleTime,Connect
1777162950862,19,GET /restaurants?q=ramen,200,OK,Restaurant Search Load Test 2-1,text,true,,587,137,2,6,http://localhost:8002/restaurants/?q=ramen,19,0,12
1777162950862,19,GET /restaurants?q=ramen,200,OK,Restaurant Search Load Test 2-2,text,true,,587,137,2,6,http://localhost:8002/restaurants/?q=ramen,19,0,11
1777162950886,2,GET /restaurants?q=ramen,200,OK,Restaurant Search Load Test 2-3,text,true,,587,137,1,6,http://localhost:8002/restaurants/?q=ramen,2,0,0
1777162950919,2,GET /restaurants?q=ramen,200,OK,Restaurant Search Load Test 2-4,text,true,,587,137,1,7,http://localhost:8002/restaurants/?q=ramen,2,0,0
1777162950951,4,GET /restaurants?q=ramen,200,OK,Restaurant Search Load Test 2-5,text,true,,587,137,1,10,http://localhost:8002/restaurants/?q=ramen,4,0,1
1777162950981,2,GET /restaurants?q=ramen,200,OK,Restaurant Search Load Test 2-6,text,true,,587,137,1,11,http://localhost:8002/restaurants/?q=ramen,2,0,0
1777162951017,1,GET /restaurants?q=ramen,200,OK,Restaurant Search Load Test 2-7,text,true,,587,137,1,13,http://localhost:8002/restaurants/?q=ramen,1,0,0
1777162951050,2,GET /restaurants?q=ramen,200,OK,Restaurant Search Load Test 2-8,text,true,,587,137,1,15,http://localhost:8002/restaurants/?q=ramen,2,0,1
1777162950862,206,POST /auth/login,200,OK,Login Load Test 1-1,text,true,,316,249,8,15,http://localhost:8001/auth/login,206,0,12
1777162950888,191,POST /auth/login,200,OK,Login Load Test 1-3,text,true,,316,249,7,16,http://localhost:8001/auth/login,191,0,0
1777162951079,2,GET /restaurants?q=ramen,200,OK,Restaurant Search Load Test 2-9,text,true,,587,137,1,15,http://localhost:8002/restaurants/?q=ramen,2,0,1
1777162950909,193,Login for Token,200,OK,Review Submission Load Test 3-3,text,true,,316,249,8,15,http://localhost:8001/auth/login,193,0,0
1777162951103,2,POST /reviews/,201,Created,Review Submission Load Test 3-3,text,true,,380,440,9,16,http://localhost:8004/reviews/,2,0,0
1777162951111,2,GET /restaurants?q=ramen,200,OK,Restaurant Search Load Test 2-10,text,true,,587,137,1,16,http://localhost:8002/restaurants/?q=ramen,2,0,1
1777162951143,1,GET /restaurants?q=ramen,200,OK,Restaurant Search Load Test 2-11,text,true,,587,137,1,18,http://localhost:8002/restaurants/?q=ramen,1,0,0
1777162951182,2,GET /restaurants?q=ramen,200,OK,Restaurant Search Load Test 2-12,text,true,,587,137,1,20,http://localhost:8002/restaurants/?q=ramen,2,0,1
1777162951215,2,GET /restaurants?q=ramen,200,OK,Restaurant Search Load Test 2-13,text,true,,587,137,1,23,http://localhost:8002/restaurants/?q=ramen,2,0,0
1777162951247,1,GET /restaurants?q=ramen,200,OK,Restaurant Search Load Test 2-14,text,true,,587,137,1,25,http://localhost:8002/restaurants/?q=ramen,1,0,0
1777162951074,189,Login for Token,200,OK,Review Submission Load Test 3-8,text,true,,316,250,12,24,http://localhost:8001/auth/login,189,0,1
1777162951264,2,POST /reviews/,201,Created,Review Submission Load Test 3-8,text,true,,380,440,12,24,http://localhost:8004/reviews/,2,0,0
1777162951278,3,GET /restaurants?q=ramen,200,OK,Restaurant Search Load Test 2-15,text,true,,587,137,1,25,http://localhost:8002/restaurants/?q=ramen,3,0,1
1777162951085,202,POST /auth/login,200,OK,Login Load Test 1-9,text,true,,316,250,13,25,http://localhost:8001/auth/login,202,0,0
1777162951312,3,GET /restaurants?q=ramen,200,OK,Restaurant Search Load Test 2-16,text,true,,587,137,1,27,http://localhost:8002/restaurants/?q=ramen,3,0,0
1777162951345,3,GET /restaurants?q=ramen,200,OK,Restaurant Search Load Test 2-17,text,true,,587,137,1,29,http://localhost:8002/restaurants/?q=ramen,3,0,0
1777162951378,3,GET /restaurants?q=ramen,200,OK,Restaurant Search Load Test 2-18,text,true,,587,137,1,31,http://localhost:8002/restaurants/?q=ramen,3,0,0
1777162951411,3,GET /restaurants?q=ramen,200,OK,Restaurant Search Load Test 2-19,text,true,,587,137,1,32,http://localhost:8002/restaurants/?q=ramen,3,0,0
1777162950862,575,POST /auth/login,200,OK,Login Load Test 1-2,text,true,,316,249,16,33,http://localhost:8001/auth/login,575,0,11
1777162950862,575,Login for Token,200,OK,Review Submission Load Test 3-1,text,true,,316,249,17,32,http://localhost:8001/auth/login,575,0,12
1777162950874,564,Login for Token,200,OK,Review Submission Load Test 3-2,text,true,,316,249,17,32,http://localhost:8001/auth/login,564,0,0
1777162951437,4,POST /reviews/,201,Created,Review Submission Load Test 3-1,text,true,,380,440,17,32,http://localhost:8004/reviews/,4,0,1
1777162951439,3,POST /reviews/,201,Created,Review Submission Load Test 3-2,text,true,,380,440,16,31,http://localhost:8004/reviews/,3,0,0
1777162951444,2,GET /restaurants?q=ramen,200,OK,Restaurant Search Load Test 2-20,text,true,,587,137,1,31,http://localhost:8002/restaurants/?q=ramen,2,0,0
1777162951477,4,GET /restaurants?q=ramen,200,OK,Restaurant Search Load Test 2-21,text,true,,587,137,1,34,http://localhost:8002/restaurants/?q=ramen,4,0,0
1777162951507,3,GET /restaurants?q=ramen,200,OK,Restaurant Search Load Test 2-22,text,true,,587,137,1,35,http://localhost:8002/restaurants/?q=ramen,3,0,0
1777162951543,3,GET /restaurants?q=ramen,200,OK,Restaurant Search Load Test 2-23,text,true,,587,137,1,38,http://localhost:8002/restaurants/?q=ramen,3,0,0
1777162951576,3,GET /restaurants?q=ramen,200,OK,Restaurant Search Load Test 2-24,text,true,,587,137,1,39,http://localhost:8002/restaurants/?q=ramen,3,0,1
1777162951609,4,GET /restaurants?q=ramen,200,OK,Restaurant Search Load Test 2-25,text,true,,587,137,1,42,http://localhost:8002/restaurants/?q=ramen,4,0,1
1777162951641,4,GET /restaurants?q=ramen,200,OK,Restaurant Search Load Test 2-26,text,true,,587,137,1,44,http://localhost:8002/restaurants/?q=ramen,4,0,1
1777162951283,369,POST /auth/login,200,OK,Login Load Test 1-15,text,true,,316,250,22,43,http://localhost:8001/auth/login,369,0,0
1777162951273,381,Login for Token,200,OK,Review Submission Load Test 3-14,text,true,,316,250,21,42,http://localhost:8001/auth/login,381,0,0
1777162951654,3,POST /reviews/,201,Created,Review Submission Load Test 3-14,text,true,,380,440,21,42,http://localhost:8004/reviews/,3,0,0
1777162951675,2,GET /restaurants?q=ramen,200,OK,Restaurant Search Load Test 2-27,text,true,,587,137,1,44,http://localhost:8002/restaurants/?q=ramen,2,0,0
1777162951708,2,GET /restaurants?q=ramen,200,OK,Restaurant Search Load Test 2-28,text,true,,587,137,1,46,http://localhost:8002/restaurants/?q=ramen,2,0,0
1777162951741,3,GET /restaurants?q=ramen,200,OK,Restaurant Search Load Test 2-29,text,true,,587,137,1,48,http://localhost:8002/restaurants/?q=ramen,3,0,0
1777162951769,3,GET /restaurants?q=ramen,200,OK,Restaurant Search Load Test 2-30,text,true,,587,137,1,49,http://localhost:8002/restaurants/?q=ramen,3,0,0
1777162951807,3,GET /restaurants?q=ramen,200,OK,Restaurant Search Load Test 2-31,text,true,,587,137,1,52,http://localhost:8002/restaurants/?q=ramen,3,0,0
1777162951839,2,GET /restaurants?q=ramen,200,OK,Restaurant Search Load Test 2-32,text,true,,587,137,1,53,http://localhost:8002/restaurants/?q=ramen,2,0,0
1777162951873,4,GET /restaurants?q=ramen,200,OK,Restaurant Search Load Test 2-33,text,true,,587,137,1,56,http://localhost:8002/restaurants/?q=ramen,4,0,0
1777162951905,4,GET /restaurants?q=ramen,200,OK,Restaurant Search Load Test 2-34,text,true,,587,137,1,58,http://localhost:8002/restaurants/?q=ramen,4,0,0
1777162951938,4,GET /restaurants?q=ramen,200,OK,Restaurant Search Load Test 2-35,text,true,,587,137,1,60,http://localhost:8002/restaurants/?q=ramen,4,0,1
1777162951971,3,GET /restaurants?q=ramen,200,OK,Restaurant Search Load Test 2-36,text,true,,587,137,1,62,http://localhost:8002/restaurants/?q=ramen,3,0,0
1777162952006,2,GET /restaurants?q=ramen,200,OK,Restaurant Search Load Test 2-37,text,true,,587,137,1,64,http://localhost:8002/restaurants/?q=ramen,2,0,0
1777162952037,4,GET /restaurants?q=ramen,200,OK,Restaurant Search Load Test 2-38,text,true,,587,137,1,66,http://localhost:8002/restaurants/?q=ramen,4,0,1
1777162952070,3,GET /restaurants?q=ramen,200,OK,Restaurant Search Load Test 2-39,text,true,,587,137,1,68,http://localhost:8002/restaurants/?q=ramen,3,0,1
1777162952104,3,GET /restaurants?q=ramen,200,OK,Restaurant Search Load Test 2-40,text,true,,587,137,1,69,http://localhost:8002/restaurants/?q=ramen,3,0,0
1777162952136,4,GET /restaurants?q=ramen,200,OK,Restaurant Search Load Test 2-41,text,true,,587,137,1,71,http://localhost:8002/restaurants/?q=ramen,4,0,1
1777162952169,4,GET /restaurants?q=ramen,200,OK,Restaurant Search Load Test 2-42,text,true,,587,137,1,74,http://localhost:8002/restaurants/?q=ramen,4,0,1
1777162952202,4,GET /restaurants?q=ramen,200,OK,Restaurant Search Load Test 2-43,text,true,,587,137,1,76,http://localhost:8002/restaurants/?q=ramen,4,0,1
1777162952236,3,GET /restaurants?q=ramen,200,OK,Restaurant Search Load Test 2-44,text,true,,587,137,1,78,http://localhost:8002/restaurants/?q=ramen,3,0,0
1777162952269,4,GET /restaurants?q=ramen,200,OK,Restaurant Search Load Test 2-45,text,true,,587,137,1,80,http://localhost:8002/restaurants/?q=ramen,4,0,0
1777162952302,3,GET /restaurants?q=ramen,200,OK,Restaurant Search Load Test 2-46,text,true,,587,137,1,82,http://localhost:8002/restaurants/?q=ramen,3,0,0
1777162952336,4,GET /restaurants?q=ramen,200,OK,Restaurant Search Load Test 2-47,text,true,,587,137,1,84,http://localhost:8002/restaurants/?q=ramen,4,0,1
1777162952368,3,GET /restaurants?q=ramen,200,OK,Restaurant Search Load Test 2-48,text,true,,587,137,1,86,http://localhost:8002/restaurants/?q=ramen,3,0,0
1777162952401,3,GET /restaurants?q=ramen,200,OK,Restaurant Search Load Test 2-49,text,true,,587,137,1,88,http://localhost:8002/restaurants/?q=ramen,3,0,1
1777162952431,3,GET /restaurants?q=ramen,200,OK,Restaurant Search Load Test 2-50,text,true,,587,137,1,90,http://localhost:8002/restaurants/?q=ramen,3,0,1
1777162952463,3,GET /restaurants?q=ramen,200,OK,Restaurant Search Load Test 2-51,text,true,,587,137,1,92,http://localhost:8002/restaurants/?q=ramen,3,0,0
1777162952500,3,GET /restaurants?q=ramen,200,OK,Restaurant Search Load Test 2-52,text,true,,587,137,1,94,http://localhost:8002/restaurants/?q=ramen,3,0,0
1777162952528,4,GET /restaurants?q=ramen,200,OK,Restaurant Search Load Test 2-53,text,true,,587,137,1,96,http://localhost:8002/restaurants/?q=ramen,4,0,1
1777162951210,1336,POST /auth/login,200,OK,Login Load Test 1-13,text,true,,316,250,48,95,http://localhost:8001/auth/login,1336,0,1
1777162951154,1392,POST /auth/login,200,OK,Login Load Test 1-11,text,true,,316,250,48,95,http://localhost:8001/auth/login,1392,0,0
1777162951184,1362,POST /auth/login,200,OK,Login Load Test 1-12,text,true,,316,250,48,95,http://localhost:8001/auth/login,1362,0,1
1777162951170,1376,Login for Token,200,OK,Review Submission Load Test 3-11,text,true,,316,250,47,95,http://localhost:8001/auth/login,1376,0,0
1777162951207,1339,Login for Token,200,OK,Review Submission Load Test 3-12,text,true,,316,250,47,92,http://localhost:8001/auth/login,1339,0,0
1777162951247,1299,POST /auth/login,200,OK,Login Load Test 1-14,text,true,,316,250,45,92,http://localhost:8001/auth/login,1299,0,0
1777162951240,1308,Login for Token,200,OK,Review Submission Load Test 3-13,text,true,,316,250,47,91,http://localhost:8001/auth/login,1308,0,0
1777162952546,3,POST /reviews/,201,Created,Review Submission Load Test 3-11,text,true,,380,440,47,91,http://localhost:8004/reviews/,3,0,0
1777162952546,3,POST /reviews/,201,Created,Review Submission Load Test 3-12,text,true,,380,440,46,90,http://localhost:8004/reviews/,3,0,1
1777162952548,2,POST /reviews/,201,Created,Review Submission Load Test 3-13,text,true,,380,440,45,89,http://localhost:8004/reviews/,2,0,0
1777162952562,3,GET /restaurants?q=ramen,200,OK,Restaurant Search Load Test 2-54,text,true,,587,137,1,91,http://localhost:8002/restaurants/?q=ramen,3,0,0
1777162952599,4,GET /restaurants?q=ramen,200,OK,Restaurant Search Load Test 2-55,text,true,,587,137,1,93,http://localhost:8002/restaurants/?q=ramen,4,0,0
1777162952629,3,GET /restaurants?q=ramen,200,OK,Restaurant Search Load Test 2-56,text,true,,587,137,1,95,http://localhost:8002/restaurants/?q=ramen,3,0,0
1777162952666,4,GET /restaurants?q=ramen,200,OK,Restaurant Search Load Test 2-57,text,true,,587,137,1,97,http://localhost:8002/restaurants/?q=ramen,4,0,1
1777162952698,3,GET /restaurants?q=ramen,200,OK,Restaurant Search Load Test 2-58,text,true,,587,137,1,99,http://localhost:8002/restaurants/?q=ramen,3,0,0
1777162950990,1724,POST /auth/login,200,OK,Login Load Test 1-6,text,true,,316,250,49,98,http://localhost:8001/auth/login,1724,0,0
1777162950922,1792,POST /auth/login,200,OK,Login Load Test 1-4,text,true,,316,249,49,98,http://localhost:8001/auth/login,1792,0,1
1777162950954,1760,POST /auth/login,200,OK,Login Load Test 1-5,text,true,,316,249,49,98,http://localhost:8001/auth/login,1760,0,0
1777162950943,1771,Login for Token,200,OK,Review Submission Load Test 3-4,text,true,,316,249,49,98,http://localhost:8001/auth/login,1771,0,1
1777162950977,1737,Login for Token,200,OK,Review Submission Load Test 3-5,text,true,,316,250,49,98,http://localhost:8001/auth/login,1737,0,0
1777162951019,1695,POST /auth/login,200,OK,Login Load Test 1-7,text,true,,316,250,46,95,http://localhost:8001/auth/login,1695,0,0
1777162951010,1704,Login for Token,200,OK,Review Submission Load Test 3-6,text,true,,316,250,49,95,http://localhost:8001/auth/login,1704,0,0
1777162951040,1674,Login for Token,200,OK,Review Submission Load Test 3-7,text,true,,316,250,49,95,http://localhost:8001/auth/login,1674,0,0
1777162952714,3,POST /reviews/,201,Created,Review Submission Load Test 3-4,text,true,,380,440,49,94,http://localhost:8004/reviews/,3,0,0
1777162952714,3,POST /reviews/,201,Created,Review Submission Load Test 3-5,text,true,,380,440,49,94,http://localhost:8004/reviews/,3,0,0
1777162952715,3,POST /reviews/,201,Created,Review Submission Load Test 3-6,text,true,,380,440,49,94,http://localhost:8004/reviews/,3,0,0
1777162952715,3,POST /reviews/,201,Created,Review Submission Load Test 3-7,text,true,,380,440,46,91,http://localhost:8004/reviews/,3,0,0
1777162951053,1666,POST /auth/login,200,OK,Login Load Test 1-8,text,true,,316,250,45,90,http://localhost:8001/auth/login,1666,0,1
1777162952731,2,GET /restaurants?q=ramen,200,OK,Restaurant Search Load Test 2-59,text,true,,587,137,1,92,http://localhost:8002/restaurants/?q=ramen,2,0,0
1777162952764,3,GET /restaurants?q=ramen,200,OK,Restaurant Search Load Test 2-60,text,true,,587,137,1,94,http://localhost:8002/restaurants/?q=ramen,3,0,0
1777162952794,3,GET /restaurants?q=ramen,200,OK,Restaurant Search Load Test 2-61,text,true,,587,137,1,96,http://localhost:8002/restaurants/?q=ramen,3,0,0
1777162952824,3,GET /restaurants?q=ramen,200,OK,Restaurant Search Load Test 2-62,text,true,,587,137,1,98,http://localhost:8002/restaurants/?q=ramen,3,0,1
1777162952862,2,GET /restaurants?q=ramen,200,OK,Restaurant Search Load Test 2-63,text,true,,587,137,1,100,http://localhost:8002/restaurants/?q=ramen,2,0,0
1777162952896,3,GET /restaurants?q=ramen,200,OK,Restaurant Search Load Test 2-64,text,true,,587,137,1,102,http://localhost:8002/restaurants/?q=ramen,3,0,0
1777162952926,4,GET /restaurants?q=ramen,200,OK,Restaurant Search Load Test 2-65,text,true,,587,137,1,104,http://localhost:8002/restaurants/?q=ramen,4,0,1
1777162952962,4,GET /restaurants?q=ramen,200,OK,Restaurant Search Load Test 2-66,text,true,,587,137,1,106,http://localhost:8002/restaurants/?q=ramen,4,0,0
1777162952994,3,GET /restaurants?q=ramen,200,OK,Restaurant Search Load Test 2-67,text,true,,587,137,1,108,http://localhost:8002/restaurants/?q=ramen,3,0,1
1777162953028,3,GET /restaurants?q=ramen,200,OK,Restaurant Search Load Test 2-68,text,true,,587,137,1,110,http://localhost:8002/restaurants/?q=ramen,3,0,0
1777162953061,3,GET /restaurants?q=ramen,200,OK,Restaurant Search Load Test 2-69,text,true,,587,137,1,112,http://localhost:8002/restaurants/?q=ramen,3,0,0
1777162953090,3,GET /restaurants?q=ramen,200,OK,Restaurant Search Load Test 2-70,text,true,,587,137,1,113,http://localhost:8002/restaurants/?q=ramen,3,0,0
1777162953127,3,GET /restaurants?q=ramen,200,OK,Restaurant Search Load Test 2-71,text,true,,587,137,1,116,http://localhost:8002/restaurants/?q=ramen,3,0,0
1777162953159,4,GET /restaurants?q=ramen,200,OK,Restaurant Search Load Test 2-72,text,true,,587,137,1,118,http://localhost:8002/restaurants/?q=ramen,4,0,1
1777162953192,3,GET /restaurants?q=ramen,200,OK,Restaurant Search Load Test 2-73,text,true,,587,137,1,120,http://localhost:8002/restaurants/?q=ramen,3,0,0
1777162953226,3,GET /restaurants?q=ramen,200,OK,Restaurant Search Load Test 2-74,text,true,,587,137,1,122,http://localhost:8002/restaurants/?q=ramen,3,0,1
1777162953259,3,GET /restaurants?q=ramen,200,OK,Restaurant Search Load Test 2-75,text,true,,587,137,1,124,http://localhost:8002/restaurants/?q=ramen,3,0,1
1777162951312,1952,POST /auth/login,200,OK,Login Load Test 1-16,text,true,,316,250,61,123,http://localhost:8001/auth/login,1952,0,0
1777162951138,2126,Login for Token,200,OK,Review Submission Load Test 3-10,text,true,,316,250,62,123,http://localhost:8001/auth/login,2126,0,0
1777162951372,1892,Login for Token,200,OK,Review Submission Load Test 3-17,text,true,,316,250,62,123,http://localhost:8001/auth/login,1892,0,0
1777162951334,1930,Login for Token,200,OK,Review Submission Load Test 3-16,text,true,,316,250,62,123,http://localhost:8001/auth/login,1930,0,1
1777162951306,1958,Login for Token,200,OK,Review Submission Load Test 3-15,text,true,,316,250,62,123,http://localhost:8001/auth/login,1958,0,0
1777162951346,1918,POST /auth/login,200,OK,Login Load Test 1-17,text,true,,316,250,61,123,http://localhost:8001/auth/login,1918,0,0
1777162951378,1887,POST /auth/login,200,OK,Login Load Test 1-18,text,true,,316,250,59,121,http://localhost:8001/auth/login,1887,0,1
1777162951437,1828,Login for Token,200,OK,Review Submission Load Test 3-19,text,true,,316,250,62,121,http://localhost:8001/auth/login,1828,0,0
1777162951405,1860,Login for Token,200,OK,Review Submission Load Test 3-18,text,true,,316,250,62,121,http://localhost:8001/auth/login,1860,0,1
1777162953264,4,POST /reviews/,201,Created,Review Submission Load Test 3-10,text,true,,380,440,62,120,http://localhost:8004/reviews/,4,0,0
1777162953264,4,POST /reviews/,201,Created,Review Submission Load Test 3-16,text,true,,380,440,62,120,http://localhost:8004/reviews/,4,0,0
1777162953264,4,POST /reviews/,201,Created,Review Submission Load Test 3-17,text,true,,380,440,62,120,http://localhost:8004/reviews/,4,0,0
1777162951419,1849,POST /auth/login,200,OK,Login Load Test 1-19,text,true,,316,250,58,119,http://localhost:8001/auth/login,1849,0,0
1777162953265,3,POST /reviews/,201,Created,Review Submission Load Test 3-19,text,true,,380,440,59,116,http://localhost:8004/reviews/,3,0,0
1777162953264,5,POST /reviews/,201,Created,Review Submission Load Test 3-15,text,true,,380,440,58,115,http://localhost:8004/reviews/,5,0,0
1777162953265,4,POST /reviews/,201,Created,Review Submission Load Test 3-18,text,true,,380,440,58,115,http://localhost:8004/reviews/,4,0,0
1777162953291,2,GET /restaurants?q=ramen,200,OK,Restaurant Search Load Test 2-76,text,true,,587,137,1,116,http://localhost:8002/restaurants/?q=ramen,2,0,1
1777162953323,2,GET /restaurants?q=ramen,200,OK,Restaurant Search Load Test 2-77,text,true,,587,137,1,118,http://localhost:8002/restaurants/?q=ramen,2,0,0
1777162953353,4,GET /restaurants?q=ramen,200,OK,Restaurant Search Load Test 2-78,text,true,,587,137,1,120,http://localhost:8002/restaurants/?q=ramen,4,0,1
1777162953387,3,GET /restaurants?q=ramen,200,OK,Restaurant Search Load Test 2-79,text,true,,587,137,1,122,http://localhost:8002/restaurants/?q=ramen,3,0,0
1777162953424,4,GET /restaurants?q=ramen,200,OK,Restaurant Search Load Test 2-80,text,true,,587,137,1,124,http://localhost:8002/restaurants/?q=ramen,3,0,0
1777162953454,2,GET /restaurants?q=ramen,200,OK,Restaurant Search Load Test 2-81,text,true,,587,137,1,126,http://localhost:8002/restaurants/?q=ramen,2,0,0
1777162951511,1973,POST /auth/login,200,OK,Login Load Test 1-22,text,true,,316,250,64,127,http://localhost:8001/auth/login,1973,0,0
1777162951546,1938,POST /auth/login,200,OK,Login Load Test 1-23,text,true,,316,250,64,127,http://localhost:8001/auth/login,1938,0,0
1777162951449,2035,POST /auth/login,200,OK,Login Load Test 1-20,text,true,,316,250,64,127,http://localhost:8001/auth/login,2035,0,0
1777162951504,1980,Login for Token,200,OK,Review Submission Load Test 3-21,text,true,,316,250,63,127,http://localhost:8001/auth/login,1980,0,0
1777162951603,1881,Login for Token,200,OK,Review Submission Load Test 3-24,text,true,,316,250,63,127,http://localhost:8001/auth/login,1881,0,0
1777162951537,1947,Login for Token,200,OK,Review Submission Load Test 3-22,text,true,,316,250,63,127,http://localhost:8001/auth/login,1947,0,0
1777162953484,3,POST /reviews/,201,Created,Review Submission Load Test 3-21,text,true,,380,440,63,125,http://localhost:8004/reviews/,3,0,1
1777162953484,3,POST /reviews/,201,Created,Review Submission Load Test 3-24,text,true,,380,440,63,125,http://localhost:8004/reviews/,3,0,1
1777162953484,3,POST /reviews/,201,Created,Review Submission Load Test 3-22,text,true,,380,440,63,125,http://localhost:8004/reviews/,3,0,1
1777162953486,2,GET /restaurants?q=ramen,200,OK,Restaurant Search Load Test 2-82,text,true,,587,137,1,122,http://localhost:8002/restaurants/?q=ramen,2,0,0
1777162953524,2,GET /restaurants?q=ramen,200,OK,Restaurant Search Load Test 2-83,text,true,,587,137,1,124,http://localhost:8002/restaurants/?q=ramen,2,0,1
1777162953553,2,GET /restaurants?q=ramen,200,OK,Restaurant Search Load Test 2-84,text,true,,587,137,1,126,http://localhost:8002/restaurants/?q=ramen,2,0,0
1777162953589,2,GET /restaurants?q=ramen,200,OK,Restaurant Search Load Test 2-85,text,true,,587,137,1,128,http://localhost:8002/restaurants/?q=ramen,1,0,0
1777162953619,2,GET /restaurants?q=ramen,200,OK,Restaurant Search Load Test 2-86,text,true,,587,137,1,130,http://localhost:8002/restaurants/?q=ramen,2,0,1
1777162953654,2,GET /restaurants?q=ramen,200,OK,Restaurant Search Load Test 2-87,text,true,,587,137,1,132,http://localhost:8002/restaurants/?q=ramen,2,0,0
1777162951612,2062,POST /auth/login,200,OK,Login Load Test 1-25,text,true,,316,250,66,131,http://localhost:8001/auth/login,2062,0,0
1777162951636,2038,Login for Token,200,OK,Review Submission Load Test 3-25,text,true,,316,250,65,131,http://localhost:8001/auth/login,2038,0,0
1777162951570,2104,Login for Token,200,OK,Review Submission Load Test 3-23,text,true,,316,250,65,131,http://localhost:8001/auth/login,2104,0,0
1777162951581,2094,POST /auth/login,200,OK,Login Load Test 1-24,text,true,,316,250,66,131,http://localhost:8001/auth/login,2094,0,0
1777162951644,2032,POST /auth/login,200,OK,Login Load Test 1-26,text,true,,316,250,64,129,http://localhost:8001/auth/login,2032,0,0
1777162953675,3,POST /reviews/,201,Created,Review Submission Load Test 3-23,text,true,,380,440,66,130,http://localhost:8004/reviews/,3,0,0
1777162953675,3,POST /reviews/,201,Created,Review Submission Load Test 3-25,text,true,,380,440,65,129,http://localhost:8004/reviews/,3,0,0
1777162953683,2,GET /restaurants?q=ramen,200,OK,Restaurant Search Load Test 2-88,text,true,,587,137,1,129,http://localhost:8002/restaurants/?q=ramen,2,0,0
1777162953721,2,GET /restaurants?q=ramen,200,OK,Restaurant Search Load Test 2-89,text,true,,587,137,1,131,http://localhost:8002/restaurants/?q=ramen,2,0,0
1777162953754,2,GET /restaurants?q=ramen,200,OK,Restaurant Search Load Test 2-90,text,true,,587,137,1,133,http://localhost:8002/restaurants/?q=ramen,2,0,0
1777162953787,2,GET /restaurants?q=ramen,200,OK,Restaurant Search Load Test 2-91,text,true,,587,137,1,135,http://localhost:8002/restaurants/?q=ramen,2,0,0
1777162953821,2,GET /restaurants?q=ramen,200,OK,Restaurant Search Load Test 2-92,text,true,,587,137,1,137,http://localhost:8002/restaurants/?q=ramen,2,0,0
1777162953852,1,GET /restaurants?q=ramen,200,OK,Restaurant Search Load Test 2-93,text,true,,587,137,1,139,http://localhost:8002/restaurants/?q=ramen,1,0,0
1777162953884,2,GET /restaurants?q=ramen,200,OK,Restaurant Search Load Test 2-94,text,true,,587,137,1,141,http://localhost:8002/restaurants/?q=ramen,2,0,0
1777162953916,1,GET /restaurants?q=ramen,200,OK,Restaurant Search Load Test 2-95,text,true,,587,137,1,143,http://localhost:8002/restaurants/?q=ramen,1,0,0
1777162953952,1,GET /restaurants?q=ramen,200,OK,Restaurant Search Load Test 2-96,text,true,,587,137,1,145,http://localhost:8002/restaurants/?q=ramen,1,0,0
1777162953985,1,GET /restaurants?q=ramen,200,OK,Restaurant Search Load Test 2-97,text,true,,587,137,1,147,http://localhost:8002/restaurants/?q=ramen,1,0,0
1777162954013,2,GET /restaurants?q=ramen,200,OK,Restaurant Search Load Test 2-98,text,true,,587,137,1,149,http://localhost:8002/restaurants/?q=ramen,2,0,0
1777162954051,2,GET /restaurants?q=ramen,200,OK,Restaurant Search Load Test 2-99,text,true,,587,137,1,151,http://localhost:8002/restaurants/?q=ramen,2,0,0
1777162954084,1,GET /restaurants?q=ramen,200,OK,Restaurant Search Load Test 2-100,text,true,,587,137,1,153,http://localhost:8002/restaurants/?q=ramen,1,0,0
1777162954115,3,GET /restaurants?q=ramen,200,OK,Restaurant Search Load Test 2-101,text,true,,587,137,1,155,http://localhost:8002/restaurants/?q=ramen,3,0,0
1777162954150,3,GET /restaurants?q=ramen,200,OK,Restaurant Search Load Test 2-102,text,true,,587,137,1,157,http://localhost:8002/restaurants/?q=ramen,3,0,0
1777162954183,3,GET /restaurants?q=ramen,200,OK,Restaurant Search Load Test 2-103,text,true,,587,137,1,159,http://localhost:8002/restaurants/?q=ramen,3,0,0
1777162954216,3,GET /restaurants?q=ramen,200,OK,Restaurant Search Load Test 2-104,text,true,,587,137,1,161,http://localhost:8002/restaurants/?q=ramen,3,0,0
1777162954246,4,GET /restaurants?q=ramen,200,OK,Restaurant Search Load Test 2-105,text,true,,587,137,1,163,http://localhost:8002/restaurants/?q=ramen,4,0,0
1777162954283,3,GET /restaurants?q=ramen,200,OK,Restaurant Search Load Test 2-106,text,true,,587,137,1,165,http://localhost:8002/restaurants/?q=ramen,3,0,0
1777162954311,2,GET /restaurants?q=ramen,200,OK,Restaurant Search Load Test 2-107,text,true,,587,137,1,167,http://localhost:8002/restaurants/?q=ramen,2,0,0
1777162954348,3,GET /restaurants?q=ramen,200,OK,Restaurant Search Load Test 2-108,text,true,,587,137,1,169,http://localhost:8002/restaurants/?q=ramen,3,0,0
1777162954381,3,GET /restaurants?q=ramen,200,OK,Restaurant Search Load Test 2-109,text,true,,587,137,1,171,http://localhost:8002/restaurants/?q=ramen,3,0,0
1777162951738,2648,POST /auth/login,200,OK,Login Load Test 1-29,text,true,,316,250,85,170,http://localhost:8001/auth/login,2648,0,0
1777162951807,2579,POST /auth/login,200,OK,Login Load Test 1-31,text,true,,316,250,85,170,http://localhost:8001/auth/login,2579,0,0
1777162951842,2544,POST /auth/login,200,OK,Login Load Test 1-32,text,true,,316,250,85,170,http://localhost:8001/auth/login,2544,0,0
1777162951801,2585,Login for Token,200,OK,Review Submission Load Test 3-30,text,true,,316,250,85,170,http://localhost:8001/auth/login,2585,0,1
1777162951768,2618,Login for Token,200,OK,Review Submission Load Test 3-29,text,true,,316,250,85,170,http://localhost:8001/auth/login,2618,0,1
1777162951735,2651,Login for Token,200,OK,Review Submission Load Test 3-28,text,true,,316,250,85,170,http://localhost:8001/auth/login,2651,0,0
1777162951778,2608,POST /auth/login,200,OK,Login Load Test 1-30,text,true,,316,250,85,170,http://localhost:8001/auth/login,2608,0,1
1777162954387,2,POST /reviews/,201,Created,Review Submission Load Test 3-30,text,true,,380,440,85,166,http://localhost:8004/reviews/,2,0,0
1777162954387,2,POST /reviews/,201,Created,Review Submission Load Test 3-29,text,true,,380,440,85,166,http://localhost:8004/reviews/,2,0,0
1777162954387,2,POST /reviews/,201,Created,Review Submission Load Test 3-28,text,true,,380,440,85,166,http://localhost:8004/reviews/,2,0,0
1777162954414,3,GET /restaurants?q=ramen,200,OK,Restaurant Search Load Test 2-110,text,true,,587,137,1,166,http://localhost:8002/restaurants/?q=ramen,3,0,0
1777162954447,3,GET /restaurants?q=ramen,200,OK,Restaurant Search Load Test 2-111,text,true,,587,137,1,168,http://localhost:8002/restaurants/?q=ramen,3,0,0
1777162954480,4,GET /restaurants?q=ramen,200,OK,Restaurant Search Load Test 2-112,text,true,,587,137,1,170,http://localhost:8002/restaurants/?q=ramen,4,0,0
1777162954509,3,GET /restaurants?q=ramen,200,OK,Restaurant Search Load Test 2-113,text,true,,587,137,1,172,http://localhost:8002/restaurants/?q=ramen,3,0,0
1777162954545,3,GET /restaurants?q=ramen,200,OK,Restaurant Search Load Test 2-114,text,true,,587,137,1,174,http://localhost:8002/restaurants/?q=ramen,3,0,0
1777162954577,3,GET /restaurants?q=ramen,200,OK,Restaurant Search Load Test 2-115,text,true,,587,137,1,176,http://localhost:8002/restaurants/?q=ramen,3,0,0
1777162954611,4,GET /restaurants?q=ramen,200,OK,Restaurant Search Load Test 2-116,text,true,,587,137,1,178,http://localhost:8002/restaurants/?q=ramen,4,0,1
1777162954645,3,GET /restaurants?q=ramen,200,OK,Restaurant Search Load Test 2-117,text,true,,587,137,1,180,http://localhost:8002/restaurants/?q=ramen,3,0,0
1777162954677,3,GET /restaurants?q=ramen,200,OK,Restaurant Search Load Test 2-118,text,true,,587,137,1,182,http://localhost:8002/restaurants/?q=ramen,3,0,1
1777162954711,3,GET /restaurants?q=ramen,200,OK,Restaurant Search Load Test 2-119,text,true,,587,137,1,184,http://localhost:8002/restaurants/?q=ramen,3,0,0
1777162954744,3,GET /restaurants?q=ramen,200,OK,Restaurant Search Load Test 2-120,text,true,,587,137,1,186,http://localhost:8002/restaurants/?q=ramen,3,0,0
1777162951831,2920,Login for Token,200,OK,Review Submission Load Test 3-31,text,true,,316,250,93,185,http://localhost:8001/auth/login,2920,0,0
1777162951874,2878,POST /auth/login,200,OK,Login Load Test 1-33,text,true,,316,250,92,185,http://localhost:8001/auth/login,2878,0,1
1777162954752,2,POST /reviews/,201,Created,Review Submission Load Test 3-31,text,true,,380,440,93,184,http://localhost:8004/reviews/,2,0,0
1777162954777,3,GET /restaurants?q=ramen,200,OK,Restaurant Search Load Test 2-121,text,true,,587,137,1,186,http://localhost:8002/restaurants/?q=ramen,3,0,0
1777162954806,3,GET /restaurants?q=ramen,200,OK,Restaurant Search Load Test 2-122,text,true,,587,137,1,188,http://localhost:8002/restaurants/?q=ramen,3,0,0
1777162954837,3,GET /restaurants?q=ramen,200,OK,Restaurant Search Load Test 2-123,text,true,,587,137,1,190,http://localhost:8002/restaurants/?q=ramen,3,0,1
1777162954874,2,GET /restaurants?q=ramen,200,OK,Restaurant Search Load Test 2-124,text,true,,587,137,1,192,http://localhost:8002/restaurants/?q=ramen,2,0,0
1777162954909,3,GET /restaurants?q=ramen,200,OK,Restaurant Search Load Test 2-125,text,true,,587,137,1,194,http://localhost:8002/restaurants/?q=ramen,3,0,0
1777162954942,3,GET /restaurants?q=ramen,200,OK,Restaurant Search Load Test 2-126,text,true,,587,137,1,196,http://localhost:8002/restaurants/?q=ramen,3,0,0
1777162952564,2396,POST /auth/login,200,OK,Login Load Test 1-54,text,true,,316,251,97,195,http://localhost:8001/auth/login,2396,0,0
1777162951675,3285,POST /auth/login,200,OK,Login Load Test 1-27,text,true,,316,250,97,195,http://localhost:8001/auth/login,3285,0,0
1777162952298,2662,POST /auth/login,200,OK,Login Load Test 1-46,text,true,,316,250,97,195,http://localhost:8001/auth/login,2662,0,0
1777162951669,3291,Login for Token,200,OK,Review Submission Load Test 3-26,text,true,,316,250,98,195,http://localhost:8001/auth/login,3291,0,0
1777162954960,3,POST /reviews/,201,Created,Review Submission Load Test 3-26,text,true,,380,440,98,193,http://localhost:8004/reviews/,3,0,0
1777162954975,3,GET /restaurants?q=ramen,200,OK,Restaurant Search Load Test 2-127,text,true,,587,137,1,194,http://localhost:8002/restaurants/?q=ramen,3,0,0
1777162955008,2,GET /restaurants?q=ramen,200,OK,Restaurant Search Load Test 2-128,text,true,,587,137,1,196,http://localhost:8002/restaurants/?q=ramen,2,0,0
1777162955037,3,GET /restaurants?q=ramen,200,OK,Restaurant Search Load Test 2-129,text,true,,587,137,1,198,http://localhost:8002/restaurants/?q=ramen,3,0,0
1777162955074,4,GET /restaurants?q=ramen,200,OK,Restaurant Search Load Test 2-130,text,true,,587,137,1,200,http://localhost:8002/restaurants/?q=ramen,4,0,0
1777162955106,4,GET /restaurants?q=ramen,200,OK,Restaurant Search Load Test 2-131,text,true,,587,137,1,202,http://localhost:8002/restaurants/?q=ramen,4,0,1
1777162951909,3209,POST /auth/login,200,OK,Login Load Test 1-34,text,true,,316,250,99,201,http://localhost:8001/auth/login,3209,0,0
1777162951865,3253,Login for Token,200,OK,Review Submission Load Test 3-32,text,true,,316,250,102,201,http://localhost:8001/auth/login,3253,0,0
1777162955119,2,POST /reviews/,201,Created,Review Submission Load Test 3-32,text,true,,380,440,102,200,http://localhost:8004/reviews/,2,0,0
1777162955139,4,GET /restaurants?q=ramen,200,OK,Restaurant Search Load Test 2-132,text,true,,587,137,1,202,http://localhost:8002/restaurants/?q=ramen,4,0,1
1777162952327,2816,Login for Token,200,OK,Review Submission Load Test 3-46,text,true,,316,250,102,201,http://localhost:8001/auth/login,2816,0,1
1777162952659,2484,Login for Token,200,OK,Review Submission Load Test 3-56,text,true,,316,251,102,201,http://localhost:8001/auth/login,2484,0,0
1777162955143,3,POST /reviews/,201,Created,Review Submission Load Test 3-56,text,true,,380,440,102,201,http://localhost:8004/reviews/,3,0,1
1777162955143,3,POST /reviews/,201,Created,Review Submission Load Test 3-46,text,true,,380,440,102,201,http://localhost:8004/reviews/,3,0,1
1777162955173,3,GET /restaurants?q=ramen,200,OK,Restaurant Search Load Test 2-133,text,true,,587,137,1,202,http://localhost:8002/restaurants/?q=ramen,3,0,0
1777162955201,4,GET /restaurants?q=ramen,200,OK,Restaurant Search Load Test 2-134,text,true,,587,137,1,204,http://localhost:8002/restaurants/?q=ramen,4,0,0
1777162955239,3,GET /restaurants?q=ramen,200,OK,Restaurant Search Load Test 2-135,text,true,,587,137,1,206,http://localhost:8002/restaurants/?q=ramen,3,0,0
1777162955273,3,GET /restaurants?q=ramen,200,OK,Restaurant Search Load Test 2-136,text,true,,587,137,1,208,http://localhost:8002/restaurants/?q=ramen,3,0,0
1777162951470,3815,Login for Token,200,OK,Review Submission Load Test 3-20,text,true,,316,250,104,207,http://localhost:8001/auth/login,3815,0,1
1777162955285,3,POST /reviews/,201,Created,Review Submission Load Test 3-20,text,true,,380,440,104,207,http://localhost:8004/reviews/,3,0,0
1777162955301,3,GET /restaurants?q=ramen,200,OK,Restaurant Search Load Test 2-137,text,true,,587,137,1,209,http://localhost:8002/restaurants/?q=ramen,3,0,0
1777162955337,4,GET /restaurants?q=ramen,200,OK,Restaurant Search Load Test 2-138,text,true,,587,137,1,211,http://localhost:8002/restaurants/?q=ramen,4,0,1
1777162955371,3,GET /restaurants?q=ramen,200,OK,Restaurant Search Load Test 2-139,text,true,,587,137,1,213,http://localhost:8002/restaurants/?q=ramen,3,0,0
1777162955403,4,GET /restaurants?q=ramen,200,OK,Restaurant Search Load Test 2-140,text,true,,587,137,1,215,http://localhost:8002/restaurants/?q=ramen,4,0,1
1777162955436,4,GET /restaurants?q=ramen,200,OK,Restaurant Search Load Test 2-141,text,true,,587,137,1,217,http://localhost:8002/restaurants/?q=ramen,4,0,1
1777162955470,3,GET /restaurants?q=ramen,200,OK,Restaurant Search Load Test 2-142,text,true,,587,137,1,219,http://localhost:8002/restaurants/?q=ramen,3,0,0
1777162951933,3544,Login for Token,200,OK,Review Submission Load Test 3-34,text,true,,316,250,109,218,http://localhost:8001/auth/login,3544,0,0
1777162951898,3579,Login for Token,200,OK,Review Submission Load Test 3-33,text,true,,316,250,109,218,http://localhost:8001/auth/login,3579,0,1
1777162955477,2,POST /reviews/,201,Created,Review Submission Load Test 3-33,text,true,,380,440,109,218,http://localhost:8004/reviews/,2,0,0
1777162955477,2,POST /reviews/,201,Created,Review Submission Load Test 3-34,text,true,,380,440,109,218,http://localhost:8004/reviews/,2,0,0
1777162955503,3,GET /restaurants?q=ramen,200,OK,Restaurant Search Load Test 2-143,text,true,,587,137,1,219,http://localhost:8002/restaurants/?q=ramen,3,0,0
1777162952593,2916,Login for Token,200,OK,Review Submission Load Test 3-54,text,true,,316,251,108,218,http://localhost:8001/auth/login,2916,0,0
1777162955509,2,POST /reviews/,201,Created,Review Submission Load Test 3-54,text,true,,380,440,108,218,http://localhost:8004/reviews/,2,0,0
1777162955536,3,GET /restaurants?q=ramen,200,OK,Restaurant Search Load Test 2-144,text,true,,587,137,1,220,http://localhost:8002/restaurants/?q=ramen,3,0,0
1777162955567,3,GET /restaurants?q=ramen,200,OK,Restaurant Search Load Test 2-145,text,true,,587,137,1,222,http://localhost:8002/restaurants/?q=ramen,3,0,0
1777162955602,2,GET /restaurants?q=ramen,200,OK,Restaurant Search Load Test 2-146,text,true,,587,137,1,224,http://localhost:8002/restaurants/?q=ramen,2,0,0
1777162955635,3,GET /restaurants?q=ramen,200,OK,Restaurant Search Load Test 2-147,text,true,,587,137,1,226,http://localhost:8002/restaurants/?q=ramen,3,0,0
1777162951104,4537,Login for Token,200,OK,Review Submission Load Test 3-9,text,true,,316,250,111,225,http://localhost:8001/auth/login,4537,0,0
1777162955642,2,POST /reviews/,201,Created,Review Submission Load Test 3-9,text,true,,380,440,111,225,http://localhost:8004/reviews/,2,0,0
1777162951481,4165,POST /auth/login,200,OK,Login Load Test 1-21,text,true,,316,250,114,224,http://localhost:8001/auth/login,4165,0,0
1777162952365,3281,POST /auth/login,200,OK,Login Load Test 1-48,text,true,,316,250,114,224,http://localhost:8001/auth/login,3281,0,0
1777162951997,3649,Login for Token,200,OK,Review Submission Load Test 3-36,text,true,,316,250,110,224,http://localhost:8001/auth/login,3649,0,0
1777162952028,3618,Login for Token,200,OK,Review Submission Load Test 3-37,text,true,,316,250,110,224,http://localhost:8001/auth/login,3618,0,1
1777162952429,3217,Login for Token,200,OK,Review Submission Load Test 3-49,text,true,,316,250,110,224,http://localhost:8001/auth/login,3217,0,0
1777162952362,3284,Login for Token,200,OK,Review Submission Load Test 3-47,text,true,,316,250,110,224,http://localhost:8001/auth/login,3284,0,0
1777162952428,3218,POST /auth/login,200,OK,Login Load Test 1-50,text,true,,316,250,112,222,http://localhost:8001/auth/login,3218,0,1
1777162952395,3252,POST /auth/login,200,OK,Login Load Test 1-49,text,true,,316,250,111,221,http://localhost:8001/auth/login,3251,0,0
1777162952461,3186,Login for Token,200,OK,Review Submission Load Test 3-50,text,true,,316,251,110,221,http://localhost:8001/auth/login,3186,0,1
1777162955646,3,POST /reviews/,201,Created,Review Submission Load Test 3-36,text,true,,380,440,110,220,http://localhost:8004/reviews/,3,0,1
1777162955647,3,POST /reviews/,201,Created,Review Submission Load Test 3-49,text,true,,380,440,109,219,http://localhost:8004/reviews/,3,0,0
1777162955647,3,POST /reviews/,201,Created,Review Submission Load Test 3-50,text,true,,380,440,109,219,http://localhost:8004/reviews/,3,0,0
1777162955646,4,POST /reviews/,201,Created,Review Submission Load Test 3-37,text,true,,380,440,109,219,http://localhost:8004/reviews/,4,0,1
1777162955647,3,POST /reviews/,201,Created,Review Submission Load Test 3-47,text,true,,380,440,109,219,http://localhost:8004/reviews/,3,0,0
1777162955664,2,GET /restaurants?q=ramen,200,OK,Restaurant Search Load Test 2-148,text,true,,587,137,1,218,http://localhost:8002/restaurants/?q=ramen,2,0,0
1777162955697,2,GET /restaurants?q=ramen,200,OK,Restaurant Search Load Test 2-149,text,true,,587,137,1,220,http://localhost:8002/restaurants/?q=ramen,2,0,0
1777162955735,3,GET /restaurants?q=ramen,200,OK,Restaurant Search Load Test 2-150,text,true,,587,137,1,222,http://localhost:8002/restaurants/?q=ramen,3,0,0
1777162955768,3,GET /restaurants?q=ramen,200,OK,Restaurant Search Load Test 2-151,text,true,,587,137,1,224,http://localhost:8002/restaurants/?q=ramen,3,0,0
1777162955800,2,GET /restaurants?q=ramen,200,OK,Restaurant Search Load Test 2-152,text,true,,587,137,1,226,http://localhost:8002/restaurants/?q=ramen,2,0,0
1777162952070,3754,POST /auth/login,200,OK,Login Load Test 1-39,text,true,,316,250,116,227,http://localhost:8001/auth/login,3754,0,0
1777162952040,3784,POST /auth/login,200,OK,Login Load Test 1-38,text,true,,316,250,116,227,http://localhost:8001/auth/login,3784,0,1
1777162951123,4701,POST /auth/login,200,OK,Login Load Test 1-10,text,true,,316,250,116,227,http://localhost:8001/auth/login,4701,0,1
1777162951970,3855,POST /auth/login,200,OK,Login Load Test 1-36,text,true,,316,250,113,224,http://localhost:8001/auth/login,3855,0,0
1777162951709,4116,POST /auth/login,200,OK,Login Load Test 1-28,text,true,,316,250,113,224,http://localhost:8001/auth/login,4116,0,1
1777162952108,3717,POST /auth/login,200,OK,Login Load Test 1-40,text,true,,316,250,113,224,http://localhost:8001/auth/login,3717,0,0
1777162952004,3821,POST /auth/login,200,OK,Login Load Test 1-37,text,true,,316,250,113,224,http://localhost:8001/auth/login,3821,0,0
1777162952164,3661,Login for Token,200,OK,Review Submission Load Test 3-41,text,true,,316,250,111,224,http://localhost:8001/auth/login,3661,0,0
1777162952131,3694,Login for Token,200,OK,Review Submission Load Test 3-40,text,true,,316,250,111,223,http://localhost:8001/auth/login,3694,0,1
1777162951702,4123,Login for Token,200,OK,Review Submission Load Test 3-27,text,true,,316,250,111,224,http://localhost:8001/auth/login,4123,0,0
1777162952168,3657,POST /auth/login,200,OK,Login Load Test 1-42,text,true,,316,250,111,222,http://localhost:8001/auth/login,3657,0,0
1777162952140,3685,POST /auth/login,200,OK,Login Load Test 1-41,text,true,,316,250,110,221,http://localhost:8001/auth/login,3685,0,0
1777162951966,3859,Login for Token,200,OK,Review Submission Load Test 3-35,text,true,,316,250,111,221,http://localhost:8001/auth/login,3859,0,0
1777162952065,3760,Login for Token,200,OK,Review Submission Load Test 3-38,text,true,,316,250,111,220,http://localhost:8001/auth/login,3760,0,0
1777162955825,3,POST /reviews/,201,Created,Review Submission Load Test 3-38,text,true,,380,440,111,218,http://localhost:8004/reviews/,3,0,1
1777162955825,3,POST /reviews/,201,Created,Review Submission Load Test 3-41,text,true,,380,440,111,219,http://localhost:8004/reviews/,3,0,0
1777162955825,3,POST /reviews/,201,Created,Review Submission Load Test 3-27,text,true,,380,440,111,219,http://localhost:8004/reviews/,3,0,0
1777162955825,3,POST /reviews/,201,Created,Review Submission Load Test 3-40,text,true,,380,440,111,219,http://localhost:8004/reviews/,3,0,0
1777162955826,2,POST /reviews/,201,Created,Review Submission Load Test 3-35,text,true,,380,440,111,219,http://localhost:8004/reviews/,2,0,0
1777162955828,3,GET /restaurants?q=ramen,200,OK,Restaurant Search Load Test 2-153,text,true,,587,137,1,214,http://localhost:8002/restaurants/?q=ramen,3,0,0
1777162952270,3573,POST /auth/login,200,OK,Login Load Test 1-45,text,true,,316,250,107,213,http://localhost:8001/auth/login,3573,0,1
1777162951938,3905,POST /auth/login,200,OK,Login Load Test 1-35,text,true,,316,250,107,213,http://localhost:8001/auth/login,3905,0,0
1777162955865,3,GET /restaurants?q=ramen,200,OK,Restaurant Search Load Test 2-154,text,true,,587,137,1,214,http://localhost:8002/restaurants/?q=ramen,3,0,0
1777162952660,3210,POST /auth/login,200,OK,Login Load Test 1-57,text,true,,316,251,106,213,http://localhost:8001/auth/login,3210,0,1
1777162952692,3178,Login for Token,200,OK,Review Submission Load Test 3-57,text,true,,316,251,107,213,http://localhost:8001/auth/login,3178,0,1
1777162955870,2,POST /reviews/,201,Created,Review Submission Load Test 3-57,text,true,,380,440,107,212,http://localhost:8004/reviews/,2,0,0
1777162955899,3,GET /restaurants?q=ramen,200,OK,Restaurant Search Load Test 2-155,text,true,,587,137,1,214,http://localhost:8002/restaurants/?q=ramen,3,0,0
1777162955931,4,GET /restaurants?q=ramen,200,OK,Restaurant Search Load Test 2-156,text,true,,587,137,1,216,http://localhost:8002/restaurants/?q=ramen,4,0,1
1777162955965,3,GET /restaurants?q=ramen,200,OK,Restaurant Search Load Test 2-157,text,true,,587,137,1,218,http://localhost:8002/restaurants/?q=ramen,3,0,0
1777162955995,2,GET /restaurants?q=ramen,200,OK,Restaurant Search Load Test 2-158,text,true,,587,137,1,220,http://localhost:8002/restaurants/?q=ramen,2,0,0
1777162952463,3554,POST /auth/login,200,OK,Login Load Test 1-51,text,true,,316,251,109,219,http://localhost:8001/auth/login,3554,0,0
1777162952490,3527,Login for Token,200,OK,Review Submission Load Test 3-51,text,true,,316,251,110,219,http://localhost:8001/auth/login,3527,0,0
1777162952395,3622,Login for Token,200,OK,Review Submission Load Test 3-48,text,true,,316,250,110,219,http://localhost:8001/auth/login,3622,0,0
1777162956018,3,POST /reviews/,201,Created,Review Submission Load Test 3-51,text,true,,380,440,110,219,http://localhost:8004/reviews/,3,0,0
1777162956018,3,POST /reviews/,201,Created,Review Submission Load Test 3-48,text,true,,380,440,110,219,http://localhost:8004/reviews/,3,0,0
1777162956028,3,GET /restaurants?q=ramen,200,OK,Restaurant Search Load Test 2-159,text,true,,587,137,1,219,http://localhost:8002/restaurants/?q=ramen,3,0,0
1777162956063,4,GET /restaurants?q=ramen,200,OK,Restaurant Search Load Test 2-160,text,true,,587,137,1,221,http://localhost:8002/restaurants/?q=ramen,4,0,1
1777162956097,3,GET /restaurants?q=ramen,200,OK,Restaurant Search Load Test 2-161,text,true,,587,137,1,223,http://localhost:8002/restaurants/?q=ramen,3,0,0
1777162956128,2,GET /restaurants?q=ramen,200,OK,Restaurant Search Load Test 2-162,text,true,,587,137,1,225,http://localhost:8002/restaurants/?q=ramen,2,0,0
1777162956163,4,GET /restaurants?q=ramen,200,OK,Restaurant Search Load Test 2-163,text,true,,587,137,1,227,http://localhost:8002/restaurants/?q=ramen,4,0,0
1777162952098,4096,Login for Token,200,OK,Review Submission Load Test 3-39,text,true,,316,250,114,228,http://localhost:8001/auth/login,4096,0,0
1777162956194,3,POST /reviews/,201,Created,Review Submission Load Test 3-39,text,true,,380,440,114,229,http://localhost:8004/reviews/,3,0,0
1777162956196,2,GET /restaurants?q=ramen,200,OK,Restaurant Search Load Test 2-164,text,true,,587,137,1,228,http://localhost:8002/restaurants/?q=ramen,2,0,0
1777162952763,3437,POST /auth/login,200,OK,Login Load Test 1-60,text,true,,316,251,114,227,http://localhost:8001/auth/login,3437,0,0
1777162952295,3905,Login for Token,200,OK,Review Submission Load Test 3-45,text,true,,316,250,113,227,http://localhost:8001/auth/login,3905,0,0
1777162952753,3447,Login for Token,200,OK,Review Submission Load Test 3-59,text,true,,316,251,113,227,http://localhost:8001/auth/login,3447,0,1
1777162956200,2,POST /reviews/,201,Created,Review Submission Load Test 3-45,text,true,,380,440,113,226,http://localhost:8004/reviews/,2,0,1
1777162956200,2,POST /reviews/,201,Created,Review Submission Load Test 3-59,text,true,,380,440,112,225,http://localhost:8004/reviews/,2,0,1
1777162956229,4,GET /restaurants?q=ramen,200,OK,Restaurant Search Load Test 2-165,text,true,,587,137,1,227,http://localhost:8002/restaurants/?q=ramen,4,0,1
1777162952695,3540,POST /auth/login,200,OK,Login Load Test 1-58,text,true,,316,251,114,226,http://localhost:8001/auth/login,3540,0,0
1777162952723,3512,POST /auth/login,200,OK,Login Load Test 1-59,text,true,,316,251,114,226,http://localhost:8001/auth/login,3512,0,0
1777162956261,3,GET /restaurants?q=ramen,200,OK,Restaurant Search Load Test 2-166,text,true,,587,137,1,227,http://localhost:8002/restaurants/?q=ramen,3,0,0
1777162956295,4,GET /restaurants?q=ramen,200,OK,Restaurant Search Load Test 2-167,text,true,,587,137,1,229,http://localhost:8002/restaurants/?q=ramen,4,0,0
1777162956327,4,GET /restaurants?q=ramen,200,OK,Restaurant Search Load Test 2-168,text,true,,587,137,1,231,http://localhost:8002/restaurants/?q=ramen,4,0,1
1777162956360,4,GET /restaurants?q=ramen,200,OK,Restaurant Search Load Test 2-169,text,true,,587,137,1,233,http://localhost:8002/restaurants/?q=ramen,4,0,0
1777162952498,3881,POST /auth/login,200,OK,Login Load Test 1-52,text,true,,316,251,116,232,http://localhost:8001/auth/login,3881,0,0
1777162952203,4176,POST /auth/login,200,OK,Login Load Test 1-43,text,true,,316,250,115,231,http://localhost:8001/auth/login,4176,0,0
1777162952195,4184,Login for Token,200,OK,Review Submission Load Test 3-42,text,true,,316,250,116,231,http://localhost:8001/auth/login,4184,0,1
1777162956380,2,POST /reviews/,201,Created,Review Submission Load Test 3-42,text,true,,380,440,116,231,http://localhost:8004/reviews/,2,0,0
1777162956393,3,GET /restaurants?q=ramen,200,OK,Restaurant Search Load Test 2-170,text,true,,587,137,1,232,http://localhost:8002/restaurants/?q=ramen,3,0,1
1777162956426,4,GET /restaurants?q=ramen,200,OK,Restaurant Search Load Test 2-171,text,true,,587,137,1,234,http://localhost:8002/restaurants/?q=ramen,4,0,1
1777162956460,3,GET /restaurants?q=ramen,200,OK,Restaurant Search Load Test 2-172,text,true,,587,137,1,236,http://localhost:8002/restaurants/?q=ramen,3,0,0
1777162956492,4,GET /restaurants?q=ramen,200,OK,Restaurant Search Load Test 2-173,text,true,,587,137,1,238,http://localhost:8002/restaurants/?q=ramen,4,0,1
1777162956526,3,GET /restaurants?q=ramen,200,OK,Restaurant Search Load Test 2-174,text,true,,587,137,1,240,http://localhost:8002/restaurants/?q=ramen,3,0,0
1777162956558,3,GET /restaurants?q=ramen,200,OK,Restaurant Search Load Test 2-175,text,true,,587,137,1,242,http://localhost:8002/restaurants/?q=ramen,3,0,1
1777162952791,3777,Login for Token,200,OK,Review Submission Load Test 3-60,text,true,,316,251,121,241,http://localhost:8001/auth/login,3777,0,0
1777162956568,2,POST /reviews/,201,Created,Review Submission Load Test 3-60,text,true,,380,440,121,241,http://localhost:8004/reviews/,2,0,0
1777162956591,2,GET /restaurants?q=ramen,200,OK,Restaurant Search Load Test 2-176,text,true,,587,137,1,243,http://localhost:8002/restaurants/?q=ramen,2,0,0
1777162952825,3774,POST /auth/login,200,OK,Login Load Test 1-62,text,true,,316,251,121,242,http://localhost:8001/auth/login,3774,0,0
1777162952725,3874,Login for Token,200,OK,Review Submission Load Test 3-58,text,true,,316,251,121,242,http://localhost:8001/auth/login,3874,0,0
1777162956600,2,POST /reviews/,201,Created,Review Submission Load Test 3-58,text,true,,380,440,121,241,http://localhost:8004/reviews/,2,0,0
1777162956625,1,GET /restaurants?q=ramen,200,OK,Restaurant Search Load Test 2-177,text,true,,587,137,1,243,http://localhost:8002/restaurants/?q=ramen,1,0,0
1777162956658,2,GET /restaurants?q=ramen,200,OK,Restaurant Search Load Test 2-178,text,true,,587,137,1,245,http://localhost:8002/restaurants/?q=ramen,2,0,0
1777162956691,2,GET /restaurants?q=ramen,200,OK,Restaurant Search Load Test 2-179,text,true,,587,137,1,247,http://localhost:8002/restaurants/?q=ramen,2,0,0
1777162956724,2,GET /restaurants?q=ramen,200,OK,Restaurant Search Load Test 2-180,text,true,,587,137,1,249,http://localhost:8002/restaurants/?q=ramen,2,0,0
1777162952230,4518,Login for Token,200,OK,Review Submission Load Test 3-43,text,true,,316,250,124,249,http://localhost:8001/auth/login,4518,0,0
1777162956748,2,POST /reviews/,201,Created,Review Submission Load Test 3-43,text,true,,380,440,125,250,http://localhost:8004/reviews/,2,0,1
1777162952530,4223,POST /auth/login,200,OK,Login Load Test 1-53,text,true,,316,251,125,249,http://localhost:8001/auth/login,4223,0,0
1777162952527,4226,Login for Token,200,OK,Review Submission Load Test 3-52,text,true,,316,251,124,249,http://localhost:8001/auth/login,4226,0,0
1777162956753,2,POST /reviews/,201,Created,Review Submission Load Test 3-52,text,true,,380,440,124,249,http://localhost:8004/reviews/,2,0,0
1777162956754,1,GET /restaurants?q=ramen,200,OK,Restaurant Search Load Test 2-181,text,true,,587,137,1,248,http://localhost:8002/restaurants/?q=ramen,1,0,0
1777162956786,1,GET /restaurants?q=ramen,200,OK,Restaurant Search Load Test 2-182,text,true,,587,137,1,250,http://localhost:8002/restaurants/?q=ramen,1,0,0
1777162956822,2,GET /restaurants?q=ramen,200,OK,Restaurant Search Load Test 2-183,text,true,,587,137,1,252,http://localhost:8002/restaurants/?q=ramen,2,0,0
1777162956855,2,GET /restaurants?q=ramen,200,OK,Restaurant Search Load Test 2-184,text,true,,587,137,1,254,http://localhost:8002/restaurants/?q=ramen,2,0,0
1777162956887,1,GET /restaurants?q=ramen,200,OK,Restaurant Search Load Test 2-185,text,true,,587,137,1,256,http://localhost:8002/restaurants/?q=ramen,1,0,0
1777162956922,2,GET /restaurants?q=ramen,200,OK,Restaurant Search Load Test 2-186,text,true,,587,137,1,258,http://localhost:8002/restaurants/?q=ramen,2,0,0
1777162952791,4152,POST /auth/login,200,OK,Login Load Test 1-61,text,true,,316,251,130,258,http://localhost:8001/auth/login,4152,0,0
1777162952853,4090,Login for Token,200,OK,Review Submission Load Test 3-62,text,true,,316,251,128,258,http://localhost:8001/auth/login,4090,0,0
1777162956943,2,POST /reviews/,201,Created,Review Submission Load Test 3-62,text,true,,380,440,129,258,http://localhost:8004/reviews/,2,0,0
1777162956954,2,GET /restaurants?q=ramen,200,OK,Restaurant Search Load Test 2-187,text,true,,587,137,1,258,http://localhost:8002/restaurants/?q=ramen,2,0,1
1777162952887,4088,Login for Token,200,OK,Review Submission Load Test 3-63,text,true,,316,251,128,258,http://localhost:8001/auth/login,4088,0,0
1777162952825,4150,Login for Token,200,OK,Review Submission Load Test 3-61,text,true,,316,251,128,258,http://localhost:8001/auth/login,4150,0,0
1777162956975,2,POST /reviews/,201,Created,Review Submission Load Test 3-61,text,true,,380,440,128,258,http://localhost:8004/reviews/,2,0,0
1777162956975,2,POST /reviews/,201,Created,Review Submission Load Test 3-63,text,true,,380,440,128,258,http://localhost:8004/reviews/,2,0,0
1777162956987,1,GET /restaurants?q=ramen,200,OK,Restaurant Search Load Test 2-188,text,true,,587,137,1,258,http://localhost:8002/restaurants/?q=ramen,1,0,0
1777162957020,2,GET /restaurants?q=ramen,200,OK,Restaurant Search Load Test 2-189,text,true,,587,137,1,260,http://localhost:8002/restaurants/?q=ramen,2,0,0
1777162957053,2,GET /restaurants?q=ramen,200,OK,Restaurant Search Load Test 2-190,text,true,,587,137,1,262,http://localhost:8002/restaurants/?q=ramen,2,0,0
1777162957083,3,GET /restaurants?q=ramen,200,OK,Restaurant Search Load Test 2-191,text,true,,587,137,1,264,http://localhost:8002/restaurants/?q=ramen,3,0,1
1777162952231,4884,POST /auth/login,200,OK,Login Load Test 1-44,text,true,,316,250,134,265,http://localhost:8001/auth/login,4884,0,0
1777162952263,4852,Login for Token,200,OK,Review Submission Load Test 3-44,text,true,,316,250,131,265,http://localhost:8001/auth/login,4852,0,0
1777162957116,2,POST /reviews/,201,Created,Review Submission Load Test 3-44,text,true,,380,440,131,264,http://localhost:8004/reviews/,2,0,0
1777162952626,4493,Login for Token,200,OK,Review Submission Load Test 3-55,text,true,,316,251,130,264,http://localhost:8001/auth/login,4493,0,1
1777162952560,4559,Login for Token,200,OK,Review Submission Load Test 3-53,text,true,,316,251,130,264,http://localhost:8001/auth/login,4559,0,1
1777162957118,3,GET /restaurants?q=ramen,200,OK,Restaurant Search Load Test 2-192,text,true,,587,137,1,264,http://localhost:8002/restaurants/?q=ramen,3,0,1
1777162957120,2,POST /reviews/,201,Created,Review Submission Load Test 3-55,text,true,,380,440,130,263,http://localhost:8004/reviews/,2,0,0
1777162957120,2,POST /reviews/,201,Created,Review Submission Load Test 3-53,text,true,,380,440,130,263,http://localhost:8004/reviews/,2,0,0
1777162957153,2,GET /restaurants?q=ramen,200,OK,Restaurant Search Load Test 2-193,text,true,,587,137,1,264,http://localhost:8002/restaurants/?q=ramen,2,0,0
1777162957183,3,GET /restaurants?q=ramen,200,OK,Restaurant Search Load Test 2-194,text,true,,587,137,1,266,http://localhost:8002/restaurants/?q=ramen,3,0,0
1777162957218,3,GET /restaurants?q=ramen,200,OK,Restaurant Search Load Test 2-195,text,true,,587,137,1,268,http://localhost:8002/restaurants/?q=ramen,3,0,0
1777162957248,3,GET /restaurants?q=ramen,200,OK,Restaurant Search Load Test 2-196,text,true,,587,137,1,270,http://localhost:8002/restaurants/?q=ramen,3,0,0
1777162957285,3,GET /restaurants?q=ramen,200,OK,Restaurant Search Load Test 2-197,text,true,,587,137,1,272,http://localhost:8002/restaurants/?q=ramen,3,0,0
1777162952857,4453,POST /auth/login,200,OK,Login Load Test 1-63,text,true,,316,251,139,273,http://localhost:8001/auth/login,4453,0,0
1777162952926,4384,POST /auth/login,200,OK,Login Load Test 1-65,text,true,,316,251,139,273,http://localhost:8001/auth/login,4384,0,0
1777162952923,4387,Login for Token,200,OK,Review Submission Load Test 3-64,text,true,,316,251,134,273,http://localhost:8001/auth/login,4387,0,0
1777162957310,3,POST /reviews/,201,Created,Review Submission Load Test 3-64,text,true,,380,440,134,271,http://localhost:8004/reviews/,3,0,0
1777162957318,3,GET /restaurants?q=ramen,200,OK,Restaurant Search Load Test 2-198,text,true,,587,137,1,271,http://localhost:8002/restaurants/?q=ramen,3,0,0
1777162952896,4446,POST /auth/login,200,OK,Login Load Test 1-64,text,true,,316,251,138,271,http://localhost:8001/auth/login,4446,0,0
1777162952953,4389,Login for Token,200,OK,Review Submission Load Test 3-65,text,true,,316,251,133,271,http://localhost:8001/auth/login,4389,0,1
1777162957343,2,POST /reviews/,201,Created,Review Submission Load Test 3-65,text,true,,380,440,134,271,http://localhost:8004/reviews/,2,0,0
1777162957350,3,GET /restaurants?q=ramen,200,OK,Restaurant Search Load Test 2-199,text,true,,587,137,1,271,http://localhost:8002/restaurants/?q=ramen,3,0,0
1777162957384,3,GET /restaurants?q=ramen,200,OK,Restaurant Search Load Test 2-200,text,true,,587,137,1,273,http://localhost:8002/restaurants/?q=ramen,3,0,0
1777162957416,4,GET /restaurants?q=ramen,200,OK,Restaurant Search Load Test 2-201,text,true,,587,137,1,275,http://localhost:8002/restaurants/?q=ramen,4,0,1
1777162957450,3,GET /restaurants?q=ramen,200,OK,Restaurant Search Load Test 2-202,text,true,,587,137,1,277,http://localhost:8002/restaurants/?q=ramen,3,0,0
1777162952596,4886,POST /auth/login,200,OK,Login Load Test 1-55,text,true,,316,251,141,278,http://localhost:8001/auth/login,4886,0,0
1777162952336,5146,POST /auth/login,200,OK,Login Load Test 1-47,text,true,,316,250,141,278,http://localhost:8001/auth/login,5146,0,0
1777162957482,3,GET /restaurants?q=ramen,200,OK,Restaurant Search Load Test 2-203,text,true,,587,137,1,277,http://localhost:8002/restaurants/?q=ramen,3,0,0
1777162952629,4857,POST /auth/login,200,OK,Login Load Test 1-56,text,true,,316,251,139,276,http://localhost:8001/auth/login,4857,0,0
1777162952988,4498,Login for Token,200,OK,Review Submission Load Test 3-66,text,true,,316,251,137,276,http://localhost:8001/auth/login,4498,0,1
1777162952990,4496,POST /auth/login,200,OK,Login Load Test 1-67,text,true,,316,251,138,275,http://localhost:8001/auth/login,4496,0,0
1777162957486,2,POST /reviews/,201,Created,Review Submission Load Test 3-66,text,true,,380,440,137,274,http://localhost:8004/reviews/,2,0,0
1777162957515,4,GET /restaurants?q=ramen,200,OK,Restaurant Search Load Test 2-204,text,true,,587,137,1,276,http://localhost:8002/restaurants/?q=ramen,4,0,0
1777162957548,2,GET /restaurants?q=ramen,200,OK,Restaurant Search Load Test 2-205,text,true,,587,137,1,278,http://localhost:8002/restaurants/?q=ramen,2,0,0
1777162957581,3,GET /restaurants?q=ramen,200,OK,Restaurant Search Load Test 2-206,text,true,,587,137,1,280,http://localhost:8002/restaurants/?q=ramen,3,0,0
1777162957614,3,GET /restaurants?q=ramen,200,OK,Restaurant Search Load Test 2-207,text,true,,587,137,1,282,http://localhost:8002/restaurants/?q=ramen,3,0,0
1777162957647,4,GET /restaurants?q=ramen,200,OK,Restaurant Search Load Test 2-208,text,true,,587,137,1,284,http://localhost:8002/restaurants/?q=ramen,4,0,0
1777162953022,4654,POST /auth/login,200,OK,Login Load Test 1-68,text,true,,316,251,143,285,http://localhost:8001/auth/login,4654,0,0
1777162957680,3,GET /restaurants?q=ramen,200,OK,Restaurant Search Load Test 2-209,text,true,,587,137,1,285,http://localhost:8002/restaurants/?q=ramen,3,0,0
1777162953059,4652,POST /auth/login,200,OK,Login Load Test 1-69,text,true,,316,251,143,286,http://localhost:8001/auth/login,4652,0,0
1777162952958,4753,POST /auth/login,200,OK,Login Load Test 1-66,text,true,,316,251,143,286,http://localhost:8001/auth/login,4753,0,1
1777162957712,2,GET /restaurants?q=ramen,200,OK,Restaurant Search Load Test 2-210,text,true,,587,137,1,285,http://localhost:8002/restaurants/?q=ramen,2,0,0
1777162957747,3,GET /restaurants?q=ramen,200,OK,Restaurant Search Load Test 2-211,text,true,,587,137,1,287,http://localhost:8002/restaurants/?q=ramen,3,0,0
1777162957781,3,GET /restaurants?q=ramen,200,OK,Restaurant Search Load Test 2-212,text,true,,587,137,1,289,http://localhost:8002/restaurants/?q=ramen,3,0,0
1777162957812,3,GET /restaurants?q=ramen,200,OK,Restaurant Search Load Test 2-213,text,true,,587,137,1,291,http://localhost:8002/restaurants/?q=ramen,3,0,1
1777162957842,4,GET /restaurants?q=ramen,200,OK,Restaurant Search Load Test 2-214,text,true,,587,137,1,293,http://localhost:8002/restaurants/?q=ramen,4,0,1
1777162953126,4725,POST /auth/login,200,OK,Login Load Test 1-71,text,true,,316,251,145,292,http://localhost:8001/auth/login,4725,0,0
1777162953087,4764,Login for Token,200,OK,Review Submission Load Test 3-69,text,true,,316,251,147,292,http://localhost:8001/auth/login,4764,0,1
1777162957851,2,POST /reviews/,201,Created,Review Submission Load Test 3-69,text,true,,380,440,147,291,http://localhost:8004/reviews/,2,0,0
1777162953095,4759,POST /auth/login,200,OK,Login Load Test 1-70,text,true,,316,251,144,290,http://localhost:8001/auth/login,4759,0,0
1777162957878,3,GET /restaurants?q=ramen,200,OK,Restaurant Search Load Test 2-215,text,true,,587,137,1,292,http://localhost:8002/restaurants/?q=ramen,3,0,0
1777162957912,3,GET /restaurants?q=ramen,200,OK,Restaurant Search Load Test 2-216,text,true,,587,137,1,294,http://localhost:8002/restaurants/?q=ramen,3,0,0
1777162957944,3,GET /restaurants?q=ramen,200,OK,Restaurant Search Load Test 2-217,text,true,,587,137,1,296,http://localhost:8002/restaurants/?q=ramen,3,0,0
1777162957977,3,GET /restaurants?q=ramen,200,OK,Restaurant Search Load Test 2-218,text,true,,587,137,1,298,http://localhost:8002/restaurants/?q=ramen,3,0,0
1777162958010,3,GET /restaurants?q=ramen,200,OK,Restaurant Search Load Test 2-219,text,true,,587,137,1,300,http://localhost:8002/restaurants/?q=ramen,3,0,0
1777162953022,5019,Login for Token,200,OK,Review Submission Load Test 3-67,text,true,,316,251,152,301,http://localhost:8001/auth/login,5019,0,0
1777162953154,4887,Login for Token,200,OK,Review Submission Load Test 3-71,text,true,,316,251,152,302,http://localhost:8001/auth/login,4887,0,0
1777162958041,2,POST /reviews/,201,Created,Review Submission Load Test 3-67,text,true,,380,440,152,302,http://localhost:8004/reviews/,2,0,0
1777162958041,3,POST /reviews/,201,Created,Review Submission Load Test 3-71,text,true,,380,440,151,301,http://localhost:8004/reviews/,3,0,0
1777162958041,3,GET /restaurants?q=ramen,200,OK,Restaurant Search Load Test 2-220,text,true,,587,137,1,301,http://localhost:8002/restaurants/?q=ramen,3,0,0
1777162953187,4890,POST /auth/login,200,OK,Login Load Test 1-73,text,true,,316,251,150,302,http://localhost:8001/auth/login,4890,0,0
1777162953055,5022,Login for Token,200,OK,Review Submission Load Test 3-68,text,true,,316,251,151,302,http://localhost:8001/auth/login,5022,0,1
1777162958077,4,GET /restaurants?q=ramen,200,OK,Restaurant Search Load Test 2-221,text,true,,587,137,1,301,http://localhost:8002/restaurants/?q=ramen,4,0,0
1777162958078,3,POST /reviews/,201,Created,Review Submission Load Test 3-68,text,true,,380,440,151,300,http://localhost:8004/reviews/,3,0,0
1777162958109,4,GET /restaurants?q=ramen,200,OK,Restaurant Search Load Test 2-222,text,true,,587,137,1,302,http://localhost:8002/restaurants/?q=ramen,4,0,1
1777162958143,3,GET /restaurants?q=ramen,200,OK,Restaurant Search Load Test 2-223,text,true,,587,137,1,304,http://localhost:8002/restaurants/?q=ramen,3,0,0
1777162958175,4,GET /restaurants?q=ramen,200,OK,Restaurant Search Load Test 2-224,text,true,,587,137,1,306,http://localhost:8002/restaurants/?q=ramen,4,0,1
1777162958209,3,GET /restaurants?q=ramen,200,OK,Restaurant Search Load Test 2-225,text,true,,587,137,1,308,http://localhost:8002/restaurants/?q=ramen,3,0,0
1777162953153,5067,POST /auth/login,200,OK,Login Load Test 1-72,text,true,,316,251,154,308,http://localhost:8001/auth/login,5067,0,1
1777162953253,4967,Login for Token,200,OK,Review Submission Load Test 3-74,text,true,,316,251,154,308,http://localhost:8001/auth/login,4967,0,0
1777162958220,2,POST /reviews/,201,Created,Review Submission Load Test 3-74,text,true,,380,440,154,307,http://localhost:8004/reviews/,2,0,0
1777162953120,5103,Login for Token,200,OK,Review Submission Load Test 3-70,text,true,,316,251,153,306,http://localhost:8001/auth/login,5103,0,0
1777162953250,4973,POST /auth/login,200,OK,Login Load Test 1-75,text,true,,316,251,153,306,http://localhost:8001/auth/login,4973,0,0
1777162953220,5003,Login for Token,200,OK,Review Submission Load Test 3-73,text,true,,316,251,153,306,http://localhost:8001/auth/login,5003,0,0
1777162958223,2,POST /reviews/,201,Created,Review Submission Load Test 3-73,text,true,,380,440,153,305,http://localhost:8004/reviews/,2,0,0
1777162958223,2,POST /reviews/,201,Created,Review Submission Load Test 3-70,text,true,,380,440,153,305,http://localhost:8004/reviews/,2,0,0
1777162958242,4,GET /restaurants?q=ramen,200,OK,Restaurant Search Load Test 2-226,text,true,,587,137,1,305,http://localhost:8002/restaurants/?q=ramen,4,0,1
1777162958275,3,GET /restaurants?q=ramen,200,OK,Restaurant Search Load Test 2-227,text,true,,587,137,1,307,http://localhost:8002/restaurants/?q=ramen,3,0,0
1777162958308,5,GET /restaurants?q=ramen,200,OK,Restaurant Search Load Test 2-228,text,true,,587,137,1,309,http://localhost:8002/restaurants/?q=ramen,5,0,0
1777162958338,4,GET /restaurants?q=ramen,200,OK,Restaurant Search Load Test 2-229,text,true,,587,137,1,311,http://localhost:8002/restaurants/?q=ramen,4,0,0
1777162958374,3,GET /restaurants?q=ramen,200,OK,Restaurant Search Load Test 2-230,text,true,,587,137,1,313,http://localhost:8002/restaurants/?q=ramen,3,0,0
1777162953287,5117,POST /auth/login,200,OK,Login Load Test 1-76,text,true,,316,251,157,314,http://localhost:8001/auth/login,5117,0,0
1777162953185,5219,Login for Token,200,OK,Review Submission Load Test 3-72,text,true,,316,251,157,314,http://localhost:8001/auth/login,5219,0,1
1777162958404,3,POST /reviews/,201,Created,Review Submission Load Test 3-72,text,true,,380,440,157,314,http://localhost:8004/reviews/,3,0,0
1777162958405,3,GET /restaurants?q=ramen,200,OK,Restaurant Search Load Test 2-231,text,true,,587,137,1,313,http://localhost:8002/restaurants/?q=ramen,3,0,1
1777162958437,3,GET /restaurants?q=ramen,200,OK,Restaurant Search Load Test 2-232,text,true,,587,137,1,315,http://localhost:8002/restaurants/?q=ramen,3,0,0
1777162953220,5223,POST /auth/login,200,OK,Login Load Test 1-74,text,true,,316,251,157,314,http://localhost:8001/auth/login,5223,0,0
1777162953321,5122,POST /auth/login,200,OK,Login Load Test 1-77,text,true,,316,251,157,314,http://localhost:8001/auth/login,5122,0,0
1777162958472,4,GET /restaurants?q=ramen,200,OK,Restaurant Search Load Test 2-233,text,true,,587,137,1,315,http://localhost:8002/restaurants/?q=ramen,4,0,0
1777162958505,4,GET /restaurants?q=ramen,200,OK,Restaurant Search Load Test 2-234,text,true,,587,137,1,317,http://localhost:8002/restaurants/?q=ramen,4,0,1
1777162958538,4,GET /restaurants?q=ramen,200,OK,Restaurant Search Load Test 2-235,text,true,,587,137,1,319,http://localhost:8002/restaurants/?q=ramen,4,0,1
1777162958571,4,GET /restaurants?q=ramen,200,OK,Restaurant Search Load Test 2-236,text,true,,587,137,1,321,http://localhost:8002/restaurants/?q=ramen,4,0,0
1777162953287,5300,Login for Token,200,OK,Review Submission Load Test 3-75,text,true,,316,251,161,321,http://localhost:8001/auth/login,5300,0,0
1777162953385,5202,Login for Token,200,OK,Review Submission Load Test 3-78,text,true,,316,251,161,321,http://localhost:8001/auth/login,5202,0,0
1777162953321,5267,Login for Token,200,OK,Review Submission Load Test 3-76,text,true,,316,251,161,321,http://localhost:8001/auth/login,5267,0,0
1777162953423,5165,POST /auth/login,200,OK,Login Load Test 1-80,text,true,,316,251,160,321,http://localhost:8001/auth/login,5165,0,0
1777162958587,3,POST /reviews/,201,Created,Review Submission Load Test 3-75,text,true,,380,440,161,320,http://localhost:8004/reviews/,3,0,1
1777162958587,3,POST /reviews/,201,Created,Review Submission Load Test 3-78,text,true,,380,440,161,320,http://localhost:8004/reviews/,3,0,1
1777162953349,5242,POST /auth/login,200,OK,Login Load Test 1-78,text,true,,316,251,159,318,http://localhost:8001/auth/login,5242,0,1
1777162958589,2,POST /reviews/,201,Created,Review Submission Load Test 3-76,text,true,,380,440,159,318,http://localhost:8004/reviews/,2,0,0
1777162958603,3,GET /restaurants?q=ramen,200,OK,Restaurant Search Load Test 2-237,text,true,,587,137,1,319,http://localhost:8002/restaurants/?q=ramen,3,0,1
1777162958636,3,GET /restaurants?q=ramen,200,OK,Restaurant Search Load Test 2-238,text,true,,587,137,1,320,http://localhost:8002/restaurants/?q=ramen,3,0,0
1777162958671,2,GET /restaurants?q=ramen,200,OK,Restaurant Search Load Test 2-239,text,true,,587,137,1,322,http://localhost:8002/restaurants/?q=ramen,2,0,0
1777162958703,3,GET /restaurants?q=ramen,200,OK,Restaurant Search Load Test 2-240,text,true,,587,137,1,324,http://localhost:8002/restaurants/?q=ramen,3,0,0
1777162958737,3,GET /restaurants?q=ramen,200,OK,Restaurant Search Load Test 2-241,text,true,,587,137,1,326,http://localhost:8002/restaurants/?q=ramen,3,0,0
1777162958770,1,GET /restaurants?q=ramen,200,OK,Restaurant Search Load Test 2-242,text,true,,587,137,1,328,http://localhost:8002/restaurants/?q=ramen,1,0,0
1777162958803,3,GET /restaurants?q=ramen,200,OK,Restaurant Search Load Test 2-243,text,true,,587,137,1,330,http://localhost:8002/restaurants/?q=ramen,3,0,0
1777162953455,5353,POST /auth/login,200,OK,Login Load Test 1-81,text,true,,316,251,164,329,http://localhost:8001/auth/login,5353,0,0
1777162953349,5459,Login for Token,200,OK,Review Submission Load Test 3-77,text,true,,316,251,165,329,http://localhost:8001/auth/login,5459,0,1
1777162958808,2,POST /reviews/,201,Created,Review Submission Load Test 3-77,text,true,,380,440,165,329,http://localhost:8004/reviews/,2,0,0
1777162958835,4,GET /restaurants?q=ramen,200,OK,Restaurant Search Load Test 2-244,text,true,,587,137,1,331,http://localhost:8002/restaurants/?q=ramen,4,0,1
1777162958865,3,GET /restaurants?q=ramen,200,OK,Restaurant Search Load Test 2-245,text,true,,587,137,1,332,http://localhost:8002/restaurants/?q=ramen,3,0,0
1777162958901,3,GET /restaurants?q=ramen,200,OK,Restaurant Search Load Test 2-246,text,true,,587,137,1,334,http://localhost:8002/restaurants/?q=ramen,3,0,1
1777162958934,3,GET /restaurants?q=ramen,200,OK,Restaurant Search Load Test 2-247,text,true,,587,137,1,336,http://localhost:8002/restaurants/?q=ramen,3,0,1
1777162953416,5538,Login for Token,200,OK,Review Submission Load Test 3-79,text,true,,316,251,168,336,http://localhost:8001/auth/login,5538,0,1
1777162953480,5474,POST /auth/login,200,OK,Login Load Test 1-82,text,true,,316,251,168,336,http://localhost:8001/auth/login,5474,0,0
1777162953551,5405,POST /auth/login,200,OK,Login Load Test 1-84,text,true,,316,251,167,335,http://localhost:8001/auth/login,5405,0,1
1777162953451,5505,Login for Token,200,OK,Review Submission Load Test 3-80,text,true,,316,251,168,335,http://localhost:8001/auth/login,5505,0,0
1777162958954,4,POST /reviews/,201,Created,Review Submission Load Test 3-79,text,true,,380,440,169,335,http://localhost:8004/reviews/,4,0,1
1777162958956,2,POST /reviews/,201,Created,Review Submission Load Test 3-80,text,true,,380,440,168,334,http://localhost:8004/reviews/,2,0,0
1777162953390,5569,POST /auth/login,200,OK,Login Load Test 1-79,text,true,,316,251,166,333,http://localhost:8001/auth/login,5569,0,0
1777162953515,5444,POST /auth/login,200,OK,Login Load Test 1-83,text,true,,316,251,166,333,http://localhost:8001/auth/login,5444,0,0
1777162958963,2,GET /restaurants?q=ramen,200,OK,Restaurant Search Load Test 2-248,text,true,,587,137,1,332,http://localhost:8002/restaurants/?q=ramen,2,0,0
1777162959000,3,GET /restaurants?q=ramen,200,OK,Restaurant Search Load Test 2-249,text,true,,587,137,1,335,http://localhost:8002/restaurants/?q=ramen,3,0,0
1777162959033,3,GET /restaurants?q=ramen,200,OK,Restaurant Search Load Test 2-250,text,true,,587,137,1,337,http://localhost:8002/restaurants/?q=ramen,3,0,0
1777162959066,4,GET /restaurants?q=ramen,200,OK,Restaurant Search Load Test 2-251,text,true,,587,137,1,338,http://localhost:8002/restaurants/?q=ramen,4,0,0
1777162959099,2,GET /restaurants?q=ramen,200,OK,Restaurant Search Load Test 2-252,text,true,,587,137,1,340,http://localhost:8002/restaurants/?q=ramen,2,0,0
1777162959133,3,GET /restaurants?q=ramen,200,OK,Restaurant Search Load Test 2-253,text,true,,587,137,1,343,http://localhost:8002/restaurants/?q=ramen,3,0,0
1777162959164,4,GET /restaurants?q=ramen,200,OK,Restaurant Search Load Test 2-254,text,true,,587,137,1,344,http://localhost:8002/restaurants/?q=ramen,4,0,1
1777162953584,5588,POST /auth/login,200,OK,Login Load Test 1-85,text,true,,316,251,171,344,http://localhost:8001/auth/login,5588,0,1
1777162953479,5693,Login for Token,200,OK,Review Submission Load Test 3-81,text,true,,316,251,173,344,http://localhost:8001/auth/login,5693,0,1
1777162959172,3,POST /reviews/,201,Created,Review Submission Load Test 3-81,text,true,,380,440,173,343,http://localhost:8004/reviews/,3,0,0
1777162959198,4,GET /restaurants?q=ramen,200,OK,Restaurant Search Load Test 2-255,text,true,,587,137,1,344,http://localhost:8002/restaurants/?q=ramen,4,0,0
1777162959232,3,GET /restaurants?q=ramen,200,OK,Restaurant Search Load Test 2-256,text,true,,587,137,1,346,http://localhost:8002/restaurants/?q=ramen,3,0,0
1777162959265,3,GET /restaurants?q=ramen,200,OK,Restaurant Search Load Test 2-257,text,true,,587,137,1,348,http://localhost:8002/restaurants/?q=ramen,3,0,0
1777162959298,3,GET /restaurants?q=ramen,200,OK,Restaurant Search Load Test 2-258,text,true,,587,137,1,350,http://localhost:8002/restaurants/?q=ramen,3,0,0
1777162953650,5672,Login for Token,200,OK,Review Submission Load Test 3-86,text,true,,316,251,176,350,http://localhost:8001/auth/login,5672,0,0
1777162953549,5773,Login for Token,200,OK,Review Submission Load Test 3-83,text,true,,316,251,176,350,http://localhost:8001/auth/login,5773,0,1
1777162953616,5706,Login for Token,200,OK,Review Submission Load Test 3-85,text,true,,316,251,176,350,http://localhost:8001/auth/login,5706,0,0
1777162953515,5807,Login for Token,200,OK,Review Submission Load Test 3-82,text,true,,316,251,176,350,http://localhost:8001/auth/login,5807,0,0
1777162953581,5742,Login for Token,200,OK,Review Submission Load Test 3-84,text,true,,316,251,177,351,http://localhost:8001/auth/login,5742,0,0
1777162959322,4,POST /reviews/,201,Created,Review Submission Load Test 3-82,text,true,,380,440,177,351,http://localhost:8004/reviews/,4,0,1
1777162959322,4,POST /reviews/,201,Created,Review Submission Load Test 3-85,text,true,,380,440,177,351,http://localhost:8004/reviews/,4,0,1
1777162959322,4,POST /reviews/,201,Created,Review Submission Load Test 3-86,text,true,,380,440,177,351,http://localhost:8004/reviews/,4,0,1
1777162959323,3,POST /reviews/,201,Created,Review Submission Load Test 3-84,text,true,,380,440,177,351,http://localhost:8004/reviews/,3,0,0
1777162959322,4,POST /reviews/,201,Created,Review Submission Load Test 3-83,text,true,,380,440,176,350,http://localhost:8004/reviews/,4,0,1
1777162959328,3,GET /restaurants?q=ramen,200,OK,Restaurant Search Load Test 2-259,text,true,,587,137,1,347,http://localhost:8002/restaurants/?q=ramen,3,0,0
1777162959364,3,GET /restaurants?q=ramen,200,OK,Restaurant Search Load Test 2-260,text,true,,587,137,1,350,http://localhost:8002/restaurants/?q=ramen,3,0,0
1777162959395,4,GET /restaurants?q=ramen,200,OK,Restaurant Search Load Test 2-261,text,true,,587,137,1,351,http://localhost:8002/restaurants/?q=ramen,4,0,1
1777162959429,4,GET /restaurants?q=ramen,200,OK,Restaurant Search Load Test 2-262,text,true,,587,137,1,353,http://localhost:8002/restaurants/?q=ramen,4,0,0
1777162959464,3,GET /restaurants?q=ramen,200,OK,Restaurant Search Load Test 2-263,text,true,,587,137,1,356,http://localhost:8002/restaurants/?q=ramen,3,0,0
1777162959497,3,GET /restaurants?q=ramen,200,OK,Restaurant Search Load Test 2-264,text,true,,587,137,1,357,http://localhost:8002/restaurants/?q=ramen,3,0,0
1777162959529,3,GET /restaurants?q=ramen,200,OK,Restaurant Search Load Test 2-265,text,true,,587,137,1,360,http://localhost:8002/restaurants/?q=ramen,3,0,0
1777162953611,5924,POST /auth/login,200,OK,Login Load Test 1-86,text,true,,316,251,181,359,http://localhost:8001/auth/login,5924,0,0
1777162953712,5823,POST /auth/login,200,OK,Login Load Test 1-89,text,true,,316,251,181,359,http://localhost:8001/auth/login,5823,0,1
1777162959557,3,GET /restaurants?q=ramen,200,OK,Restaurant Search Load Test 2-266,text,true,,587,137,1,359,http://localhost:8002/restaurants/?q=ramen,3,0,0
1777162959593,2,GET /restaurants?q=ramen,200,OK,Restaurant Search Load Test 2-267,text,true,,587,137,1,362,http://localhost:8002/restaurants/?q=ramen,2,0,0
1777162959627,3,GET /restaurants?q=ramen,200,OK,Restaurant Search Load Test 2-268,text,true,,587,137,1,363,http://localhost:8002/restaurants/?q=ramen,3,0,0
1777162959661,3,GET /restaurants?q=ramen,200,OK,Restaurant Search Load Test 2-269,text,true,,587,137,1,366,http://localhost:8002/restaurants/?q=ramen,3,0,0
1777162953678,6007,POST /auth/login,200,OK,Login Load Test 1-88,text,true,,316,251,183,365,http://localhost:8001/auth/login,6007,0,0
1777162953810,5875,Login for Token,200,OK,Review Submission Load Test 3-91,text,true,,316,251,182,365,http://localhost:8001/auth/login,5875,0,0
1777162959685,3,POST /reviews/,201,Created,Review Submission Load Test 3-91,text,true,,380,440,183,366,http://localhost:8004/reviews/,3,0,0
1777162953648,6042,POST /auth/login,200,OK,Login Load Test 1-87,text,true,,316,251,183,365,http://localhost:8001/auth/login,6042,0,0
1777162953746,5944,Login for Token,200,OK,Review Submission Load Test 3-89,text,true,,316,251,182,365,http://localhost:8001/auth/login,5944,0,1
1777162953677,6013,Login for Token,200,OK,Review Submission Load Test 3-87,text,true,,316,251,182,364,http://localhost:8001/auth/login,6013,0,0
1777162953774,5916,POST /auth/login,200,OK,Login Load Test 1-91,text,true,,316,251,182,364,http://localhost:8001/auth/login,5916,0,1
1777162959690,3,POST /reviews/,201,Created,Review Submission Load Test 3-89,text,true,,380,440,182,364,http://localhost:8004/reviews/,3,0,1
1777162959690,3,POST /reviews/,201,Created,Review Submission Load Test 3-87,text,true,,380,440,181,363,http://localhost:8004/reviews/,3,0,1
1777162959691,2,GET /restaurants?q=ramen,200,OK,Restaurant Search Load Test 2-270,text,true,,587,137,1,362,http://localhost:8002/restaurants/?q=ramen,2,0,0
1777162959726,3,GET /restaurants?q=ramen,200,OK,Restaurant Search Load Test 2-271,text,true,,587,137,1,364,http://localhost:8002/restaurants/?q=ramen,3,0,1
1777162959759,3,GET /restaurants?q=ramen,200,OK,Restaurant Search Load Test 2-272,text,true,,587,137,1,366,http://localhost:8002/restaurants/?q=ramen,3,0,0
1777162959793,2,GET /restaurants?q=ramen,200,OK,Restaurant Search Load Test 2-273,text,true,,587,137,1,368,http://localhost:8002/restaurants/?q=ramen,2,0,0
1777162959825,3,GET /restaurants?q=ramen,200,OK,Restaurant Search Load Test 2-274,text,true,,587,137,1,370,http://localhost:8002/restaurants/?q=ramen,3,0,1
1777162959854,3,GET /restaurants?q=ramen,200,OK,Restaurant Search Load Test 2-275,text,true,,587,137,1,372,http://localhost:8002/restaurants/?q=ramen,3,0,0
1777162959891,4,GET /restaurants?q=ramen,200,OK,Restaurant Search Load Test 2-276,text,true,,587,137,1,374,http://localhost:8002/restaurants/?q=ramen,4,0,0
1777162953715,6185,Login for Token,200,OK,Review Submission Load Test 3-88,text,true,,316,251,186,373,http://localhost:8001/auth/login,6185,0,0
1777162953845,6055,Login for Token,200,OK,Review Submission Load Test 3-92,text,true,,316,251,186,373,http://localhost:8001/auth/login,6055,0,1
1777162959901,2,POST /reviews/,201,Created,Review Submission Load Test 3-88,text,true,,380,440,186,373,http://localhost:8004/reviews/,2,0,0
1777162959901,2,POST /reviews/,201,Created,Review Submission Load Test 3-92,text,true,,380,440,186,373,http://localhost:8004/reviews/,2,0,0
1777162959923,3,GET /restaurants?q=ramen,200,OK,Restaurant Search Load Test 2-277,text,true,,587,137,1,373,http://localhost:8002/restaurants/?q=ramen,3,0,0
1777162959957,3,GET /restaurants?q=ramen,200,OK,Restaurant Search Load Test 2-278,text,true,,587,137,1,375,http://localhost:8002/restaurants/?q=ramen,3,0,1
1777162959991,2,GET /restaurants?q=ramen,200,OK,Restaurant Search Load Test 2-279,text,true,,587,137,1,377,http://localhost:8002/restaurants/?q=ramen,2,0,0
1777162960024,2,GET /restaurants?q=ramen,200,OK,Restaurant Search Load Test 2-280,text,true,,587,137,1,380,http://localhost:8002/restaurants/?q=ramen,2,0,0
1777162955035,5001,POST /auth/login,Non HTTP response code: org.apache.http.conn.HttpHostConnectException,"Non HTTP response message: Connect to localhost:8001 [localhost/127.0.0.1, localhost/0:0:0:0:0:0:0:1] failed: Connection refused",Login Load Test 1-129,text,false,"Test failed: code expected to equal /

****** received  : [[[Non HTTP response code: org.apache.http.conn.HttpHostConnectException]]]

****** comparison: [[[200                                                                  ]]]

/",2623,0,191,379,http://localhost:8001/auth/login,0,0,5001
1777162955034,5002,Login for Token,Non HTTP response code: org.apache.http.conn.HttpHostConnectException,"Non HTTP response message: Connect to localhost:8001 [localhost/127.0.0.1, localhost/0:0:0:0:0:0:0:1] failed: Connection refused",Review Submission Load Test 3-128,text,false,,2623,0,188,379,http://localhost:8001/auth/login,0,0,5002
1777162960037,1,POST /reviews/,401,Unauthorized,Review Submission Load Test 3-128,text,false,"Test failed: code expected to equal /

****** received  : [[[4]]]01

****** comparison: [[[2]]]01

/",204,299,188,378,http://localhost:8004/reviews/,1,0,0
1777162953945,6110,POST /auth/login,200,OK,Login Load Test 1-96,text,true,,316,251,191,380,http://localhost:8001/auth/login,6110,0,0
1777162953811,6244,POST /auth/login,200,OK,Login Load Test 1-92,text,true,,316,251,191,380,http://localhost:8001/auth/login,6244,0,1
1777162953781,6274,Login for Token,200,OK,Review Submission Load Test 3-90,text,true,,316,251,188,378,http://localhost:8001/auth/login,6274,0,0
1777162953912,6143,Login for Token,200,OK,Review Submission Load Test 3-94,text,true,,316,251,188,378,http://localhost:8001/auth/login,6143,0,0
1777162960053,4,GET /restaurants?q=ramen,200,OK,Restaurant Search Load Test 2-281,text,true,,587,137,1,378,http://localhost:8002/restaurants/?q=ramen,4,0,0
1777162960055,3,POST /reviews/,201,Created,Review Submission Load Test 3-90,text,true,,380,440,188,377,http://localhost:8004/reviews/,3,0,1
1777162960055,3,POST /reviews/,201,Created,Review Submission Load Test 3-94,text,true,,380,440,188,377,http://localhost:8004/reviews/,3,0,1
1777162953746,6313,POST /auth/login,200,OK,Login Load Test 1-90,text,true,,316,251,189,375,http://localhost:8001/auth/login,6313,0,1
1777162953875,6184,Login for Token,200,OK,Review Submission Load Test 3-93,text,true,,316,251,186,375,http://localhost:8001/auth/login,6184,0,0
1777162953878,6181,POST /auth/login,200,OK,Login Load Test 1-94,text,true,,316,251,188,374,http://localhost:8001/auth/login,6181,0,0
1777162960059,2,POST /reviews/,201,Created,Review Submission Load Test 3-93,text,true,,380,440,186,373,http://localhost:8004/reviews/,2,0,0
1777162960091,2,GET /restaurants?q=ramen,200,OK,Restaurant Search Load Test 2-282,text,true,,587,137,1,374,http://localhost:8002/restaurants/?q=ramen,2,0,0
1777162960119,2,GET /restaurants?q=ramen,200,OK,Restaurant Search Load Test 2-283,text,true,,587,137,1,377,http://localhost:8002/restaurants/?q=ramen,2,0,0
1777162955133,5001,POST /auth/login,Non HTTP response code: org.apache.http.conn.HttpHostConnectException,"Non HTTP response message: Connect to localhost:8001 [localhost/127.0.0.1, localhost/0:0:0:0:0:0:0:1] failed: Connection refused",Login Load Test 1-132,text,false,"Test failed: code expected to equal /

****** received  : [[[Non HTTP response code: org.apache.http.conn.HttpHostConnectException]]]

****** comparison: [[[200                                                                  ]]]

/",2623,0,189,376,http://localhost:8001/auth/login,0,0,5001
1777162955133,5001,Login for Token,Non HTTP response code: org.apache.http.conn.HttpHostConnectException,"Non HTTP response message: Connect to localhost:8001 [localhost/127.0.0.1, localhost/0:0:0:0:0:0:0:1] failed: Connection refused",Review Submission Load Test 3-131,text,false,,2623,0,187,376,http://localhost:8001/auth/login,0,0,5001
1777162960135,0,POST /reviews/,401,Unauthorized,Review Submission Load Test 3-131,text,false,"Test failed: code expected to equal /

****** received  : [[[4]]]01

****** comparison: [[[2]]]01

/",204,299,187,375,http://localhost:8004/reviews/,0,0,0
1777162960156,3,GET /restaurants?q=ramen,200,OK,Restaurant Search Load Test 2-284,text,true,,587,137,1,377,http://localhost:8002/restaurants/?q=ramen,3,0,0
1777162955167,5001,Login for Token,Non HTTP response code: org.apache.http.conn.HttpHostConnectException,"Non HTTP response message: Connect to localhost:8001 [localhost/127.0.0.1, localhost/0:0:0:0:0:0:0:1] failed: Connection refused",Review Submission Load Test 3-132,text,false,,2623,0,187,376,http://localhost:8001/auth/login,0,0,5001
1777162960168,1,POST /reviews/,401,Unauthorized,Review Submission Load Test 3-132,text,false,"Test failed: code expected to equal /

****** received  : [[[4]]]01

****** comparison: [[[2]]]01

/",204,299,187,376,http://localhost:8004/reviews/,1,0,0
1777162960188,4,GET /restaurants?q=ramen,200,OK,Restaurant Search Load Test 2-285,text,true,,587,137,1,378,http://localhost:8002/restaurants/?q=ramen,4,0,1
1777162955192,5001,POST /auth/login,Non HTTP response code: org.apache.http.conn.HttpHostConnectException,"Non HTTP response message: Connect to localhost:8001 [localhost/127.0.0.1, localhost/0:0:0:0:0:0:0:1] failed: Connection refused",Login Load Test 1-134,text,false,"Test failed: code expected to equal /

****** received  : [[[Non HTTP response code: org.apache.http.conn.HttpHostConnectException]]]

****** comparison: [[[200                                                                  ]]]

/",2623,0,190,377,http://localhost:8001/auth/login,0,0,5001
1777162960220,3,GET /restaurants?q=ramen,200,OK,Restaurant Search Load Test 2-286,text,true,,587,137,1,379,http://localhost:8002/restaurants/?q=ramen,3,0,0
1777162955232,5002,Login for Token,Non HTTP response code: org.apache.http.conn.HttpHostConnectException,"Non HTTP response message: Connect to localhost:8001 [localhost/127.0.0.1, localhost/0:0:0:0:0:0:0:1] failed: Connection refused",Review Submission Load Test 3-134,text,false,,2623,0,188,378,http://localhost:8001/auth/login,0,0,5002
1777162960234,1,POST /reviews/,401,Unauthorized,Review Submission Load Test 3-134,text,false,"Test failed: code expected to equal /

****** received  : [[[4]]]01

****** comparison: [[[2]]]01

/",204,299,188,378,http://localhost:8004/reviews/,1,0,0
1777162960255,3,GET /restaurants?q=ramen,200,OK,Restaurant Search Load Test 2-287,text,true,,587,137,1,380,http://localhost:8002/restaurants/?q=ramen,3,0,0
1777162953846,6414,POST /auth/login,200,OK,Login Load Test 1-93,text,true,,316,251,191,379,http://localhost:8001/auth/login,6414,0,0
1777162953979,6281,Login for Token,200,OK,Review Submission Load Test 3-96,text,true,,316,251,188,379,http://localhost:8001/auth/login,6281,0,0
1777162960260,3,POST /reviews/,201,Created,Review Submission Load Test 3-96,text,true,,380,440,188,378,http://localhost:8004/reviews/,3,0,0
1777162960285,2,GET /restaurants?q=ramen,200,OK,Restaurant Search Load Test 2-288,text,true,,587,137,1,380,http://localhost:8002/restaurants/?q=ramen,2,0,0
1777162955298,5001,POST /auth/login,Non HTTP response code: org.apache.http.conn.HttpHostConnectException,"Non HTTP response message: Connect to localhost:8001 [localhost/127.0.0.1, localhost/0:0:0:0:0:0:0:1] failed: Connection refused",Login Load Test 1-137,text,false,"Test failed: code expected to equal /

****** received  : [[[Non HTTP response code: org.apache.http.conn.HttpHostConnectException]]]

****** comparison: [[[200                                                                  ]]]

/",2623,0,191,379,http://localhost:8001/auth/login,0,0,5001
1777162960321,2,GET /restaurants?q=ramen,200,OK,Restaurant Search Load Test 2-289,text,true,,587,137,1,381,http://localhost:8002/restaurants/?q=ramen,2,0,0
1777162955328,5002,POST /auth/login,Non HTTP response code: org.apache.http.conn.HttpHostConnectException,"Non HTTP response message: Connect to localhost:8001 [localhost/127.0.0.1, localhost/0:0:0:0:0:0:0:1] failed: Connection refused",Login Load Test 1-138,text,false,"Test failed: code expected to equal /

****** received  : [[[Non HTTP response code: org.apache.http.conn.HttpHostConnectException]]]

****** comparison: [[[200                                                                  ]]]

/",2623,0,191,380,http://localhost:8001/auth/login,0,0,5002
1777162960351,3,GET /restaurants?q=ramen,200,OK,Restaurant Search Load Test 2-290,text,true,,587,137,1,382,http://localhost:8002/restaurants/?q=ramen,3,0,0
1777162955364,5002,Login for Token,Non HTTP response code: org.apache.http.conn.HttpHostConnectException,"Non HTTP response message: Connect to localhost:8001 [localhost/127.0.0.1, localhost/0:0:0:0:0:0:0:1] failed: Connection refused",Review Submission Load Test 3-138,text,false,,2623,0,190,381,http://localhost:8001/auth/login,0,0,5002
1777162960366,1,POST /reviews/,401,Unauthorized,Review Submission Load Test 3-138,text,false,"Test failed: code expected to equal /

****** received  : [[[4]]]01

****** comparison: [[[2]]]01

/",204,299,190,381,http://localhost:8004/reviews/,1,0,1
1777162960387,3,GET /restaurants?q=ramen,200,OK,Restaurant Search Load Test 2-291,text,true,,587,137,1,383,http://localhost:8002/restaurants/?q=ramen,3,0,0
1777162955395,5001,Login for Token,Non HTTP response code: org.apache.http.conn.HttpHostConnectException,"Non HTTP response message: Connect to localhost:8001 [localhost/127.0.0.1, localhost/0:0:0:0:0:0:0:1] failed: Connection refused",Review Submission Load Test 3-139,text,false,,2623,0,190,382,http://localhost:8001/auth/login,0,0,5001
1777162960397,1,POST /reviews/,401,Unauthorized,Review Submission Load Test 3-139,text,false,"Test failed: code expected to equal /

****** received  : [[[4]]]01

****** comparison: [[[2]]]01

/",204,299,190,382,http://localhost:8004/reviews/,1,0,0
1777162953913,6503,POST /auth/login,200,OK,Login Load Test 1-95,text,true,,316,251,192,382,http://localhost:8001/auth/login,6503,0,0
1777162954044,6372,Login for Token,200,OK,Review Submission Load Test 3-98,text,true,,316,251,190,381,http://localhost:8001/auth/login,6372,0,0
1777162960416,3,POST /reviews/,201,Created,Review Submission Load Test 3-98,text,true,,380,440,190,381,http://localhost:8004/reviews/,3,0,0
1777162954078,6341,Login for Token,200,OK,Review Submission Load Test 3-99,text,true,,316,251,189,380,http://localhost:8001/auth/login,6341,0,1
1777162953946,6473,Login for Token,200,OK,Review Submission Load Test 3-95,text,true,,316,251,189,380,http://localhost:8001/auth/login,6473,0,0
1777162960419,2,POST /reviews/,201,Created,Review Submission Load Test 3-99,text,true,,380,440,189,382,http://localhost:8004/reviews/,2,0,0
1777162960419,2,POST /reviews/,201,Created,Review Submission Load Test 3-95,text,true,,380,440,188,381,http://localhost:8004/reviews/,2,0,0
1777162954011,6411,Login for Token,200,OK,Review Submission Load Test 3-97,text,true,,316,251,187,380,http://localhost:8001/auth/login,6411,0,0
1777162960420,2,GET /restaurants?q=ramen,200,OK,Restaurant Search Load Test 2-292,text,true,,587,137,1,380,http://localhost:8002/restaurants/?q=ramen,2,0,0
1777162954013,6410,POST /auth/login,200,OK,Login Load Test 1-98,text,true,,316,251,192,379,http://localhost:8001/auth/login,6410,0,0
1777162960422,2,POST /reviews/,201,Created,Review Submission Load Test 3-97,text,true,,380,440,187,378,http://localhost:8004/reviews/,2,0,0
1777162955427,5001,POST /auth/login,Non HTTP response code: org.apache.http.conn.HttpHostConnectException,"Non HTTP response message: Connect to localhost:8001 [localhost/127.0.0.1, localhost/0:0:0:0:0:0:0:1] failed: Connection refused",Login Load Test 1-141,text,false,"Test failed: code expected to equal /

****** received  : [[[Non HTTP response code: org.apache.http.conn.HttpHostConnectException]]]

****** comparison: [[[200                                                                  ]]]

/",2623,0,191,377,http://localhost:8001/auth/login,0,0,5001
1777162955428,5002,Login for Token,Non HTTP response code: org.apache.http.conn.HttpHostConnectException,"Non HTTP response message: Connect to localhost:8001 [localhost/127.0.0.1, localhost/0:0:0:0:0:0:0:1] failed: Connection refused",Review Submission Load Test 3-140,text,false,,2623,0,186,376,http://localhost:8001/auth/login,0,0,5002
1777162960430,1,POST /reviews/,401,Unauthorized,Review Submission Load Test 3-140,text,false,"Test failed: code expected to equal /

****** received  : [[[4]]]01

****** comparison: [[[2]]]01

/",204,299,186,376,http://localhost:8004/reviews/,1,0,0
1777162960453,3,GET /restaurants?q=ramen,200,OK,Restaurant Search Load Test 2-293,text,true,,587,137,1,378,http://localhost:8002/restaurants/?q=ramen,3,0,0
1777162955459,5001,POST /auth/login,Non HTTP response code: org.apache.http.conn.HttpHostConnectException,"Non HTTP response message: Connect to localhost:8001 [localhost/127.0.0.1, localhost/0:0:0:0:0:0:0:1] failed: Connection refused",Login Load Test 1-142,text,false,"Test failed: code expected to equal /

****** received  : [[[Non HTTP response code: org.apache.http.conn.HttpHostConnectException]]]

****** comparison: [[[200                                                                  ]]]

/",2623,0,191,377,http://localhost:8001/auth/login,0,0,5001
1777162955464,5001,Login for Token,Non HTTP response code: org.apache.http.conn.HttpHostConnectException,"Non HTTP response message: Connect to localhost:8001 [localhost/127.0.0.1, localhost/0:0:0:0:0:0:0:1] failed: Connection refused",Review Submission Load Test 3-141,text,false,,2623,0,186,376,http://localhost:8001/auth/login,0,0,5001
1777162960465,1,POST /reviews/,401,Unauthorized,Review Submission Load Test 3-141,text,false,"Test failed: code expected to equal /

****** received  : [[[4]]]01

****** comparison: [[[2]]]01

/",204,299,186,376,http://localhost:8004/reviews/,1,0,0
1777162955487,5002,POST /auth/login,Non HTTP response code: org.apache.http.conn.HttpHostConnectException,"Non HTTP response message: Connect to localhost:8001 [localhost/127.0.0.1, localhost/0:0:0:0:0:0:0:1] failed: Connection refused",Login Load Test 1-143,text,false,"Test failed: code expected to equal /

****** received  : [[[Non HTTP response code: org.apache.http.conn.HttpHostConnectException]]]

****** comparison: [[[200                                                                  ]]]

/",2623,0,191,378,http://localhost:8001/auth/login,0,0,5002
1777162960485,4,GET /restaurants?q=ramen,200,OK,Restaurant Search Load Test 2-294,text,true,,587,137,1,377,http://localhost:8002/restaurants/?q=ramen,4,0,0
1777162960514,3,GET /restaurants?q=ramen,200,OK,Restaurant Search Load Test 2-295,text,true,,587,137,1,379,http://localhost:8002/restaurants/?q=ramen,3,0,0
1777162955524,5001,POST /auth/login,Non HTTP response code: org.apache.http.conn.HttpHostConnectException,"Non HTTP response message: Connect to localhost:8001 [localhost/127.0.0.1, localhost/0:0:0:0:0:0:0:1] failed: Connection refused",Login Load Test 1-144,text,false,"Test failed: code expected to equal /

****** received  : [[[Non HTTP response code: org.apache.http.conn.HttpHostConnectException]]]

****** comparison: [[[200                                                                  ]]]

/",2623,0,191,378,http://localhost:8001/auth/login,0,0,5001
1777162955530,5001,Login for Token,Non HTTP response code: org.apache.http.conn.HttpHostConnectException,"Non HTTP response message: Connect to localhost:8001 [localhost/127.0.0.1, localhost/0:0:0:0:0:0:0:1] failed: Connection refused",Review Submission Load Test 3-143,text,false,,2623,0,187,377,http://localhost:8001/auth/login,0,0,5001
1777162960532,0,POST /reviews/,401,Unauthorized,Review Submission Load Test 3-143,text,false,"Test failed: code expected to equal /

****** received  : [[[4]]]01

****** comparison: [[[2]]]01

/",204,299,187,377,http://localhost:8004/reviews/,0,0,0
1777162960551,4,GET /restaurants?q=ramen,200,OK,Restaurant Search Load Test 2-296,text,true,,587,137,1,379,http://localhost:8002/restaurants/?q=ramen,4,0,1
1777162955562,5002,Login for Token,Non HTTP response code: org.apache.http.conn.HttpHostConnectException,"Non HTTP response message: Connect to localhost:8001 [localhost/127.0.0.1, localhost/0:0:0:0:0:0:0:1] failed: Connection refused",Review Submission Load Test 3-144,text,false,,2623,0,187,378,http://localhost:8001/auth/login,0,0,5002
1777162960564,1,POST /reviews/,401,Unauthorized,Review Submission Load Test 3-144,text,false,"Test failed: code expected to equal /

****** received  : [[[4]]]01

****** comparison: [[[2]]]01

/",204,299,187,378,http://localhost:8004/reviews/,1,0,0
1777162960584,4,GET /restaurants?q=ramen,200,OK,Restaurant Search Load Test 2-297,text,true,,587,137,1,380,http://localhost:8002/restaurants/?q=ramen,4,0,0
1777162955597,5001,Login for Token,Non HTTP response code: org.apache.http.conn.HttpHostConnectException,"Non HTTP response message: Connect to localhost:8001 [localhost/127.0.0.1, localhost/0:0:0:0:0:0:0:1] failed: Connection refused",Review Submission Load Test 3-145,text,false,,2623,0,187,379,http://localhost:8001/auth/login,0,0,5001
1777162960598,1,POST /reviews/,401,Unauthorized,Review Submission Load Test 3-145,text,false,"Test failed: code expected to equal /

****** received  : [[[4]]]01

****** comparison: [[[2]]]01

/",204,299,187,379,http://localhost:8004/reviews/,1,0,0
1777162960612,3,GET /restaurants?q=ramen,200,OK,Restaurant Search Load Test 2-298,text,true,,587,137,1,381,http://localhost:8002/restaurants/?q=ramen,3,0,0
1777162953980,6645,POST /auth/login,200,OK,Login Load Test 1-97,text,true,,316,251,193,380,http://localhost:8001/auth/login,6645,0,0
1777162954111,6514,Login for Token,200,OK,Review Submission Load Test 3-100,text,true,,316,251,187,380,http://localhost:8001/auth/login,6514,0,0
1777162960625,2,POST /reviews/,201,Created,Review Submission Load Test 3-100,text,true,,380,440,187,379,http://localhost:8004/reviews/,2,0,0
1777162960651,3,GET /restaurants?q=ramen,200,OK,Restaurant Search Load Test 2-299,text,true,,587,137,1,381,http://localhost:8002/restaurants/?q=ramen,3,0,0
1777162955654,5001,POST /auth/login,Non HTTP response code: org.apache.http.conn.HttpHostConnectException,"Non HTTP response message: Connect to localhost:8001 [localhost/127.0.0.1, localhost/0:0:0:0:0:0:0:1] failed: Connection refused",Login Load Test 1-148,text,false,"Test failed: code expected to equal /

****** received  : [[[Non HTTP response code: org.apache.http.conn.HttpHostConnectException]]]

****** comparison: [[[200                                                                  ]]]

/",2623,0,193,380,http://localhost:8001/auth/login,0,0,5001
1777162960683,3,GET /restaurants?q=ramen,200,OK,Restaurant Search Load Test 2-300,text,true,,587,137,1,381,http://localhost:8002/restaurants/?q=ramen,3,0,0
1777162955690,5001,POST /auth/login,Non HTTP response code: org.apache.http.conn.HttpHostConnectException,"Non HTTP response message: Connect to localhost:8001 [localhost/127.0.0.1, localhost/0:0:0:0:0:0:0:1] failed: Connection refused",Login Load Test 1-149,text,false,"Test failed: code expected to equal /

****** received  : [[[Non HTTP response code: org.apache.http.conn.HttpHostConnectException]]]

****** comparison: [[[200                                                                  ]]]

/",2623,0,192,380,http://localhost:8001/auth/login,0,0,5001
1777162955727,5002,Login for Token,Non HTTP response code: org.apache.http.conn.HttpHostConnectException,"Non HTTP response message: Connect to localhost:8001 [localhost/127.0.0.1, localhost/0:0:0:0:0:0:0:1] failed: Connection refused",Review Submission Load Test 3-149,text,false,,2623,0,189,380,http://localhost:8001/auth/login,0,0,5002
1777162960729,1,POST /reviews/,401,Unauthorized,Review Submission Load Test 3-149,text,false,"Test failed: code expected to equal /

****** received  : [[[4]]]01

****** comparison: [[[2]]]01

/",204,299,189,380,http://localhost:8004/reviews/,1,0,0
1777162955756,5001,Login for Token,Non HTTP response code: org.apache.http.conn.HttpHostConnectException,"Non HTTP response message: Connect to localhost:8001 [localhost/127.0.0.1, localhost/0:0:0:0:0:0:0:1] failed: Connection refused",Review Submission Load Test 3-150,text,false,,2623,0,188,379,http://localhost:8001/auth/login,0,0,5001
1777162955756,5002,POST /auth/login,Non HTTP response code: org.apache.http.conn.HttpHostConnectException,"Non HTTP response message: Connect to localhost:8001 [localhost/127.0.0.1, localhost/0:0:0:0:0:0:0:1] failed: Connection refused",Login Load Test 1-151,text,false,"Test failed: code expected to equal /

****** received  : [[[Non HTTP response code: org.apache.http.conn.HttpHostConnectException]]]

****** comparison: [[[200                                                                  ]]]

/",2623,0,191,379,http://localhost:8001/auth/login,0,0,5002
1777162960758,0,POST /reviews/,401,Unauthorized,Review Submission Load Test 3-150,text,false,"Test failed: code expected to equal /

****** received  : [[[4]]]01

****** comparison: [[[2]]]01

/",204,299,188,378,http://localhost:8004/reviews/,0,0,0
1777162954208,6571,POST /auth/login,200,OK,Login Load Test 1-104,text,true,,316,251,190,377,http://localhost:8001/auth/login,6571,0,0
1777162954044,6735,POST /auth/login,200,OK,Login Load Test 1-99,text,true,,316,251,190,377,http://localhost:8001/auth/login,6735,0,0
1777162954177,6607,Login for Token,200,OK,Review Submission Load Test 3-102,text,true,,316,251,187,375,http://localhost:8001/auth/login,6607,0,1
1777162954078,6706,POST /auth/login,200,OK,Login Load Test 1-100,text,true,,316,251,188,375,http://localhost:8001/auth/login,6706,0,1
1777162960784,2,POST /reviews/,201,Created,Review Submission Load Test 3-102,text,true,,380,440,187,374,http://localhost:8004/reviews/,2,0,0
1777162954144,6644,Login for Token,200,OK,Review Submission Load Test 3-101,text,true,,316,251,186,373,http://localhost:8001/auth/login,6644,0,1
1777162960788,2,POST /reviews/,201,Created,Review Submission Load Test 3-101,text,true,,380,440,186,373,http://localhost:8004/reviews/,2,0,0
1777162955823,5001,POST /auth/login,Non HTTP response code: org.apache.http.conn.HttpHostConnectException,"Non HTTP response message: Connect to localhost:8001 [localhost/127.0.0.1, localhost/0:0:0:0:0:0:0:1] failed: Connection refused",Login Load Test 1-153,text,false,"Test failed: code expected to equal /

****** received  : [[[Non HTTP response code: org.apache.http.conn.HttpHostConnectException]]]

****** comparison: [[[200                                                                  ]]]

/",2623,0,187,372,http://localhost:8001/auth/login,0,0,5001
1777162955823,5001,Login for Token,Non HTTP response code: org.apache.http.conn.HttpHostConnectException,"Non HTTP response message: Connect to localhost:8001 [localhost/127.0.0.1, localhost/0:0:0:0:0:0:0:1] failed: Connection refused",Review Submission Load Test 3-152,text,false,,2623,0,185,372,http://localhost:8001/auth/login,0,0,5001
1777162960824,1,POST /reviews/,401,Unauthorized,Review Submission Load Test 3-152,text,false,"Test failed: code expected to equal /

****** received  : [[[4]]]01

****** comparison: [[[2]]]01

/",204,299,185,371,http://localhost:8004/reviews/,1,0,0
1777162955854,5002,POST /auth/login,Non HTTP response code: org.apache.http.conn.HttpHostConnectException,"Non HTTP response message: Connect to localhost:8001 [localhost/127.0.0.1, localhost/0:0:0:0:0:0:0:1] failed: Connection refused",Login Load Test 1-154,text,false,"Test failed: code expected to equal /

****** received  : [[[Non HTTP response code: org.apache.http.conn.HttpHostConnectException]]]

****** comparison: [[[200                                                                  ]]]

/",2623,0,186,370,http://localhost:8001/auth/login,0,0,5002
1777162955855,5001,Login for Token,Non HTTP response code: org.apache.http.conn.HttpHostConnectException,"Non HTTP response message: Connect to localhost:8001 [localhost/127.0.0.1, localhost/0:0:0:0:0:0:0:1] failed: Connection refused",Review Submission Load Test 3-153,text,false,,2623,0,184,370,http://localhost:8001/auth/login,0,0,5001
1777162960856,1,POST /reviews/,401,Unauthorized,Review Submission Load Test 3-153,text,false,"Test failed: code expected to equal /

****** received  : [[[4]]]01

****** comparison: [[[2]]]01

/",204,299,184,369,http://localhost:8004/reviews/,1,0,1
1777162955885,5001,POST /auth/login,Non HTTP response code: org.apache.http.conn.HttpHostConnectException,"Non HTTP response message: Connect to localhost:8001 [localhost/127.0.0.1, localhost/0:0:0:0:0:0:0:1] failed: Connection refused",Login Load Test 1-155,text,false,"Test failed: code expected to equal /

****** received  : [[[Non HTTP response code: org.apache.http.conn.HttpHostConnectException]]]

****** comparison: [[[200                                                                  ]]]

/",2623,0,185,368,http://localhost:8001/auth/login,0,0,5001
1777162955893,5001,Login for Token,Non HTTP response code: org.apache.http.conn.HttpHostConnectException,"Non HTTP response message: Connect to localhost:8001 [localhost/127.0.0.1, localhost/0:0:0:0:0:0:0:1] failed: Connection refused",Review Submission Load Test 3-154,text,false,,2623,0,183,367,http://localhost:8001/auth/login,0,0,5001
1777162960894,1,POST /reviews/,401,Unauthorized,Review Submission Load Test 3-154,text,false,"Test failed: code expected to equal /

****** received  : [[[4]]]01

****** comparison: [[[2]]]01

/",204,299,183,367,http://localhost:8004/reviews/,1,0,0
1777162955917,5002,POST /auth/login,Non HTTP response code: org.apache.http.conn.HttpHostConnectException,"Non HTTP response message: Connect to localhost:8001 [localhost/127.0.0.1, localhost/0:0:0:0:0:0:0:1] failed: Connection refused",Login Load Test 1-156,text,false,"Test failed: code expected to equal /

****** received  : [[[Non HTTP response code: org.apache.http.conn.HttpHostConnectException]]]

****** comparison: [[[200                                                                  ]]]

/",2623,0,184,366,http://localhost:8001/auth/login,0,0,5002
1777162955948,5001,POST /auth/login,Non HTTP response code: org.apache.http.conn.HttpHostConnectException,"Non HTTP response message: Connect to localhost:8001 [localhost/127.0.0.1, localhost/0:0:0:0:0:0:0:1] failed: Connection refused",Login Load Test 1-157,text,false,"Test failed: code expected to equal /

****** received  : [[[Non HTTP response code: org.apache.http.conn.HttpHostConnectException]]]

****** comparison: [[[200                                                                  ]]]

/",2623,0,183,365,http://localhost:8001/auth/login,0,0,5001
1777162955978,5002,POST /auth/login,Non HTTP response code: org.apache.http.conn.HttpHostConnectException,"Non HTTP response message: Connect to localhost:8001 [localhost/127.0.0.1, localhost/0:0:0:0:0:0:0:1] failed: Connection refused",Login Load Test 1-158,text,false,"Test failed: code expected to equal /

****** received  : [[[Non HTTP response code: org.apache.http.conn.HttpHostConnectException]]]

****** comparison: [[[200                                                                  ]]]

/",2623,0,182,364,http://localhost:8001/auth/login,0,0,5002
1777162955992,5000,Login for Token,Non HTTP response code: org.apache.http.conn.HttpHostConnectException,"Non HTTP response message: Connect to localhost:8001 [localhost/127.0.0.1, localhost/0:0:0:0:0:0:0:1] failed: Connection refused",Review Submission Load Test 3-157,text,false,,2623,0,182,363,http://localhost:8001/auth/login,0,0,5000
1777162960992,1,POST /reviews/,401,Unauthorized,Review Submission Load Test 3-157,text,false,"Test failed: code expected to equal /

****** received  : [[[4]]]01

****** comparison: [[[2]]]01

/",204,299,182,363,http://localhost:8004/reviews/,1,0,1
1777162954237,6757,POST /auth/login,200,OK,Login Load Test 1-105,text,true,,316,251,181,362,http://localhost:8001/auth/login,6757,0,0
1777162954114,6880,POST /auth/login,200,OK,Login Load Test 1-101,text,true,,316,251,180,361,http://localhost:8001/auth/login,6880,0,0
1777162956058,5001,Login for Token,Non HTTP response code: org.apache.http.conn.HttpHostConnectException,"Non HTTP response message: Connect to localhost:8001 [localhost/127.0.0.1, localhost/0:0:0:0:0:0:0:1] failed: Connection refused",Review Submission Load Test 3-159,text,false,,2623,0,181,360,http://localhost:8001/auth/login,0,0,5001
1777162961059,1,POST /reviews/,401,Unauthorized,Review Submission Load Test 3-159,text,false,"Test failed: code expected to equal /

****** received  : [[[4]]]01

****** comparison: [[[2]]]01

/",204,299,181,360,http://localhost:8004/reviews/,1,0,1
1777162956087,5001,Login for Token,Non HTTP response code: org.apache.http.conn.HttpHostConnectException,"Non HTTP response message: Connect to localhost:8001 [localhost/127.0.0.1, localhost/0:0:0:0:0:0:0:1] failed: Connection refused",Review Submission Load Test 3-160,text,false,,2623,0,180,359,http://localhost:8001/auth/login,0,0,5001
1777162961088,1,POST /reviews/,401,Unauthorized,Review Submission Load Test 3-160,text,false,"Test failed: code expected to equal /

****** received  : [[[4]]]01

****** comparison: [[[2]]]01

/",204,299,180,359,http://localhost:8004/reviews/,1,0,0
1777162956119,5001,POST /auth/login,Non HTTP response code: org.apache.http.conn.HttpHostConnectException,"Non HTTP response message: Connect to localhost:8001 [localhost/127.0.0.1, localhost/0:0:0:0:0:0:0:1] failed: Connection refused",Login Load Test 1-162,text,false,"Test failed: code expected to equal /

****** received  : [[[Non HTTP response code: org.apache.http.conn.HttpHostConnectException]]]

****** comparison: [[[200                                                                  ]]]

/",2623,0,179,358,http://localhost:8001/auth/login,0,0,5001
1777162956150,5001,POST /auth/login,Non HTTP response code: org.apache.http.conn.HttpHostConnectException,"Non HTTP response message: Connect to localhost:8001 [localhost/127.0.0.1, localhost/0:0:0:0:0:0:0:1] failed: Connection refused",Login Load Test 1-163,text,false,"Test failed: code expected to equal /

****** received  : [[[Non HTTP response code: org.apache.http.conn.HttpHostConnectException]]]

****** comparison: [[[200                                                                  ]]]

/",2623,0,178,357,http://localhost:8001/auth/login,0,0,5001
1777162954304,6848,POST /auth/login,200,OK,Login Load Test 1-107,text,true,,316,251,177,356,http://localhost:8001/auth/login,6848,0,0
1777162954178,6974,POST /auth/login,200,OK,Login Load Test 1-103,text,true,,316,251,177,356,http://localhost:8001/auth/login,6974,0,0
1777162954209,6943,Login for Token,200,OK,Review Submission Load Test 3-103,text,true,,316,251,179,356,http://localhost:8001/auth/login,6943,0,0
1777162954341,6811,Login for Token,200,OK,Review Submission Load Test 3-107,text,true,,316,251,179,356,http://localhost:8001/auth/login,6811,0,0
1777162961152,2,POST /reviews/,201,Created,Review Submission Load Test 3-107,text,true,,380,440,179,354,http://localhost:8004/reviews/,2,0,0
1777162961152,2,POST /reviews/,201,Created,Review Submission Load Test 3-103,text,true,,380,440,179,354,http://localhost:8004/reviews/,2,0,0
1777162956157,5001,Login for Token,Non HTTP response code: org.apache.http.conn.HttpHostConnectException,"Non HTTP response message: Connect to localhost:8001 [localhost/127.0.0.1, localhost/0:0:0:0:0:0:0:1] failed: Connection refused",Review Submission Load Test 3-162,text,false,,2623,0,177,352,http://localhost:8001/auth/login,0,0,5001
1777162961158,1,POST /reviews/,401,Unauthorized,Review Submission Load Test 3-162,text,false,"Test failed: code expected to equal /

****** received  : [[[4]]]01

****** comparison: [[[2]]]01

/",204,299,177,352,http://localhost:8004/reviews/,1,0,0
1777162954145,7018,POST /auth/login,200,OK,Login Load Test 1-102,text,true,,316,251,175,351,http://localhost:8001/auth/login,7017,0,0
1777162954273,6890,POST /auth/login,200,OK,Login Load Test 1-106,text,true,,316,251,175,351,http://localhost:8001/auth/login,6889,0,0
1777162954273,6890,Login for Token,200,OK,Review Submission Load Test 3-105,text,true,,316,251,176,351,http://localhost:8001/auth/login,6890,0,0
1777162961163,1,POST /reviews/,201,Created,Review Submission Load Test 3-105,text,true,,380,440,176,349,http://localhost:8004/reviews/,1,0,0
1777162956222,5002,Login for Token,Non HTTP response code: org.apache.http.conn.HttpHostConnectException,"Non HTTP response message: Connect to localhost:8001 [localhost/127.0.0.1, localhost/0:0:0:0:0:0:0:1] failed: Connection refused",Review Submission Load Test 3-164,text,false,,2623,0,175,348,http://localhost:8001/auth/login,0,0,5002
1777162961224,1,POST /reviews/,401,Unauthorized,Review Submission Load Test 3-164,text,false,"Test failed: code expected to equal /

****** received  : [[[4]]]01

****** comparison: [[[2]]]01

/",204,299,175,348,http://localhost:8004/reviews/,1,0,0
1777162956250,5001,POST /auth/login,Non HTTP response code: org.apache.http.conn.HttpHostConnectException,"Non HTTP response message: Connect to localhost:8001 [localhost/127.0.0.1, localhost/0:0:0:0:0:0:0:1] failed: Connection refused",Login Load Test 1-166,text,false,"Test failed: code expected to equal /

****** received  : [[[Non HTTP response code: org.apache.http.conn.HttpHostConnectException]]]

****** comparison: [[[200                                                                  ]]]

/",2623,0,173,347,http://localhost:8001/auth/login,0,0,5001
1777162956256,5001,Login for Token,Non HTTP response code: org.apache.http.conn.HttpHostConnectException,"Non HTTP response message: Connect to localhost:8001 [localhost/127.0.0.1, localhost/0:0:0:0:0:0:0:1] failed: Connection refused",Review Submission Load Test 3-165,text,false,,2623,0,174,346,http://localhost:8001/auth/login,0,0,5001
1777162961257,1,POST /reviews/,401,Unauthorized,Review Submission Load Test 3-165,text,false,"Test failed: code expected to equal /

****** received  : [[[4]]]01

****** comparison: [[[2]]]01

/",204,299,174,346,http://localhost:8004/reviews/,1,0,0
1777162956282,5001,POST /auth/login,Non HTTP response code: org.apache.http.conn.HttpHostConnectException,"Non HTTP response message: Connect to localhost:8001 [localhost/127.0.0.1, localhost/0:0:0:0:0:0:0:1] failed: Connection refused",Login Load Test 1-167,text,false,"Test failed: code expected to equal /

****** received  : [[[Non HTTP response code: org.apache.http.conn.HttpHostConnectException]]]

****** comparison: [[[200                                                                  ]]]

/",2623,0,172,345,http://localhost:8001/auth/login,0,0,5001
1777162956289,5001,Login for Token,Non HTTP response code: org.apache.http.conn.HttpHostConnectException,"Non HTTP response message: Connect to localhost:8001 [localhost/127.0.0.1, localhost/0:0:0:0:0:0:0:1] failed: Connection refused",Review Submission Load Test 3-166,text,false,,2623,0,173,344,http://localhost:8001/auth/login,0,0,5001
1777162961290,1,POST /reviews/,401,Unauthorized,Review Submission Load Test 3-166,text,false,"Test failed: code expected to equal /

****** received  : [[[4]]]01

****** comparison: [[[2]]]01

/",204,299,173,344,http://localhost:8004/reviews/,1,0,0
1777162956312,5001,POST /auth/login,Non HTTP response code: org.apache.http.conn.HttpHostConnectException,"Non HTTP response message: Connect to localhost:8001 [localhost/127.0.0.1, localhost/0:0:0:0:0:0:0:1] failed: Connection refused",Login Load Test 1-168,text,false,"Test failed: code expected to equal /

****** received  : [[[Non HTTP response code: org.apache.http.conn.HttpHostConnectException]]]

****** comparison: [[[200                                                                  ]]]

/",2623,0,171,343,http://localhost:8001/auth/login,0,0,5001
1777162954241,7122,Login for Token,200,OK,Review Submission Load Test 3-104,text,true,,316,251,172,342,http://localhost:8001/auth/login,7122,0,0
1777162954373,6990,Login for Token,200,OK,Review Submission Load Test 3-108,text,true,,316,251,172,342,http://localhost:8001/auth/login,6990,0,1
1777162961363,3,POST /reviews/,201,Created,Review Submission Load Test 3-108,text,true,,380,440,172,342,http://localhost:8004/reviews/,3,0,0
1777162961363,3,POST /reviews/,201,Created,Review Submission Load Test 3-104,text,true,,380,440,172,342,http://localhost:8004/reviews/,3,0,0
1777162956386,5001,Login for Token,Non HTTP response code: org.apache.http.conn.HttpHostConnectException,"Non HTTP response message: Connect to localhost:8001 [localhost/127.0.0.1, localhost/0:0:0:0:0:0:0:1] failed: Connection refused",Review Submission Load Test 3-169,text,false,,2623,0,170,340,http://localhost:8001/auth/login,0,0,5001
1777162961388,0,POST /reviews/,401,Unauthorized,Review Submission Load Test 3-169,text,false,"Test failed: code expected to equal /

****** received  : [[[4]]]01

****** comparison: [[[2]]]01

/",204,299,170,340,http://localhost:8004/reviews/,0,0,0
1777162956414,5001,POST /auth/login,Non HTTP response code: org.apache.http.conn.HttpHostConnectException,"Non HTTP response message: Connect to localhost:8001 [localhost/127.0.0.1, localhost/0:0:0:0:0:0:0:1] failed: Connection refused",Login Load Test 1-171,text,false,"Test failed: code expected to equal /

****** received  : [[[Non HTTP response code: org.apache.http.conn.HttpHostConnectException]]]

****** comparison: [[[200                                                                  ]]]

/",2623,0,170,339,http://localhost:8001/auth/login,0,0,5001
1777162956474,5001,POST /auth/login,Non HTTP response code: org.apache.http.conn.HttpHostConnectException,"Non HTTP response message: Connect to localhost:8001 [localhost/127.0.0.1, localhost/0:0:0:0:0:0:0:1] failed: Connection refused",Login Load Test 1-173,text,false,"Test failed: code expected to equal /

****** received  : [[[Non HTTP response code: org.apache.http.conn.HttpHostConnectException]]]

****** comparison: [[[200                                                                  ]]]

/",2623,0,169,338,http://localhost:8001/auth/login,0,0,5001
1777162956506,5002,POST /auth/login,Non HTTP response code: org.apache.http.conn.HttpHostConnectException,"Non HTTP response message: Connect to localhost:8001 [localhost/127.0.0.1, localhost/0:0:0:0:0:0:0:1] failed: Connection refused",Login Load Test 1-174,text,false,"Test failed: code expected to equal /

****** received  : [[[Non HTTP response code: org.apache.http.conn.HttpHostConnectException]]]

****** comparison: [[[200                                                                  ]]]

/",2623,0,168,337,http://localhost:8001/auth/login,0,0,5002
1777162954308,7206,Login for Token,200,OK,Review Submission Load Test 3-106,text,true,,316,251,169,336,http://localhost:8001/auth/login,7206,0,0
1777162954475,7039,POST /auth/login,200,OK,Login Load Test 1-112,text,true,,316,251,167,336,http://localhost:8001/auth/login,7039,0,1
1777162961514,3,POST /reviews/,201,Created,Review Submission Load Test 3-106,text,true,,380,440,169,335,http://localhost:8004/reviews/,3,0,1
1777162954345,7173,POST /auth/login,200,OK,Login Load Test 1-108,text,true,,316,251,166,334,http://localhost:8001/auth/login,7173,0,0
1777162954405,7113,POST /auth/login,200,OK,Login Load Test 1-110,text,true,,316,251,166,334,http://localhost:8001/auth/login,7113,0,0
1777162956519,5002,Login for Token,Non HTTP response code: org.apache.http.conn.HttpHostConnectException,"Non HTTP response message: Connect to localhost:8001 [localhost/127.0.0.1, localhost/0:0:0:0:0:0:0:1] failed: Connection refused",Review Submission Load Test 3-173,text,false,,2623,0,168,332,http://localhost:8001/auth/login,0,0,5001
1777162961521,0,POST /reviews/,401,Unauthorized,Review Submission Load Test 3-173,text,false,"Test failed: code expected to equal /

****** received  : [[[4]]]01

****** comparison: [[[2]]]01

/",204,299,168,332,http://localhost:8004/reviews/,0,0,0
1777162954408,7119,Login for Token,200,OK,Review Submission Load Test 3-109,text,true,,316,251,167,331,http://localhost:8001/auth/login,7119,0,0
1777162961527,2,POST /reviews/,201,Created,Review Submission Load Test 3-109,text,true,,380,440,167,331,http://localhost:8004/reviews/,2,0,0
1777162956552,5002,Login for Token,Non HTTP response code: org.apache.http.conn.HttpHostConnectException,"Non HTTP response message: Connect to localhost:8001 [localhost/127.0.0.1, localhost/0:0:0:0:0:0:0:1] failed: Connection refused",Review Submission Load Test 3-174,text,false,,2623,0,166,330,http://localhost:8001/auth/login,0,0,5001
1777162961554,4,POST /reviews/,401,Unauthorized,Review Submission Load Test 3-174,text,false,"Test failed: code expected to equal /

****** received  : [[[4]]]01

****** comparison: [[[2]]]01

/",204,299,166,330,http://localhost:8004/reviews/,4,0,3
1777162956586,5001,Login for Token,Non HTTP response code: org.apache.http.conn.HttpHostConnectException,"Non HTTP response message: Connect to localhost:8001 [localhost/127.0.0.1, localhost/0:0:0:0:0:0:0:1] failed: Connection refused",Review Submission Load Test 3-175,text,false,,2623,0,165,329,http://localhost:8001/auth/login,0,0,5001
1777162961588,0,POST /reviews/,401,Unauthorized,Review Submission Load Test 3-175,text,false,"Test failed: code expected to equal /

****** received  : [[[4]]]01

****** comparison: [[[2]]]01

/",204,299,165,329,http://localhost:8004/reviews/,0,0,0
1777162956619,5002,Login for Token,Non HTTP response code: org.apache.http.conn.HttpHostConnectException,"Non HTTP response message: Connect to localhost:8001 [localhost/127.0.0.1, localhost/0:0:0:0:0:0:0:1] failed: Connection refused",Review Submission Load Test 3-176,text,false,,2623,0,164,328,http://localhost:8001/auth/login,0,0,5002
1777162961621,1,POST /reviews/,401,Unauthorized,Review Submission Load Test 3-176,text,false,"Test failed: code expected to equal /

****** received  : [[[4]]]01

****** comparison: [[[2]]]01

/",204,299,164,328,http://localhost:8004/reviews/,1,0,0
1777162956652,5001,Login for Token,Non HTTP response code: org.apache.http.conn.HttpHostConnectException,"Non HTTP response message: Connect to localhost:8001 [localhost/127.0.0.1, localhost/0:0:0:0:0:0:0:1] failed: Connection refused",Review Submission Load Test 3-177,text,false,,2623,0,163,327,http://localhost:8001/auth/login,0,0,5001
1777162961653,1,POST /reviews/,401,Unauthorized,Review Submission Load Test 3-177,text,false,"Test failed: code expected to equal /

****** received  : [[[4]]]01

****** comparison: [[[2]]]01

/",204,299,163,327,http://localhost:8004/reviews/,1,0,0
1777162956675,5001,POST /auth/login,Non HTTP response code: org.apache.http.conn.HttpHostConnectException,"Non HTTP response message: Connect to localhost:8001 [localhost/127.0.0.1, localhost/0:0:0:0:0:0:0:1] failed: Connection refused",Login Load Test 1-179,text,false,"Test failed: code expected to equal /

****** received  : [[[Non HTTP response code: org.apache.http.conn.HttpHostConnectException]]]

****** comparison: [[[200                                                                  ]]]

/",2623,0,164,326,http://localhost:8001/auth/login,0,0,5001
1777162956681,5001,Login for Token,Non HTTP response code: org.apache.http.conn.HttpHostConnectException,"Non HTTP response message: Connect to localhost:8001 [localhost/127.0.0.1, localhost/0:0:0:0:0:0:0:1] failed: Connection refused",Review Submission Load Test 3-178,text,false,,2623,0,162,325,http://localhost:8001/auth/login,0,0,5001
1777162961682,1,POST /reviews/,401,Unauthorized,Review Submission Load Test 3-178,text,false,"Test failed: code expected to equal /

****** received  : [[[4]]]01

****** comparison: [[[2]]]01

/",204,299,162,325,http://localhost:8004/reviews/,1,0,1
1777162954473,7225,Login for Token,200,OK,Review Submission Load Test 3-111,text,true,,316,251,161,324,http://localhost:8001/auth/login,7225,0,1
1777162961699,2,POST /reviews/,201,Created,Review Submission Load Test 3-111,text,true,,380,440,161,324,http://localhost:8004/reviews/,2,0,0
1777162956709,5001,POST /auth/login,Non HTTP response code: org.apache.http.conn.HttpHostConnectException,"Non HTTP response message: Connect to localhost:8001 [localhost/127.0.0.1, localhost/0:0:0:0:0:0:0:1] failed: Connection refused",Login Load Test 1-180,text,false,"Test failed: code expected to equal /

****** received  : [[[Non HTTP response code: org.apache.http.conn.HttpHostConnectException]]]

****** comparison: [[[200                                                                  ]]]

/",2623,0,163,323,http://localhost:8001/auth/login,0,0,5001
1777162956713,5001,Login for Token,Non HTTP response code: org.apache.http.conn.HttpHostConnectException,"Non HTTP response message: Connect to localhost:8001 [localhost/127.0.0.1, localhost/0:0:0:0:0:0:0:1] failed: Connection refused",Review Submission Load Test 3-179,text,false,,2623,0,160,322,http://localhost:8001/auth/login,0,0,5001
1777162961714,1,POST /reviews/,401,Unauthorized,Review Submission Load Test 3-179,text,false,"Test failed: code expected to equal /

****** received  : [[[4]]]01

****** comparison: [[[2]]]01

/",204,299,160,322,http://localhost:8004/reviews/,1,0,1
1777162954374,7355,POST /auth/login,200,OK,Login Load Test 1-109,text,true,,316,251,162,321,http://localhost:8001/auth/login,7355,0,0
1777162954505,7224,Login for Token,200,OK,Review Submission Load Test 3-112,text,true,,316,251,159,321,http://localhost:8001/auth/login,7224,0,0
1777162961730,2,POST /reviews/,201,Created,Review Submission Load Test 3-112,text,true,,380,440,159,320,http://localhost:8004/reviews/,2,0,0
1777162956741,5002,POST /auth/login,Non HTTP response code: org.apache.http.conn.HttpHostConnectException,"Non HTTP response message: Connect to localhost:8001 [localhost/127.0.0.1, localhost/0:0:0:0:0:0:0:1] failed: Connection refused",Login Load Test 1-181,text,false,"Test failed: code expected to equal /

****** received  : [[[Non HTTP response code: org.apache.http.conn.HttpHostConnectException]]]

****** comparison: [[[200                                                                  ]]]

/",2623,0,161,319,http://localhost:8001/auth/login,0,0,5002
1777162956775,5001,POST /auth/login,Non HTTP response code: org.apache.http.conn.HttpHostConnectException,"Non HTTP response message: Connect to localhost:8001 [localhost/127.0.0.1, localhost/0:0:0:0:0:0:0:1] failed: Connection refused",Login Load Test 1-182,text,false,"Test failed: code expected to equal /

****** received  : [[[Non HTTP response code: org.apache.http.conn.HttpHostConnectException]]]

****** comparison: [[[200                                                                  ]]]

/",2623,0,160,318,http://localhost:8001/auth/login,0,0,5001
1777162956817,5001,Login for Token,Non HTTP response code: org.apache.http.conn.HttpHostConnectException,"Non HTTP response message: Connect to localhost:8001 [localhost/127.0.0.1, localhost/0:0:0:0:0:0:0:1] failed: Connection refused",Review Submission Load Test 3-182,text,false,,2623,0,158,317,http://localhost:8001/auth/login,0,0,5001
1777162961818,1,POST /reviews/,401,Unauthorized,Review Submission Load Test 3-182,text,false,"Test failed: code expected to equal /

****** received  : [[[4]]]01

****** comparison: [[[2]]]01

/",204,299,158,317,http://localhost:8004/reviews/,1,0,0
1777162956839,5001,POST /auth/login,Non HTTP response code: org.apache.http.conn.HttpHostConnectException,"Non HTTP response message: Connect to localhost:8001 [localhost/127.0.0.1, localhost/0:0:0:0:0:0:0:1] failed: Connection refused",Login Load Test 1-184,text,false,"Test failed: code expected to equal /

****** received  : [[[Non HTTP response code: org.apache.http.conn.HttpHostConnectException]]]

****** comparison: [[[200                                                                  ]]]

/",2623,0,159,316,http://localhost:8001/auth/login,0,0,5001
1777162956871,5001,POST /auth/login,Non HTTP response code: org.apache.http.conn.HttpHostConnectException,"Non HTTP response message: Connect to localhost:8001 [localhost/127.0.0.1, localhost/0:0:0:0:0:0:0:1] failed: Connection refused",Login Load Test 1-185,text,false,"Test failed: code expected to equal /

****** received  : [[[Non HTTP response code: org.apache.http.conn.HttpHostConnectException]]]

****** comparison: [[[200                                                                  ]]]

/",2623,0,158,315,http://localhost:8001/auth/login,0,0,5001
1777162956879,5001,Login for Token,Non HTTP response code: org.apache.http.conn.HttpHostConnectException,"Non HTTP response message: Connect to localhost:8001 [localhost/127.0.0.1, localhost/0:0:0:0:0:0:0:1] failed: Connection refused",Review Submission Load Test 3-184,text,false,,2623,0,157,314,http://localhost:8001/auth/login,0,0,5001
1777162961881,0,POST /reviews/,401,Unauthorized,Review Submission Load Test 3-184,text,false,"Test failed: code expected to equal /

****** received  : [[[4]]]01

****** comparison: [[[2]]]01

/",204,299,157,314,http://localhost:8004/reviews/,0,0,0
1777162954533,7350,POST /auth/login,200,OK,Login Load Test 1-114,text,true,,316,251,157,313,http://localhost:8001/auth/login,7350,0,0
1777162954441,7443,Login for Token,200,OK,Review Submission Load Test 3-110,text,true,,316,251,156,312,http://localhost:8001/auth/login,7443,0,0
1777162954573,7311,Login for Token,200,OK,Review Submission Load Test 3-114,text,true,,316,251,156,312,http://localhost:8001/auth/login,7311,0,0
1777162954606,7278,Login for Token,200,OK,Review Submission Load Test 3-115,text,true,,316,251,156,312,http://localhost:8001/auth/login,7278,0,0
1777162961885,2,POST /reviews/,201,Created,Review Submission Load Test 3-114,text,true,,380,440,156,312,http://localhost:8004/reviews/,2,0,0
1777162961885,2,POST /reviews/,201,Created,Review Submission Load Test 3-110,text,true,,380,440,156,312,http://localhost:8004/reviews/,2,0,0
1777162961885,2,POST /reviews/,201,Created,Review Submission Load Test 3-115,text,true,,380,440,154,310,http://localhost:8004/reviews/,2,0,0
1777162954441,7454,POST /auth/login,200,OK,Login Load Test 1-111,text,true,,316,251,156,309,http://localhost:8001/auth/login,7454,0,1
1777162954565,7330,POST /auth/login,200,OK,Login Load Test 1-115,text,true,,316,251,156,309,http://localhost:8001/auth/login,7330,0,1
1777162954603,7292,POST /auth/login,200,OK,Login Load Test 1-116,text,true,,316,251,154,307,http://localhost:8001/auth/login,7292,0,1
1777162956939,5001,POST /auth/login,Non HTTP response code: org.apache.http.conn.HttpHostConnectException,"Non HTTP response message: Connect to localhost:8001 [localhost/127.0.0.1, localhost/0:0:0:0:0:0:0:1] failed: Connection refused",Login Load Test 1-187,text,false,"Test failed: code expected to equal /

****** received  : [[[Non HTTP response code: org.apache.http.conn.HttpHostConnectException]]]

****** comparison: [[[200                                                                  ]]]

/",2623,0,153,306,http://localhost:8001/auth/login,0,0,5001
1777162956980,5001,Login for Token,Non HTTP response code: org.apache.http.conn.HttpHostConnectException,"Non HTTP response message: Connect to localhost:8001 [localhost/127.0.0.1, localhost/0:0:0:0:0:0:0:1] failed: Connection refused",Review Submission Load Test 3-187,text,false,,2623,0,153,305,http://localhost:8001/auth/login,0,0,5001
1777162961982,0,POST /reviews/,401,Unauthorized,Review Submission Load Test 3-187,text,false,"Test failed: code expected to equal /

****** received  : [[[4]]]01

****** comparison: [[[2]]]01

/",204,299,153,305,http://localhost:8004/reviews/,0,0,0
1777162957039,5001,POST /auth/login,Non HTTP response code: org.apache.http.conn.HttpHostConnectException,"Non HTTP response message: Connect to localhost:8001 [localhost/127.0.0.1, localhost/0:0:0:0:0:0:0:1] failed: Connection refused",Login Load Test 1-190,text,false,"Test failed: code expected to equal /

****** received  : [[[Non HTTP response code: org.apache.http.conn.HttpHostConnectException]]]

****** comparison: [[[200                                                                  ]]]

/",2623,0,152,304,http://localhost:8001/auth/login,0,0,5001
1777162957045,5001,Login for Token,Non HTTP response code: org.apache.http.conn.HttpHostConnectException,"Non HTTP response message: Connect to localhost:8001 [localhost/127.0.0.1, localhost/0:0:0:0:0:0:0:1] failed: Connection refused",Review Submission Load Test 3-189,text,false,,2623,0,152,303,http://localhost:8001/auth/login,0,0,5001
1777162962046,1,POST /reviews/,401,Unauthorized,Review Submission Load Test 3-189,text,false,"Test failed: code expected to equal /

****** received  : [[[4]]]01

****** comparison: [[[2]]]01

/",204,299,152,303,http://localhost:8004/reviews/,1,0,1
1777162957081,5002,Login for Token,Non HTTP response code: org.apache.http.conn.HttpHostConnectException,"Non HTTP response message: Connect to localhost:8001 [localhost/127.0.0.1, localhost/0:0:0:0:0:0:0:1] failed: Connection refused",Review Submission Load Test 3-190,text,false,,2623,0,151,302,http://localhost:8001/auth/login,0,0,5002
1777162962083,0,POST /reviews/,401,Unauthorized,Review Submission Load Test 3-190,text,false,"Test failed: code expected to equal /

****** received  : [[[4]]]01

****** comparison: [[[2]]]01

/",204,299,151,302,http://localhost:8004/reviews/,0,0,0
1777162954505,7594,POST /auth/login,200,OK,Login Load Test 1-113,text,true,,316,251,151,301,http://localhost:8001/auth/login,7594,0,1
1777162954639,7460,Login for Token,200,OK,Review Submission Load Test 3-116,text,true,,316,251,150,301,http://localhost:8001/auth/login,7460,0,0
1777162962099,2,POST /reviews/,201,Created,Review Submission Load Test 3-116,text,true,,380,440,150,300,http://localhost:8004/reviews/,2,0,0
1777162957112,5001,Login for Token,Non HTTP response code: org.apache.http.conn.HttpHostConnectException,"Non HTTP response message: Connect to localhost:8001 [localhost/127.0.0.1, localhost/0:0:0:0:0:0:0:1] failed: Connection refused",Review Submission Load Test 3-191,text,false,,2623,0,149,299,http://localhost:8001/auth/login,0,0,5001
1777162962113,1,POST /reviews/,401,Unauthorized,Review Submission Load Test 3-191,text,false,"Test failed: code expected to equal /

****** received  : [[[4]]]01

****** comparison: [[[2]]]01

/",204,299,149,299,http://localhost:8004/reviews/,1,0,0
1777162957138,5001,POST /auth/login,Non HTTP response code: org.apache.http.conn.HttpHostConnectException,"Non HTTP response message: Connect to localhost:8001 [localhost/127.0.0.1, localhost/0:0:0:0:0:0:0:1] failed: Connection refused",Login Load Test 1-193,text,false,"Test failed: code expected to equal /

****** received  : [[[Non HTTP response code: org.apache.http.conn.HttpHostConnectException]]]

****** comparison: [[[200                                                                  ]]]

/",2623,0,150,298,http://localhost:8001/auth/login,0,0,5001
1777162957145,5001,Login for Token,Non HTTP response code: org.apache.http.conn.HttpHostConnectException,"Non HTTP response message: Connect to localhost:8001 [localhost/127.0.0.1, localhost/0:0:0:0:0:0:0:1] failed: Connection refused",Review Submission Load Test 3-192,text,false,,2623,0,148,297,http://localhost:8001/auth/login,0,0,5001
1777162962147,0,POST /reviews/,401,Unauthorized,Review Submission Load Test 3-192,text,false,"Test failed: code expected to equal /

****** received  : [[[4]]]01

****** comparison: [[[2]]]01

/",204,299,148,297,http://localhost:8004/reviews/,0,0,0
1777162957170,5001,POST /auth/login,Non HTTP response code: org.apache.http.conn.HttpHostConnectException,"Non HTTP response message: Connect to localhost:8001 [localhost/127.0.0.1, localhost/0:0:0:0:0:0:0:1] failed: Connection refused",Login Load Test 1-194,text,false,"Test failed: code expected to equal /

****** received  : [[[Non HTTP response code: org.apache.http.conn.HttpHostConnectException]]]

****** comparison: [[[200                                                                  ]]]

/",2623,0,149,296,http://localhost:8001/auth/login,0,0,5001
1777162957177,5002,Login for Token,Non HTTP response code: org.apache.http.conn.HttpHostConnectException,"Non HTTP response message: Connect to localhost:8001 [localhost/127.0.0.1, localhost/0:0:0:0:0:0:0:1] failed: Connection refused",Review Submission Load Test 3-193,text,false,,2623,0,147,295,http://localhost:8001/auth/login,0,0,5002
1777162962179,1,POST /reviews/,401,Unauthorized,Review Submission Load Test 3-193,text,false,"Test failed: code expected to equal /

****** received  : [[[4]]]01

****** comparison: [[[2]]]01

/",204,299,147,295,http://localhost:8004/reviews/,1,0,0
1777162957204,5001,POST /auth/login,Non HTTP response code: org.apache.http.conn.HttpHostConnectException,"Non HTTP response message: Connect to localhost:8001 [localhost/127.0.0.1, localhost/0:0:0:0:0:0:0:1] failed: Connection refused",Login Load Test 1-195,text,false,"Test failed: code expected to equal /

****** received  : [[[Non HTTP response code: org.apache.http.conn.HttpHostConnectException]]]

****** comparison: [[[200                                                                  ]]]

/",2623,0,148,294,http://localhost:8001/auth/login,0,0,5001
1777162957212,5002,Login for Token,Non HTTP response code: org.apache.http.conn.HttpHostConnectException,"Non HTTP response message: Connect to localhost:8001 [localhost/127.0.0.1, localhost/0:0:0:0:0:0:0:1] failed: Connection refused",Review Submission Load Test 3-194,text,false,,2623,0,146,293,http://localhost:8001/auth/login,0,0,5002
1777162962214,0,POST /reviews/,401,Unauthorized,Review Submission Load Test 3-194,text,false,"Test failed: code expected to equal /

****** received  : [[[4]]]01

****** comparison: [[[2]]]01

/",204,299,146,293,http://localhost:8004/reviews/,0,0,0
1777162954539,7711,Login for Token,200,OK,Review Submission Load Test 3-113,text,true,,316,251,145,292,http://localhost:8001/auth/login,7711,0,1
1777162954671,7579,Login for Token,200,OK,Review Submission Load Test 3-117,text,true,,316,251,145,292,http://localhost:8001/auth/login,7579,0,1
1777162954675,7577,POST /auth/login,200,OK,Login Load Test 1-118,text,true,,316,251,147,292,http://localhost:8001/auth/login,7577,0,0
1777162962250,3,POST /reviews/,201,Created,Review Submission Load Test 3-113,text,true,,380,440,145,291,http://localhost:8004/reviews/,3,0,0
1777162962250,3,POST /reviews/,201,Created,Review Submission Load Test 3-117,text,true,,380,440,145,291,http://localhost:8004/reviews/,3,0,1
1777162954732,7529,POST /auth/login,200,OK,Login Load Test 1-120,text,true,,316,251,146,289,http://localhost:8001/auth/login,7529,0,0
1777162957268,5001,POST /auth/login,Non HTTP response code: org.apache.http.conn.HttpHostConnectException,"Non HTTP response message: Connect to localhost:8001 [localhost/127.0.0.1, localhost/0:0:0:0:0:0:0:1] failed: Connection refused",Login Load Test 1-197,text,false,"Test failed: code expected to equal /

****** received  : [[[Non HTTP response code: org.apache.http.conn.HttpHostConnectException]]]

****** comparison: [[[200                                                                  ]]]

/",2623,0,145,288,http://localhost:8001/auth/login,0,0,5001
1777162957300,5002,POST /auth/login,Non HTTP response code: org.apache.http.conn.HttpHostConnectException,"Non HTTP response message: Connect to localhost:8001 [localhost/127.0.0.1, localhost/0:0:0:0:0:0:0:1] failed: Connection refused",Login Load Test 1-198,text,false,"Test failed: code expected to equal /

****** received  : [[[Non HTTP response code: org.apache.http.conn.HttpHostConnectException]]]

****** comparison: [[[200                                                                  ]]]

/",2623,0,144,287,http://localhost:8001/auth/login,0,0,5002
1777162957328,5001,POST /auth/login,Non HTTP response code: org.apache.http.conn.HttpHostConnectException,"Non HTTP response message: Connect to localhost:8001 [localhost/127.0.0.1, localhost/0:0:0:0:0:0:0:1] failed: Connection refused",Login Load Test 1-199,text,false,"Test failed: code expected to equal /

****** received  : [[[Non HTTP response code: org.apache.http.conn.HttpHostConnectException]]]

****** comparison: [[[200                                                                  ]]]

/",2623,0,143,286,http://localhost:8001/auth/login,0,0,5001
1777162957378,5001,Login for Token,Non HTTP response code: org.apache.http.conn.HttpHostConnectException,"Non HTTP response message: Connect to localhost:8001 [localhost/127.0.0.1, localhost/0:0:0:0:0:0:0:1] failed: Connection refused",Review Submission Load Test 3-199,text,false,,2623,0,143,285,http://localhost:8001/auth/login,0,0,5001
1777162962379,1,POST /reviews/,401,Unauthorized,Review Submission Load Test 3-199,text,false,"Test failed: code expected to equal /

****** received  : [[[4]]]01

****** comparison: [[[2]]]01

/",204,299,143,285,http://localhost:8004/reviews/,1,0,1
1777162957406,5001,Login for Token,Non HTTP response code: org.apache.http.conn.HttpHostConnectException,"Non HTTP response message: Connect to localhost:8001 [localhost/127.0.0.1, localhost/0:0:0:0:0:0:0:1] failed: Connection refused",Review Submission Load Test 3-200,text,false,,2623,0,142,284,http://localhost:8001/auth/login,0,0,5001
1777162962407,1,POST /reviews/,401,Unauthorized,Review Submission Load Test 3-200,text,false,"Test failed: code expected to equal /

****** received  : [[[4]]]01

****** comparison: [[[2]]]01

/",204,299,142,284,http://localhost:8004/reviews/,1,0,1
1777162957433,5001,POST /auth/login,Non HTTP response code: org.apache.http.conn.HttpHostConnectException,"Non HTTP response message: Connect to localhost:8001 [localhost/127.0.0.1, localhost/0:0:0:0:0:0:0:1] failed: Connection refused",Login Load Test 1-202,text,false,"Test failed: code expected to equal /

****** received  : [[[Non HTTP response code: org.apache.http.conn.HttpHostConnectException]]]

****** comparison: [[[200                                                                  ]]]

/",2623,0,142,283,http://localhost:8001/auth/login,0,0,5001
1777162957441,5001,Login for Token,Non HTTP response code: org.apache.http.conn.HttpHostConnectException,"Non HTTP response message: Connect to localhost:8001 [localhost/127.0.0.1, localhost/0:0:0:0:0:0:0:1] failed: Connection refused",Review Submission Load Test 3-201,text,false,,2623,0,141,282,http://localhost:8001/auth/login,0,0,5001
1777162962442,1,POST /reviews/,401,Unauthorized,Review Submission Load Test 3-201,text,false,"Test failed: code expected to equal /

****** received  : [[[4]]]01

****** comparison: [[[2]]]01

/",204,299,141,282,http://localhost:8004/reviews/,1,0,0
1777162954636,7827,POST /auth/login,200,OK,Login Load Test 1-117,text,true,,316,251,141,281,http://localhost:8001/auth/login,7827,0,0
1777162954770,7693,Login for Token,200,OK,Review Submission Load Test 3-120,text,true,,316,251,140,281,http://localhost:8001/auth/login,7693,0,0
1777162962463,3,POST /reviews/,201,Created,Review Submission Load Test 3-120,text,true,,380,440,140,280,http://localhost:8004/reviews/,3,0,0
1777162957467,5001,POST /auth/login,Non HTTP response code: org.apache.http.conn.HttpHostConnectException,"Non HTTP response message: Connect to localhost:8001 [localhost/127.0.0.1, localhost/0:0:0:0:0:0:0:1] failed: Connection refused",Login Load Test 1-203,text,false,"Test failed: code expected to equal /

****** received  : [[[Non HTTP response code: org.apache.http.conn.HttpHostConnectException]]]

****** comparison: [[[200                                                                  ]]]

/",2623,0,140,279,http://localhost:8001/auth/login,0,0,5001
1777162957500,5001,POST /auth/login,Non HTTP response code: org.apache.http.conn.HttpHostConnectException,"Non HTTP response message: Connect to localhost:8001 [localhost/127.0.0.1, localhost/0:0:0:0:0:0:0:1] failed: Connection refused",Login Load Test 1-204,text,false,"Test failed: code expected to equal /

****** received  : [[[Non HTTP response code: org.apache.http.conn.HttpHostConnectException]]]

****** comparison: [[[200                                                                  ]]]

/",2623,0,139,278,http://localhost:8001/auth/login,0,0,5001
1777162957509,5002,Login for Token,Non HTTP response code: org.apache.http.conn.HttpHostConnectException,"Non HTTP response message: Connect to localhost:8001 [localhost/127.0.0.1, localhost/0:0:0:0:0:0:0:1] failed: Connection refused",Review Submission Load Test 3-203,text,false,,2623,0,139,277,http://localhost:8001/auth/login,0,0,5002
1777162962511,1,POST /reviews/,401,Unauthorized,Review Submission Load Test 3-203,text,false,"Test failed: code expected to equal /

****** received  : [[[4]]]01

****** comparison: [[[2]]]01

/",204,299,139,277,http://localhost:8004/reviews/,1,0,0
1777162957531,5002,POST /auth/login,Non HTTP response code: org.apache.http.conn.HttpHostConnectException,"Non HTTP response message: Connect to localhost:8001 [localhost/127.0.0.1, localhost/0:0:0:0:0:0:0:1] failed: Connection refused",Login Load Test 1-205,text,false,"Test failed: code expected to equal /

****** received  : [[[Non HTTP response code: org.apache.http.conn.HttpHostConnectException]]]

****** comparison: [[[200                                                                  ]]]

/",2623,0,138,276,http://localhost:8001/auth/login,0,0,5002
1777162957558,5002,POST /auth/login,Non HTTP response code: org.apache.http.conn.HttpHostConnectException,"Non HTTP response message: Connect to localhost:8001 [localhost/127.0.0.1, localhost/0:0:0:0:0:0:0:1] failed: Connection refused",Login Load Test 1-206,text,false,"Test failed: code expected to equal /

****** received  : [[[Non HTTP response code: org.apache.http.conn.HttpHostConnectException]]]

****** comparison: [[[200                                                                  ]]]

/",2623,0,137,275,http://localhost:8001/auth/login,0,0,5002
1777162957575,5001,Login for Token,Non HTTP response code: org.apache.http.conn.HttpHostConnectException,"Non HTTP response message: Connect to localhost:8001 [localhost/127.0.0.1, localhost/0:0:0:0:0:0:0:1] failed: Connection refused",Review Submission Load Test 3-205,text,false,,2623,0,138,274,http://localhost:8001/auth/login,0,0,5001
1777162962577,0,POST /reviews/,401,Unauthorized,Review Submission Load Test 3-205,text,false,"Test failed: code expected to equal /

****** received  : [[[4]]]01

****** comparison: [[[2]]]01

/",204,299,138,274,http://localhost:8004/reviews/,0,0,0
1777162954706,7912,Login for Token,200,OK,Review Submission Load Test 3-118,text,true,,316,251,137,273,http://localhost:8001/auth/login,7912,0,0
1777162954836,7782,Login for Token,200,OK,Review Submission Load Test 3-122,text,true,,316,251,137,273,http://localhost:8001/auth/login,7782,0,0
1777162954707,7913,POST /auth/login,200,OK,Login Load Test 1-119,text,true,,316,251,136,273,http://localhost:8001/auth/login,7913,0,1
1777162954804,7816,POST /auth/login,200,OK,Login Load Test 1-122,text,true,,316,251,136,273,http://localhost:8001/auth/login,7816,0,0
1777162962618,3,POST /reviews/,201,Created,Review Submission Load Test 3-122,text,true,,380,440,137,271,http://localhost:8004/reviews/,3,0,0
1777162962618,3,POST /reviews/,201,Created,Review Submission Load Test 3-118,text,true,,380,440,137,271,http://localhost:8004/reviews/,3,0,0
1777162954865,7763,Login for Token,200,OK,Review Submission Load Test 3-123,text,true,,316,251,135,269,http://localhost:8001/auth/login,7763,0,0
1777162954735,7893,Login for Token,200,OK,Review Submission Load Test 3-119,text,true,,316,251,135,269,http://localhost:8001/auth/login,7893,0,0
1777162962628,2,POST /reviews/,201,Created,Review Submission Load Test 3-119,text,true,,380,440,135,269,http://localhost:8004/reviews/,2,0,0
1777162962628,2,POST /reviews/,201,Created,Review Submission Load Test 3-123,text,true,,380,440,135,269,http://localhost:8004/reviews/,2,0,0
1777162957658,5001,POST /auth/login,Non HTTP response code: org.apache.http.conn.HttpHostConnectException,"Non HTTP response message: Connect to localhost:8001 [localhost/127.0.0.1, localhost/0:0:0:0:0:0:0:1] failed: Connection refused",Login Load Test 1-209,text,false,"Test failed: code expected to equal /

****** received  : [[[Non HTTP response code: org.apache.http.conn.HttpHostConnectException]]]

****** comparison: [[[200                                                                  ]]]

/",2623,0,134,267,http://localhost:8001/auth/login,0,0,5001
1777162957670,5001,Login for Token,Non HTTP response code: org.apache.http.conn.HttpHostConnectException,"Non HTTP response message: Connect to localhost:8001 [localhost/127.0.0.1, localhost/0:0:0:0:0:0:0:1] failed: Connection refused",Review Submission Load Test 3-208,text,false,,2623,0,133,266,http://localhost:8001/auth/login,0,0,5001
1777162962671,1,POST /reviews/,401,Unauthorized,Review Submission Load Test 3-208,text,false,"Test failed: code expected to equal /

****** received  : [[[4]]]01

****** comparison: [[[2]]]01

/",204,299,133,266,http://localhost:8004/reviews/,1,0,1
1777162957691,5001,POST /auth/login,Non HTTP response code: org.apache.http.conn.HttpHostConnectException,"Non HTTP response message: Connect to localhost:8001 [localhost/127.0.0.1, localhost/0:0:0:0:0:0:0:1] failed: Connection refused",Login Load Test 1-210,text,false,"Test failed: code expected to equal /

****** received  : [[[Non HTTP response code: org.apache.http.conn.HttpHostConnectException]]]

****** comparison: [[[200                                                                  ]]]

/",2623,0,133,265,http://localhost:8001/auth/login,0,0,5001
1777162957707,5002,Login for Token,Non HTTP response code: org.apache.http.conn.HttpHostConnectException,"Non HTTP response message: Connect to localhost:8001 [localhost/127.0.0.1, localhost/0:0:0:0:0:0:0:1] failed: Connection refused",Review Submission Load Test 3-209,text,false,,2623,0,132,264,http://localhost:8001/auth/login,0,0,5002
1777162962709,0,POST /reviews/,401,Unauthorized,Review Submission Load Test 3-209,text,false,"Test failed: code expected to equal /

****** received  : [[[4]]]01

****** comparison: [[[2]]]01

/",204,299,132,264,http://localhost:8004/reviews/,0,0,0
1777162957728,5001,POST /auth/login,Non HTTP response code: org.apache.http.conn.HttpHostConnectException,"Non HTTP response message: Connect to localhost:8001 [localhost/127.0.0.1, localhost/0:0:0:0:0:0:0:1] failed: Connection refused",Login Load Test 1-211,text,false,"Test failed: code expected to equal /

****** received  : [[[Non HTTP response code: org.apache.http.conn.HttpHostConnectException]]]

****** comparison: [[[200                                                                  ]]]

/",2623,0,132,263,http://localhost:8001/auth/login,0,0,5001
1777162957741,5001,Login for Token,Non HTTP response code: org.apache.http.conn.HttpHostConnectException,"Non HTTP response message: Connect to localhost:8001 [localhost/127.0.0.1, localhost/0:0:0:0:0:0:0:1] failed: Connection refused",Review Submission Load Test 3-210,text,false,,2623,0,131,262,http://localhost:8001/auth/login,0,0,5001
1777162962742,1,POST /reviews/,401,Unauthorized,Review Submission Load Test 3-210,text,false,"Test failed: code expected to equal /

****** received  : [[[4]]]01

****** comparison: [[[2]]]01

/",204,299,131,262,http://localhost:8004/reviews/,1,0,0
1777162954837,7966,POST /auth/login,200,OK,Login Load Test 1-123,text,true,,316,251,131,261,http://localhost:8001/auth/login,7966,0,1
1777162954961,7842,POST /auth/login,200,OK,Login Load Test 1-127,text,true,,316,251,131,261,http://localhost:8001/auth/login,7842,0,0
1777162957807,5001,Login for Token,Non HTTP response code: org.apache.http.conn.HttpHostConnectException,"Non HTTP response message: Connect to localhost:8001 [localhost/127.0.0.1, localhost/0:0:0:0:0:0:0:1] failed: Connection refused",Review Submission Load Test 3-212,text,false,,2623,0,130,259,http://localhost:8001/auth/login,0,0,5001
1777162962809,0,POST /reviews/,401,Unauthorized,Review Submission Load Test 3-212,text,false,"Test failed: code expected to equal /

****** received  : [[[4]]]01

****** comparison: [[[2]]]01

/",204,299,130,259,http://localhost:8004/reviews/,0,0,0
1777162954773,8061,POST /auth/login,200,OK,Login Load Test 1-121,text,true,,316,251,129,258,http://localhost:8001/auth/login,8061,0,1
1777162954902,7932,Login for Token,200,OK,Review Submission Load Test 3-124,text,true,,316,251,129,258,http://localhost:8001/auth/login,7932,0,1
1777162962834,3,POST /reviews/,201,Created,Review Submission Load Test 3-124,text,true,,380,440,129,257,http://localhost:8004/reviews/,3,0,0
1777162957857,5001,POST /auth/login,Non HTTP response code: org.apache.http.conn.HttpHostConnectException,"Non HTTP response message: Connect to localhost:8001 [localhost/127.0.0.1, localhost/0:0:0:0:0:0:0:1] failed: Connection refused",Login Load Test 1-215,text,false,"Test failed: code expected to equal /

****** received  : [[[Non HTTP response code: org.apache.http.conn.HttpHostConnectException]]]

****** comparison: [[[200                                                                  ]]]

/",2623,0,128,256,http://localhost:8001/auth/login,0,0,5001
1777162957927,5001,POST /auth/login,Non HTTP response code: org.apache.http.conn.HttpHostConnectException,"Non HTTP response message: Connect to localhost:8001 [localhost/127.0.0.1, localhost/0:0:0:0:0:0:0:1] failed: Connection refused",Login Load Test 1-217,text,false,"Test failed: code expected to equal /

****** received  : [[[Non HTTP response code: org.apache.http.conn.HttpHostConnectException]]]

****** comparison: [[[200                                                                  ]]]

/",2623,0,127,255,http://localhost:8001/auth/login,0,0,5001
1777162957934,5002,Login for Token,Non HTTP response code: org.apache.http.conn.HttpHostConnectException,"Non HTTP response message: Connect to localhost:8001 [localhost/127.0.0.1, localhost/0:0:0:0:0:0:0:1] failed: Connection refused",Review Submission Load Test 3-216,text,false,,2623,0,128,254,http://localhost:8001/auth/login,0,0,5002
1777162962936,1,POST /reviews/,401,Unauthorized,Review Submission Load Test 3-216,text,false,"Test failed: code expected to equal /

****** received  : [[[4]]]01

****** comparison: [[[2]]]01

/",204,299,128,254,http://localhost:8004/reviews/,1,0,0
1777162954804,8181,Login for Token,200,OK,Review Submission Load Test 3-121,text,true,,316,251,127,253,http://localhost:8001/auth/login,8181,0,0
1777162954931,8054,Login for Token,200,OK,Review Submission Load Test 3-125,text,true,,316,251,127,253,http://localhost:8001/auth/login,8054,0,1
1777162962986,3,POST /reviews/,201,Created,Review Submission Load Test 3-121,text,true,,380,440,127,253,http://localhost:8004/reviews/,3,0,0
1777162962986,3,POST /reviews/,201,Created,Review Submission Load Test 3-125,text,true,,380,440,127,253,http://localhost:8004/reviews/,3,0,0
1777162954866,8129,POST /auth/login,200,OK,Login Load Test 1-124,text,true,,316,251,126,251,http://localhost:8001/auth/login,8129,0,0
1777162954998,7997,POST /auth/login,200,OK,Login Load Test 1-128,text,true,,316,251,126,251,http://localhost:8001/auth/login,7997,0,0
1777162958026,5001,POST /auth/login,Non HTTP response code: org.apache.http.conn.HttpHostConnectException,"Non HTTP response message: Connect to localhost:8001 [localhost/127.0.0.1, localhost/0:0:0:0:0:0:0:1] failed: Connection refused",Login Load Test 1-220,text,false,"Test failed: code expected to equal /

****** received  : [[[Non HTTP response code: org.apache.http.conn.HttpHostConnectException]]]

****** comparison: [[[200                                                                  ]]]

/",2623,0,124,249,http://localhost:8001/auth/login,0,0,5001
1777162958033,5001,Login for Token,Non HTTP response code: org.apache.http.conn.HttpHostConnectException,"Non HTTP response message: Connect to localhost:8001 [localhost/127.0.0.1, localhost/0:0:0:0:0:0:0:1] failed: Connection refused",Review Submission Load Test 3-219,text,false,,2623,0,125,248,http://localhost:8001/auth/login,0,0,5001
1777162963034,1,POST /reviews/,401,Unauthorized,Review Submission Load Test 3-219,text,false,"Test failed: code expected to equal /

****** received  : [[[4]]]01

****** comparison: [[[2]]]01

/",204,299,125,248,http://localhost:8004/reviews/,1,0,0
1777162958053,5001,POST /auth/login,Non HTTP response code: org.apache.http.conn.HttpHostConnectException,"Non HTTP response message: Connect to localhost:8001 [localhost/127.0.0.1, localhost/0:0:0:0:0:0:0:1] failed: Connection refused",Login Load Test 1-221,text,false,"Test failed: code expected to equal /

****** received  : [[[Non HTTP response code: org.apache.http.conn.HttpHostConnectException]]]

****** comparison: [[[200                                                                  ]]]

/",2623,0,123,247,http://localhost:8001/auth/login,0,0,5001
1777162958085,5001,POST /auth/login,Non HTTP response code: org.apache.http.conn.HttpHostConnectException,"Non HTTP response message: Connect to localhost:8001 [localhost/127.0.0.1, localhost/0:0:0:0:0:0:0:1] failed: Connection refused",Login Load Test 1-222,text,false,"Test failed: code expected to equal /

****** received  : [[[Non HTTP response code: org.apache.http.conn.HttpHostConnectException]]]

****** comparison: [[[200                                                                  ]]]

/",2623,0,122,246,http://localhost:8001/auth/login,0,0,5001
1777162958150,5001,POST /auth/login,Non HTTP response code: org.apache.http.conn.HttpHostConnectException,"Non HTTP response message: Connect to localhost:8001 [localhost/127.0.0.1, localhost/0:0:0:0:0:0:0:1] failed: Connection refused",Login Load Test 1-224,text,false,"Test failed: code expected to equal /

****** received  : [[[Non HTTP response code: org.apache.http.conn.HttpHostConnectException]]]

****** comparison: [[[200                                                                  ]]]

/",2623,0,121,245,http://localhost:8001/auth/login,0,0,5001
1777162954968,8202,Login for Token,200,OK,Review Submission Load Test 3-126,text,true,,316,251,124,244,http://localhost:8001/auth/login,8202,0,0
1777162963171,2,POST /reviews/,201,Created,Review Submission Load Test 3-126,text,true,,380,440,124,244,http://localhost:8004/reviews/,2,0,0
1777162958202,5001,Login for Token,Non HTTP response code: org.apache.http.conn.HttpHostConnectException,"Non HTTP response message: Connect to localhost:8001 [localhost/127.0.0.1, localhost/0:0:0:0:0:0:0:1] failed: Connection refused",Review Submission Load Test 3-224,text,false,,2623,0,123,243,http://localhost:8001/auth/login,0,0,5001
1777162963203,1,POST /reviews/,401,Unauthorized,Review Submission Load Test 3-224,text,false,"Test failed: code expected to equal /

****** received  : [[[4]]]01

****** comparison: [[[2]]]01

/",204,299,123,243,http://localhost:8004/reviews/,1,0,0
1777162954904,8301,POST /auth/login,200,OK,Login Load Test 1-125,text,true,,316,251,120,242,http://localhost:8001/auth/login,8301,0,1
1777162955099,8106,Login for Token,200,OK,Review Submission Load Test 3-130,text,true,,316,251,122,242,http://localhost:8001/auth/login,8106,0,30
1777162963205,2,POST /reviews/,201,Created,Review Submission Load Test 3-130,text,true,,380,440,122,241,http://localhost:8004/reviews/,2,0,0
1777162958219,5001,POST /auth/login,Non HTTP response code: org.apache.http.conn.HttpHostConnectException,"Non HTTP response message: Connect to localhost:8001 [localhost/127.0.0.1, localhost/0:0:0:0:0:0:0:1] failed: Connection refused",Login Load Test 1-226,text,false,"Test failed: code expected to equal /

****** received  : [[[Non HTTP response code: org.apache.http.conn.HttpHostConnectException]]]

****** comparison: [[[200                                                                  ]]]

/",2623,0,119,240,http://localhost:8001/auth/login,0,0,5001
1777162958231,5001,Login for Token,Non HTTP response code: org.apache.http.conn.HttpHostConnectException,"Non HTTP response message: Connect to localhost:8001 [localhost/127.0.0.1, localhost/0:0:0:0:0:0:0:1] failed: Connection refused",Review Submission Load Test 3-225,text,false,,2623,0,121,239,http://localhost:8001/auth/login,0,0,5001
1777162963232,1,POST /reviews/,401,Unauthorized,Review Submission Load Test 3-225,text,false,"Test failed: code expected to equal /

****** received  : [[[4]]]01

****** comparison: [[[2]]]01

/",204,299,121,239,http://localhost:8004/reviews/,1,0,0
1777162958249,5001,POST /auth/login,Non HTTP response code: org.apache.http.conn.HttpHostConnectException,"Non HTTP response message: Connect to localhost:8001 [localhost/127.0.0.1, localhost/0:0:0:0:0:0:0:1] failed: Connection refused",Login Load Test 1-227,text,false,"Test failed: code expected to equal /

****** received  : [[[Non HTTP response code: org.apache.http.conn.HttpHostConnectException]]]

****** comparison: [[[200                                                                  ]]]

/",2623,0,118,238,http://localhost:8001/auth/login,0,0,5001
1777162958269,5001,Login for Token,Non HTTP response code: org.apache.http.conn.HttpHostConnectException,"Non HTTP response message: Connect to localhost:8001 [localhost/127.0.0.1, localhost/0:0:0:0:0:0:0:1] failed: Connection refused",Review Submission Load Test 3-226,text,false,,2623,0,120,237,http://localhost:8001/auth/login,0,0,5001
1777162963270,1,POST /reviews/,401,Unauthorized,Review Submission Load Test 3-226,text,false,"Test failed: code expected to equal /

****** received  : [[[4]]]01

****** comparison: [[[2]]]01

/",204,299,120,237,http://localhost:8004/reviews/,1,0,0
1777162958288,5001,POST /auth/login,Non HTTP response code: org.apache.http.conn.HttpHostConnectException,"Non HTTP response message: Connect to localhost:8001 [localhost/127.0.0.1, localhost/0:0:0:0:0:0:0:1] failed: Connection refused",Login Load Test 1-228,text,false,"Test failed: code expected to equal /

****** received  : [[[Non HTTP response code: org.apache.http.conn.HttpHostConnectException]]]

****** comparison: [[[200                                                                  ]]]

/",2623,0,117,236,http://localhost:8001/auth/login,0,0,5001
1777162958303,5001,Login for Token,Non HTTP response code: org.apache.http.conn.HttpHostConnectException,"Non HTTP response message: Connect to localhost:8001 [localhost/127.0.0.1, localhost/0:0:0:0:0:0:0:1] failed: Connection refused",Review Submission Load Test 3-227,text,false,,2623,0,119,235,http://localhost:8001/auth/login,0,0,5001
1777162963304,1,POST /reviews/,401,Unauthorized,Review Submission Load Test 3-227,text,false,"Test failed: code expected to equal /

****** received  : [[[4]]]01

****** comparison: [[[2]]]01

/",204,299,119,235,http://localhost:8004/reviews/,1,0,0
1777162955159,8199,POST /auth/login,200,OK,Login Load Test 1-133,text,true,,316,251,116,234,http://localhost:8001/auth/login,8199,0,1
1777162954936,8422,POST /auth/login,200,OK,Login Load Test 1-126,text,true,,316,251,116,234,http://localhost:8001/auth/login,8422,0,1
1777162955264,8100,Login for Token,200,OK,Review Submission Load Test 3-135,text,true,,316,251,118,232,http://localhost:8001/auth/login,8100,0,213
1777162955000,8364,Login for Token,200,OK,Review Submission Load Test 3-127,text,true,,316,251,118,232,http://localhost:8001/auth/login,8364,0,0
1777162963364,3,POST /reviews/,201,Created,Review Submission Load Test 3-135,text,true,,380,440,118,232,http://localhost:8004/reviews/,3,0,0
1777162963364,3,POST /reviews/,201,Created,Review Submission Load Test 3-127,text,true,,380,440,118,232,http://localhost:8004/reviews/,3,0,0
1777162958418,5002,POST /auth/login,Non HTTP response code: org.apache.http.conn.HttpHostConnectException,"Non HTTP response message: Connect to localhost:8001 [localhost/127.0.0.1, localhost/0:0:0:0:0:0:0:1] failed: Connection refused",Login Load Test 1-232,text,false,"Test failed: code expected to equal /

****** received  : [[[Non HTTP response code: org.apache.http.conn.HttpHostConnectException]]]

****** comparison: [[[200                                                                  ]]]

/",2623,0,114,230,http://localhost:8001/auth/login,0,0,5002
1777162958433,5002,Login for Token,Non HTTP response code: org.apache.http.conn.HttpHostConnectException,"Non HTTP response message: Connect to localhost:8001 [localhost/127.0.0.1, localhost/0:0:0:0:0:0:0:1] failed: Connection refused",Review Submission Load Test 3-231,text,false,,2623,0,116,229,http://localhost:8001/auth/login,0,0,5002
1777162963435,0,POST /reviews/,401,Unauthorized,Review Submission Load Test 3-231,text,false,"Test failed: code expected to equal /

****** received  : [[[4]]]01

****** comparison: [[[2]]]01

/",204,299,116,229,http://localhost:8004/reviews/,0,0,0
1777162958451,5001,POST /auth/login,Non HTTP response code: org.apache.http.conn.HttpHostConnectException,"Non HTTP response message: Connect to localhost:8001 [localhost/127.0.0.1, localhost/0:0:0:0:0:0:0:1] failed: Connection refused",Login Load Test 1-233,text,false,"Test failed: code expected to equal /

****** received  : [[[Non HTTP response code: org.apache.http.conn.HttpHostConnectException]]]

****** comparison: [[[200                                                                  ]]]

/",2623,0,113,228,http://localhost:8001/auth/login,0,0,5001
1777162958481,5001,POST /auth/login,Non HTTP response code: org.apache.http.conn.HttpHostConnectException,"Non HTTP response message: Connect to localhost:8001 [localhost/127.0.0.1, localhost/0:0:0:0:0:0:0:1] failed: Connection refused",Login Load Test 1-234,text,false,"Test failed: code expected to equal /

****** received  : [[[Non HTTP response code: org.apache.http.conn.HttpHostConnectException]]]

****** comparison: [[[200                                                                  ]]]

/",2623,0,112,227,http://localhost:8001/auth/login,0,0,5001
1777162958516,5001,POST /auth/login,Non HTTP response code: org.apache.http.conn.HttpHostConnectException,"Non HTTP response message: Connect to localhost:8001 [localhost/127.0.0.1, localhost/0:0:0:0:0:0:0:1] failed: Connection refused",Login Load Test 1-235,text,false,"Test failed: code expected to equal /

****** received  : [[[Non HTTP response code: org.apache.http.conn.HttpHostConnectException]]]

****** comparison: [[[200                                                                  ]]]

/",2623,0,111,226,http://localhost:8001/auth/login,0,0,5001
1777162955230,8311,POST /auth/login,200,OK,Login Load Test 1-135,text,true,,316,251,110,225,http://localhost:8001/auth/login,8311,0,60
1777162955067,8474,Login for Token,200,OK,Review Submission Load Test 3-129,text,true,,316,251,115,225,http://localhost:8001/auth/login,8474,0,93
1777162963541,2,POST /reviews/,201,Created,Review Submission Load Test 3-129,text,true,,380,440,115,224,http://localhost:8004/reviews/,2,0,0
1777162955392,8183,POST /auth/login,200,OK,Login Load Test 1-140,text,true,,316,251,109,223,http://localhost:8001/auth/login,8183,0,121
1777162955099,8476,POST /auth/login,200,OK,Login Load Test 1-131,text,true,,316,251,109,223,http://localhost:8001/auth/login,8476,0,30
1777162958605,5001,POST /auth/login,Non HTTP response code: org.apache.http.conn.HttpHostConnectException,"Non HTTP response message: Connect to localhost:8001 [localhost/127.0.0.1, localhost/0:0:0:0:0:0:0:1] failed: Connection refused",Login Load Test 1-238,text,false,"Test failed: code expected to equal /

****** received  : [[[Non HTTP response code: org.apache.http.conn.HttpHostConnectException]]]

****** comparison: [[[200                                                                  ]]]

/",2623,0,107,221,http://localhost:8001/auth/login,0,0,5001
1777162958665,5001,Login for Token,Non HTTP response code: org.apache.http.conn.HttpHostConnectException,"Non HTTP response message: Connect to localhost:8001 [localhost/127.0.0.1, localhost/0:0:0:0:0:0:0:1] failed: Connection refused",Review Submission Load Test 3-238,text,false,,2623,0,114,220,http://localhost:8001/auth/login,0,0,5001
1777162963666,1,POST /reviews/,401,Unauthorized,Review Submission Load Test 3-238,text,false,"Test failed: code expected to equal /

****** received  : [[[4]]]01

****** comparison: [[[2]]]01

/",204,299,114,220,http://localhost:8004/reviews/,1,0,0
1777162958677,5002,POST /auth/login,Non HTTP response code: org.apache.http.conn.HttpHostConnectException,"Non HTTP response message: Connect to localhost:8001 [localhost/127.0.0.1, localhost/0:0:0:0:0:0:0:1] failed: Connection refused",Login Load Test 1-240,text,false,"Test failed: code expected to equal /

****** received  : [[[Non HTTP response code: org.apache.http.conn.HttpHostConnectException]]]

****** comparison: [[[200                                                                  ]]]

/",2623,0,106,219,http://localhost:8001/auth/login,0,0,5002
1777162955557,8167,POST /auth/login,200,OK,Login Load Test 1-145,text,true,,316,251,105,218,http://localhost:8001/auth/login,8167,0,90
1777162955200,8524,Login for Token,200,OK,Review Submission Load Test 3-133,text,true,,316,251,113,218,http://localhost:8001/auth/login,8524,0,90
1777162963725,3,POST /reviews/,201,Created,Review Submission Load Test 3-133,text,true,,380,440,113,217,http://localhost:8004/reviews/,3,0,0
1777162955264,8466,POST /auth/login,200,OK,Login Load Test 1-136,text,true,,316,251,104,216,http://localhost:8001/auth/login,8466,0,213
1777162955794,7936,Login for Token,200,OK,Review Submission Load Test 3-151,text,true,,316,251,112,216,http://localhost:8001/auth/login,7936,0,31
1777162963730,2,POST /reviews/,201,Created,Review Submission Load Test 3-151,text,true,,380,440,112,215,http://localhost:8004/reviews/,2,0,0
1777162958762,5001,Login for Token,Non HTTP response code: org.apache.http.conn.HttpHostConnectException,"Non HTTP response message: Connect to localhost:8001 [localhost/127.0.0.1, localhost/0:0:0:0:0:0:0:1] failed: Connection refused",Review Submission Load Test 3-241,text,false,,2623,0,111,214,http://localhost:8001/auth/login,0,0,5001
1777162963763,1,POST /reviews/,401,Unauthorized,Review Submission Load Test 3-241,text,false,"Test failed: code expected to equal /

****** received  : [[[4]]]01

****** comparison: [[[2]]]01

/",204,299,111,214,http://localhost:8004/reviews/,1,0,0
1777162958797,5002,Login for Token,Non HTTP response code: org.apache.http.conn.HttpHostConnectException,"Non HTTP response message: Connect to localhost:8001 [localhost/127.0.0.1, localhost/0:0:0:0:0:0:0:1] failed: Connection refused",Review Submission Load Test 3-242,text,false,,2623,0,110,213,http://localhost:8001/auth/login,0,0,5002
1777162963799,0,POST /reviews/,401,Unauthorized,Review Submission Load Test 3-242,text,false,"Test failed: code expected to equal /

****** received  : [[[4]]]01

****** comparison: [[[2]]]01

/",204,299,110,213,http://localhost:8004/reviews/,0,0,0
1777162958828,5001,Login for Token,Non HTTP response code: org.apache.http.conn.HttpHostConnectException,"Non HTTP response message: Connect to localhost:8001 [localhost/127.0.0.1, localhost/0:0:0:0:0:0:0:1] failed: Connection refused",Review Submission Load Test 3-243,text,false,,2623,0,109,212,http://localhost:8001/auth/login,0,0,5001
1777162963830,0,POST /reviews/,401,Unauthorized,Review Submission Load Test 3-243,text,false,"Test failed: code expected to equal /

****** received  : [[[4]]]01

****** comparison: [[[2]]]01

/",204,299,109,212,http://localhost:8004/reviews/,0,0,0
1777162958862,5001,Login for Token,Non HTTP response code: org.apache.http.conn.HttpHostConnectException,"Non HTTP response message: Connect to localhost:8001 [localhost/127.0.0.1, localhost/0:0:0:0:0:0:0:1] failed: Connection refused",Review Submission Load Test 3-244,text,false,,2623,0,108,211,http://localhost:8001/auth/login,0,0,5001
1777162963863,1,POST /reviews/,401,Unauthorized,Review Submission Load Test 3-244,text,false,"Test failed: code expected to equal /

****** received  : [[[4]]]01

****** comparison: [[[2]]]01

/",204,299,108,211,http://localhost:8004/reviews/,1,0,0
1777162955062,8841,POST /auth/login,200,OK,Login Load Test 1-130,text,true,,316,251,103,210,http://localhost:8001/auth/login,8841,0,580
1777162955724,8179,POST /auth/login,200,OK,Login Load Test 1-150,text,true,,316,251,103,210,http://localhost:8001/auth/login,8179,0,120
1777162955786,8157,POST /auth/login,200,OK,Login Load Test 1-152,text,true,,316,251,101,208,http://localhost:8001/auth/login,8157,0,60
1777162955362,8581,POST /auth/login,200,OK,Login Load Test 1-139,text,true,,316,251,101,208,http://localhost:8001/auth/login,8581,0,151
1777162958973,5001,POST /auth/login,Non HTTP response code: org.apache.http.conn.HttpHostConnectException,"Non HTTP response message: Connect to localhost:8001 [localhost/127.0.0.1, localhost/0:0:0:0:0:0:0:1] failed: Connection refused",Login Load Test 1-249,text,false,"Test failed: code expected to equal /

****** received  : [[[Non HTTP response code: org.apache.http.conn.HttpHostConnectException]]]

****** comparison: [[[200                                                                  ]]]

/",2623,0,99,206,http://localhost:8001/auth/login,0,0,5001
1777162959003,5001,POST /auth/login,Non HTTP response code: org.apache.http.conn.HttpHostConnectException,"Non HTTP response message: Connect to localhost:8001 [localhost/127.0.0.1, localhost/0:0:0:0:0:0:0:1] failed: Connection refused",Login Load Test 1-250,text,false,"Test failed: code expected to equal /

****** received  : [[[Non HTTP response code: org.apache.http.conn.HttpHostConnectException]]]

****** comparison: [[[200                                                                  ]]]

/",2623,0,98,205,http://localhost:8001/auth/login,0,0,5001
1777162959028,5001,Login for Token,Non HTTP response code: org.apache.http.conn.HttpHostConnectException,"Non HTTP response message: Connect to localhost:8001 [localhost/127.0.0.1, localhost/0:0:0:0:0:0:0:1] failed: Connection refused",Review Submission Load Test 3-249,text,false,,2623,0,107,204,http://localhost:8001/auth/login,0,0,5001
1777162964030,0,POST /reviews/,401,Unauthorized,Review Submission Load Test 3-249,text,false,"Test failed: code expected to equal /

****** received  : [[[4]]]01

****** comparison: [[[2]]]01

/",204,299,107,204,http://localhost:8004/reviews/,0,0,0
1777162959036,5001,POST /auth/login,Non HTTP response code: org.apache.http.conn.HttpHostConnectException,"Non HTTP response message: Connect to localhost:8001 [localhost/127.0.0.1, localhost/0:0:0:0:0:0:0:1] failed: Connection refused",Login Load Test 1-251,text,false,"Test failed: code expected to equal /

****** received  : [[[Non HTTP response code: org.apache.http.conn.HttpHostConnectException]]]

****** comparison: [[[200                                                                  ]]]

/",2623,0,97,203,http://localhost:8001/auth/login,0,0,5001
1777162955589,8502,POST /auth/login,200,OK,Login Load Test 1-146,text,true,,316,251,96,202,http://localhost:8001/auth/login,8502,0,60
1777162956020,8071,POST /auth/login,200,OK,Login Load Test 1-159,text,true,,316,251,96,202,http://localhost:8001/auth/login,8071,0,0
1777162955497,8601,Login for Token,200,OK,Review Submission Load Test 3-142,text,true,,316,251,106,200,http://localhost:8001/auth/login,8601,0,333
1777162955620,8478,POST /auth/login,200,OK,Login Load Test 1-147,text,true,,316,251,94,200,http://localhost:8001/auth/login,8478,0,574
1777162964098,3,POST /reviews/,201,Created,Review Submission Load Test 3-142,text,true,,380,440,106,199,http://localhost:8004/reviews/,3,0,0
1777162959136,5001,POST /auth/login,Non HTTP response code: org.apache.http.conn.HttpHostConnectException,"Non HTTP response message: Connect to localhost:8001 [localhost/127.0.0.1, localhost/0:0:0:0:0:0:0:1] failed: Connection refused",Login Load Test 1-254,text,false,"Test failed: code expected to equal /

****** received  : [[[Non HTTP response code: org.apache.http.conn.HttpHostConnectException]]]

****** comparison: [[[200                                                                  ]]]

/",2623,0,93,198,http://localhost:8001/auth/login,0,0,5001
1777162959193,5001,Login for Token,Non HTTP response code: org.apache.http.conn.HttpHostConnectException,"Non HTTP response message: Connect to localhost:8001 [localhost/127.0.0.1, localhost/0:0:0:0:0:0:0:1] failed: Connection refused",Review Submission Load Test 3-254,text,false,,2623,0,105,197,http://localhost:8001/auth/login,0,0,5001
1777162964195,0,POST /reviews/,401,Unauthorized,Review Submission Load Test 3-254,text,false,"Test failed: code expected to equal /

****** received  : [[[4]]]01

****** comparison: [[[2]]]01

/",204,299,105,197,http://localhost:8004/reviews/,0,0,0
1777162959225,5002,Login for Token,Non HTTP response code: org.apache.http.conn.HttpHostConnectException,"Non HTTP response message: Connect to localhost:8001 [localhost/127.0.0.1, localhost/0:0:0:0:0:0:0:1] failed: Connection refused",Review Submission Load Test 3-255,text,false,,2623,0,104,196,http://localhost:8001/auth/login,0,0,5002
1777162964227,1,POST /reviews/,401,Unauthorized,Review Submission Load Test 3-255,text,false,"Test failed: code expected to equal /

****** received  : [[[4]]]01

****** comparison: [[[2]]]01

/",204,299,104,196,http://localhost:8004/reviews/,1,0,0
1777162956025,8249,Login for Token,200,OK,Review Submission Load Test 3-158,text,true,,316,251,103,195,http://localhost:8001/auth/login,8249,0,212
1777162955298,8976,Login for Token,200,OK,Review Submission Load Test 3-136,text,true,,316,251,103,195,http://localhost:8001/auth/login,8976,0,576
1777162964274,3,POST /reviews/,201,Created,Review Submission Load Test 3-136,text,true,,380,440,103,195,http://localhost:8004/reviews/,3,0,0
1777162964274,3,POST /reviews/,201,Created,Review Submission Load Test 3-158,text,true,,380,440,102,194,http://localhost:8004/reviews/,3,0,0
1777162956086,8227,POST /auth/login,200,OK,Login Load Test 1-161,text,true,,316,251,92,193,http://localhost:8001/auth/login,8227,0,120
1777162955662,8651,Login for Token,200,OK,Review Submission Load Test 3-147,text,true,,316,251,101,193,http://localhost:8001/auth/login,8651,0,212
1777162964313,3,POST /reviews/,201,Created,Review Submission Load Test 3-147,text,true,,380,440,101,192,http://localhost:8004/reviews/,3,0,0
1777162959400,5002,POST /auth/login,Non HTTP response code: org.apache.http.conn.HttpHostConnectException,"Non HTTP response message: Connect to localhost:8001 [localhost/127.0.0.1, localhost/0:0:0:0:0:0:0:1] failed: Connection refused",Login Load Test 1-262,text,false,"Test failed: code expected to equal /

****** received  : [[[Non HTTP response code: org.apache.http.conn.HttpHostConnectException]]]

****** comparison: [[[200                                                                  ]]]

/",2623,0,91,191,http://localhost:8001/auth/login,0,0,5002
1777162956349,8108,POST /auth/login,200,OK,Login Load Test 1-169,text,true,,316,251,90,190,http://localhost:8001/auth/login,8108,0,30
1777162955960,8497,Login for Token,200,OK,Review Submission Load Test 3-156,text,true,,316,251,100,190,http://localhost:8001/auth/login,8497,0,61
1777162964457,2,POST /reviews/,201,Created,Review Submission Load Test 3-156,text,true,,380,440,100,189,http://localhost:8004/reviews/,2,0,0
1777162955628,8833,Login for Token,200,OK,Review Submission Load Test 3-146,text,true,,316,251,99,188,http://localhost:8001/auth/login,8833,0,575
1777162955330,9131,Login for Token,200,OK,Review Submission Load Test 3-137,text,true,,316,251,99,188,http://localhost:8001/auth/login,9131,0,1054
1777162964461,2,POST /reviews/,201,Created,Review Submission Load Test 3-146,text,true,,380,440,99,188,http://localhost:8004/reviews/,2,0,0
1777162964461,2,POST /reviews/,201,Created,Review Submission Load Test 3-137,text,true,,380,440,98,187,http://localhost:8004/reviews/,2,0,0
1777162959557,5001,Login for Token,Non HTTP response code: org.apache.http.conn.HttpHostConnectException,"Non HTTP response message: Connect to localhost:8001 [localhost/127.0.0.1, localhost/0:0:0:0:0:0:0:1] failed: Connection refused",Review Submission Load Test 3-265,text,false,,2623,0,97,186,http://localhost:8001/auth/login,0,0,5001
1777162964558,1,POST /reviews/,401,Unauthorized,Review Submission Load Test 3-265,text,false,"Test failed: code expected to equal /

****** received  : [[[4]]]01

****** comparison: [[[2]]]01

/",204,299,97,186,http://localhost:8004/reviews/,1,0,1
1777162959589,5002,Login for Token,Non HTTP response code: org.apache.http.conn.HttpHostConnectException,"Non HTTP response message: Connect to localhost:8001 [localhost/127.0.0.1, localhost/0:0:0:0:0:0:0:1] failed: Connection refused",Review Submission Load Test 3-266,text,false,,2623,0,96,185,http://localhost:8001/auth/login,0,0,5002
1777162964591,0,POST /reviews/,401,Unauthorized,Review Submission Load Test 3-266,text,false,"Test failed: code expected to equal /

****** received  : [[[4]]]01

****** comparison: [[[2]]]01

/",204,299,96,185,http://localhost:8004/reviews/,0,0,0
1777162959593,5001,POST /auth/login,Non HTTP response code: org.apache.http.conn.HttpHostConnectException,"Non HTTP response message: Connect to localhost:8001 [localhost/127.0.0.1, localhost/0:0:0:0:0:0:0:1] failed: Connection refused",Login Load Test 1-268,text,false,"Test failed: code expected to equal /

****** received  : [[[Non HTTP response code: org.apache.http.conn.HttpHostConnectException]]]

****** comparison: [[[200                                                                  ]]]

/",2623,0,89,184,http://localhost:8001/auth/login,0,0,5001
1777162956208,8430,POST /auth/login,200,OK,Login Load Test 1-165,text,true,,316,251,88,183,http://localhost:8001/auth/login,8430,0,30
1777162956453,8185,Login for Token,200,OK,Review Submission Load Test 3-171,text,true,,316,251,95,183,http://localhost:8001/auth/login,8185,0,151
1777162964638,3,POST /reviews/,201,Created,Review Submission Load Test 3-171,text,true,,380,440,95,182,http://localhost:8004/reviews/,3,0,0
1777162956053,8628,POST /auth/login,200,OK,Login Load Test 1-160,text,true,,316,251,87,181,http://localhost:8001/auth/login,8628,0,153
1777162956420,8261,Login for Token,200,OK,Review Submission Load Test 3-170,text,true,,316,251,94,181,http://localhost:8001/auth/login,8261,0,150
1777162964681,3,POST /reviews/,201,Created,Review Submission Load Test 3-170,text,true,,380,440,94,180,http://localhost:8004/reviews/,3,0,0
1777162956382,8442,POST /auth/login,200,OK,Login Load Test 1-170,text,true,,316,251,86,179,http://localhost:8001/auth/login,8442,0,0
1777162955695,9129,Login for Token,200,OK,Review Submission Load Test 3-148,text,true,,316,251,93,179,http://localhost:8001/auth/login,9129,0,1053
1777162956184,8642,POST /auth/login,200,OK,Login Load Test 1-164,text,true,,316,251,85,178,http://localhost:8001/auth/login,8642,0,575
1777162956322,8504,Login for Token,200,OK,Review Submission Load Test 3-167,text,true,,316,251,93,178,http://localhost:8001/auth/login,8504,0,62
1777162956187,8639,Login for Token,200,OK,Review Submission Load Test 3-163,text,true,,316,251,93,178,http://localhost:8001/auth/login,8639,0,572
1777162964824,3,POST /reviews/,201,Created,Review Submission Load Test 3-148,text,true,,380,440,93,177,http://localhost:8004/reviews/,3,0,1
1777162964826,2,POST /reviews/,201,Created,Review Submission Load Test 3-167,text,true,,380,440,92,176,http://localhost:8004/reviews/,2,0,0
1777162964826,2,POST /reviews/,201,Created,Review Submission Load Test 3-163,text,true,,380,440,92,176,http://localhost:8004/reviews/,2,0,0
1777162956611,8397,POST /auth/login,200,OK,Login Load Test 1-177,text,true,,316,251,84,174,http://localhost:8001/auth/login,8397,0,332
1777162956546,8462,POST /auth/login,200,OK,Login Load Test 1-175,text,true,,316,251,84,174,http://localhost:8001/auth/login,8462,0,62
1777162956642,8405,POST /auth/login,200,OK,Login Load Test 1-178,text,true,,316,251,82,172,http://localhost:8001/auth/login,8405,0,333
1777162956356,8691,Login for Token,200,OK,Review Submission Load Test 3-168,text,true,,316,251,90,172,http://localhost:8001/auth/login,8691,0,213
1777162965048,2,POST /reviews/,201,Created,Review Submission Load Test 3-168,text,true,,380,440,90,171,http://localhost:8004/reviews/,2,0,0
1777162960080,5002,Login for Token,Non HTTP response code: org.apache.http.conn.HttpHostConnectException,"Non HTTP response message: Connect to localhost:8001 [localhost/127.0.0.1, localhost/0:0:0:0:0:0:0:1] failed: Connection refused",Review Submission Load Test 3-281,text,false,,2623,0,89,170,http://localhost:8001/auth/login,0,0,5002
1777162965082,1,POST /reviews/,401,Unauthorized,Review Submission Load Test 3-281,text,false,"Test failed: code expected to equal /

****** received  : [[[4]]]01

****** comparison: [[[2]]]01

/",204,299,89,170,http://localhost:8004/reviews/,1,0,0
1777162960150,5002,Login for Token,Non HTTP response code: org.apache.http.conn.HttpHostConnectException,"Non HTTP response message: Connect to localhost:8001 [localhost/127.0.0.1, localhost/0:0:0:0:0:0:0:1] failed: Connection refused",Review Submission Load Test 3-283,text,false,,2623,0,88,169,http://localhost:8001/auth/login,0,0,5002
1777162965152,1,POST /reviews/,401,Unauthorized,Review Submission Load Test 3-283,text,false,"Test failed: code expected to equal /

****** received  : [[[4]]]01

****** comparison: [[[2]]]01

/",204,299,88,169,http://localhost:8004/reviews/,1,0,0
1777162960155,5001,POST /auth/login,Non HTTP response code: org.apache.http.conn.HttpHostConnectException,"Non HTTP response message: Connect to localhost:8001 [localhost/127.0.0.1, localhost/0:0:0:0:0:0:0:1] failed: Connection refused",Login Load Test 1-285,text,false,"Test failed: code expected to equal /

****** received  : [[[Non HTTP response code: org.apache.http.conn.HttpHostConnectException]]]

****** comparison: [[[200                                                                  ]]]

/",2623,0,81,168,http://localhost:8001/auth/login,0,0,5001
1777162956750,8439,Login for Token,200,OK,Review Submission Load Test 3-180,text,true,,316,251,87,167,http://localhost:8001/auth/login,8439,0,0
1777162956785,8404,Login for Token,200,OK,Review Submission Load Test 3-181,text,true,,316,251,87,167,http://localhost:8001/auth/login,8404,0,332
1777162957003,8188,POST /auth/login,200,OK,Login Load Test 1-189,text,true,,316,251,80,167,http://localhost:8001/auth/login,8188,0,120
1777162965190,2,POST /reviews/,201,Created,Review Submission Load Test 3-181,text,true,,380,440,87,166,http://localhost:8004/reviews/,2,0,0
1777162965190,2,POST /reviews/,201,Created,Review Submission Load Test 3-180,text,true,,380,440,86,165,http://localhost:8004/reviews/,2,0,0
1777162957310,8060,Login for Token,200,OK,Review Submission Load Test 3-197,text,true,,316,251,85,164,http://localhost:8001/auth/login,8060,0,0
1777162956944,8426,Login for Token,200,OK,Review Submission Load Test 3-186,text,true,,316,251,85,164,http://localhost:8001/auth/login,8426,0,0
1777162965370,3,POST /reviews/,201,Created,Review Submission Load Test 3-197,text,true,,380,440,85,164,http://localhost:8004/reviews/,3,0,0
1777162965370,3,POST /reviews/,201,Created,Review Submission Load Test 3-186,text,true,,380,440,85,164,http://localhost:8004/reviews/,3,0,0
1777162957012,8398,Login for Token,200,OK,Review Submission Load Test 3-188,text,true,,316,251,83,162,http://localhost:8001/auth/login,8398,0,331
1777162955925,9485,Login for Token,200,OK,Review Submission Load Test 3-155,text,true,,316,251,83,162,http://localhost:8001/auth/login,9485,0,1051
1777162965411,2,POST /reviews/,201,Created,Review Submission Load Test 3-155,text,true,,380,440,83,162,http://localhost:8004/reviews/,2,0,0
1777162965411,2,POST /reviews/,201,Created,Review Submission Load Test 3-188,text,true,,380,440,83,162,http://localhost:8004/reviews/,2,0,0
1777162960514,5001,POST /auth/login,Non HTTP response code: org.apache.http.conn.HttpHostConnectException,"Non HTTP response message: Connect to localhost:8001 [localhost/127.0.0.1, localhost/0:0:0:0:0:0:0:1] failed: Connection refused",Login Load Test 1-296,text,false,"Test failed: code expected to equal /

****** received  : [[[Non HTTP response code: org.apache.http.conn.HttpHostConnectException]]]

****** comparison: [[[200                                                                  ]]]

/",2623,0,79,160,http://localhost:8001/auth/login,0,0,5001
1777162957395,8155,POST /auth/login,200,OK,Login Load Test 1-201,text,true,,316,251,78,159,http://localhost:8001/auth/login,8155,0,93
1777162956908,8642,POST /auth/login,200,OK,Login Load Test 1-186,text,true,,316,251,78,159,http://localhost:8001/auth/login,8642,0,213
1777162957278,8278,Login for Token,200,OK,Review Submission Load Test 3-196,text,true,,316,251,81,157,http://localhost:8001/auth/login,8278,0,215
1777162956973,8583,POST /auth/login,200,OK,Login Load Test 1-188,text,true,,316,251,76,157,http://localhost:8001/auth/login,8583,0,150
1777162965556,3,POST /reviews/,201,Created,Review Submission Load Test 3-196,text,true,,380,440,81,156,http://localhost:8004/reviews/,3,0,0
1777162957104,8628,POST /auth/login,200,OK,Login Load Test 1-192,text,true,,316,251,75,155,http://localhost:8001/auth/login,8628,0,572
1777162957343,8389,Login for Token,200,OK,Review Submission Load Test 3-198,text,true,,316,251,80,155,http://localhost:8001/auth/login,8389,0,0
1777162965733,3,POST /reviews/,201,Created,Review Submission Load Test 3-198,text,true,,380,440,80,154,http://localhost:8004/reviews/,3,0,0
1777162957625,8154,POST /auth/login,200,OK,Login Load Test 1-208,text,true,,316,251,74,153,http://localhost:8001/auth/login,8154,0,92
1777162957362,8417,POST /auth/login,200,OK,Login Load Test 1-200,text,true,,316,251,74,153,http://localhost:8001/auth/login,8417,0,122
1777162957793,8120,POST /auth/login,200,OK,Login Load Test 1-213,text,true,,316,251,72,151,http://localhost:8001/auth/login,8120,0,60
1777162956920,8993,Login for Token,200,OK,Review Submission Load Test 3-185,text,true,,316,251,79,151,http://localhost:8001/auth/login,8993,0,571
1777162965913,3,POST /reviews/,201,Created,Review Submission Load Test 3-185,text,true,,380,440,79,150,http://localhost:8004/reviews/,3,0,1
1777162956440,9480,POST /auth/login,200,OK,Login Load Test 1-172,text,true,,316,251,71,149,http://localhost:8001/auth/login,9480,0,1053
1777162957642,8278,Login for Token,200,OK,Review Submission Load Test 3-207,text,true,,316,251,78,149,http://localhost:8001/auth/login,8278,0,213
1777162965920,2,POST /reviews/,201,Created,Review Submission Load Test 3-207,text,true,,380,440,78,148,http://localhost:8004/reviews/,2,0,0
1777162957590,8516,POST /auth/login,200,OK,Login Load Test 1-207,text,true,,316,251,70,147,http://localhost:8001/auth/login,8516,0,121
1777162957837,8269,Login for Token,200,OK,Review Submission Load Test 3-213,text,true,,316,251,77,147,http://localhost:8001/auth/login,8269,0,211
1777162966106,3,POST /reviews/,201,Created,Review Submission Load Test 3-213,text,true,,380,440,77,146,http://localhost:8004/reviews/,3,0,1
1777162956802,9341,POST /auth/login,200,OK,Login Load Test 1-183,text,true,,316,251,69,145,http://localhost:8001/auth/login,9341,0,1050
1777162957958,8185,POST /auth/login,200,OK,Login Load Test 1-218,text,true,,316,251,69,145,http://localhost:8001/auth/login,8185,0,123
1777162957824,8461,POST /auth/login,200,OK,Login Load Test 1-214,text,true,,316,251,67,143,http://localhost:8001/auth/login,8461,0,31
1777162957887,8398,POST /auth/login,200,OK,Login Load Test 1-216,text,true,,316,251,67,143,http://localhost:8001/auth/login,8398,0,333
1777162957473,8813,Login for Token,200,OK,Review Submission Load Test 3-202,text,true,,316,251,76,141,http://localhost:8001/auth/login,8813,0,573
1777162958104,8182,Login for Token,200,OK,Review Submission Load Test 3-221,text,true,,316,251,76,141,http://localhost:8001/auth/login,8182,0,123
1777162966287,2,POST /reviews/,201,Created,Review Submission Load Test 3-221,text,true,,380,440,76,141,http://localhost:8004/reviews/,2,0,0
1777162966287,2,POST /reviews/,201,Created,Review Submission Load Test 3-202,text,true,,380,440,76,141,http://localhost:8004/reviews/,2,0,0
1777162957989,8485,POST /auth/login,200,OK,Login Load Test 1-219,text,true,,316,251,65,139,http://localhost:8001/auth/login,8485,0,92
1777162958350,8124,POST /auth/login,200,OK,Login Load Test 1-230,text,true,,316,251,65,139,http://localhost:8001/auth/login,8124,0,60
1777162958070,8443,Login for Token,200,OK,Review Submission Load Test 3-220,text,true,,316,251,74,137,http://localhost:8001/auth/login,8443,0,150
1777162958467,8046,Login for Token,200,OK,Review Submission Load Test 3-232,text,true,,316,251,74,137,http://localhost:8001/auth/login,8046,0,121
1777162966513,3,POST /reviews/,201,Created,Review Submission Load Test 3-220,text,true,,380,440,74,137,http://localhost:8004/reviews/,3,0,1
1777162966513,3,POST /reviews/,201,Created,Review Submission Load Test 3-232,text,true,,380,440,74,137,http://localhost:8004/reviews/,3,0,1
1777162958500,8153,Login for Token,200,OK,Review Submission Load Test 3-233,text,true,,316,251,72,135,http://localhost:8001/auth/login,8153,0,91
1777162958136,8517,Login for Token,200,OK,Review Submission Load Test 3-222,text,true,,316,251,72,135,http://localhost:8001/auth/login,8517,0,91
1777162958314,8341,POST /auth/login,200,OK,Login Load Test 1-229,text,true,,316,251,63,135,http://localhost:8001/auth/login,8341,0,91
1777162956579,10076,POST /auth/login,200,OK,Login Load Test 1-176,text,true,,316,251,63,135,http://localhost:8001/auth/login,10076,0,2015
1777162966653,3,POST /reviews/,201,Created,Review Submission Load Test 3-233,text,true,,380,440,72,133,http://localhost:8004/reviews/,3,0,1
1777162966653,3,POST /reviews/,201,Created,Review Submission Load Test 3-222,text,true,,380,440,72,133,http://localhost:8004/reviews/,3,0,1
1777162958382,8462,POST /auth/login,200,OK,Login Load Test 1-231,text,true,,316,251,61,131,http://localhost:8001/auth/login,8462,0,61
1777162957543,9301,Login for Token,200,OK,Review Submission Load Test 3-204,text,true,,316,251,70,131,http://localhost:8001/auth/login,9301,0,1052
1777162966844,2,POST /reviews/,201,Created,Review Submission Load Test 3-204,text,true,,380,440,70,130,http://localhost:8004/reviews/,2,0,0
1777162957756,9122,POST /auth/login,200,OK,Login Load Test 1-212,text,true,,316,251,60,129,http://localhost:8001/auth/login,9122,0,1055
1777162957873,9005,Login for Token,200,OK,Review Submission Load Test 3-214,text,true,,316,251,69,129,http://localhost:8001/auth/login,9005,0,572
1777162966879,2,POST /reviews/,201,Created,Review Submission Load Test 3-214,text,true,,380,440,69,128,http://localhost:8004/reviews/,2,0,0
1777162958837,8187,POST /auth/login,200,OK,Login Load Test 1-245,text,true,,316,251,59,127,http://localhost:8001/auth/login,8187,0,122
1777162958565,8459,Login for Token,200,OK,Review Submission Load Test 3-235,text,true,,316,251,68,127,http://localhost:8001/auth/login,8459,0,30
1777162958532,8492,Login for Token,200,OK,Review Submission Load Test 3-234,text,true,,316,251,68,127,http://localhost:8001/auth/login,8492,0,62
1777162958928,8096,Login for Token,200,OK,Review Submission Load Test 3-246,text,true,,316,251,68,126,http://localhost:8001/auth/login,8096,0,31
1777162967024,3,POST /reviews/,201,Created,Review Submission Load Test 3-235,text,true,,380,440,68,126,http://localhost:8004/reviews/,3,0,0
1777162967024,3,POST /reviews/,201,Created,Review Submission Load Test 3-246,text,true,,380,440,68,126,http://localhost:8004/reviews/,3,0,0
1777162967024,3,POST /reviews/,201,Created,Review Submission Load Test 3-234,text,true,,380,440,66,124,http://localhost:8004/reviews/,3,0,0
1777162958120,9096,POST /auth/login,200,OK,Login Load Test 1-223,text,true,,316,251,58,123,http://localhost:8001/auth/login,9096,0,1052
1777162958809,8407,POST /auth/login,200,OK,Login Load Test 1-244,text,true,,316,251,58,123,http://localhost:8001/auth/login,8407,0,0
1777162957906,9310,Login for Token,200,OK,Review Submission Load Test 3-215,text,true,,316,251,65,123,http://localhost:8001/auth/login,9310,0,1055
1777162967216,2,POST /reviews/,201,Created,Review Submission Load Test 3-215,text,true,,380,440,65,121,http://localhost:8004/reviews/,2,0,1
1777162958743,8504,POST /auth/login,200,OK,Login Load Test 1-242,text,true,,316,251,56,120,http://localhost:8001/auth/login,8504,0,211
1777162959292,7955,Login for Token,200,OK,Review Submission Load Test 3-257,text,true,,316,250,64,120,http://localhost:8001/auth/login,7955,0,30
1777162958598,8649,Login for Token,200,OK,Review Submission Load Test 3-236,text,true,,316,251,64,120,http://localhost:8001/auth/login,8649,0,575
1777162967247,2,POST /reviews/,201,Created,Review Submission Load Test 3-257,text,true,,380,440,64,119,http://localhost:8004/reviews/,2,0,0
1777162967247,2,POST /reviews/,201,Created,Review Submission Load Test 3-236,text,true,,380,440,63,118,http://localhost:8004/reviews/,2,0,0
1777162959170,8219,POST /auth/login,200,OK,Login Load Test 1-255,text,true,,316,249,55,117,http://localhost:8001/auth/login,8219,0,154
1777162959235,8154,POST /auth/login,200,OK,Login Load Test 1-257,text,true,,316,250,55,117,http://localhost:8001/auth/login,8154,0,91
1777162958628,8761,Login for Token,200,OK,Review Submission Load Test 3-237,text,true,,316,251,62,117,http://localhost:8001/auth/login,8761,0,333
1777162959203,8187,POST /auth/login,200,OK,Login Load Test 1-256,text,true,,316,250,55,117,http://localhost:8001/auth/login,8187,0,121
1777162958956,8434,Login for Token,200,OK,Review Submission Load Test 3-247,text,true,,316,251,62,117,http://localhost:8001/auth/login,8434,0,0
1777162959323,8067,Login for Token,200,OK,Review Submission Load Test 3-258,text,true,,316,250,62,117,http://localhost:8001/auth/login,8067,0,0
1777162967390,3,POST /reviews/,201,Created,Review Submission Load Test 3-237,text,true,,380,440,62,114,http://localhost:8004/reviews/,3,0,0
1777162967390,3,POST /reviews/,201,Created,Review Submission Load Test 3-247,text,true,,380,440,62,114,http://localhost:8004/reviews/,3,0,0
1777162967390,3,POST /reviews/,201,Created,Review Submission Load Test 3-258,text,true,,380,440,62,114,http://localhost:8004/reviews/,3,0,0
1777162959420,8166,Login for Token,200,OK,Review Submission Load Test 3-261,text,true,,316,250,59,111,http://localhost:8001/auth/login,8166,0,122
1777162967586,3,POST /reviews/,201,Created,Review Submission Load Test 3-261,text,true,,380,440,59,111,http://localhost:8004/reviews/,3,0,1
1777162959390,8229,Login for Token,200,OK,Review Submission Load Test 3-260,text,true,,316,250,58,110,http://localhost:8001/auth/login,8229,0,152
1777162967619,3,POST /reviews/,201,Created,Review Submission Load Test 3-260,text,true,,380,440,58,110,http://localhost:8004/reviews/,3,0,0
1777162959127,8626,Login for Token,200,OK,Review Submission Load Test 3-252,text,true,,316,249,57,109,http://localhost:8001/auth/login,8626,0,571
1777162967753,3,POST /reviews/,201,Created,Review Submission Load Test 3-252,text,true,,380,440,57,109,http://localhost:8004/reviews/,3,0,1
1777162959564,8193,POST /auth/login,200,OK,Login Load Test 1-267,text,true,,316,250,52,108,http://localhost:8001/auth/login,8193,0,123
1777162958993,8958,Login for Token,200,OK,Review Submission Load Test 3-248,text,true,,316,251,56,107,http://localhost:8001/auth/login,8958,0,334
1777162959367,8585,POST /auth/login,200,OK,Login Load Test 1-261,text,true,,316,250,51,107,http://localhost:8001/auth/login,8585,0,332
1777162967951,3,POST /reviews/,201,Created,Review Submission Load Test 3-248,text,true,,380,440,56,106,http://localhost:8004/reviews/,3,0,1
1777162959686,8301,POST /auth/login,200,OK,Login Load Test 1-271,text,true,,316,250,50,105,http://localhost:8001/auth/login,8301,0,0
1777162959787,8201,Login for Token,200,OK,Review Submission Load Test 3-272,text,true,,316,250,55,104,http://localhost:8001/auth/login,8201,0,121
1777162967988,3,POST /reviews/,201,Created,Review Submission Load Test 3-272,text,true,,380,440,55,104,http://localhost:8004/reviews/,3,0,0
1777162958643,9476,POST /auth/login,200,OK,Login Load Test 1-239,text,true,,316,251,49,103,http://localhost:8001/auth/login,9476,0,1052
1777162959852,8267,Login for Token,200,OK,Review Submission Load Test 3-274,text,true,,316,250,54,103,http://localhost:8001/auth/login,8267,0,212
1777162968120,2,POST /reviews/,400,Bad Request,Review Submission Load Test 3-274,text,false,"Test failed: code expected to equal /

****** received  : [[[400]]]

****** comparison: [[[201]]]

/",188,440,54,102,http://localhost:8004/reviews/,2,0,0
1777162959632,8490,POST /auth/login,200,OK,Login Load Test 1-269,text,true,,316,250,48,101,http://localhost:8001/auth/login,8490,0,60
1777162956124,11998,Login for Token,200,OK,Review Submission Load Test 3-161,text,true,,316,251,53,101,http://localhost:8001/auth/login,11998,0,3935
1777162968122,3,POST /reviews/,201,Created,Review Submission Load Test 3-161,text,true,,380,440,53,100,http://localhost:8004/reviews/,3,0,1
1777162959754,8562,Login for Token,200,OK,Review Submission Load Test 3-271,text,true,,316,250,52,99,http://localhost:8001/auth/login,8562,0,151
1777162959947,8369,Login for Token,200,OK,Review Submission Load Test 3-277,text,true,,316,250,52,99,http://localhost:8001/auth/login,8369,0,120
1777162968316,3,POST /reviews/,201,Created,Review Submission Load Test 3-277,text,true,,380,440,52,99,http://localhost:8004/reviews/,3,0,0
1777162968316,3,POST /reviews/,201,Created,Review Submission Load Test 3-271,text,true,,380,440,52,99,http://localhost:8004/reviews/,3,0,0
1777162959994,8365,POST /auth/login,200,OK,Login Load Test 1-280,text,true,,316,250,47,97,http://localhost:8001/auth/login,8365,0,62
1777162959687,8672,Login for Token,200,OK,Review Submission Load Test 3-269,text,true,,316,250,50,97,http://localhost:8001/auth/login,8672,0,574
1777162968359,2,POST /reviews/,400,Bad Request,Review Submission Load Test 3-269,text,false,"Test failed: code expected to equal /

****** received  : [[[400]]]

****** comparison: [[[201]]]

/",188,440,50,96,http://localhost:8004/reviews/,2,0,0
1777162960093,8393,POST /auth/login,200,OK,Login Load Test 1-283,text,true,,316,250,46,95,http://localhost:8001/auth/login,8393,0,332
1777162959487,8999,Login for Token,200,OK,Review Submission Load Test 3-263,text,true,,316,250,49,95,http://localhost:8001/auth/login,8999,0,576
1777162959850,8638,POST /auth/login,200,OK,Login Load Test 1-276,text,true,,316,250,45,94,http://localhost:8001/auth/login,8638,0,214
1777162960217,8271,POST /auth/login,200,OK,Login Load Test 1-287,text,true,,316,250,45,94,http://localhost:8001/auth/login,8271,0,212
1777162968486,3,POST /reviews/,201,Created,Review Submission Load Test 3-263,text,true,,380,440,49,92,http://localhost:8004/reviews/,3,0,1
1777162959928,8572,POST /auth/login,200,OK,Login Load Test 1-278,text,true,,316,250,43,91,http://localhost:8001/auth/login,8572,0,333
1777162960053,8447,POST /auth/login,200,OK,Login Load Test 1-282,text,true,,316,250,43,91,http://localhost:8001/auth/login,8447,0,572
1777162960420,8123,POST /auth/login,200,OK,Login Load Test 1-293,text,true,,316,250,41,89,http://localhost:8001/auth/login,8123,0,0
1777162960512,8031,Login for Token,200,OK,Review Submission Load Test 3-294,text,true,,316,250,48,89,http://localhost:8001/auth/login,8031,0,120
1777162968543,3,POST /reviews/,201,Created,Review Submission Load Test 3-294,text,true,,380,440,48,88,http://localhost:8004/reviews/,3,0,0
1777162960446,8407,Login for Token,200,OK,Review Submission Load Test 3-292,text,true,,316,250,47,87,http://localhost:8001/auth/login,8407,0,335
1777162956487,12366,Login for Token,200,OK,Review Submission Load Test 3-172,text,true,,316,251,47,87,http://localhost:8001/auth/login,12366,0,3933
1777162960576,8280,POST /auth/login,200,OK,Login Load Test 1-298,text,true,,316,250,40,87,http://localhost:8001/auth/login,8280,0,212
1777162960217,8639,Login for Token,200,OK,Review Submission Load Test 3-285,text,true,,316,250,47,87,http://localhost:8001/auth/login,8639,0,212
1777162968854,3,POST /reviews/,201,Created,Review Submission Load Test 3-292,text,true,,380,440,47,86,http://localhost:8004/reviews/,3,0,0
1777162968854,4,POST /reviews/,201,Created,Review Submission Load Test 3-172,text,true,,380,440,46,85,http://localhost:8004/reviews/,4,0,0
1777162968856,2,POST /reviews/,201,Created,Review Submission Load Test 3-285,text,true,,380,440,45,84,http://localhost:8004/reviews/,2,0,0
1777162960281,8585,Login for Token,200,OK,Review Submission Load Test 3-287,text,true,,316,250,44,83,http://localhost:8001/auth/login,8585,0,151
1777162958777,10089,POST /auth/login,200,OK,Login Load Test 1-243,text,true,,316,251,39,83,http://localhost:8001/auth/login,10089,0,2012
1777162968866,2,POST /reviews/,201,Created,Review Submission Load Test 3-287,text,true,,380,440,44,82,http://localhost:8004/reviews/,2,0,0
1777162960449,8458,POST /auth/login,200,OK,Login Load Test 1-294,text,true,,316,250,38,81,http://localhost:8001/auth/login,8458,0,332
1777162960121,9102,POST /auth/login,200,OK,Login Load Test 1-284,text,true,,316,250,37,80,http://localhost:8001/auth/login,9102,0,1053
1777162956849,12374,Login for Token,200,OK,Review Submission Load Test 3-183,text,true,,316,251,43,80,http://localhost:8001/auth/login,12374,0,3938
1777162960576,8649,Login for Token,200,OK,Review Submission Load Test 3-296,text,true,,316,250,43,79,http://localhost:8001/auth/login,8649,0,212
1777162959161,10064,Login for Token,200,OK,Review Submission Load Test 3-253,text,true,,316,249,43,79,http://localhost:8001/auth/login,10064,0,2014
1777162969224,3,POST /reviews/,201,Created,Review Submission Load Test 3-183,text,true,,380,440,43,79,http://localhost:8004/reviews/,3,0,0
1777162969225,2,POST /reviews/,201,Created,Review Submission Load Test 3-296,text,true,,380,440,42,78,http://localhost:8004/reviews/,2,0,0
1777162969225,2,POST /reviews/,201,Created,Review Submission Load Test 3-253,text,true,,380,440,42,78,http://localhost:8004/reviews/,2,0,0
1777162957066,12171,POST /auth/login,200,OK,Login Load Test 1-191,text,true,,316,251,36,76,http://localhost:8001/auth/login,12171,0,3932
1777162960116,9158,Login for Token,200,OK,Review Submission Load Test 3-282,text,true,,316,250,40,75,http://localhost:8001/auth/login,9158,0,1054
1777162960678,8596,Login for Token,200,OK,Review Submission Load Test 3-299,text,true,,316,250,40,75,http://localhost:8001/auth/login,8596,0,335
1777162969275,2,POST /reviews/,400,Bad Request,Review Submission Load Test 3-299,text,false,"Test failed: code expected to equal /

****** received  : [[[400]]]

****** comparison: [[[201]]]

/",188,440,40,75,http://localhost:8004/reviews/,2,0,0
1777162969275,3,POST /reviews/,201,Created,Review Submission Load Test 3-282,text,true,,380,440,39,74,http://localhost:8004/reviews/,3,0,0
1777162960482,9114,POST /auth/login,200,OK,Login Load Test 1-295,text,true,,316,250,35,73,http://localhost:8001/auth/login,9114,0,1052
1777162957245,12351,Login for Token,200,OK,Review Submission Load Test 3-195,text,true,,316,251,38,73,http://localhost:8001/auth/login,12351,0,3934
1777162957236,12361,POST /auth/login,200,OK,Login Load Test 1-196,text,true,,316,251,34,72,http://localhost:8001/auth/login,12361,0,3934
1777162959353,10244,Login for Token,200,OK,Review Submission Load Test 3-259,text,true,,316,250,38,72,http://localhost:8001/auth/login,10244,0,2014
1777162969596,3,POST /reviews/,201,Created,Review Submission Load Test 3-195,text,true,,380,440,38,71,http://localhost:8004/reviews/,2,0,0
1777162969597,2,POST /reviews/,201,Created,Review Submission Load Test 3-259,text,true,,380,440,37,70,http://localhost:8004/reviews/,2,0,0
1777162960612,8996,POST /auth/login,200,OK,Login Load Test 1-299,text,true,,316,250,33,69,http://localhost:8001/auth/login,8996,0,574
1777162959522,10086,POST /auth/login,200,OK,Login Load Test 1-266,text,true,,316,250,33,69,http://localhost:8001/auth/login,10086,0,2012
1777162959721,9924,POST /auth/login,200,OK,Login Load Test 1-272,text,true,,316,250,31,67,http://localhost:8001/auth/login,9924,0,2014
1777162960315,9330,Login for Token,200,OK,Review Submission Load Test 3-288,text,true,,316,250,36,67,http://localhost:8001/auth/login,9330,0,1052
1777162969646,2,POST /reviews/,201,Created,Review Submission Load Test 3-288,text,true,,380,440,36,66,http://localhost:8004/reviews/,2,0,0
1777162959890,10078,POST /auth/login,200,OK,Login Load Test 1-277,text,true,,316,250,30,65,http://localhost:8001/auth/login,10078,0,2015
1777162959721,10247,Login for Token,200,OK,Review Submission Load Test 3-270,text,true,,316,250,35,65,http://localhost:8001/auth/login,10247,0,2014
1777162960480,9488,Login for Token,200,OK,Review Submission Load Test 3-293,text,true,,316,250,35,65,http://localhost:8001/auth/login,9488,0,1054
1777162969968,2,POST /reviews/,400,Bad Request,Review Submission Load Test 3-270,text,false,"Test failed: code expected to equal /

****** received  : [[[400]]]

****** comparison: [[[201]]]

/",188,440,35,64,http://localhost:8004/reviews/,2,0,1
1777162969968,3,POST /reviews/,201,Created,Review Submission Load Test 3-293,text,true,,380,440,34,63,http://localhost:8004/reviews/,3,0,1
1777162959887,10085,Login for Token,200,OK,Review Submission Load Test 3-275,text,true,,316,250,33,62,http://localhost:8001/auth/login,10085,0,2018
1777162959522,10450,Login for Token,200,OK,Review Submission Load Test 3-264,text,true,,316,250,33,62,http://localhost:8001/auth/login,10450,0,2012
1777162969972,2,POST /reviews/,400,Bad Request,Review Submission Load Test 3-264,text,false,"Test failed: code expected to equal /

****** received  : [[[400]]]

****** comparison: [[[201]]]

/",188,440,33,62,http://localhost:8004/reviews/,2,0,1
1777162969972,2,POST /reviews/,201,Created,Review Submission Load Test 3-275,text,true,,380,440,32,61,http://localhost:8004/reviews/,2,0,0
1777162957773,12205,Login for Token,200,OK,Review Submission Load Test 3-211,text,true,,316,251,31,60,http://localhost:8001/auth/login,12205,0,3933
1777162959916,10062,Login for Token,200,OK,Review Submission Load Test 3-276,text,true,,316,250,31,60,http://localhost:8001/auth/login,10062,0,2015
1777162969978,2,POST /reviews/,201,Created,Review Submission Load Test 3-211,text,true,,380,440,31,60,http://localhost:8004/reviews/,2,0,1
1777162969978,2,POST /reviews/,201,Created,Review Submission Load Test 3-276,text,true,,380,440,31,60,http://localhost:8004/reviews/,2,0,0
1777162957608,12409,Login for Token,200,OK,Review Submission Load Test 3-206,text,true,,316,251,29,58,http://localhost:8001/auth/login,12409,0,3934
1777162958171,11846,Login for Token,200,OK,Review Submission Load Test 3-223,text,true,,316,251,29,58,http://localhost:8001/auth/login,11846,0,3931
1777162958188,11830,POST /auth/login,200,OK,Login Load Test 1-225,text,true,,316,251,29,58,http://localhost:8001/auth/login,11830,0,3936
1777162970017,3,POST /reviews/,201,Created,Review Submission Load Test 3-206,text,true,,380,440,29,57,http://localhost:8004/reviews/,3,0,1
1777162970017,3,POST /reviews/,201,Created,Review Submission Load Test 3-223,text,true,,380,440,29,57,http://localhost:8004/reviews/,3,0,1
1777162960250,10084,Login for Token,200,OK,Review Submission Load Test 3-286,text,true,,316,250,27,55,http://localhost:8001/auth/login,10084,0,2016
1777162960283,10053,POST /auth/login,200,OK,Login Load Test 1-289,text,true,,316,250,28,55,http://localhost:8001/auth/login,10053,0,2014
1777162957971,12365,Login for Token,200,OK,Review Submission Load Test 3-217,text,true,,316,251,27,55,http://localhost:8001/auth/login,12365,0,3935
1777162970334,4,POST /reviews/,201,Created,Review Submission Load Test 3-286,text,true,,380,440,27,54,http://localhost:8004/reviews/,4,0,1
1777162970336,4,POST /reviews/,201,Created,Review Submission Load Test 3-217,text,true,,380,440,26,53,http://localhost:8004/reviews/,4,0,0
1777162958368,11976,Login for Token,200,OK,Review Submission Load Test 3-229,text,true,,316,251,25,52,http://localhost:8001/auth/login,11976,0,3934
1777162958003,12341,Login for Token,200,OK,Review Submission Load Test 3-218,text,true,,316,251,25,52,http://localhost:8001/auth/login,12341,0,3933
1777162970345,3,POST /reviews/,201,Created,Review Submission Load Test 3-229,text,true,,380,440,25,52,http://localhost:8004/reviews/,3,0,0
1777162970345,3,POST /reviews/,201,Created,Review Submission Load Test 3-218,text,true,,380,440,25,52,http://localhost:8004/reviews/,3,0,0
1777162958584,11804,POST /auth/login,200,OK,Login Load Test 1-237,text,true,,316,251,27,50,http://localhost:8001/auth/login,11804,0,3938
1777162960252,10448,POST /auth/login,200,OK,Login Load Test 1-288,text,true,,316,250,26,49,http://localhost:8001/auth/login,10448,0,2014
1777162958713,11987,POST /auth/login,200,OK,Login Load Test 1-241,text,true,,316,251,26,49,http://localhost:8001/auth/login,11987,0,3935
1777162958334,12367,Login for Token,200,OK,Review Submission Load Test 3-228,text,true,,316,251,23,47,http://localhost:8001/auth/login,12367,0,3932
1777162958695,12006,Login for Token,200,OK,Review Submission Load Test 3-239,text,true,,316,251,23,47,http://localhost:8001/auth/login,12006,0,3935
1777162960612,10089,Login for Token,200,OK,Review Submission Load Test 3-297,text,true,,316,250,23,47,http://localhost:8001/auth/login,10089,0,2015
1777162970701,3,POST /reviews/,201,Created,Review Submission Load Test 3-297,text,true,,380,440,23,47,http://localhost:8004/reviews/,3,0,1
1777162970701,3,POST /reviews/,201,Created,Review Submission Load Test 3-228,text,true,,380,440,23,47,http://localhost:8004/reviews/,3,0,1
1777162970701,3,POST /reviews/,201,Created,Review Submission Load Test 3-239,text,true,,380,440,23,47,http://localhost:8004/reviews/,3,0,1
1777162958400,12309,Login for Token,200,OK,Review Submission Load Test 3-230,text,true,,316,251,20,44,http://localhost:8001/auth/login,12309,0,3931
1777162960642,10067,Login for Token,200,OK,Review Submission Load Test 3-298,text,true,,316,250,20,44,http://localhost:8001/auth/login,10067,0,2017
1777162958731,11978,Login for Token,200,OK,Review Submission Load Test 3-240,text,true,,316,251,20,44,http://localhost:8001/auth/login,11978,0,3932
1777162970709,3,POST /reviews/,400,Bad Request,Review Submission Load Test 3-298,text,false,"Test failed: code expected to equal /

****** received  : [[[400]]]

****** comparison: [[[201]]]

/",188,440,20,44,http://localhost:8004/reviews/,3,0,1
1777162970709,3,POST /reviews/,201,Created,Review Submission Load Test 3-240,text,true,,380,440,19,43,http://localhost:8004/reviews/,3,0,1
1777162970709,3,POST /reviews/,201,Created,Review Submission Load Test 3-230,text,true,,380,440,19,43,http://localhost:8004/reviews/,3,0,1
1777162958544,12207,POST /auth/login,200,OK,Login Load Test 1-236,text,true,,316,251,24,41,http://localhost:8001/auth/login,12207,0,3933
1777162958874,11877,POST /auth/login,200,OK,Login Load Test 1-246,text,true,,316,251,24,41,http://localhost:8001/auth/login,11877,0,3934
1777162960642,10429,POST /auth/login,200,OK,Login Load Test 1-300,text,true,,316,250,22,39,http://localhost:8001/auth/login,10429,0,2017
1777162959062,12009,Login for Token,200,OK,Review Submission Load Test 3-250,text,true,,316,249,17,39,http://localhost:8001/auth/login,12009,0,3934
1777162958908,12165,POST /auth/login,200,OK,Login Load Test 1-247,text,true,,316,251,21,38,http://localhost:8001/auth/login,12165,0,3934
1777162971072,2,POST /reviews/,201,Created,Review Submission Load Test 3-250,text,true,,380,440,17,37,http://localhost:8004/reviews/,2,0,0
1777162959094,11985,Login for Token,200,OK,Review Submission Load Test 3-251,text,true,,316,249,16,36,http://localhost:8001/auth/login,11985,0,3934
1777162959101,11979,POST /auth/login,200,OK,Login Load Test 1-253,text,true,,316,249,20,36,http://localhost:8001/auth/login,11979,0,3933
1777162971079,2,POST /reviews/,201,Created,Review Submission Load Test 3-251,text,true,,380,440,16,35,http://localhost:8004/reviews/,2,0,1
1777162958891,12231,Login for Token,200,OK,Review Submission Load Test 3-245,text,true,,316,251,15,34,http://localhost:8001/auth/login,12231,0,3934
1777162959259,11863,Login for Token,200,OK,Review Submission Load Test 3-256,text,true,,316,250,15,34,http://localhost:8001/auth/login,11863,0,3935
1777162971122,2,POST /reviews/,201,Created,Review Submission Load Test 3-256,text,true,,380,440,15,34,http://localhost:8004/reviews/,2,0,0
1777162971122,2,POST /reviews/,201,Created,Review Submission Load Test 3-245,text,true,,380,440,15,34,http://localhost:8004/reviews/,2,0,0
1777162959434,12001,POST /auth/login,200,OK,Login Load Test 1-263,text,true,,316,250,19,32,http://localhost:8001/auth/login,12001,0,3935
1777162959073,12362,POST /auth/login,200,OK,Login Load Test 1-252,text,true,,316,249,19,32,http://localhost:8001/auth/login,12362,0,3933
1777162959303,12137,POST /auth/login,200,OK,Login Load Test 1-259,text,true,,316,250,17,30,http://localhost:8001/auth/login,12137,0,3933
1777162958941,12499,POST /auth/login,200,OK,Login Load Test 1-248,text,true,,316,251,17,30,http://localhost:8001/auth/login,12499,0,3932
1777162959462,11985,POST /auth/login,200,OK,Login Load Test 1-264,text,true,,316,250,15,28,http://localhost:8001/auth/login,11985,0,3933
1777162959271,12219,POST /auth/login,200,OK,Login Load Test 1-258,text,true,,316,250,14,27,http://localhost:8001/auth/login,12219,0,3934
1777162959622,11868,Login for Token,200,OK,Review Submission Load Test 3-267,text,true,,316,250,13,27,http://localhost:8001/auth/login,11868,0,3936
1777162971490,3,POST /reviews/,201,Created,Review Submission Load Test 3-267,text,true,,380,440,13,26,http://localhost:8004/reviews/,3,0,0
1777162959793,12008,POST /auth/login,200,OK,Login Load Test 1-274,text,true,,316,250,13,25,http://localhost:8001/auth/login,12008,0,3934
1777162959456,12345,Login for Token,200,OK,Review Submission Load Test 3-262,text,true,,316,250,12,25,http://localhost:8001/auth/login,12345,0,3936
1777162971801,4,POST /reviews/,201,Created,Review Submission Load Test 3-262,text,true,,380,440,12,24,http://localhost:8004/reviews/,4,0,1
1777162959335,12473,POST /auth/login,200,OK,Login Load Test 1-260,text,true,,316,250,12,23,http://localhost:8001/auth/login,12473,0,3936
1777162959657,12151,POST /auth/login,200,OK,Login Load Test 1-270,text,true,,316,250,12,23,http://localhost:8001/auth/login,12151,0,3934
1777162959500,12314,POST /auth/login,200,OK,Login Load Test 1-265,text,true,,316,250,10,21,http://localhost:8001/auth/login,12314,0,3934
1777162959819,11995,Login for Token,200,OK,Review Submission Load Test 3-273,text,true,,316,250,11,21,http://localhost:8001/auth/login,11995,0,3936
1777162971814,3,POST /reviews/,201,Created,Review Submission Load Test 3-273,text,true,,380,440,11,20,http://localhost:8004/reviews/,3,0,1
1777162959652,12203,Login for Token,200,OK,Review Submission Load Test 3-268,text,true,,316,250,10,19,http://localhost:8001/auth/login,12203,0,3936
1777162959985,11870,Login for Token,200,OK,Review Submission Load Test 3-278,text,true,,316,250,10,19,http://localhost:8001/auth/login,11870,0,3936
1777162960383,11472,POST /auth/login,200,OK,Login Load Test 1-292,text,true,,316,250,9,19,http://localhost:8001/auth/login,11472,0,3931
1777162960013,11842,Login for Token,200,OK,Review Submission Load Test 3-279,text,true,,316,250,10,19,http://localhost:8001/auth/login,11842,0,3934
1777162960350,11505,POST /auth/login,200,OK,Login Load Test 1-291,text,true,,316,250,8,18,http://localhost:8001/auth/login,11505,0,3932
1777162971855,3,POST /reviews/,201,Created,Review Submission Load Test 3-268,text,true,,380,440,10,17,http://localhost:8004/reviews/,3,0,0
1777162971855,3,POST /reviews/,201,Created,Review Submission Load Test 3-278,text,true,,380,440,9,16,http://localhost:8004/reviews/,3,0,0
1777162971855,3,POST /reviews/,201,Created,Review Submission Load Test 3-279,text,true,,380,440,8,15,http://localhost:8004/reviews/,3,0,0
1777162960318,11682,POST /auth/login,200,OK,Login Load Test 1-290,text,true,,316,250,7,14,http://localhost:8001/auth/login,11682,0,3935
1777162959962,12038,POST /auth/login,200,OK,Login Load Test 1-279,text,true,,316,250,7,14,http://localhost:8001/auth/login,12038,0,3935
1777162960345,11655,Login for Token,200,OK,Review Submission Load Test 3-289,text,true,,316,250,7,12,http://localhost:8001/auth/login,11655,0,3934
1777162960711,11290,Login for Token,200,OK,Review Submission Load Test 3-300,text,true,,316,251,7,12,http://localhost:8001/auth/login,11290,0,3933
1777162972001,1,POST /reviews/,400,Bad Request,Review Submission Load Test 3-300,text,false,"Test failed: code expected to equal /

****** received  : [[[400]]]

****** comparison: [[[201]]]

/",188,440,7,12,http://localhost:8004/reviews/,1,0,0
1777162972001,2,POST /reviews/,201,Created,Review Submission Load Test 3-289,text,true,,380,440,6,11,http://localhost:8004/reviews/,2,0,0
1777162959820,12336,POST /auth/login,200,OK,Login Load Test 1-275,text,true,,316,250,5,10,http://localhost:8001/auth/login,12336,0,3935
1777162960019,12137,POST /auth/login,200,OK,Login Load Test 1-281,text,true,,316,250,5,10,http://localhost:8001/auth/login,12137,0,3935
1777162960050,12106,Login for Token,200,OK,Review Submission Load Test 3-280,text,true,,316,250,5,8,http://localhost:8001/auth/login,12106,0,3936
1777162960413,11743,Login for Token,200,OK,Review Submission Load Test 3-291,text,true,,316,250,5,8,http://localhost:8001/auth/login,11743,0,3934
1777162960379,11778,Login for Token,200,OK,Review Submission Load Test 3-290,text,true,,316,250,5,8,http://localhost:8001/auth/login,11778,0,3935
1777162972156,3,POST /reviews/,201,Created,Review Submission Load Test 3-280,text,true,,380,440,5,8,http://localhost:8004/reviews/,3,0,1
1777162972156,3,POST /reviews/,201,Created,Review Submission Load Test 3-291,text,true,,380,440,5,8,http://localhost:8004/reviews/,3,0,1
1777162972157,2,POST /reviews/,201,Created,Review Submission Load Test 3-290,text,true,,380,440,3,6,http://localhost:8004/reviews/,2,0,0
1777162959762,12401,POST /auth/login,200,OK,Login Load Test 1-273,text,true,,316,250,3,5,http://localhost:8001/auth/login,12401,0,3934
1777162960183,11980,Login for Token,200,OK,Review Submission Load Test 3-284,text,true,,316,250,2,5,http://localhost:8001/auth/login,11980,0,3935
1777162960192,11971,POST /auth/login,200,OK,Login Load Test 1-286,text,true,,316,250,2,4,http://localhost:8001/auth/login,11971,0,3935
1777162960546,11617,Login for Token,200,OK,Review Submission Load Test 3-295,text,true,,316,250,2,4,http://localhost:8001/auth/login,11617,0,3934
1777162960546,11618,POST /auth/login,200,OK,Login Load Test 1-297,text,true,,316,250,1,3,http://localhost:8001/auth/login,11618,0,3934
1777162972163,2,POST /reviews/,400,Bad Request,Review Submission Load Test 3-295,text,false,"Test failed: code expected to equal /

****** received  : [[[400]]]

****** comparison: [[[201]]]

/",188,440,2,2,http://localhost:8004/reviews/,2,0,0
1777162972163,2,POST /reviews/,201,Created,Review Submission Load Test 3-284,text,true,,380,440,1,1,http://localhost:8004/reviews/,2,0,0
1777221490025,13,GET /restaurants?q=ramen,200,OK,Restaurant Search Load Test 2-1,text,true,,587,137,1,3,http://localhost:8002/restaurants/?q=ramen,13,0,9
1777221490184,4,GET /restaurants?q=ramen,200,OK,Restaurant Search Load Test 2-2,text,true,,587,137,1,4,http://localhost:8002/restaurants/?q=ramen,4,0,0
1777221490025,194,POST /auth/login,200,OK,Login Load Test 1-1,text,true,,316,249,2,4,http://localhost:8001/auth/login,194,0,9
1777221490025,195,Login for Token,200,OK,Review Submission Load Test 3-1,text,true,,316,249,2,3,http://localhost:8001/auth/login,194,0,9
1777221490220,3,POST /reviews/,400,Bad Request,Review Submission Load Test 3-1,text,false,"Test failed: code expected to equal /

****** received  : [[[400]]]

****** comparison: [[[201]]]

/",188,440,2,3,http://localhost:8004/reviews/,2,0,1
1777221490187,175,POST /auth/login,200,OK,Login Load Test 1-2,text,true,,316,249,1,2,http://localhost:8001/auth/login,175,0,1
1777221490204,173,Login for Token,200,OK,Review Submission Load Test 3-2,text,true,,316,249,1,1,http://localhost:8001/auth/login,173,0,1
1777221490378,2,POST /reviews/,400,Bad Request,Review Submission Load Test 3-2,text,false,"Test failed: code expected to equal /

****** received  : [[[400]]]

****** comparison: [[[201]]]

/",188,440,1,2,http://localhost:8004/reviews/,2,0,0
1777221490380,4,GET /restaurants?q=ramen,200,OK,Restaurant Search Load Test 2-3,text,true,,587,137,1,2,http://localhost:8002/restaurants/?q=ramen,4,0,1
1777221490384,178,POST /auth/login,200,OK,Login Load Test 1-3,text,true,,316,249,1,2,http://localhost:8001/auth/login,178,0,0
1777221490402,177,Login for Token,200,OK,Review Submission Load Test 3-3,text,true,,316,249,1,1,http://localhost:8001/auth/login,177,0,0
1777221490579,2,POST /reviews/,400,Bad Request,Review Submission Load Test 3-3,text,false,"Test failed: code expected to equal /

****** received  : [[[400]]]

****** comparison: [[[201]]]

/",188,440,1,1,http://localhost:8004/reviews/,2,0,1
1777221490582,2,GET /restaurants?q=ramen,200,OK,Restaurant Search Load Test 2-4,text,true,,587,137,1,1,http://localhost:8002/restaurants/?q=ramen,2,0,1
1777221490589,171,POST /auth/login,200,OK,Login Load Test 1-4,text,true,,316,249,1,2,http://localhost:8001/auth/login,171,0,0
1777221490604,171,Login for Token,200,OK,Review Submission Load Test 3-4,text,true,,316,249,1,1,http://localhost:8001/auth/login,171,0,0
1777221490776,2,POST /reviews/,400,Bad Request,Review Submission Load Test 3-4,text,false,"Test failed: code expected to equal /

****** received  : [[[400]]]

****** comparison: [[[201]]]

/",188,440,1,1,http://localhost:8004/reviews/,2,0,0
1777221490779,5,GET /restaurants?q=ramen,200,OK,Restaurant Search Load Test 2-5,text,true,,587,137,1,1,http://localhost:8002/restaurants/?q=ramen,5,0,1
1777221490787,175,POST /auth/login,200,OK,Login Load Test 1-5,text,true,,316,249,1,2,http://localhost:8001/auth/login,175,0,0
1777221490799,173,Login for Token,200,OK,Review Submission Load Test 3-5,text,true,,316,250,1,1,http://localhost:8001/auth/login,173,0,1
1777221490972,3,POST /reviews/,400,Bad Request,Review Submission Load Test 3-5,text,false,"Test failed: code expected to equal /

****** received  : [[[400]]]

****** comparison: [[[201]]]

/",188,440,1,1,http://localhost:8004/reviews/,3,0,1
1777221490980,5,GET /restaurants?q=ramen,200,OK,Restaurant Search Load Test 2-6,text,true,,587,137,1,1,http://localhost:8002/restaurants/?q=ramen,5,0,1
1777221490988,174,POST /auth/login,200,OK,Login Load Test 1-6,text,true,,316,250,1,2,http://localhost:8001/auth/login,174,0,1
1777221491004,172,Login for Token,200,OK,Review Submission Load Test 3-6,text,true,,316,250,1,1,http://localhost:8001/auth/login,172,0,0
1777221491177,2,POST /reviews/,400,Bad Request,Review Submission Load Test 3-6,text,false,"Test failed: code expected to equal /

****** received  : [[[400]]]

****** comparison: [[[201]]]

/",188,440,1,2,http://localhost:8004/reviews/,2,0,0
1777221491178,4,GET /restaurants?q=ramen,200,OK,Restaurant Search Load Test 2-7,text,true,,587,137,1,1,http://localhost:8002/restaurants/?q=ramen,4,0,1
1777221491190,171,POST /auth/login,200,OK,Login Load Test 1-7,text,true,,316,250,1,2,http://localhost:8001/auth/login,171,0,0
1777221491204,171,Login for Token,200,OK,Review Submission Load Test 3-7,text,true,,316,250,1,1,http://localhost:8001/auth/login,171,0,0
1777221491375,3,POST /reviews/,400,Bad Request,Review Submission Load Test 3-7,text,false,"Test failed: code expected to equal /

****** received  : [[[400]]]

****** comparison: [[[201]]]

/",188,440,1,1,http://localhost:8004/reviews/,3,0,1
1777221491380,4,GET /restaurants?q=ramen,200,OK,Restaurant Search Load Test 2-8,text,true,,587,137,1,1,http://localhost:8002/restaurants/?q=ramen,4,0,1
1777221491384,174,POST /auth/login,200,OK,Login Load Test 1-8,text,true,,316,250,1,2,http://localhost:8001/auth/login,174,0,1
1777221491404,173,Login for Token,200,OK,Review Submission Load Test 3-8,text,true,,316,250,1,1,http://localhost:8001/auth/login,173,0,0
1777221491577,2,POST /reviews/,400,Bad Request,Review Submission Load Test 3-8,text,false,"Test failed: code expected to equal /

****** received  : [[[400]]]

****** comparison: [[[201]]]

/",188,440,1,1,http://localhost:8004/reviews/,2,0,1
1777221491583,2,GET /restaurants?q=ramen,200,OK,Restaurant Search Load Test 2-9,text,true,,587,137,1,1,http://localhost:8002/restaurants/?q=ramen,2,0,0
1777221491588,184,POST /auth/login,200,OK,Login Load Test 1-9,text,true,,316,250,1,2,http://localhost:8001/auth/login,184,0,0
1777221491780,2,GET /restaurants?q=ramen,200,OK,Restaurant Search Load Test 2-10,text,true,,587,137,1,2,http://localhost:8002/restaurants/?q=ramen,2,0,0
1777221491602,183,Login for Token,200,OK,Review Submission Load Test 3-9,text,true,,316,250,1,1,http://localhost:8001/auth/login,183,0,0
1777221491785,2,POST /reviews/,400,Bad Request,Review Submission Load Test 3-9,text,false,"Test failed: code expected to equal /

****** received  : [[[400]]]

****** comparison: [[[201]]]

/",188,440,1,2,http://localhost:8004/reviews/,2,0,1
1777221491787,171,POST /auth/login,200,OK,Login Load Test 1-10,text,true,,316,250,1,2,http://localhost:8001/auth/login,171,0,0
1777221491799,171,Login for Token,200,OK,Review Submission Load Test 3-10,text,true,,316,250,1,1,http://localhost:8001/auth/login,171,0,0
1777221491970,3,POST /reviews/,400,Bad Request,Review Submission Load Test 3-10,text,false,"Test failed: code expected to equal /

****** received  : [[[400]]]

****** comparison: [[[201]]]

/",188,440,1,1,http://localhost:8004/reviews/,2,0,0
1777221491979,4,GET /restaurants?q=ramen,200,OK,Restaurant Search Load Test 2-11,text,true,,587,137,1,1,http://localhost:8002/restaurants/?q=ramen,4,0,0
1777221491986,172,POST /auth/login,200,OK,Login Load Test 1-11,text,true,,316,250,1,2,http://localhost:8001/auth/login,172,0,0
1777221492004,171,Login for Token,200,OK,Review Submission Load Test 3-11,text,true,,316,250,1,1,http://localhost:8001/auth/login,171,0,0
1777221492175,3,POST /reviews/,400,Bad Request,Review Submission Load Test 3-11,text,false,"Test failed: code expected to equal /

****** received  : [[[400]]]

****** comparison: [[[201]]]

/",188,440,1,2,http://localhost:8004/reviews/,3,0,1
1777221492178,4,GET /restaurants?q=ramen,200,OK,Restaurant Search Load Test 2-12,text,true,,587,137,1,1,http://localhost:8002/restaurants/?q=ramen,4,0,1
1777221492185,171,POST /auth/login,200,OK,Login Load Test 1-12,text,true,,316,250,1,2,http://localhost:8001/auth/login,171,0,0
1777221492204,171,Login for Token,200,OK,Review Submission Load Test 3-12,text,true,,316,250,1,1,http://localhost:8001/auth/login,171,0,0
1777221492375,3,POST /reviews/,400,Bad Request,Review Submission Load Test 3-12,text,false,"Test failed: code expected to equal /

****** received  : [[[400]]]

****** comparison: [[[201]]]

/",188,440,1,1,http://localhost:8004/reviews/,3,0,1
1777221492378,4,GET /restaurants?q=ramen,200,OK,Restaurant Search Load Test 2-13,text,true,,587,137,1,1,http://localhost:8002/restaurants/?q=ramen,4,0,0
1777221492384,177,POST /auth/login,200,OK,Login Load Test 1-13,text,true,,316,250,1,2,http://localhost:8001/auth/login,177,0,0
1777221492400,178,Login for Token,200,OK,Review Submission Load Test 3-13,text,true,,316,250,1,1,http://localhost:8001/auth/login,178,0,1
1777221492578,2,POST /reviews/,400,Bad Request,Review Submission Load Test 3-13,text,false,"Test failed: code expected to equal /

****** received  : [[[400]]]

****** comparison: [[[201]]]

/",188,440,1,2,http://localhost:8004/reviews/,2,0,1
1777221492579,2,GET /restaurants?q=ramen,200,OK,Restaurant Search Load Test 2-14,text,true,,587,137,1,2,http://localhost:8002/restaurants/?q=ramen,2,0,0
1777221492587,174,POST /auth/login,200,OK,Login Load Test 1-14,text,true,,316,250,1,2,http://localhost:8001/auth/login,174,0,1
1777221492601,173,Login for Token,200,OK,Review Submission Load Test 3-14,text,true,,316,250,1,1,http://localhost:8001/auth/login,173,0,1
1777221492775,1,POST /reviews/,400,Bad Request,Review Submission Load Test 3-14,text,false,"Test failed: code expected to equal /

****** received  : [[[400]]]

****** comparison: [[[201]]]

/",188,440,1,1,http://localhost:8004/reviews/,1,0,0
1777221492783,2,GET /restaurants?q=ramen,200,OK,Restaurant Search Load Test 2-15,text,true,,587,137,1,1,http://localhost:8002/restaurants/?q=ramen,2,0,0
1777221492789,171,POST /auth/login,200,OK,Login Load Test 1-15,text,true,,316,250,1,2,http://localhost:8001/auth/login,171,0,0
1777221492802,171,Login for Token,200,OK,Review Submission Load Test 3-15,text,true,,316,250,1,1,http://localhost:8001/auth/login,171,0,1
1777221492974,2,POST /reviews/,400,Bad Request,Review Submission Load Test 3-15,text,false,"Test failed: code expected to equal /

****** received  : [[[400]]]

****** comparison: [[[201]]]

/",188,440,1,1,http://localhost:8004/reviews/,2,0,0
1777221492980,3,GET /restaurants?q=ramen,200,OK,Restaurant Search Load Test 2-16,text,true,,587,137,1,1,http://localhost:8002/restaurants/?q=ramen,3,0,1
1777221492987,172,POST /auth/login,200,OK,Login Load Test 1-16,text,true,,316,250,1,2,http://localhost:8001/auth/login,172,0,0
1777221493002,172,Login for Token,200,OK,Review Submission Load Test 3-16,text,true,,316,250,1,1,http://localhost:8001/auth/login,172,0,1
1777221493175,2,POST /reviews/,400,Bad Request,Review Submission Load Test 3-16,text,false,"Test failed: code expected to equal /

****** received  : [[[400]]]

****** comparison: [[[201]]]

/",188,440,1,1,http://localhost:8004/reviews/,2,0,0
1777221493178,4,GET /restaurants?q=ramen,200,OK,Restaurant Search Load Test 2-17,text,true,,587,137,1,1,http://localhost:8002/restaurants/?q=ramen,4,0,1
1777221493188,170,POST /auth/login,200,OK,Login Load Test 1-17,text,true,,316,250,1,2,http://localhost:8001/auth/login,170,0,0
1777221493203,171,Login for Token,200,OK,Review Submission Load Test 3-17,text,true,,316,250,1,1,http://localhost:8001/auth/login,171,0,1
1777221493374,3,POST /reviews/,400,Bad Request,Review Submission Load Test 3-17,text,false,"Test failed: code expected to equal /

****** received  : [[[400]]]

****** comparison: [[[201]]]

/",188,440,1,1,http://localhost:8004/reviews/,3,0,0
1777221493377,4,GET /restaurants?q=ramen,200,OK,Restaurant Search Load Test 2-18,text,true,,587,137,1,1,http://localhost:8002/restaurants/?q=ramen,4,0,0
1777221493387,172,POST /auth/login,200,OK,Login Load Test 1-18,text,true,,316,250,1,2,http://localhost:8001/auth/login,172,0,0
1777221493401,171,Login for Token,200,OK,Review Submission Load Test 3-18,text,true,,316,250,1,1,http://localhost:8001/auth/login,171,0,1
1777221493573,2,POST /reviews/,400,Bad Request,Review Submission Load Test 3-18,text,false,"Test failed: code expected to equal /

****** received  : [[[400]]]

****** comparison: [[[201]]]

/",188,440,1,1,http://localhost:8004/reviews/,2,0,0
1777221493579,3,GET /restaurants?q=ramen,200,OK,Restaurant Search Load Test 2-19,text,true,,587,137,1,1,http://localhost:8002/restaurants/?q=ramen,3,0,0
1777221493587,171,POST /auth/login,200,OK,Login Load Test 1-19,text,true,,316,250,1,2,http://localhost:8001/auth/login,171,0,0
1777221493603,171,Login for Token,200,OK,Review Submission Load Test 3-19,text,true,,316,250,1,1,http://localhost:8001/auth/login,171,0,1
1777221493774,3,POST /reviews/,400,Bad Request,Review Submission Load Test 3-19,text,false,"Test failed: code expected to equal /

****** received  : [[[400]]]

****** comparison: [[[201]]]

/",188,440,1,1,http://localhost:8004/reviews/,3,0,1
1777221493777,4,GET /restaurants?q=ramen,200,OK,Restaurant Search Load Test 2-20,text,true,,587,137,1,1,http://localhost:8002/restaurants/?q=ramen,4,0,1
1777221493789,171,POST /auth/login,200,OK,Login Load Test 1-20,text,true,,316,250,1,2,http://localhost:8001/auth/login,171,0,0
1777221493799,171,Login for Token,200,OK,Review Submission Load Test 3-20,text,true,,316,250,1,1,http://localhost:8001/auth/login,171,0,1
1777221493970,3,POST /reviews/,400,Bad Request,Review Submission Load Test 3-20,text,false,"Test failed: code expected to equal /

****** received  : [[[400]]]

****** comparison: [[[201]]]

/",188,440,1,1,http://localhost:8004/reviews/,3,0,1
1777221493979,3,GET /restaurants?q=ramen,200,OK,Restaurant Search Load Test 2-21,text,true,,587,137,1,1,http://localhost:8002/restaurants/?q=ramen,3,0,0
1777221493983,173,POST /auth/login,200,OK,Login Load Test 1-21,text,true,,316,250,1,2,http://localhost:8001/auth/login,173,0,1
1777221494001,173,Login for Token,200,OK,Review Submission Load Test 3-21,text,true,,316,250,1,1,http://localhost:8001/auth/login,173,0,1
1777221494174,3,POST /reviews/,400,Bad Request,Review Submission Load Test 3-21,text,false,"Test failed: code expected to equal /

****** received  : [[[400]]]

****** comparison: [[[201]]]

/",188,440,1,1,http://localhost:8004/reviews/,3,0,1
1777221494179,4,GET /restaurants?q=ramen,200,OK,Restaurant Search Load Test 2-22,text,true,,587,137,1,1,http://localhost:8002/restaurants/?q=ramen,4,0,0
1777221494187,170,POST /auth/login,200,OK,Login Load Test 1-22,text,true,,316,250,1,2,http://localhost:8001/auth/login,170,0,0
1777221494204,171,Login for Token,200,OK,Review Submission Load Test 3-22,text,true,,316,250,1,1,http://localhost:8001/auth/login,171,0,0
1777221494375,3,POST /reviews/,400,Bad Request,Review Submission Load Test 3-22,text,false,"Test failed: code expected to equal /

****** received  : [[[400]]]

****** comparison: [[[201]]]

/",188,440,1,2,http://localhost:8004/reviews/,3,0,0
1777221494378,3,GET /restaurants?q=ramen,200,OK,Restaurant Search Load Test 2-23,text,true,,587,137,1,1,http://localhost:8002/restaurants/?q=ramen,3,0,0
1777221494386,171,POST /auth/login,200,OK,Login Load Test 1-23,text,true,,316,250,1,2,http://localhost:8001/auth/login,171,0,0
1777221494403,171,Login for Token,200,OK,Review Submission Load Test 3-23,text,true,,316,250,1,1,http://localhost:8001/auth/login,171,0,1
1777221494575,2,POST /reviews/,400,Bad Request,Review Submission Load Test 3-23,text,false,"Test failed: code expected to equal /

****** received  : [[[400]]]

****** comparison: [[[201]]]

/",188,440,1,1,http://localhost:8004/reviews/,2,0,0
1777221494580,3,GET /restaurants?q=ramen,200,OK,Restaurant Search Load Test 2-24,text,true,,587,137,1,1,http://localhost:8002/restaurants/?q=ramen,3,0,0
1777221494584,170,POST /auth/login,200,OK,Login Load Test 1-24,text,true,,316,250,1,2,http://localhost:8001/auth/login,170,0,0
1777221494602,170,Login for Token,200,OK,Review Submission Load Test 3-24,text,true,,316,250,1,1,http://localhost:8001/auth/login,170,0,0
1777221494772,2,POST /reviews/,400,Bad Request,Review Submission Load Test 3-24,text,false,"Test failed: code expected to equal /

****** received  : [[[400]]]

****** comparison: [[[201]]]

/",188,440,1,1,http://localhost:8004/reviews/,2,0,0
1777221494778,4,GET /restaurants?q=ramen,200,OK,Restaurant Search Load Test 2-25,text,true,,587,137,1,1,http://localhost:8002/restaurants/?q=ramen,4,0,1
1777221494783,171,POST /auth/login,200,OK,Login Load Test 1-25,text,true,,316,250,1,2,http://localhost:8001/auth/login,171,0,0
1777221494805,171,Login for Token,200,OK,Review Submission Load Test 3-25,text,true,,316,250,1,2,http://localhost:8001/auth/login,171,0,0
1777221494976,2,POST /reviews/,400,Bad Request,Review Submission Load Test 3-25,text,false,"Test failed: code expected to equal /

****** received  : [[[400]]]

****** comparison: [[[201]]]

/",188,440,1,2,http://localhost:8004/reviews/,2,0,0
1777221494976,3,GET /restaurants?q=ramen,200,OK,Restaurant Search Load Test 2-26,text,true,,587,137,1,1,http://localhost:8002/restaurants/?q=ramen,3,0,0
1777221494983,171,POST /auth/login,200,OK,Login Load Test 1-26,text,true,,316,250,1,2,http://localhost:8001/auth/login,171,0,0
1777221495004,173,Login for Token,200,OK,Review Submission Load Test 3-26,text,true,,316,250,1,1,http://localhost:8001/auth/login,173,0,2
1777221495178,2,POST /reviews/,400,Bad Request,Review Submission Load Test 3-26,text,false,"Test failed: code expected to equal /

****** received  : [[[400]]]

****** comparison: [[[201]]]

/",188,440,1,2,http://localhost:8004/reviews/,2,0,0
1777221495178,4,GET /restaurants?q=ramen,200,OK,Restaurant Search Load Test 2-27,text,true,,587,137,1,1,http://localhost:8002/restaurants/?q=ramen,4,0,1
1777221495185,171,POST /auth/login,200,OK,Login Load Test 1-27,text,true,,316,250,1,2,http://localhost:8001/auth/login,171,0,0
1777221495204,171,Login for Token,200,OK,Review Submission Load Test 3-27,text,true,,316,250,1,1,http://localhost:8001/auth/login,171,0,0
1777221495376,2,POST /reviews/,400,Bad Request,Review Submission Load Test 3-27,text,false,"Test failed: code expected to equal /

****** received  : [[[400]]]

****** comparison: [[[201]]]

/",188,440,1,1,http://localhost:8004/reviews/,2,0,0
1777221495380,4,GET /restaurants?q=ramen,200,OK,Restaurant Search Load Test 2-28,text,true,,587,137,1,2,http://localhost:8002/restaurants/?q=ramen,3,0,0
1777221495380,173,POST /auth/login,200,OK,Login Load Test 1-28,text,true,,316,250,1,2,http://localhost:8001/auth/login,173,0,0
1777221495401,174,Login for Token,200,OK,Review Submission Load Test 3-28,text,true,,316,250,1,1,http://localhost:8001/auth/login,174,0,1
1777221495575,3,POST /reviews/,400,Bad Request,Review Submission Load Test 3-28,text,false,"Test failed: code expected to equal /

****** received  : [[[400]]]

****** comparison: [[[201]]]

/",188,440,1,1,http://localhost:8004/reviews/,3,0,0
1777221495578,4,GET /restaurants?q=ramen,200,OK,Restaurant Search Load Test 2-29,text,true,,587,137,1,2,http://localhost:8002/restaurants/?q=ramen,4,0,1
1777221495582,171,POST /auth/login,200,OK,Login Load Test 1-29,text,true,,316,250,1,2,http://localhost:8001/auth/login,171,0,0
1777221495600,172,Login for Token,200,OK,Review Submission Load Test 3-29,text,true,,316,250,1,1,http://localhost:8001/auth/login,172,0,0
1777221495773,2,POST /reviews/,400,Bad Request,Review Submission Load Test 3-29,text,false,"Test failed: code expected to equal /

****** received  : [[[400]]]

****** comparison: [[[201]]]

/",188,440,1,1,http://localhost:8004/reviews/,2,0,0
1777221495776,4,GET /restaurants?q=ramen,200,OK,Restaurant Search Load Test 2-30,text,true,,587,137,1,1,http://localhost:8002/restaurants/?q=ramen,4,0,0
1777221495784,172,POST /auth/login,200,OK,Login Load Test 1-30,text,true,,316,250,1,2,http://localhost:8001/auth/login,172,0,0
1777221495803,173,Login for Token,200,OK,Review Submission Load Test 3-30,text,true,,316,250,1,1,http://localhost:8001/auth/login,173,0,1
1777221495976,3,POST /reviews/,400,Bad Request,Review Submission Load Test 3-30,text,false,"Test failed: code expected to equal /

****** received  : [[[400]]]

****** comparison: [[[201]]]

/",188,440,1,2,http://localhost:8004/reviews/,3,0,0
1777221495977,4,GET /restaurants?q=ramen,200,OK,Restaurant Search Load Test 2-31,text,true,,587,137,1,1,http://localhost:8002/restaurants/?q=ramen,4,0,0
1777221495985,174,POST /auth/login,200,OK,Login Load Test 1-31,text,true,,316,250,1,2,http://localhost:8001/auth/login,174,0,0
1777221496003,172,Login for Token,200,OK,Review Submission Load Test 3-31,text,true,,316,250,1,1,http://localhost:8001/auth/login,172,0,0
1777221496176,3,POST /reviews/,400,Bad Request,Review Submission Load Test 3-31,text,false,"Test failed: code expected to equal /

****** received  : [[[400]]]

****** comparison: [[[201]]]

/",188,440,1,1,http://localhost:8004/reviews/,3,0,0
1777221496179,4,GET /restaurants?q=ramen,200,OK,Restaurant Search Load Test 2-32,text,true,,587,137,1,1,http://localhost:8002/restaurants/?q=ramen,4,0,0
1777221496187,171,POST /auth/login,200,OK,Login Load Test 1-32,text,true,,316,250,1,2,http://localhost:8001/auth/login,171,0,0
1777221496202,172,Login for Token,200,OK,Review Submission Load Test 3-32,text,true,,316,250,1,1,http://localhost:8001/auth/login,171,0,1
1777221496374,2,POST /reviews/,400,Bad Request,Review Submission Load Test 3-32,text,false,"Test failed: code expected to equal /

****** received  : [[[400]]]

****** comparison: [[[201]]]

/",188,440,1,1,http://localhost:8004/reviews/,2,0,0
1777221496378,4,GET /restaurants?q=ramen,200,OK,Restaurant Search Load Test 2-33,text,true,,587,137,1,1,http://localhost:8002/restaurants/?q=ramen,4,0,1
1777221496385,172,POST /auth/login,200,OK,Login Load Test 1-33,text,true,,316,250,1,2,http://localhost:8001/auth/login,172,0,1
1777221496402,172,Login for Token,200,OK,Review Submission Load Test 3-33,text,true,,316,250,1,1,http://localhost:8001/auth/login,172,0,0
1777221496574,3,POST /reviews/,400,Bad Request,Review Submission Load Test 3-33,text,false,"Test failed: code expected to equal /

****** received  : [[[400]]]

****** comparison: [[[201]]]

/",188,440,1,1,http://localhost:8004/reviews/,3,0,0
1777221496578,4,GET /restaurants?q=ramen,200,OK,Restaurant Search Load Test 2-34,text,true,,587,137,1,2,http://localhost:8002/restaurants/?q=ramen,4,0,1
1777221496582,180,POST /auth/login,200,OK,Login Load Test 1-34,text,true,,316,250,1,2,http://localhost:8001/auth/login,180,0,0
1777221496780,2,GET /restaurants?q=ramen,200,OK,Restaurant Search Load Test 2-35,text,true,,587,137,1,3,http://localhost:8002/restaurants/?q=ramen,2,0,0
1777221496603,179,Login for Token,200,OK,Review Submission Load Test 3-34,text,true,,316,250,1,2,http://localhost:8001/auth/login,179,0,1
1777221496783,1,POST /reviews/,400,Bad Request,Review Submission Load Test 3-34,text,false,"Test failed: code expected to equal /

****** received  : [[[400]]]

****** comparison: [[[201]]]

/",188,440,1,2,http://localhost:8004/reviews/,1,0,0
1777221496780,186,POST /auth/login,200,OK,Login Load Test 1-35,text,true,,316,250,1,2,http://localhost:8001/auth/login,186,0,0
1777221496979,2,GET /restaurants?q=ramen,200,OK,Restaurant Search Load Test 2-36,text,true,,587,137,1,2,http://localhost:8002/restaurants/?q=ramen,2,0,0
1777221496803,185,Login for Token,200,OK,Review Submission Load Test 3-35,text,true,,316,250,1,2,http://localhost:8001/auth/login,185,0,1
1777221496988,2,POST /reviews/,400,Bad Request,Review Submission Load Test 3-35,text,false,"Test failed: code expected to equal /

****** received  : [[[400]]]

****** comparison: [[[201]]]

/",188,440,1,2,http://localhost:8004/reviews/,2,0,1
1777221496983,174,POST /auth/login,200,OK,Login Load Test 1-36,text,true,,316,250,1,2,http://localhost:8001/auth/login,174,0,0
1777221497001,173,Login for Token,200,OK,Review Submission Load Test 3-36,text,true,,316,250,1,1,http://localhost:8001/auth/login,173,0,0
1777221497174,2,POST /reviews/,400,Bad Request,Review Submission Load Test 3-36,text,false,"Test failed: code expected to equal /

****** received  : [[[400]]]

****** comparison: [[[201]]]

/",188,440,1,2,http://localhost:8004/reviews/,2,0,0
1777221497175,1,GET /restaurants?q=ramen,200,OK,Restaurant Search Load Test 2-37,text,true,,587,137,1,1,http://localhost:8002/restaurants/?q=ramen,1,0,0
1777221497183,171,POST /auth/login,200,OK,Login Load Test 1-37,text,true,,316,250,1,2,http://localhost:8001/auth/login,171,0,1
1777221497204,171,Login for Token,200,OK,Review Submission Load Test 3-37,text,true,,316,250,1,1,http://localhost:8001/auth/login,171,0,1
1777221497376,2,POST /reviews/,400,Bad Request,Review Submission Load Test 3-37,text,false,"Test failed: code expected to equal /

****** received  : [[[400]]]

****** comparison: [[[201]]]

/",188,440,1,1,http://localhost:8004/reviews/,2,0,0
1777221497380,4,GET /restaurants?q=ramen,200,OK,Restaurant Search Load Test 2-38,text,true,,587,137,1,2,http://localhost:8002/restaurants/?q=ramen,4,0,0
1777221497383,171,POST /auth/login,200,OK,Login Load Test 1-38,text,true,,316,250,1,2,http://localhost:8001/auth/login,171,0,0
1777221497403,171,Login for Token,200,OK,Review Submission Load Test 3-38,text,true,,316,250,1,1,http://localhost:8001/auth/login,171,0,1
1777221497575,2,POST /reviews/,400,Bad Request,Review Submission Load Test 3-38,text,false,"Test failed: code expected to equal /

****** received  : [[[400]]]

****** comparison: [[[201]]]

/",188,440,1,2,http://localhost:8004/reviews/,2,0,0
1777221497576,3,GET /restaurants?q=ramen,200,OK,Restaurant Search Load Test 2-39,text,true,,587,137,1,1,http://localhost:8002/restaurants/?q=ramen,3,0,0
1777221497582,171,POST /auth/login,200,OK,Login Load Test 1-39,text,true,,316,250,1,2,http://localhost:8001/auth/login,171,0,0
1777221497600,170,Login for Token,200,OK,Review Submission Load Test 3-39,text,true,,316,250,1,1,http://localhost:8001/auth/login,170,0,0
1777221497771,2,POST /reviews/,400,Bad Request,Review Submission Load Test 3-39,text,false,"Test failed: code expected to equal /

****** received  : [[[400]]]

****** comparison: [[[201]]]

/",188,440,1,1,http://localhost:8004/reviews/,2,0,0
1777221497780,4,GET /restaurants?q=ramen,200,OK,Restaurant Search Load Test 2-40,text,true,,587,137,1,1,http://localhost:8002/restaurants/?q=ramen,4,0,0
1777221497784,171,POST /auth/login,200,OK,Login Load Test 1-40,text,true,,316,250,1,2,http://localhost:8001/auth/login,171,0,0
1777221497804,172,Login for Token,200,OK,Review Submission Load Test 3-40,text,true,,316,250,1,3,http://localhost:8001/auth/login,172,0,0
1777221497976,3,GET /restaurants?q=ramen,200,OK,Restaurant Search Load Test 2-41,text,true,,587,137,1,3,http://localhost:8002/restaurants/?q=ramen,3,0,0
1777221497976,5,POST /reviews/,400,Bad Request,Review Submission Load Test 3-40,text,false,"Test failed: code expected to equal /

****** received  : [[[400]]]

****** comparison: [[[201]]]

/",188,440,1,2,http://localhost:8004/reviews/,5,0,0
1777221497976,172,POST /auth/login,200,OK,Login Load Test 1-41,text,true,,316,250,1,2,http://localhost:8001/auth/login,172,0,0
1777221498003,172,Login for Token,200,OK,Review Submission Load Test 3-41,text,true,,316,250,1,1,http://localhost:8001/auth/login,172,0,0
1777221498175,3,POST /reviews/,400,Bad Request,Review Submission Load Test 3-41,text,false,"Test failed: code expected to equal /

****** received  : [[[400]]]

****** comparison: [[[201]]]

/",188,440,1,2,http://localhost:8004/reviews/,3,0,1
1777221498176,4,GET /restaurants?q=ramen,200,OK,Restaurant Search Load Test 2-42,text,true,,587,137,1,1,http://localhost:8002/restaurants/?q=ramen,4,0,0
1777221498185,172,POST /auth/login,200,OK,Login Load Test 1-42,text,true,,316,250,1,2,http://localhost:8001/auth/login,172,0,1
1777221498203,171,Login for Token,200,OK,Review Submission Load Test 3-42,text,true,,316,250,1,1,http://localhost:8001/auth/login,171,0,1
1777221498374,3,POST /reviews/,400,Bad Request,Review Submission Load Test 3-42,text,false,"Test failed: code expected to equal /

****** received  : [[[400]]]

****** comparison: [[[201]]]

/",188,440,1,1,http://localhost:8004/reviews/,3,0,1
1777221498379,3,GET /restaurants?q=ramen,200,OK,Restaurant Search Load Test 2-43,text,true,,587,137,1,2,http://localhost:8002/restaurants/?q=ramen,3,0,0
1777221498379,171,POST /auth/login,200,OK,Login Load Test 1-43,text,true,,316,250,1,2,http://localhost:8001/auth/login,171,0,0
1777221498404,172,Login for Token,200,OK,Review Submission Load Test 3-43,text,true,,316,250,1,2,http://localhost:8001/auth/login,172,0,0
1777221498576,2,POST /reviews/,400,Bad Request,Review Submission Load Test 3-43,text,false,"Test failed: code expected to equal /

****** received  : [[[400]]]

****** comparison: [[[201]]]

/",188,440,1,2,http://localhost:8004/reviews/,2,0,1
1777221498576,4,GET /restaurants?q=ramen,200,OK,Restaurant Search Load Test 2-44,text,true,,587,137,1,1,http://localhost:8002/restaurants/?q=ramen,4,0,1
1777221498584,183,POST /auth/login,200,OK,Login Load Test 1-44,text,true,,316,250,1,2,http://localhost:8001/auth/login,183,0,1
1777221498777,3,GET /restaurants?q=ramen,200,OK,Restaurant Search Load Test 2-45,text,true,,587,137,1,3,http://localhost:8002/restaurants/?q=ramen,3,0,1
1777221498604,182,Login for Token,200,OK,Review Submission Load Test 3-44,text,true,,316,250,1,2,http://localhost:8001/auth/login,182,0,0
1777221498786,2,POST /reviews/,400,Bad Request,Review Submission Load Test 3-44,text,false,"Test failed: code expected to equal /

****** received  : [[[400]]]

****** comparison: [[[201]]]

/",188,440,1,2,http://localhost:8004/reviews/,2,0,1
1777221498778,182,POST /auth/login,200,OK,Login Load Test 1-45,text,true,,316,250,1,2,http://localhost:8001/auth/login,182,0,1
1777221498979,2,GET /restaurants?q=ramen,200,OK,Restaurant Search Load Test 2-46,text,true,,587,137,1,3,http://localhost:8002/restaurants/?q=ramen,2,0,0
1777221498802,181,Login for Token,200,OK,Review Submission Load Test 3-45,text,true,,316,250,1,2,http://localhost:8001/auth/login,181,0,0
1777221498983,2,POST /reviews/,400,Bad Request,Review Submission Load Test 3-45,text,false,"Test failed: code expected to equal /

****** received  : [[[400]]]

****** comparison: [[[201]]]

/",188,440,1,2,http://localhost:8004/reviews/,2,0,1
1777221498979,186,POST /auth/login,200,OK,Login Load Test 1-46,text,true,,316,250,1,2,http://localhost:8001/auth/login,186,0,0
1777221499179,2,GET /restaurants?q=ramen,200,OK,Restaurant Search Load Test 2-47,text,true,,587,137,1,3,http://localhost:8002/restaurants/?q=ramen,2,0,0
1777221499000,186,Login for Token,200,OK,Review Submission Load Test 3-46,text,true,,316,250,1,2,http://localhost:8001/auth/login,186,0,0
1777221499186,2,POST /reviews/,400,Bad Request,Review Submission Load Test 3-46,text,false,"Test failed: code expected to equal /

****** received  : [[[400]]]

****** comparison: [[[201]]]

/",188,440,1,2,http://localhost:8004/reviews/,2,0,0
1777221499181,172,POST /auth/login,200,OK,Login Load Test 1-47,text,true,,316,250,1,2,http://localhost:8001/auth/login,172,0,0
1777221499203,171,Login for Token,200,OK,Review Submission Load Test 3-47,text,true,,316,250,1,1,http://localhost:8001/auth/login,171,0,1
1777221499374,2,POST /reviews/,400,Bad Request,Review Submission Load Test 3-47,text,false,"Test failed: code expected to equal /

****** received  : [[[400]]]

****** comparison: [[[201]]]

/",188,440,1,1,http://localhost:8004/reviews/,2,0,1
1777221499379,2,GET /restaurants?q=ramen,200,OK,Restaurant Search Load Test 2-48,text,true,,587,137,1,2,http://localhost:8002/restaurants/?q=ramen,2,0,1
1777221499379,171,POST /auth/login,200,OK,Login Load Test 1-48,text,true,,316,250,1,2,http://localhost:8001/auth/login,171,0,0
1777221499404,170,Login for Token,200,OK,Review Submission Load Test 3-48,text,true,,316,250,1,1,http://localhost:8001/auth/login,170,0,0
1777221499575,2,POST /reviews/,400,Bad Request,Review Submission Load Test 3-48,text,false,"Test failed: code expected to equal /

****** received  : [[[400]]]

****** comparison: [[[201]]]

/",188,440,1,1,http://localhost:8004/reviews/,2,0,0
1777221499580,4,GET /restaurants?q=ramen,200,OK,Restaurant Search Load Test 2-49,text,true,,587,137,1,2,http://localhost:8002/restaurants/?q=ramen,4,0,0
1777221499582,170,POST /auth/login,200,OK,Login Load Test 1-49,text,true,,316,250,1,2,http://localhost:8001/auth/login,170,0,0
1777221499601,170,Login for Token,200,OK,Review Submission Load Test 3-49,text,true,,316,250,1,1,http://localhost:8001/auth/login,170,0,0
1777221499772,2,POST /reviews/,400,Bad Request,Review Submission Load Test 3-49,text,false,"Test failed: code expected to equal /

****** received  : [[[400]]]

****** comparison: [[[201]]]

/",188,440,1,1,http://localhost:8004/reviews/,2,0,0
1777221499779,3,GET /restaurants?q=ramen,200,OK,Restaurant Search Load Test 2-50,text,true,,587,137,1,2,http://localhost:8002/restaurants/?q=ramen,3,0,0
1777221499779,171,POST /auth/login,200,OK,Login Load Test 1-50,text,true,,316,250,1,2,http://localhost:8001/auth/login,171,0,0
1777221499804,171,Login for Token,200,OK,Review Submission Load Test 3-50,text,true,,316,251,1,1,http://localhost:8001/auth/login,171,0,0
1777221499975,3,POST /reviews/,400,Bad Request,Review Submission Load Test 3-50,text,false,"Test failed: code expected to equal /

****** received  : [[[400]]]

****** comparison: [[[201]]]

/",188,440,1,3,http://localhost:8004/reviews/,3,0,1
1777221499978,3,GET /restaurants?q=ramen,200,OK,Restaurant Search Load Test 2-51,text,true,,587,137,1,2,http://localhost:8002/restaurants/?q=ramen,3,0,0
1777221499978,174,POST /auth/login,200,OK,Login Load Test 1-51,text,true,,316,251,1,2,http://localhost:8001/auth/login,174,0,0
1777221500004,174,Login for Token,200,OK,Review Submission Load Test 3-51,text,true,,316,251,1,1,http://localhost:8001/auth/login,174,0,0
1777221500179,2,POST /reviews/,400,Bad Request,Review Submission Load Test 3-51,text,false,"Test failed: code expected to equal /

****** received  : [[[400]]]

****** comparison: [[[201]]]

/",188,440,1,2,http://localhost:8004/reviews/,2,0,0
1777221500179,4,GET /restaurants?q=ramen,200,OK,Restaurant Search Load Test 2-52,text,true,,587,137,1,2,http://localhost:8002/restaurants/?q=ramen,4,0,0
1777221500183,171,POST /auth/login,200,OK,Login Load Test 1-52,text,true,,316,251,1,2,http://localhost:8001/auth/login,171,0,0
1777221500201,171,Login for Token,200,OK,Review Submission Load Test 3-52,text,true,,316,251,1,1,http://localhost:8001/auth/login,171,0,1
1777221500373,2,POST /reviews/,400,Bad Request,Review Submission Load Test 3-52,text,false,"Test failed: code expected to equal /

****** received  : [[[400]]]

****** comparison: [[[201]]]

/",188,440,1,1,http://localhost:8004/reviews/,2,0,0
1777221500380,3,GET /restaurants?q=ramen,200,OK,Restaurant Search Load Test 2-53,text,true,,587,137,1,2,http://localhost:8002/restaurants/?q=ramen,3,0,0
1777221500382,176,POST /auth/login,200,OK,Login Load Test 1-53,text,true,,316,251,1,2,http://localhost:8001/auth/login,176,0,0
1777221500576,2,GET /restaurants?q=ramen,200,OK,Restaurant Search Load Test 2-54,text,true,,587,137,1,2,http://localhost:8002/restaurants/?q=ramen,2,0,0
1777221500404,178,Login for Token,200,OK,Review Submission Load Test 3-53,text,true,,316,251,1,2,http://localhost:8001/auth/login,178,0,0
1777221500583,1,POST /reviews/,400,Bad Request,Review Submission Load Test 3-53,text,false,"Test failed: code expected to equal /

****** received  : [[[400]]]

****** comparison: [[[201]]]

/",188,440,1,2,http://localhost:8004/reviews/,1,0,0
1777221500580,172,POST /auth/login,200,OK,Login Load Test 1-54,text,true,,316,251,1,2,http://localhost:8001/auth/login,172,0,1
1777221500602,170,Login for Token,200,OK,Review Submission Load Test 3-54,text,true,,316,251,1,1,http://localhost:8001/auth/login,170,0,0
1777221500773,2,POST /reviews/,400,Bad Request,Review Submission Load Test 3-54,text,false,"Test failed: code expected to equal /

****** received  : [[[400]]]

****** comparison: [[[201]]]

/",188,440,1,2,http://localhost:8004/reviews/,2,0,0
1777221500775,4,GET /restaurants?q=ramen,200,OK,Restaurant Search Load Test 2-55,text,true,,587,137,1,2,http://localhost:8002/restaurants/?q=ramen,4,0,1
1777221500779,174,POST /auth/login,200,OK,Login Load Test 1-55,text,true,,316,251,1,2,http://localhost:8001/auth/login,174,0,0
1777221500804,173,Login for Token,200,OK,Review Submission Load Test 3-55,text,true,,316,251,1,2,http://localhost:8001/auth/login,173,0,0
1777221500977,2,POST /reviews/,400,Bad Request,Review Submission Load Test 3-55,text,false,"Test failed: code expected to equal /

****** received  : [[[400]]]

****** comparison: [[[201]]]

/",188,440,1,2,http://localhost:8004/reviews/,2,0,0
1777221500976,4,GET /restaurants?q=ramen,200,OK,Restaurant Search Load Test 2-56,text,true,,587,137,1,1,http://localhost:8002/restaurants/?q=ramen,4,0,0
1777221500983,173,POST /auth/login,200,OK,Login Load Test 1-56,text,true,,316,251,1,2,http://localhost:8001/auth/login,173,0,1
1777221500999,173,Login for Token,200,OK,Review Submission Load Test 3-56,text,true,,316,251,1,1,http://localhost:8001/auth/login,173,0,1
1777221501172,3,POST /reviews/,400,Bad Request,Review Submission Load Test 3-56,text,false,"Test failed: code expected to equal /

****** received  : [[[400]]]

****** comparison: [[[201]]]

/",188,440,1,1,http://localhost:8004/reviews/,3,0,1
1777221501181,3,GET /restaurants?q=ramen,200,OK,Restaurant Search Load Test 2-57,text,true,,587,137,1,2,http://localhost:8002/restaurants/?q=ramen,3,0,0
1777221501179,172,POST /auth/login,200,OK,Login Load Test 1-57,text,true,,316,251,1,2,http://localhost:8001/auth/login,172,0,0
1777221501201,172,Login for Token,200,OK,Review Submission Load Test 3-57,text,true,,316,251,1,1,http://localhost:8001/auth/login,172,0,0
1777221501373,2,POST /reviews/,400,Bad Request,Review Submission Load Test 3-57,text,false,"Test failed: code expected to equal /

****** received  : [[[400]]]

****** comparison: [[[201]]]

/",188,440,1,3,http://localhost:8004/reviews/,2,0,0
1777221501374,3,GET /restaurants?q=ramen,200,OK,Restaurant Search Load Test 2-58,text,true,,587,137,1,2,http://localhost:8002/restaurants/?q=ramen,3,0,1
1777221501374,171,POST /auth/login,200,OK,Login Load Test 1-58,text,true,,316,251,1,2,http://localhost:8001/auth/login,171,0,1
1777221501404,171,Login for Token,200,OK,Review Submission Load Test 3-58,text,true,,316,251,1,2,http://localhost:8001/auth/login,171,0,0
1777221501575,2,POST /reviews/,400,Bad Request,Review Submission Load Test 3-58,text,false,"Test failed: code expected to equal /

****** received  : [[[400]]]

****** comparison: [[[201]]]

/",188,440,1,2,http://localhost:8004/reviews/,2,0,0
1777221501578,3,GET /restaurants?q=ramen,200,OK,Restaurant Search Load Test 2-59,text,true,,587,137,1,2,http://localhost:8002/restaurants/?q=ramen,3,0,0
1777221501574,171,POST /auth/login,200,OK,Login Load Test 1-59,text,true,,316,251,1,2,http://localhost:8001/auth/login,171,0,0
1777221501602,171,Login for Token,200,OK,Review Submission Load Test 3-59,text,true,,316,251,1,1,http://localhost:8001/auth/login,171,0,0
1777221501773,2,POST /reviews/,400,Bad Request,Review Submission Load Test 3-59,text,false,"Test failed: code expected to equal /

****** received  : [[[400]]]

****** comparison: [[[201]]]

/",188,440,1,1,http://localhost:8004/reviews/,2,0,1
1777221501778,2,GET /restaurants?q=ramen,200,OK,Restaurant Search Load Test 2-60,text,true,,587,137,1,2,http://localhost:8002/restaurants/?q=ramen,2,0,0
1777221501780,190,POST /auth/login,200,OK,Login Load Test 1-60,text,true,,316,251,1,2,http://localhost:8001/auth/login,190,0,0
1777221501980,2,GET /restaurants?q=ramen,200,OK,Restaurant Search Load Test 2-61,text,true,,587,137,1,3,http://localhost:8002/restaurants/?q=ramen,2,0,1
1777221501803,189,Login for Token,200,OK,Review Submission Load Test 3-60,text,true,,316,251,1,2,http://localhost:8001/auth/login,189,0,1
1777221501992,1,POST /reviews/,400,Bad Request,Review Submission Load Test 3-60,text,false,"Test failed: code expected to equal /

****** received  : [[[400]]]

****** comparison: [[[201]]]

/",188,440,1,2,http://localhost:8004/reviews/,1,0,0
1777221501978,172,POST /auth/login,200,OK,Login Load Test 1-61,text,true,,316,251,1,2,http://localhost:8001/auth/login,172,0,1
1777221502003,172,Login for Token,200,OK,Review Submission Load Test 3-61,text,true,,316,251,1,1,http://localhost:8001/auth/login,172,0,0
1777221502175,2,POST /reviews/,400,Bad Request,Review Submission Load Test 3-61,text,false,"Test failed: code expected to equal /

****** received  : [[[400]]]

****** comparison: [[[201]]]

/",188,440,1,1,http://localhost:8004/reviews/,2,0,1
1777221502181,1,GET /restaurants?q=ramen,200,OK,Restaurant Search Load Test 2-62,text,true,,587,137,1,2,http://localhost:8002/restaurants/?q=ramen,1,0,0
1777221502179,171,POST /auth/login,200,OK,Login Load Test 1-62,text,true,,316,251,1,2,http://localhost:8001/auth/login,171,0,0
1777221502200,171,Login for Token,200,OK,Review Submission Load Test 3-62,text,true,,316,251,1,1,http://localhost:8001/auth/login,171,0,0
1777221502371,3,POST /reviews/,400,Bad Request,Review Submission Load Test 3-62,text,false,"Test failed: code expected to equal /

****** received  : [[[400]]]

****** comparison: [[[201]]]

/",188,440,1,1,http://localhost:8004/reviews/,3,0,0
1777221502379,2,GET /restaurants?q=ramen,200,OK,Restaurant Search Load Test 2-63,text,true,,587,137,1,2,http://localhost:8002/restaurants/?q=ramen,2,0,0
1777221502381,171,POST /auth/login,200,OK,Login Load Test 1-63,text,true,,316,251,1,2,http://localhost:8001/auth/login,171,0,0
1777221502404,170,Login for Token,200,OK,Review Submission Load Test 3-63,text,true,,316,251,1,1,http://localhost:8001/auth/login,170,0,0
1777221502574,3,POST /reviews/,400,Bad Request,Review Submission Load Test 3-63,text,false,"Test failed: code expected to equal /

****** received  : [[[400]]]

****** comparison: [[[201]]]

/",188,440,1,2,http://localhost:8004/reviews/,3,0,1
1777221502575,4,GET /restaurants?q=ramen,200,OK,Restaurant Search Load Test 2-64,text,true,,587,137,1,2,http://localhost:8002/restaurants/?q=ramen,4,0,1
1777221502579,170,POST /auth/login,200,OK,Login Load Test 1-64,text,true,,316,251,1,2,http://localhost:8001/auth/login,170,0,0
1777221502604,171,Login for Token,200,OK,Review Submission Load Test 3-64,text,true,,316,251,1,1,http://localhost:8001/auth/login,171,0,0
1777221502775,3,POST /reviews/,400,Bad Request,Review Submission Load Test 3-64,text,false,"Test failed: code expected to equal /

****** received  : [[[400]]]

****** comparison: [[[201]]]

/",188,440,1,2,http://localhost:8004/reviews/,3,0,1
1777221502778,3,GET /restaurants?q=ramen,200,OK,Restaurant Search Load Test 2-65,text,true,,587,137,1,2,http://localhost:8002/restaurants/?q=ramen,3,0,0
1777221502778,171,POST /auth/login,200,OK,Login Load Test 1-65,text,true,,316,251,1,2,http://localhost:8001/auth/login,171,0,1
1777221502803,171,Login for Token,200,OK,Review Submission Load Test 3-65,text,true,,316,251,1,1,http://localhost:8001/auth/login,171,0,1
1777221502975,2,POST /reviews/,400,Bad Request,Review Submission Load Test 3-65,text,false,"Test failed: code expected to equal /

****** received  : [[[400]]]

****** comparison: [[[201]]]

/",188,440,1,1,http://localhost:8004/reviews/,2,0,0
1777221502980,3,GET /restaurants?q=ramen,200,OK,Restaurant Search Load Test 2-66,text,true,,587,137,1,2,http://localhost:8002/restaurants/?q=ramen,3,0,0
1777221502982,172,POST /auth/login,200,OK,Login Load Test 1-66,text,true,,316,251,1,2,http://localhost:8001/auth/login,172,0,0
1777221503004,171,Login for Token,200,OK,Review Submission Load Test 3-66,text,true,,316,251,1,1,http://localhost:8001/auth/login,171,0,0
1777221503176,2,POST /reviews/,400,Bad Request,Review Submission Load Test 3-66,text,false,"Test failed: code expected to equal /

****** received  : [[[400]]]

****** comparison: [[[201]]]

/",188,440,1,3,http://localhost:8004/reviews/,2,0,0
1777221503177,4,GET /restaurants?q=ramen,200,OK,Restaurant Search Load Test 2-67,text,true,,587,137,1,2,http://localhost:8002/restaurants/?q=ramen,4,0,0
1777221503178,170,POST /auth/login,200,OK,Login Load Test 1-67,text,true,,316,251,1,2,http://localhost:8001/auth/login,170,0,0
1777221503200,170,Login for Token,200,OK,Review Submission Load Test 3-67,text,true,,316,251,1,1,http://localhost:8001/auth/login,170,0,0
1777221503370,2,POST /reviews/,400,Bad Request,Review Submission Load Test 3-67,text,false,"Test failed: code expected to equal /

****** received  : [[[400]]]

****** comparison: [[[201]]]

/",188,440,1,1,http://localhost:8004/reviews/,2,0,0
1777221503380,4,GET /restaurants?q=ramen,200,OK,Restaurant Search Load Test 2-68,text,true,,587,137,1,2,http://localhost:8002/restaurants/?q=ramen,4,0,1
1777221503382,172,POST /auth/login,200,OK,Login Load Test 1-68,text,true,,316,251,1,2,http://localhost:8001/auth/login,172,0,0
1777221503404,171,Login for Token,200,OK,Review Submission Load Test 3-68,text,true,,316,251,1,1,http://localhost:8001/auth/login,171,0,0
1777221503575,3,POST /reviews/,400,Bad Request,Review Submission Load Test 3-68,text,false,"Test failed: code expected to equal /

****** received  : [[[400]]]

****** comparison: [[[201]]]

/",188,440,1,3,http://localhost:8004/reviews/,3,0,0
1777221503578,3,GET /restaurants?q=ramen,200,OK,Restaurant Search Load Test 2-69,text,true,,587,137,1,2,http://localhost:8002/restaurants/?q=ramen,3,0,0
1777221503578,171,POST /auth/login,200,OK,Login Load Test 1-69,text,true,,316,251,1,2,http://localhost:8001/auth/login,171,0,0
1777221503600,171,Login for Token,200,OK,Review Submission Load Test 3-69,text,true,,316,251,1,1,http://localhost:8001/auth/login,171,0,0
1777221503772,2,POST /reviews/,400,Bad Request,Review Submission Load Test 3-69,text,false,"Test failed: code expected to equal /

****** received  : [[[400]]]

****** comparison: [[[201]]]

/",188,440,1,1,http://localhost:8004/reviews/,2,0,0
1777221503776,4,GET /restaurants?q=ramen,200,OK,Restaurant Search Load Test 2-70,text,true,,587,137,1,1,http://localhost:8002/restaurants/?q=ramen,4,0,0
1777221503781,171,POST /auth/login,200,OK,Login Load Test 1-70,text,true,,316,251,1,2,http://localhost:8001/auth/login,171,0,0
1777221503800,171,Login for Token,200,OK,Review Submission Load Test 3-70,text,true,,316,251,1,1,http://localhost:8001/auth/login,171,0,0
1777221503971,3,POST /reviews/,400,Bad Request,Review Submission Load Test 3-70,text,false,"Test failed: code expected to equal /

****** received  : [[[400]]]

****** comparison: [[[201]]]

/",188,440,1,1,http://localhost:8004/reviews/,3,0,0
1777221503981,3,GET /restaurants?q=ramen,200,OK,Restaurant Search Load Test 2-71,text,true,,587,137,1,2,http://localhost:8002/restaurants/?q=ramen,3,0,0
1777221503982,173,POST /auth/login,200,OK,Login Load Test 1-71,text,true,,316,251,1,2,http://localhost:8001/auth/login,173,0,0
1777221504004,173,Login for Token,200,OK,Review Submission Load Test 3-71,text,true,,316,251,1,1,http://localhost:8001/auth/login,173,0,0
1777221504177,3,POST /reviews/,400,Bad Request,Review Submission Load Test 3-71,text,false,"Test failed: code expected to equal /

****** received  : [[[400]]]

****** comparison: [[[201]]]

/",188,440,1,3,http://localhost:8004/reviews/,3,0,1
1777221504179,3,GET /restaurants?q=ramen,200,OK,Restaurant Search Load Test 2-72,text,true,,587,137,1,2,http://localhost:8002/restaurants/?q=ramen,3,0,0
1777221504179,171,POST /auth/login,200,OK,Login Load Test 1-72,text,true,,316,251,1,2,http://localhost:8001/auth/login,171,0,0
1777221504204,171,Login for Token,200,OK,Review Submission Load Test 3-72,text,true,,316,251,1,2,http://localhost:8001/auth/login,171,0,0
1777221504375,2,POST /reviews/,400,Bad Request,Review Submission Load Test 3-72,text,false,"Test failed: code expected to equal /

****** received  : [[[400]]]

****** comparison: [[[201]]]

/",188,440,1,2,http://localhost:8004/reviews/,2,0,1
1777221504375,4,GET /restaurants?q=ramen,200,OK,Restaurant Search Load Test 2-73,text,true,,587,137,1,2,http://localhost:8002/restaurants/?q=ramen,4,0,1
1777221504378,171,POST /auth/login,200,OK,Login Load Test 1-73,text,true,,316,251,1,2,http://localhost:8001/auth/login,171,0,0
1777221504403,172,Login for Token,200,OK,Review Submission Load Test 3-73,text,true,,316,251,1,1,http://localhost:8001/auth/login,172,0,1
1777221504575,3,POST /reviews/,400,Bad Request,Review Submission Load Test 3-73,text,false,"Test failed: code expected to equal /

****** received  : [[[400]]]

****** comparison: [[[201]]]

/",188,440,1,1,http://localhost:8004/reviews/,3,0,0
1777221504579,4,GET /restaurants?q=ramen,200,OK,Restaurant Search Load Test 2-74,text,true,,587,137,1,2,http://localhost:8002/restaurants/?q=ramen,4,0,0
1777221504579,170,POST /auth/login,200,OK,Login Load Test 1-74,text,true,,316,251,1,2,http://localhost:8001/auth/login,170,0,0
1777221504603,170,Login for Token,200,OK,Review Submission Load Test 3-74,text,true,,316,251,1,1,http://localhost:8001/auth/login,170,0,1
1777221504773,3,POST /reviews/,400,Bad Request,Review Submission Load Test 3-74,text,false,"Test failed: code expected to equal /

****** received  : [[[400]]]

****** comparison: [[[201]]]

/",188,440,1,1,http://localhost:8004/reviews/,3,0,1
1777221504779,3,GET /restaurants?q=ramen,200,OK,Restaurant Search Load Test 2-75,text,true,,587,137,1,2,http://localhost:8002/restaurants/?q=ramen,3,0,0
1777221504779,171,POST /auth/login,200,OK,Login Load Test 1-75,text,true,,316,251,1,2,http://localhost:8001/auth/login,171,0,0
1777221504799,171,Login for Token,200,OK,Review Submission Load Test 3-75,text,true,,316,251,1,1,http://localhost:8001/auth/login,171,0,0
1777221504971,2,POST /reviews/,400,Bad Request,Review Submission Load Test 3-75,text,false,"Test failed: code expected to equal /

****** received  : [[[400]]]

****** comparison: [[[201]]]

/",188,440,1,1,http://localhost:8004/reviews/,2,0,0
1777221504979,3,GET /restaurants?q=ramen,200,OK,Restaurant Search Load Test 2-76,text,true,,587,137,1,2,http://localhost:8002/restaurants/?q=ramen,3,0,0
1777221504979,172,POST /auth/login,200,OK,Login Load Test 1-76,text,true,,316,251,1,2,http://localhost:8001/auth/login,172,0,0
1777221505003,173,Login for Token,200,OK,Review Submission Load Test 3-76,text,true,,316,251,1,1,http://localhost:8001/auth/login,173,0,0
1777221505175,3,POST /reviews/,400,Bad Request,Review Submission Load Test 3-76,text,false,"Test failed: code expected to equal /

****** received  : [[[400]]]

****** comparison: [[[201]]]

/",188,440,1,3,http://localhost:8004/reviews/,3,0,0
1777221505175,4,GET /restaurants?q=ramen,200,OK,Restaurant Search Load Test 2-77,text,true,,587,137,1,2,http://localhost:8002/restaurants/?q=ramen,4,0,1
1777221505178,171,POST /auth/login,200,OK,Login Load Test 1-77,text,true,,316,251,1,2,http://localhost:8001/auth/login,171,0,0
1777221505198,172,Login for Token,200,OK,Review Submission Load Test 3-77,text,true,,316,251,1,1,http://localhost:8001/auth/login,172,0,0
1777221505370,3,POST /reviews/,400,Bad Request,Review Submission Load Test 3-77,text,false,"Test failed: code expected to equal /

****** received  : [[[400]]]

****** comparison: [[[201]]]

/",188,440,1,1,http://localhost:8004/reviews/,3,0,0
1777221505378,3,GET /restaurants?q=ramen,200,OK,Restaurant Search Load Test 2-78,text,true,,587,137,1,2,http://localhost:8002/restaurants/?q=ramen,3,0,0
1777221505377,173,POST /auth/login,200,OK,Login Load Test 1-78,text,true,,316,251,1,2,http://localhost:8001/auth/login,173,0,1
1777221505401,172,Login for Token,200,OK,Review Submission Load Test 3-78,text,true,,316,251,1,1,http://localhost:8001/auth/login,172,0,0
1777221505574,2,POST /reviews/,400,Bad Request,Review Submission Load Test 3-78,text,false,"Test failed: code expected to equal /

****** received  : [[[400]]]

****** comparison: [[[201]]]

/",188,440,1,1,http://localhost:8004/reviews/,2,0,0
1777221505578,4,GET /restaurants?q=ramen,200,OK,Restaurant Search Load Test 2-79,text,true,,587,137,1,2,http://localhost:8002/restaurants/?q=ramen,4,0,1
1777221505579,172,POST /auth/login,200,OK,Login Load Test 1-79,text,true,,316,251,1,2,http://localhost:8001/auth/login,172,0,0
1777221505602,173,Login for Token,200,OK,Review Submission Load Test 3-79,text,true,,316,251,1,1,http://localhost:8001/auth/login,173,0,1
1777221505775,3,POST /reviews/,400,Bad Request,Review Submission Load Test 3-79,text,false,"Test failed: code expected to equal /

****** received  : [[[400]]]

****** comparison: [[[201]]]

/",188,440,1,3,http://localhost:8004/reviews/,3,0,0
1777221505778,3,GET /restaurants?q=ramen,200,OK,Restaurant Search Load Test 2-80,text,true,,587,137,1,2,http://localhost:8002/restaurants/?q=ramen,3,0,0
1777221505778,172,POST /auth/login,200,OK,Login Load Test 1-80,text,true,,316,251,1,2,http://localhost:8001/auth/login,172,0,0
1777221505803,172,Login for Token,200,OK,Review Submission Load Test 3-80,text,true,,316,251,1,1,http://localhost:8001/auth/login,172,0,0
1777221505975,2,POST /reviews/,400,Bad Request,Review Submission Load Test 3-80,text,false,"Test failed: code expected to equal /

****** received  : [[[400]]]

****** comparison: [[[201]]]

/",188,440,1,2,http://localhost:8004/reviews/,2,0,0
1777221505978,3,GET /restaurants?q=ramen,200,OK,Restaurant Search Load Test 2-81,text,true,,587,137,1,2,http://localhost:8002/restaurants/?q=ramen,3,0,0
1777221505978,171,POST /auth/login,200,OK,Login Load Test 1-81,text,true,,316,251,1,2,http://localhost:8001/auth/login,171,0,0
1777221506003,172,Login for Token,200,OK,Review Submission Load Test 3-81,text,true,,316,251,1,3,http://localhost:8001/auth/login,172,0,1
1777221506175,2,POST /reviews/,400,Bad Request,Review Submission Load Test 3-81,text,false,"Test failed: code expected to equal /

****** received  : [[[400]]]

****** comparison: [[[201]]]

/",188,440,1,3,http://localhost:8004/reviews/,2,0,0
1777221506174,3,GET /restaurants?q=ramen,200,OK,Restaurant Search Load Test 2-82,text,true,,587,137,1,2,http://localhost:8002/restaurants/?q=ramen,3,0,0
1777221506174,171,POST /auth/login,200,OK,Login Load Test 1-82,text,true,,316,251,1,2,http://localhost:8001/auth/login,171,0,1
1777221506204,171,Login for Token,200,OK,Review Submission Load Test 3-82,text,true,,316,251,1,1,http://localhost:8001/auth/login,171,0,0
1777221506376,2,POST /reviews/,400,Bad Request,Review Submission Load Test 3-82,text,false,"Test failed: code expected to equal /

****** received  : [[[400]]]

****** comparison: [[[201]]]

/",188,440,1,3,http://localhost:8004/reviews/,2,0,0
1777221506377,3,GET /restaurants?q=ramen,200,OK,Restaurant Search Load Test 2-83,text,true,,587,137,1,2,http://localhost:8002/restaurants/?q=ramen,3,0,0
1777221506377,171,POST /auth/login,200,OK,Login Load Test 1-83,text,true,,316,251,1,2,http://localhost:8001/auth/login,171,0,0
1777221506398,171,Login for Token,200,OK,Review Submission Load Test 3-83,text,true,,316,251,1,1,http://localhost:8001/auth/login,171,0,0
1777221506569,3,POST /reviews/,400,Bad Request,Review Submission Load Test 3-83,text,false,"Test failed: code expected to equal /

****** received  : [[[400]]]

****** comparison: [[[201]]]

/",188,440,1,1,http://localhost:8004/reviews/,3,0,1
1777221506576,4,GET /restaurants?q=ramen,200,OK,Restaurant Search Load Test 2-84,text,true,,587,137,1,2,http://localhost:8002/restaurants/?q=ramen,4,0,1
1777221506574,171,POST /auth/login,200,OK,Login Load Test 1-84,text,true,,316,251,1,2,http://localhost:8001/auth/login,171,0,1
1777221506603,170,Login for Token,200,OK,Review Submission Load Test 3-84,text,true,,316,251,1,2,http://localhost:8001/auth/login,170,0,0
1777221506774,2,POST /reviews/,400,Bad Request,Review Submission Load Test 3-84,text,false,"Test failed: code expected to equal /

****** received  : [[[400]]]

****** comparison: [[[201]]]

/",188,440,1,2,http://localhost:8004/reviews/,2,0,0
1777221506778,4,GET /restaurants?q=ramen,200,OK,Restaurant Search Load Test 2-85,text,true,,587,137,1,2,http://localhost:8002/restaurants/?q=ramen,4,0,0
1777221506773,172,POST /auth/login,200,OK,Login Load Test 1-85,text,true,,316,251,1,2,http://localhost:8001/auth/login,172,0,0
1777221506802,171,Login for Token,200,OK,Review Submission Load Test 3-85,text,true,,316,251,1,2,http://localhost:8001/auth/login,171,0,1
1777221506973,2,POST /reviews/,400,Bad Request,Review Submission Load Test 3-85,text,false,"Test failed: code expected to equal /

****** received  : [[[400]]]

****** comparison: [[[201]]]

/",188,440,1,2,http://localhost:8004/reviews/,2,0,0
1777221506976,2,GET /restaurants?q=ramen,200,OK,Restaurant Search Load Test 2-86,text,true,,587,137,1,2,http://localhost:8002/restaurants/?q=ramen,2,0,1
1777221506973,172,POST /auth/login,200,OK,Login Load Test 1-86,text,true,,316,251,1,2,http://localhost:8001/auth/login,172,0,0
1777221507003,171,Login for Token,200,OK,Review Submission Load Test 3-86,text,true,,316,251,1,1,http://localhost:8001/auth/login,171,0,0
1777221507175,2,POST /reviews/,400,Bad Request,Review Submission Load Test 3-86,text,false,"Test failed: code expected to equal /

****** received  : [[[400]]]

****** comparison: [[[201]]]

/",188,440,1,2,http://localhost:8004/reviews/,2,0,0
1777221507178,3,GET /restaurants?q=ramen,200,OK,Restaurant Search Load Test 2-87,text,true,,587,137,1,2,http://localhost:8002/restaurants/?q=ramen,3,0,0
1777221507175,171,POST /auth/login,200,OK,Login Load Test 1-87,text,true,,316,251,1,2,http://localhost:8001/auth/login,171,0,0
1777221507203,171,Login for Token,200,OK,Review Submission Load Test 3-87,text,true,,316,251,1,1,http://localhost:8001/auth/login,171,0,0
1777221507374,3,POST /reviews/,400,Bad Request,Review Submission Load Test 3-87,text,false,"Test failed: code expected to equal /

****** received  : [[[400]]]

****** comparison: [[[201]]]

/",188,440,1,1,http://localhost:8004/reviews/,3,0,0
1777221507378,4,GET /restaurants?q=ramen,200,OK,Restaurant Search Load Test 2-88,text,true,,587,137,1,2,http://localhost:8002/restaurants/?q=ramen,4,0,1
1777221507378,170,POST /auth/login,200,OK,Login Load Test 1-88,text,true,,316,251,1,2,http://localhost:8001/auth/login,170,0,0
1777221507402,171,Login for Token,200,OK,Review Submission Load Test 3-88,text,true,,316,251,1,1,http://localhost:8001/auth/login,171,0,1
1777221507573,2,POST /reviews/,400,Bad Request,Review Submission Load Test 3-88,text,false,"Test failed: code expected to equal /

****** received  : [[[400]]]

****** comparison: [[[201]]]

/",188,440,1,3,http://localhost:8004/reviews/,2,0,1
1777221507574,3,GET /restaurants?q=ramen,200,OK,Restaurant Search Load Test 2-89,text,true,,587,137,1,2,http://localhost:8002/restaurants/?q=ramen,3,0,0
1777221507574,170,POST /auth/login,200,OK,Login Load Test 1-89,text,true,,316,251,1,2,http://localhost:8001/auth/login,170,0,0
1777221507603,170,Login for Token,200,OK,Review Submission Load Test 3-89,text,true,,316,251,1,1,http://localhost:8001/auth/login,170,0,0
1777221507773,2,POST /reviews/,400,Bad Request,Review Submission Load Test 3-89,text,false,"Test failed: code expected to equal /

****** received  : [[[400]]]

****** comparison: [[[201]]]

/",188,440,1,3,http://localhost:8004/reviews/,2,0,1
1777221507775,3,GET /restaurants?q=ramen,200,OK,Restaurant Search Load Test 2-90,text,true,,587,137,1,2,http://localhost:8002/restaurants/?q=ramen,3,0,0
1777221507774,171,POST /auth/login,200,OK,Login Load Test 1-90,text,true,,316,251,1,2,http://localhost:8001/auth/login,171,0,1
1777221507804,171,Login for Token,200,OK,Review Submission Load Test 3-90,text,true,,316,251,1,2,http://localhost:8001/auth/login,171,0,0
1777221507975,2,POST /reviews/,400,Bad Request,Review Submission Load Test 3-90,text,false,"Test failed: code expected to equal /

****** received  : [[[400]]]

****** comparison: [[[201]]]

/",188,440,1,3,http://localhost:8004/reviews/,2,0,0
1777221507976,3,GET /restaurants?q=ramen,200,OK,Restaurant Search Load Test 2-91,text,true,,587,137,1,2,http://localhost:8002/restaurants/?q=ramen,3,0,0
1777221507975,171,POST /auth/login,200,OK,Login Load Test 1-91,text,true,,316,251,1,2,http://localhost:8001/auth/login,171,0,0
1777221507998,172,Login for Token,200,OK,Review Submission Load Test 3-91,text,true,,316,251,1,1,http://localhost:8001/auth/login,171,0,0
1777221508170,2,POST /reviews/,400,Bad Request,Review Submission Load Test 3-91,text,false,"Test failed: code expected to equal /

****** received  : [[[400]]]

****** comparison: [[[201]]]

/",188,440,1,1,http://localhost:8004/reviews/,2,0,0
1777221508176,3,GET /restaurants?q=ramen,200,OK,Restaurant Search Load Test 2-92,text,true,,587,137,1,2,http://localhost:8002/restaurants/?q=ramen,3,0,1
1777221508178,170,POST /auth/login,200,OK,Login Load Test 1-92,text,true,,316,251,1,2,http://localhost:8001/auth/login,170,0,0
1777221508199,171,Login for Token,200,OK,Review Submission Load Test 3-92,text,true,,316,251,1,1,http://localhost:8001/auth/login,171,0,0
1777221508370,3,POST /reviews/,400,Bad Request,Review Submission Load Test 3-92,text,false,"Test failed: code expected to equal /

****** received  : [[[400]]]

****** comparison: [[[201]]]

/",188,440,1,1,http://localhost:8004/reviews/,3,0,1
1777221508374,4,GET /restaurants?q=ramen,200,OK,Restaurant Search Load Test 2-93,text,true,,587,137,1,1,http://localhost:8002/restaurants/?q=ramen,4,0,1
1777221508379,171,POST /auth/login,200,OK,Login Load Test 1-93,text,true,,316,251,1,2,http://localhost:8001/auth/login,171,0,0
1777221508402,171,Login for Token,200,OK,Review Submission Load Test 3-93,text,true,,316,251,1,1,http://localhost:8001/auth/login,171,0,0
1777221508573,3,POST /reviews/,400,Bad Request,Review Submission Load Test 3-93,text,false,"Test failed: code expected to equal /

****** received  : [[[400]]]

****** comparison: [[[201]]]

/",188,440,1,1,http://localhost:8004/reviews/,3,0,0
1777221508578,4,GET /restaurants?q=ramen,200,OK,Restaurant Search Load Test 2-94,text,true,,587,137,1,2,http://localhost:8002/restaurants/?q=ramen,4,0,1
1777221508577,171,POST /auth/login,200,OK,Login Load Test 1-94,text,true,,316,251,1,2,http://localhost:8001/auth/login,171,0,0
1777221508601,171,Login for Token,200,OK,Review Submission Load Test 3-94,text,true,,316,251,1,2,http://localhost:8001/auth/login,171,0,0
1777221508772,2,POST /reviews/,400,Bad Request,Review Submission Load Test 3-94,text,false,"Test failed: code expected to equal /

****** received  : [[[400]]]

****** comparison: [[[201]]]

/",188,440,1,3,http://localhost:8004/reviews/,2,0,1
1777221508774,4,GET /restaurants?q=ramen,200,OK,Restaurant Search Load Test 2-95,text,true,,587,137,1,2,http://localhost:8002/restaurants/?q=ramen,4,0,1
1777221508771,171,POST /auth/login,200,OK,Login Load Test 1-95,text,true,,316,251,1,2,http://localhost:8001/auth/login,171,0,0
1777221508800,170,Login for Token,200,OK,Review Submission Load Test 3-95,text,true,,316,251,1,2,http://localhost:8001/auth/login,170,0,0
1777221508970,2,POST /reviews/,400,Bad Request,Review Submission Load Test 3-95,text,false,"Test failed: code expected to equal /

****** received  : [[[400]]]

****** comparison: [[[201]]]

/",188,440,1,2,http://localhost:8004/reviews/,2,0,0
1777221508977,3,GET /restaurants?q=ramen,200,OK,Restaurant Search Load Test 2-96,text,true,,587,137,1,2,http://localhost:8002/restaurants/?q=ramen,3,0,0
1777221508969,174,POST /auth/login,200,OK,Login Load Test 1-96,text,true,,316,251,1,2,http://localhost:8001/auth/login,174,0,1
1777221509003,173,Login for Token,200,OK,Review Submission Load Test 3-96,text,true,,316,251,1,3,http://localhost:8001/auth/login,173,0,0
1777221509177,2,POST /reviews/,400,Bad Request,Review Submission Load Test 3-96,text,false,"Test failed: code expected to equal /

****** received  : [[[400]]]

****** comparison: [[[201]]]

/",188,440,1,3,http://localhost:8004/reviews/,2,0,0
1777221509176,4,GET /restaurants?q=ramen,200,OK,Restaurant Search Load Test 2-97,text,true,,587,137,1,2,http://localhost:8002/restaurants/?q=ramen,4,0,1
1777221509176,171,POST /auth/login,200,OK,Login Load Test 1-97,text,true,,316,251,1,2,http://localhost:8001/auth/login,171,0,1
1777221509202,171,Login for Token,200,OK,Review Submission Load Test 3-97,text,true,,316,251,1,1,http://localhost:8001/auth/login,171,0,0
1777221509373,3,POST /reviews/,400,Bad Request,Review Submission Load Test 3-97,text,false,"Test failed: code expected to equal /

****** received  : [[[400]]]

****** comparison: [[[201]]]

/",188,440,1,3,http://localhost:8004/reviews/,3,0,1
1777221509374,4,GET /restaurants?q=ramen,200,OK,Restaurant Search Load Test 2-98,text,true,,587,137,1,2,http://localhost:8002/restaurants/?q=ramen,4,0,1
1777221509374,171,POST /auth/login,200,OK,Login Load Test 1-98,text,true,,316,251,1,2,http://localhost:8001/auth/login,171,0,0
1777221509403,170,Login for Token,200,OK,Review Submission Load Test 3-98,text,true,,316,251,1,1,http://localhost:8001/auth/login,170,0,0
1777221509574,2,POST /reviews/,400,Bad Request,Review Submission Load Test 3-98,text,false,"Test failed: code expected to equal /

****** received  : [[[400]]]

****** comparison: [[[201]]]

/",188,440,1,1,http://localhost:8004/reviews/,2,0,0
1777221509576,3,GET /restaurants?q=ramen,200,OK,Restaurant Search Load Test 2-99,text,true,,587,137,1,2,http://localhost:8002/restaurants/?q=ramen,3,0,0
1777221509576,171,POST /auth/login,200,OK,Login Load Test 1-99,text,true,,316,251,1,2,http://localhost:8001/auth/login,171,0,1
1777221509602,172,Login for Token,200,OK,Review Submission Load Test 3-99,text,true,,316,251,1,2,http://localhost:8001/auth/login,172,0,1
1777221509774,2,POST /reviews/,400,Bad Request,Review Submission Load Test 3-99,text,false,"Test failed: code expected to equal /

****** received  : [[[400]]]

****** comparison: [[[201]]]

/",188,440,1,3,http://localhost:8004/reviews/,2,0,0
1777221509776,2,GET /restaurants?q=ramen,200,OK,Restaurant Search Load Test 2-100,text,true,,587,137,1,2,http://localhost:8002/restaurants/?q=ramen,2,0,0
1777221509774,174,POST /auth/login,200,OK,Login Load Test 1-100,text,true,,316,251,1,2,http://localhost:8001/auth/login,174,0,0
1777221509804,174,Login for Token,200,OK,Review Submission Load Test 3-100,text,true,,316,251,1,2,http://localhost:8001/auth/login,174,0,0
1777221509978,2,POST /reviews/,400,Bad Request,Review Submission Load Test 3-100,text,false,"Test failed: code expected to equal /

****** received  : [[[400]]]

****** comparison: [[[201]]]

/",188,440,1,3,http://localhost:8004/reviews/,2,0,0
1777221509978,3,GET /restaurants?q=ramen,200,OK,Restaurant Search Load Test 2-101,text,true,,587,137,1,2,http://localhost:8002/restaurants/?q=ramen,3,0,0
1777221509973,176,POST /auth/login,200,OK,Login Load Test 1-101,text,true,,316,251,1,2,http://localhost:8001/auth/login,176,0,0
1777221510003,175,Login for Token,200,OK,Review Submission Load Test 3-101,text,true,,316,251,1,3,http://localhost:8001/auth/login,175,0,0
1777221510177,2,GET /restaurants?q=ramen,200,OK,Restaurant Search Load Test 2-102,text,true,,587,137,1,3,http://localhost:8002/restaurants/?q=ramen,2,0,0
1777221510178,2,POST /reviews/,400,Bad Request,Review Submission Load Test 3-101,text,false,"Test failed: code expected to equal /

****** received  : [[[400]]]

****** comparison: [[[201]]]

/",188,440,1,2,http://localhost:8004/reviews/,2,0,0
1777221510169,171,POST /auth/login,200,OK,Login Load Test 1-102,text,true,,316,251,1,2,http://localhost:8001/auth/login,171,0,1
1777221510203,175,Login for Token,200,OK,Review Submission Load Test 3-102,text,true,,316,251,1,3,http://localhost:8001/auth/login,175,0,0
1777221510378,2,POST /reviews/,400,Bad Request,Review Submission Load Test 3-102,text,false,"Test failed: code expected to equal /

****** received  : [[[400]]]

****** comparison: [[[201]]]

/",188,440,1,3,http://localhost:8004/reviews/,2,0,1
1777221510378,4,GET /restaurants?q=ramen,200,OK,Restaurant Search Load Test 2-103,text,true,,587,137,1,2,http://localhost:8002/restaurants/?q=ramen,4,0,0
1777221510373,178,POST /auth/login,200,OK,Login Load Test 1-103,text,true,,316,251,1,2,http://localhost:8001/auth/login,178,0,1
1777221510401,176,Login for Token,200,OK,Review Submission Load Test 3-103,text,true,,316,251,1,3,http://localhost:8001/auth/login,176,0,0
1777221510577,2,POST /reviews/,400,Bad Request,Review Submission Load Test 3-103,text,false,"Test failed: code expected to equal /

****** received  : [[[400]]]

****** comparison: [[[201]]]

/",188,440,1,3,http://localhost:8004/reviews/,2,0,0
1777221510577,2,GET /restaurants?q=ramen,200,OK,Restaurant Search Load Test 2-104,text,true,,587,137,1,3,http://localhost:8002/restaurants/?q=ramen,2,0,0
1777221510574,173,POST /auth/login,200,OK,Login Load Test 1-104,text,true,,316,251,1,2,http://localhost:8001/auth/login,173,0,1
1777221510599,172,Login for Token,200,OK,Review Submission Load Test 3-104,text,true,,316,251,1,1,http://localhost:8001/auth/login,172,0,1
1777221510771,2,POST /reviews/,400,Bad Request,Review Submission Load Test 3-104,text,false,"Test failed: code expected to equal /

****** received  : [[[400]]]

****** comparison: [[[201]]]

/",188,440,1,2,http://localhost:8004/reviews/,2,0,0
1777221510777,3,GET /restaurants?q=ramen,200,OK,Restaurant Search Load Test 2-105,text,true,,587,137,1,2,http://localhost:8002/restaurants/?q=ramen,3,0,0
1777221510772,173,POST /auth/login,200,OK,Login Load Test 1-105,text,true,,316,251,1,2,http://localhost:8001/auth/login,173,0,0
1777221510800,172,Login for Token,200,OK,Review Submission Load Test 3-105,text,true,,316,251,1,2,http://localhost:8001/auth/login,172,0,0
1777221510972,2,POST /reviews/,400,Bad Request,Review Submission Load Test 3-105,text,false,"Test failed: code expected to equal /

****** received  : [[[400]]]

****** comparison: [[[201]]]

/",188,440,1,2,http://localhost:8004/reviews/,2,0,1
1777221510975,3,GET /restaurants?q=ramen,200,OK,Restaurant Search Load Test 2-106,text,true,,587,137,1,2,http://localhost:8002/restaurants/?q=ramen,3,0,0
1777221510972,173,POST /auth/login,200,OK,Login Load Test 1-106,text,true,,316,251,1,2,http://localhost:8001/auth/login,173,0,0
1777221511000,173,Login for Token,200,OK,Review Submission Load Test 3-106,text,true,,316,251,1,2,http://localhost:8001/auth/login,173,0,0
1777221511173,3,POST /reviews/,400,Bad Request,Review Submission Load Test 3-106,text,false,"Test failed: code expected to equal /

****** received  : [[[400]]]

****** comparison: [[[201]]]

/",188,440,1,2,http://localhost:8004/reviews/,3,0,1
1777221511177,4,GET /restaurants?q=ramen,200,OK,Restaurant Search Load Test 2-107,text,true,,587,137,1,2,http://localhost:8002/restaurants/?q=ramen,4,0,1
1777221511172,173,POST /auth/login,200,OK,Login Load Test 1-107,text,true,,316,251,1,2,http://localhost:8001/auth/login,173,0,1
1777221511203,172,Login for Token,200,OK,Review Submission Load Test 3-107,text,true,,316,251,1,1,http://localhost:8001/auth/login,172,0,0
1777221511375,2,POST /reviews/,400,Bad Request,Review Submission Load Test 3-107,text,false,"Test failed: code expected to equal /

****** received  : [[[400]]]

****** comparison: [[[201]]]

/",188,440,1,2,http://localhost:8004/reviews/,2,0,0
1777221511379,3,GET /restaurants?q=ramen,200,OK,Restaurant Search Load Test 2-108,text,true,,587,137,1,2,http://localhost:8002/restaurants/?q=ramen,3,0,0
1777221511376,173,POST /auth/login,200,OK,Login Load Test 1-108,text,true,,316,251,1,2,http://localhost:8001/auth/login,173,0,0
1777221511403,172,Login for Token,200,OK,Review Submission Load Test 3-108,text,true,,316,251,1,3,http://localhost:8001/auth/login,172,0,0
1777221511574,2,GET /restaurants?q=ramen,200,OK,Restaurant Search Load Test 2-109,text,true,,587,137,1,3,http://localhost:8002/restaurants/?q=ramen,2,0,0
1777221511575,2,POST /reviews/,400,Bad Request,Review Submission Load Test 3-108,text,false,"Test failed: code expected to equal /

****** received  : [[[400]]]

****** comparison: [[[201]]]

/",188,440,1,2,http://localhost:8004/reviews/,2,0,0
1777221511571,172,POST /auth/login,200,OK,Login Load Test 1-109,text,true,,316,251,1,2,http://localhost:8001/auth/login,172,0,1
1777221511603,171,Login for Token,200,OK,Review Submission Load Test 3-109,text,true,,316,251,1,2,http://localhost:8001/auth/login,171,0,0
1777221511774,2,POST /reviews/,400,Bad Request,Review Submission Load Test 3-109,text,false,"Test failed: code expected to equal /

****** received  : [[[400]]]

****** comparison: [[[201]]]

/",188,440,1,3,http://localhost:8004/reviews/,2,0,0
1777221511776,3,GET /restaurants?q=ramen,200,OK,Restaurant Search Load Test 2-110,text,true,,587,137,1,2,http://localhost:8002/restaurants/?q=ramen,3,0,0
1777221511771,171,POST /auth/login,200,OK,Login Load Test 1-110,text,true,,316,251,1,2,http://localhost:8001/auth/login,171,0,0
1777221511802,170,Login for Token,200,OK,Review Submission Load Test 3-110,text,true,,316,251,1,2,http://localhost:8001/auth/login,170,0,0
1777221511973,2,POST /reviews/,400,Bad Request,Review Submission Load Test 3-110,text,false,"Test failed: code expected to equal /

****** received  : [[[400]]]

****** comparison: [[[201]]]

/",188,440,1,2,http://localhost:8004/reviews/,2,0,0
1777221511978,3,GET /restaurants?q=ramen,200,OK,Restaurant Search Load Test 2-111,text,true,,587,137,1,2,http://localhost:8002/restaurants/?q=ramen,3,0,0
1777221511969,188,POST /auth/login,200,OK,Login Load Test 1-111,text,true,,316,251,1,2,http://localhost:8001/auth/login,188,0,1
1777221512179,2,GET /restaurants?q=ramen,200,OK,Restaurant Search Load Test 2-112,text,true,,587,137,1,3,http://localhost:8002/restaurants/?q=ramen,2,0,0
1777221512002,188,Login for Token,200,OK,Review Submission Load Test 3-111,text,true,,316,251,1,2,http://localhost:8001/auth/login,188,0,1
1777221512191,1,POST /reviews/,400,Bad Request,Review Submission Load Test 3-111,text,false,"Test failed: code expected to equal /

****** received  : [[[400]]]

****** comparison: [[[201]]]

/",188,440,1,2,http://localhost:8004/reviews/,1,0,0
1777221512176,175,POST /auth/login,200,OK,Login Load Test 1-112,text,true,,316,251,1,2,http://localhost:8001/auth/login,175,0,1
1777221512198,171,Login for Token,200,OK,Review Submission Load Test 3-112,text,true,,316,251,1,1,http://localhost:8001/auth/login,171,0,0
1777221512370,1,POST /reviews/,400,Bad Request,Review Submission Load Test 3-112,text,false,"Test failed: code expected to equal /

****** received  : [[[400]]]

****** comparison: [[[201]]]

/",188,440,1,1,http://localhost:8004/reviews/,1,0,0
1777221512379,1,GET /restaurants?q=ramen,200,OK,Restaurant Search Load Test 2-113,text,true,,587,137,1,2,http://localhost:8002/restaurants/?q=ramen,1,0,0
1777221512372,173,POST /auth/login,200,OK,Login Load Test 1-113,text,true,,316,251,1,2,http://localhost:8001/auth/login,173,0,0
1777221512400,175,Login for Token,200,OK,Review Submission Load Test 3-113,text,true,,316,251,1,2,http://localhost:8001/auth/login,175,0,0
1777221512575,1,POST /reviews/,400,Bad Request,Review Submission Load Test 3-113,text,false,"Test failed: code expected to equal /

****** received  : [[[400]]]

****** comparison: [[[201]]]

/",188,440,1,2,http://localhost:8004/reviews/,1,0,0
1777221512578,2,GET /restaurants?q=ramen,200,OK,Restaurant Search Load Test 2-114,text,true,,587,137,1,2,http://localhost:8002/restaurants/?q=ramen,2,0,0
1777221512570,189,POST /auth/login,200,OK,Login Load Test 1-114,text,true,,316,251,1,2,http://localhost:8001/auth/login,189,0,0
1777221512780,1,GET /restaurants?q=ramen,200,OK,Restaurant Search Load Test 2-115,text,true,,587,137,1,3,http://localhost:8002/restaurants/?q=ramen,1,0,0
1777221512599,188,Login for Token,200,OK,Review Submission Load Test 3-114,text,true,,316,251,1,2,http://localhost:8001/auth/login,188,0,0
1777221512787,2,POST /reviews/,400,Bad Request,Review Submission Load Test 3-114,text,false,"Test failed: code expected to equal /

****** received  : [[[400]]]

****** comparison: [[[201]]]

/",188,440,1,2,http://localhost:8004/reviews/,2,0,0
1777221512769,177,POST /auth/login,200,OK,Login Load Test 1-115,text,true,,316,251,1,2,http://localhost:8001/auth/login,177,0,0
1777221512802,177,Login for Token,200,OK,Review Submission Load Test 3-115,text,true,,316,251,1,3,http://localhost:8001/auth/login,177,0,1
1777221512978,1,GET /restaurants?q=ramen,200,OK,Restaurant Search Load Test 2-116,text,true,,587,137,1,3,http://localhost:8002/restaurants/?q=ramen,1,0,0
1777221512979,2,POST /reviews/,400,Bad Request,Review Submission Load Test 3-115,text,false,"Test failed: code expected to equal /

****** received  : [[[400]]]

****** comparison: [[[201]]]

/",188,440,1,2,http://localhost:8004/reviews/,2,0,1
1777221512969,176,POST /auth/login,200,OK,Login Load Test 1-116,text,true,,316,251,1,2,http://localhost:8001/auth/login,176,0,1
1777221513004,173,Login for Token,200,OK,Review Submission Load Test 3-116,text,true,,316,251,1,3,http://localhost:8001/auth/login,173,0,1
1777221513174,3,GET /restaurants?q=ramen,200,OK,Restaurant Search Load Test 2-117,text,true,,587,137,1,3,http://localhost:8002/restaurants/?q=ramen,3,0,0
1777221513177,2,POST /reviews/,400,Bad Request,Review Submission Load Test 3-116,text,false,"Test failed: code expected to equal /

****** received  : [[[400]]]

****** comparison: [[[201]]]

/",188,440,1,2,http://localhost:8004/reviews/,2,0,0
1777221513172,172,POST /auth/login,200,OK,Login Load Test 1-117,text,true,,316,251,1,2,http://localhost:8001/auth/login,172,0,1
1777221513202,171,Login for Token,200,OK,Review Submission Load Test 3-117,text,true,,316,251,1,2,http://localhost:8001/auth/login,171,0,0
1777221513373,1,POST /reviews/,400,Bad Request,Review Submission Load Test 3-117,text,false,"Test failed: code expected to equal /

****** received  : [[[400]]]

****** comparison: [[[201]]]

/",188,440,1,2,http://localhost:8004/reviews/,1,0,0
1777221513378,2,GET /restaurants?q=ramen,200,OK,Restaurant Search Load Test 2-118,text,true,,587,137,1,2,http://localhost:8002/restaurants/?q=ramen,2,0,0
1777221513369,171,POST /auth/login,200,OK,Login Load Test 1-118,text,true,,316,251,1,2,http://localhost:8001/auth/login,171,0,1
1777221513402,172,Login for Token,200,OK,Review Submission Load Test 3-118,text,true,,316,251,1,1,http://localhost:8001/auth/login,172,0,1
1777221513574,3,POST /reviews/,400,Bad Request,Review Submission Load Test 3-118,text,false,"Test failed: code expected to equal /

****** received  : [[[400]]]

****** comparison: [[[201]]]

/",188,440,1,3,http://localhost:8004/reviews/,3,0,0
1777221513575,3,GET /restaurants?q=ramen,200,OK,Restaurant Search Load Test 2-119,text,true,,587,137,1,2,http://localhost:8002/restaurants/?q=ramen,3,0,0
1777221513575,172,POST /auth/login,200,OK,Login Load Test 1-119,text,true,,316,251,1,2,http://localhost:8001/auth/login,172,0,0
1777221513600,172,Login for Token,200,OK,Review Submission Load Test 3-119,text,true,,316,251,1,2,http://localhost:8001/auth/login,172,0,0
1777221513772,2,POST /reviews/,400,Bad Request,Review Submission Load Test 3-119,text,false,"Test failed: code expected to equal /

****** received  : [[[400]]]

****** comparison: [[[201]]]

/",188,440,1,2,http://localhost:8004/reviews/,2,0,0
1777221513776,3,GET /restaurants?q=ramen,200,OK,Restaurant Search Load Test 2-120,text,true,,587,137,1,2,http://localhost:8002/restaurants/?q=ramen,3,0,0
1777221513769,173,POST /auth/login,200,OK,Login Load Test 1-120,text,true,,316,251,1,2,http://localhost:8001/auth/login,173,0,1
1777221513799,171,Login for Token,200,OK,Review Submission Load Test 3-120,text,true,,316,251,1,1,http://localhost:8001/auth/login,171,0,0
1777221513971,2,POST /reviews/,400,Bad Request,Review Submission Load Test 3-120,text,false,"Test failed: code expected to equal /

****** received  : [[[400]]]

****** comparison: [[[201]]]

/",188,440,1,1,http://localhost:8004/reviews/,2,0,0
1777221513976,3,GET /restaurants?q=ramen,200,OK,Restaurant Search Load Test 2-121,text,true,,587,137,1,2,http://localhost:8002/restaurants/?q=ramen,3,0,0
1777221513973,171,POST /auth/login,200,OK,Login Load Test 1-121,text,true,,316,251,1,2,http://localhost:8001/auth/login,171,0,1
1777221514000,171,Login for Token,200,OK,Review Submission Load Test 3-121,text,true,,316,251,1,2,http://localhost:8001/auth/login,171,0,0
1777221514171,2,POST /reviews/,400,Bad Request,Review Submission Load Test 3-121,text,false,"Test failed: code expected to equal /

****** received  : [[[400]]]

****** comparison: [[[201]]]

/",188,440,1,2,http://localhost:8004/reviews/,2,0,0
1777221514178,3,GET /restaurants?q=ramen,200,OK,Restaurant Search Load Test 2-122,text,true,,587,137,1,2,http://localhost:8002/restaurants/?q=ramen,3,0,0
1777221514170,172,POST /auth/login,200,OK,Login Load Test 1-122,text,true,,316,251,1,2,http://localhost:8001/auth/login,172,0,0
1777221514203,170,Login for Token,200,OK,Review Submission Load Test 3-122,text,true,,316,251,1,2,http://localhost:8001/auth/login,170,0,0
1777221514374,2,POST /reviews/,400,Bad Request,Review Submission Load Test 3-122,text,false,"Test failed: code expected to equal /

****** received  : [[[400]]]

****** comparison: [[[201]]]

/",188,440,1,3,http://localhost:8004/reviews/,2,0,0
1777221514374,3,GET /restaurants?q=ramen,200,OK,Restaurant Search Load Test 2-123,text,true,,587,137,1,2,http://localhost:8002/restaurants/?q=ramen,3,0,0
1777221514366,172,POST /auth/login,200,OK,Login Load Test 1-123,text,true,,316,251,1,2,http://localhost:8001/auth/login,172,0,1
1777221514402,171,Login for Token,200,OK,Review Submission Load Test 3-123,text,true,,316,251,1,1,http://localhost:8001/auth/login,171,0,0
1777221514573,3,POST /reviews/,400,Bad Request,Review Submission Load Test 3-123,text,false,"Test failed: code expected to equal /

****** received  : [[[400]]]

****** comparison: [[[201]]]

/",188,440,1,3,http://localhost:8004/reviews/,3,0,0
1777221514574,4,GET /restaurants?q=ramen,200,OK,Restaurant Search Load Test 2-124,text,true,,587,137,1,2,http://localhost:8002/restaurants/?q=ramen,4,0,0
1777221514574,171,POST /auth/login,200,OK,Login Load Test 1-124,text,true,,316,251,1,2,http://localhost:8001/auth/login,171,0,0
1777221514601,171,Login for Token,200,OK,Review Submission Load Test 3-124,text,true,,316,251,1,2,http://localhost:8001/auth/login,171,0,0
1777221514772,2,POST /reviews/,400,Bad Request,Review Submission Load Test 3-124,text,false,"Test failed: code expected to equal /

****** received  : [[[400]]]

****** comparison: [[[201]]]

/",188,440,1,2,http://localhost:8004/reviews/,2,0,0
1777221514774,4,GET /restaurants?q=ramen,200,OK,Restaurant Search Load Test 2-125,text,true,,587,137,1,2,http://localhost:8002/restaurants/?q=ramen,4,0,0
1777221514769,172,POST /auth/login,200,OK,Login Load Test 1-125,text,true,,316,251,1,2,http://localhost:8001/auth/login,172,0,1
1777221514802,171,Login for Token,200,OK,Review Submission Load Test 3-125,text,true,,316,251,1,1,http://localhost:8001/auth/login,171,0,0
1777221514973,2,POST /reviews/,400,Bad Request,Review Submission Load Test 3-125,text,false,"Test failed: code expected to equal /

****** received  : [[[400]]]

****** comparison: [[[201]]]

/",188,440,1,2,http://localhost:8004/reviews/,2,0,0
1777221514977,3,GET /restaurants?q=ramen,200,OK,Restaurant Search Load Test 2-126,text,true,,587,137,1,2,http://localhost:8002/restaurants/?q=ramen,3,0,0
1777221514973,172,POST /auth/login,200,OK,Login Load Test 1-126,text,true,,316,251,1,2,http://localhost:8001/auth/login,172,0,0
1777221515003,172,Login for Token,200,OK,Review Submission Load Test 3-126,text,true,,316,251,1,3,http://localhost:8001/auth/login,172,0,0
1777221515176,2,POST /reviews/,400,Bad Request,Review Submission Load Test 3-126,text,false,"Test failed: code expected to equal /

****** received  : [[[400]]]

****** comparison: [[[201]]]

/",188,440,1,3,http://localhost:8004/reviews/,2,0,0
1777221515175,3,GET /restaurants?q=ramen,200,OK,Restaurant Search Load Test 2-127,text,true,,587,137,1,2,http://localhost:8002/restaurants/?q=ramen,3,0,0
1777221515174,171,POST /auth/login,200,OK,Login Load Test 1-127,text,true,,316,251,1,2,http://localhost:8001/auth/login,171,0,0
1777221515205,171,Login for Token,200,OK,Review Submission Load Test 3-127,text,true,,316,251,1,2,http://localhost:8001/auth/login,171,0,0
1777221515376,2,POST /reviews/,400,Bad Request,Review Submission Load Test 3-127,text,false,"Test failed: code expected to equal /

****** received  : [[[400]]]

****** comparison: [[[201]]]

/",188,440,1,2,http://localhost:8004/reviews/,2,0,1
1777221515379,3,GET /restaurants?q=ramen,200,OK,Restaurant Search Load Test 2-128,text,true,,587,137,1,2,http://localhost:8002/restaurants/?q=ramen,3,0,0
1777221515370,172,POST /auth/login,200,OK,Login Load Test 1-128,text,true,,316,251,1,2,http://localhost:8001/auth/login,172,0,0
1777221515404,172,Login for Token,200,OK,Review Submission Load Test 3-128,text,true,,316,251,1,2,http://localhost:8001/auth/login,172,0,0
1777221515577,3,POST /reviews/,400,Bad Request,Review Submission Load Test 3-128,text,false,"Test failed: code expected to equal /

****** received  : [[[400]]]

****** comparison: [[[201]]]

/",188,440,1,3,http://localhost:8004/reviews/,3,0,0
1777221515578,4,GET /restaurants?q=ramen,200,OK,Restaurant Search Load Test 2-129,text,true,,587,137,1,2,http://localhost:8002/restaurants/?q=ramen,4,0,1
1777221515568,173,POST /auth/login,200,OK,Login Load Test 1-129,text,true,,316,251,1,2,http://localhost:8001/auth/login,173,0,0
1777221515604,171,Login for Token,200,OK,Review Submission Load Test 3-129,text,true,,316,251,1,3,http://localhost:8001/auth/login,171,0,0
1777221515776,2,POST /reviews/,400,Bad Request,Review Submission Load Test 3-129,text,false,"Test failed: code expected to equal /

****** received  : [[[400]]]

****** comparison: [[[201]]]

/",188,440,1,3,http://localhost:8004/reviews/,2,0,0
1777221515775,4,GET /restaurants?q=ramen,200,OK,Restaurant Search Load Test 2-130,text,true,,587,137,1,2,http://localhost:8002/restaurants/?q=ramen,4,0,0
1777221515771,174,POST /auth/login,200,OK,Login Load Test 1-130,text,true,,316,251,1,2,http://localhost:8001/auth/login,174,0,1
1777221515803,176,Login for Token,200,OK,Review Submission Load Test 3-130,text,true,,316,251,1,3,http://localhost:8001/auth/login,176,0,1
1777221515978,3,GET /restaurants?q=ramen,200,OK,Restaurant Search Load Test 2-131,text,true,,587,137,1,3,http://localhost:8002/restaurants/?q=ramen,3,0,0
1777221515979,3,POST /reviews/,400,Bad Request,Review Submission Load Test 3-130,text,false,"Test failed: code expected to equal /

****** received  : [[[400]]]

****** comparison: [[[201]]]

/",188,440,1,2,http://localhost:8004/reviews/,3,0,1
1777221515968,176,POST /auth/login,200,OK,Login Load Test 1-131,text,true,,316,251,1,2,http://localhost:8001/auth/login,176,0,1
1777221516004,172,Login for Token,200,OK,Review Submission Load Test 3-131,text,true,,316,251,1,2,http://localhost:8001/auth/login,172,0,0
1777221516176,2,POST /reviews/,400,Bad Request,Review Submission Load Test 3-131,text,false,"Test failed: code expected to equal /

****** received  : [[[400]]]

****** comparison: [[[201]]]

/",188,440,1,2,http://localhost:8004/reviews/,2,0,1
1777221516179,3,GET /restaurants?q=ramen,200,OK,Restaurant Search Load Test 2-132,text,true,,587,137,1,2,http://localhost:8002/restaurants/?q=ramen,3,0,0
1777221516169,171,POST /auth/login,200,OK,Login Load Test 1-132,text,true,,316,251,1,2,http://localhost:8001/auth/login,171,0,0
1777221516204,171,Login for Token,200,OK,Review Submission Load Test 3-132,text,true,,316,251,1,2,http://localhost:8001/auth/login,171,0,0
1777221516375,4,POST /reviews/,400,Bad Request,Review Submission Load Test 3-132,text,false,"Test failed: code expected to equal /

****** received  : [[[400]]]

****** comparison: [[[201]]]

/",188,440,1,3,http://localhost:8004/reviews/,4,0,0
1777221516376,7,GET /restaurants?q=ramen,200,OK,Restaurant Search Load Test 2-133,text,true,,587,137,1,2,http://localhost:8002/restaurants/?q=ramen,7,0,3
1777221516370,172,POST /auth/login,200,OK,Login Load Test 1-133,text,true,,316,251,1,2,http://localhost:8001/auth/login,172,0,1
1777221516399,171,Login for Token,200,OK,Review Submission Load Test 3-133,text,true,,316,251,1,1,http://localhost:8001/auth/login,171,0,0
1777221516570,3,POST /reviews/,400,Bad Request,Review Submission Load Test 3-133,text,false,"Test failed: code expected to equal /

****** received  : [[[400]]]

****** comparison: [[[201]]]

/",188,440,1,1,http://localhost:8004/reviews/,3,0,0
1777221516580,4,GET /restaurants?q=ramen,200,OK,Restaurant Search Load Test 2-134,text,true,,587,137,1,2,http://localhost:8002/restaurants/?q=ramen,4,0,0
1777221516574,171,POST /auth/login,200,OK,Login Load Test 1-134,text,true,,316,251,1,2,http://localhost:8001/auth/login,171,0,0
1777221516604,170,Login for Token,200,OK,Review Submission Load Test 3-134,text,true,,316,251,1,2,http://localhost:8001/auth/login,170,0,0
1777221516774,2,POST /reviews/,400,Bad Request,Review Submission Load Test 3-134,text,false,"Test failed: code expected to equal /

****** received  : [[[400]]]

****** comparison: [[[201]]]

/",188,440,1,3,http://localhost:8004/reviews/,2,0,0
1777221516775,3,GET /restaurants?q=ramen,200,OK,Restaurant Search Load Test 2-135,text,true,,587,137,1,2,http://localhost:8002/restaurants/?q=ramen,3,0,0
1777221516774,170,POST /auth/login,200,OK,Login Load Test 1-135,text,true,,316,251,1,2,http://localhost:8001/auth/login,170,0,0
1777221516802,170,Login for Token,200,OK,Review Submission Load Test 3-135,text,true,,316,251,1,2,http://localhost:8001/auth/login,170,0,0
1777221516973,1,POST /reviews/,400,Bad Request,Review Submission Load Test 3-135,text,false,"Test failed: code expected to equal /

****** received  : [[[400]]]

****** comparison: [[[201]]]

/",188,440,1,2,http://localhost:8004/reviews/,1,0,0
1777221516978,3,GET /restaurants?q=ramen,200,OK,Restaurant Search Load Test 2-136,text,true,,587,137,1,2,http://localhost:8002/restaurants/?q=ramen,3,0,0
1777221516969,173,POST /auth/login,200,OK,Login Load Test 1-136,text,true,,316,251,1,2,http://localhost:8001/auth/login,173,0,1
1777221517003,172,Login for Token,200,OK,Review Submission Load Test 3-136,text,true,,316,251,1,2,http://localhost:8001/auth/login,172,0,1
1777221517175,2,POST /reviews/,400,Bad Request,Review Submission Load Test 3-136,text,false,"Test failed: code expected to equal /

****** received  : [[[400]]]

****** comparison: [[[201]]]

/",188,440,1,2,http://localhost:8004/reviews/,2,0,0
1777221517178,3,GET /restaurants?q=ramen,200,OK,Restaurant Search Load Test 2-137,text,true,,587,137,1,2,http://localhost:8002/restaurants/?q=ramen,3,0,0
1777221517174,172,POST /auth/login,200,OK,Login Load Test 1-137,text,true,,316,251,1,2,http://localhost:8001/auth/login,172,0,0
1777221517204,172,Login for Token,200,OK,Review Submission Load Test 3-137,text,true,,316,251,1,2,http://localhost:8001/auth/login,172,0,0
1777221517376,2,POST /reviews/,400,Bad Request,Review Submission Load Test 3-137,text,false,"Test failed: code expected to equal /

****** received  : [[[400]]]

****** comparison: [[[201]]]

/",188,440,1,3,http://localhost:8004/reviews/,2,0,0
1777221517376,4,GET /restaurants?q=ramen,200,OK,Restaurant Search Load Test 2-138,text,true,,587,137,1,2,http://localhost:8002/restaurants/?q=ramen,4,0,1
1777221517368,173,POST /auth/login,200,OK,Login Load Test 1-138,text,true,,316,251,1,2,http://localhost:8001/auth/login,173,0,0
1777221517403,172,Login for Token,200,OK,Review Submission Load Test 3-138,text,true,,316,251,1,2,http://localhost:8001/auth/login,172,0,1
1777221517575,2,POST /reviews/,400,Bad Request,Review Submission Load Test 3-138,text,false,"Test failed: code expected to equal /

****** received  : [[[400]]]

****** comparison: [[[201]]]

/",188,440,1,2,http://localhost:8004/reviews/,2,0,0
1777221517579,3,GET /restaurants?q=ramen,200,OK,Restaurant Search Load Test 2-139,text,true,,587,137,1,2,http://localhost:8002/restaurants/?q=ramen,3,0,0
1777221517571,171,POST /auth/login,200,OK,Login Load Test 1-139,text,true,,316,251,1,2,http://localhost:8001/auth/login,171,0,0
1777221517601,170,Login for Token,200,OK,Review Submission Load Test 3-139,text,true,,316,251,1,2,http://localhost:8001/auth/login,170,0,0
1777221517771,2,POST /reviews/,400,Bad Request,Review Submission Load Test 3-139,text,false,"Test failed: code expected to equal /

****** received  : [[[400]]]

****** comparison: [[[201]]]

/",188,440,1,2,http://localhost:8004/reviews/,2,0,0
1777221517779,4,GET /restaurants?q=ramen,200,OK,Restaurant Search Load Test 2-140,text,true,,587,137,1,2,http://localhost:8002/restaurants/?q=ramen,4,0,1
1777221517767,172,POST /auth/login,200,OK,Login Load Test 1-140,text,true,,316,251,1,2,http://localhost:8001/auth/login,172,0,0
1777221517804,171,Login for Token,200,OK,Review Submission Load Test 3-140,text,true,,316,251,1,2,http://localhost:8001/auth/login,171,0,0
1777221517975,2,POST /reviews/,400,Bad Request,Review Submission Load Test 3-140,text,false,"Test failed: code expected to equal /

****** received  : [[[400]]]

****** comparison: [[[201]]]

/",188,440,1,2,http://localhost:8004/reviews/,2,0,0
1777221517979,2,GET /restaurants?q=ramen,200,OK,Restaurant Search Load Test 2-141,text,true,,587,137,1,2,http://localhost:8002/restaurants/?q=ramen,2,0,0
1777221517974,173,POST /auth/login,200,OK,Login Load Test 1-141,text,true,,316,251,1,2,http://localhost:8001/auth/login,173,0,0
1777221518001,173,Login for Token,200,OK,Review Submission Load Test 3-141,text,true,,316,251,1,2,http://localhost:8001/auth/login,173,0,1
1777221518174,2,POST /reviews/,400,Bad Request,Review Submission Load Test 3-141,text,false,"Test failed: code expected to equal /

****** received  : [[[400]]]

****** comparison: [[[201]]]

/",188,440,1,3,http://localhost:8004/reviews/,2,0,0
1777221518174,4,GET /restaurants?q=ramen,200,OK,Restaurant Search Load Test 2-142,text,true,,587,137,1,2,http://localhost:8002/restaurants/?q=ramen,4,0,0
1777221518170,171,POST /auth/login,200,OK,Login Load Test 1-142,text,true,,316,251,1,2,http://localhost:8001/auth/login,171,0,1
1777221518203,170,Login for Token,200,OK,Review Submission Load Test 3-142,text,true,,316,251,1,2,http://localhost:8001/auth/login,170,0,0
1777221518373,2,POST /reviews/,400,Bad Request,Review Submission Load Test 3-142,text,false,"Test failed: code expected to equal /

****** received  : [[[400]]]

****** comparison: [[[201]]]

/",188,440,1,2,http://localhost:8004/reviews/,2,0,0
1777221518375,2,GET /restaurants?q=ramen,200,OK,Restaurant Search Load Test 2-143,text,true,,587,137,1,2,http://localhost:8002/restaurants/?q=ramen,2,0,0
1777221518372,171,POST /auth/login,200,OK,Login Load Test 1-143,text,true,,316,251,1,2,http://localhost:8001/auth/login,171,0,0
1777221518404,170,Login for Token,200,OK,Review Submission Load Test 3-143,text,true,,316,251,1,2,http://localhost:8001/auth/login,170,0,0
1777221518574,3,POST /reviews/,400,Bad Request,Review Submission Load Test 3-143,text,false,"Test failed: code expected to equal /

****** received  : [[[400]]]

****** comparison: [[[201]]]

/",188,440,1,2,http://localhost:8004/reviews/,3,0,1
1777221518579,3,GET /restaurants?q=ramen,200,OK,Restaurant Search Load Test 2-144,text,true,,587,137,1,2,http://localhost:8002/restaurants/?q=ramen,3,0,0
1777221518574,171,POST /auth/login,200,OK,Login Load Test 1-144,text,true,,316,251,1,2,http://localhost:8001/auth/login,171,0,0
1777221518604,171,Login for Token,200,OK,Review Submission Load Test 3-144,text,true,,316,251,1,2,http://localhost:8001/auth/login,171,0,0
1777221518775,2,POST /reviews/,400,Bad Request,Review Submission Load Test 3-144,text,false,"Test failed: code expected to equal /

****** received  : [[[400]]]

****** comparison: [[[201]]]

/",188,440,1,2,http://localhost:8004/reviews/,2,0,0
1777221518778,3,GET /restaurants?q=ramen,200,OK,Restaurant Search Load Test 2-145,text,true,,587,137,1,2,http://localhost:8002/restaurants/?q=ramen,3,0,0
1777221518773,171,POST /auth/login,200,OK,Login Load Test 1-145,text,true,,316,251,1,2,http://localhost:8001/auth/login,171,0,0
1777221518804,170,Login for Token,200,OK,Review Submission Load Test 3-145,text,true,,316,251,1,2,http://localhost:8001/auth/login,170,0,0
1777221518974,2,POST /reviews/,400,Bad Request,Review Submission Load Test 3-145,text,false,"Test failed: code expected to equal /

****** received  : [[[400]]]

****** comparison: [[[201]]]

/",188,440,1,2,http://localhost:8004/reviews/,2,0,1
1777221518980,3,GET /restaurants?q=ramen,200,OK,Restaurant Search Load Test 2-146,text,true,,587,137,1,2,http://localhost:8002/restaurants/?q=ramen,3,0,0
1777221518970,172,POST /auth/login,200,OK,Login Load Test 1-146,text,true,,316,251,1,2,http://localhost:8001/auth/login,172,0,0
1777221519003,171,Login for Token,200,OK,Review Submission Load Test 3-146,text,true,,316,251,1,2,http://localhost:8001/auth/login,171,0,1
1777221519174,2,POST /reviews/,400,Bad Request,Review Submission Load Test 3-146,text,false,"Test failed: code expected to equal /

****** received  : [[[400]]]

****** comparison: [[[201]]]

/",188,440,1,2,http://localhost:8004/reviews/,2,0,1
1777221519180,3,GET /restaurants?q=ramen,200,OK,Restaurant Search Load Test 2-147,text,true,,587,137,1,2,http://localhost:8002/restaurants/?q=ramen,3,0,0
1777221519171,171,POST /auth/login,200,OK,Login Load Test 1-147,text,true,,316,251,1,2,http://localhost:8001/auth/login,171,0,1
1777221519204,172,Login for Token,200,OK,Review Submission Load Test 3-147,text,true,,316,251,1,2,http://localhost:8001/auth/login,172,0,0
1777221519376,2,POST /reviews/,400,Bad Request,Review Submission Load Test 3-147,text,false,"Test failed: code expected to equal /

****** received  : [[[400]]]

****** comparison: [[[201]]]

/",188,440,1,3,http://localhost:8004/reviews/,2,0,1
1777221519378,2,GET /restaurants?q=ramen,200,OK,Restaurant Search Load Test 2-148,text,true,,587,137,1,2,http://localhost:8002/restaurants/?q=ramen,2,0,0
1777221519366,187,POST /auth/login,200,OK,Login Load Test 1-148,text,true,,316,251,1,2,http://localhost:8001/auth/login,187,0,0
1777221519578,2,GET /restaurants?q=ramen,200,OK,Restaurant Search Load Test 2-149,text,true,,587,137,1,3,http://localhost:8002/restaurants/?q=ramen,2,0,0
1777221519399,183,Login for Token,200,OK,Review Submission Load Test 3-148,text,true,,316,251,1,2,http://localhost:8001/auth/login,183,0,0
1777221519583,1,POST /reviews/,400,Bad Request,Review Submission Load Test 3-148,text,false,"Test failed: code expected to equal /

****** received  : [[[400]]]

****** comparison: [[[201]]]

/",188,440,1,2,http://localhost:8004/reviews/,1,0,0
1777221519567,173,POST /auth/login,200,OK,Login Load Test 1-149,text,true,,316,251,1,2,http://localhost:8001/auth/login,173,0,1
1777221519600,172,Login for Token,200,OK,Review Submission Load Test 3-149,text,true,,316,251,1,2,http://localhost:8001/auth/login,172,0,0
1777221519772,2,POST /reviews/,400,Bad Request,Review Submission Load Test 3-149,text,false,"Test failed: code expected to equal /

****** received  : [[[400]]]

****** comparison: [[[201]]]

/",188,440,1,2,http://localhost:8004/reviews/,2,0,0
1777221519779,3,GET /restaurants?q=ramen,200,OK,Restaurant Search Load Test 2-150,text,true,,587,137,1,2,http://localhost:8002/restaurants/?q=ramen,3,0,1
1777221519769,171,POST /auth/login,200,OK,Login Load Test 1-150,text,true,,316,251,1,2,http://localhost:8001/auth/login,171,0,1
1777221519804,170,Login for Token,200,OK,Review Submission Load Test 3-150,text,true,,316,251,1,2,http://localhost:8001/auth/login,170,0,0
1777221519975,2,POST /reviews/,400,Bad Request,Review Submission Load Test 3-150,text,false,"Test failed: code expected to equal /

****** received  : [[[400]]]

****** comparison: [[[201]]]

/",188,440,1,2,http://localhost:8004/reviews/,2,0,0
1777221519979,3,GET /restaurants?q=ramen,200,OK,Restaurant Search Load Test 2-151,text,true,,587,137,1,2,http://localhost:8002/restaurants/?q=ramen,3,0,0
1777221519970,179,POST /auth/login,200,OK,Login Load Test 1-151,text,true,,316,251,1,2,http://localhost:8001/auth/login,179,0,1
1777221520178,2,GET /restaurants?q=ramen,200,OK,Restaurant Search Load Test 2-152,text,true,,587,137,1,3,http://localhost:8002/restaurants/?q=ramen,2,0,1
1777221520001,182,Login for Token,200,OK,Review Submission Load Test 3-151,text,true,,316,251,1,2,http://localhost:8001/auth/login,182,0,1
1777221520183,2,POST /reviews/,400,Bad Request,Review Submission Load Test 3-151,text,false,"Test failed: code expected to equal /

****** received  : [[[400]]]

****** comparison: [[[201]]]

/",188,440,1,2,http://localhost:8004/reviews/,2,0,1
1777221520166,177,POST /auth/login,200,OK,Login Load Test 1-152,text,true,,316,251,1,2,http://localhost:8001/auth/login,177,0,1
1777221520203,172,Login for Token,200,OK,Review Submission Load Test 3-152,text,true,,316,251,1,2,http://localhost:8001/auth/login,172,0,0
1777221520375,2,POST /reviews/,400,Bad Request,Review Submission Load Test 3-152,text,false,"Test failed: code expected to equal /

****** received  : [[[400]]]

****** comparison: [[[201]]]

/",188,440,1,2,http://localhost:8004/reviews/,2,0,0
1777221520380,1,GET /restaurants?q=ramen,200,OK,Restaurant Search Load Test 2-153,text,true,,587,137,1,2,http://localhost:8002/restaurants/?q=ramen,1,0,0
1777221520366,177,POST /auth/login,200,OK,Login Load Test 1-153,text,true,,316,251,1,2,http://localhost:8001/auth/login,177,0,0
1777221520578,2,GET /restaurants?q=ramen,200,OK,Restaurant Search Load Test 2-154,text,true,,587,137,1,3,http://localhost:8002/restaurants/?q=ramen,2,0,0
1777221520404,176,Login for Token,200,OK,Review Submission Load Test 3-153,text,true,,316,251,1,2,http://localhost:8001/auth/login,176,0,0
1777221520580,2,POST /reviews/,400,Bad Request,Review Submission Load Test 3-153,text,false,"Test failed: code expected to equal /

****** received  : [[[400]]]

****** comparison: [[[201]]]

/",188,440,1,2,http://localhost:8004/reviews/,2,0,0
1777221520570,172,POST /auth/login,200,OK,Login Load Test 1-154,text,true,,316,251,1,2,http://localhost:8001/auth/login,172,0,0
1777221520603,171,Login for Token,200,OK,Review Submission Load Test 3-154,text,true,,316,251,1,2,http://localhost:8001/auth/login,171,0,0
1777221520774,2,POST /reviews/,400,Bad Request,Review Submission Load Test 3-154,text,false,"Test failed: code expected to equal /

****** received  : [[[400]]]

****** comparison: [[[201]]]

/",188,440,1,2,http://localhost:8004/reviews/,2,0,0
1777221520778,4,GET /restaurants?q=ramen,200,OK,Restaurant Search Load Test 2-155,text,true,,587,137,1,2,http://localhost:8002/restaurants/?q=ramen,4,0,1
1777221520768,173,POST /auth/login,200,OK,Login Load Test 1-155,text,true,,316,251,1,2,http://localhost:8001/auth/login,173,0,1
1777221520803,172,Login for Token,200,OK,Review Submission Load Test 3-155,text,true,,316,251,1,2,http://localhost:8001/auth/login,172,0,0
1777221520975,3,POST /reviews/,400,Bad Request,Review Submission Load Test 3-155,text,false,"Test failed: code expected to equal /

****** received  : [[[400]]]

****** comparison: [[[201]]]

/",188,440,1,3,http://localhost:8004/reviews/,3,0,1
1777221520976,3,GET /restaurants?q=ramen,200,OK,Restaurant Search Load Test 2-156,text,true,,587,137,1,2,http://localhost:8002/restaurants/?q=ramen,3,0,0
1777221520973,173,POST /auth/login,200,OK,Login Load Test 1-156,text,true,,316,251,1,2,http://localhost:8001/auth/login,173,0,0
1777221521001,172,Login for Token,200,OK,Review Submission Load Test 3-156,text,true,,316,251,1,2,http://localhost:8001/auth/login,172,0,0
1777221521173,3,POST /reviews/,400,Bad Request,Review Submission Load Test 3-156,text,false,"Test failed: code expected to equal /

****** received  : [[[400]]]

****** comparison: [[[201]]]

/",188,440,1,2,http://localhost:8004/reviews/,3,0,1
1777221521179,3,GET /restaurants?q=ramen,200,OK,Restaurant Search Load Test 2-157,text,true,,587,137,1,2,http://localhost:8002/restaurants/?q=ramen,3,0,0
1777221521172,172,POST /auth/login,200,OK,Login Load Test 1-157,text,true,,316,251,1,2,http://localhost:8001/auth/login,172,0,1
1777221521203,171,Login for Token,200,OK,Review Submission Load Test 3-157,text,true,,316,251,1,2,http://localhost:8001/auth/login,171,0,0
1777221521374,2,POST /reviews/,400,Bad Request,Review Submission Load Test 3-157,text,false,"Test failed: code expected to equal /

****** received  : [[[400]]]

****** comparison: [[[201]]]

/",188,440,1,2,http://localhost:8004/reviews/,2,0,0
1777221521380,2,GET /restaurants?q=ramen,200,OK,Restaurant Search Load Test 2-158,text,true,,587,137,1,2,http://localhost:8002/restaurants/?q=ramen,2,0,0
1777221521373,171,POST /auth/login,200,OK,Login Load Test 1-158,text,true,,316,251,1,2,http://localhost:8001/auth/login,171,0,0
1777221521404,171,Login for Token,200,OK,Review Submission Load Test 3-158,text,true,,316,251,1,2,http://localhost:8001/auth/login,171,0,0
1777221521575,2,POST /reviews/,400,Bad Request,Review Submission Load Test 3-158,text,false,"Test failed: code expected to equal /

****** received  : [[[400]]]

****** comparison: [[[201]]]

/",188,440,1,3,http://localhost:8004/reviews/,2,0,0
1777221521576,3,GET /restaurants?q=ramen,200,OK,Restaurant Search Load Test 2-159,text,true,,587,137,1,2,http://localhost:8002/restaurants/?q=ramen,3,0,1
1777221521565,172,POST /auth/login,200,OK,Login Load Test 1-159,text,true,,316,251,1,2,http://localhost:8001/auth/login,172,0,1
1777221521602,171,Login for Token,200,OK,Review Submission Load Test 3-159,text,true,,316,251,1,2,http://localhost:8001/auth/login,171,0,1
1777221521773,2,POST /reviews/,400,Bad Request,Review Submission Load Test 3-159,text,false,"Test failed: code expected to equal /

****** received  : [[[400]]]

****** comparison: [[[201]]]

/",188,440,1,2,http://localhost:8004/reviews/,2,0,0
1777221521779,4,GET /restaurants?q=ramen,200,OK,Restaurant Search Load Test 2-160,text,true,,587,137,1,2,http://localhost:8002/restaurants/?q=ramen,4,0,0
1777221521770,172,POST /auth/login,200,OK,Login Load Test 1-160,text,true,,316,251,1,2,http://localhost:8001/auth/login,172,0,1
1777221521803,172,Login for Token,200,OK,Review Submission Load Test 3-160,text,true,,316,251,1,2,http://localhost:8001/auth/login,172,0,1
1777221521975,3,POST /reviews/,400,Bad Request,Review Submission Load Test 3-160,text,false,"Test failed: code expected to equal /

****** received  : [[[400]]]

****** comparison: [[[201]]]

/",188,440,1,3,http://localhost:8004/reviews/,3,0,1
1777221521977,3,GET /restaurants?q=ramen,200,OK,Restaurant Search Load Test 2-161,text,true,,587,137,1,2,http://localhost:8002/restaurants/?q=ramen,3,0,0
1777221521967,172,POST /auth/login,200,OK,Login Load Test 1-161,text,true,,316,251,1,2,http://localhost:8001/auth/login,172,0,0
1777221522003,171,Login for Token,200,OK,Review Submission Load Test 3-161,text,true,,316,251,1,2,http://localhost:8001/auth/login,171,0,1
1777221522175,2,POST /reviews/,400,Bad Request,Review Submission Load Test 3-161,text,false,"Test failed: code expected to equal /

****** received  : [[[400]]]

****** comparison: [[[201]]]

/",188,440,1,2,http://localhost:8004/reviews/,2,0,0
1777221522178,3,GET /restaurants?q=ramen,200,OK,Restaurant Search Load Test 2-162,text,true,,587,137,1,2,http://localhost:8002/restaurants/?q=ramen,3,0,0
1777221522171,181,POST /auth/login,200,OK,Login Load Test 1-162,text,true,,316,251,1,2,http://localhost:8001/auth/login,181,0,1
1777221522378,2,GET /restaurants?q=ramen,200,OK,Restaurant Search Load Test 2-163,text,true,,587,137,1,3,http://localhost:8002/restaurants/?q=ramen,2,0,0
1777221522199,187,Login for Token,200,OK,Review Submission Load Test 3-162,text,true,,316,251,1,2,http://localhost:8001/auth/login,187,0,0
1777221522386,2,POST /reviews/,400,Bad Request,Review Submission Load Test 3-162,text,false,"Test failed: code expected to equal /

****** received  : [[[400]]]

****** comparison: [[[201]]]

/",188,440,1,2,http://localhost:8004/reviews/,2,0,0
1777221522368,178,POST /auth/login,200,OK,Login Load Test 1-163,text,true,,316,251,1,2,http://localhost:8001/auth/login,178,0,0
1777221522402,176,Login for Token,200,OK,Review Submission Load Test 3-163,text,true,,316,251,1,3,http://localhost:8001/auth/login,176,0,1
1777221522578,2,GET /restaurants?q=ramen,200,OK,Restaurant Search Load Test 2-164,text,true,,587,137,1,3,http://localhost:8002/restaurants/?q=ramen,2,0,1
1777221522579,1,POST /reviews/,400,Bad Request,Review Submission Load Test 3-163,text,false,"Test failed: code expected to equal /

****** received  : [[[400]]]

****** comparison: [[[201]]]

/",188,440,1,3,http://localhost:8004/reviews/,1,0,0
1777221522571,171,POST /auth/login,200,OK,Login Load Test 1-164,text,true,,316,251,1,2,http://localhost:8001/auth/login,171,0,0
1777221522604,170,Login for Token,200,OK,Review Submission Load Test 3-164,text,true,,316,251,1,2,http://localhost:8001/auth/login,170,0,0
1777221522774,2,POST /reviews/,400,Bad Request,Review Submission Load Test 3-164,text,false,"Test failed: code expected to equal /

****** received  : [[[400]]]

****** comparison: [[[201]]]

/",188,440,1,2,http://localhost:8004/reviews/,2,0,0
1777221522780,3,GET /restaurants?q=ramen,200,OK,Restaurant Search Load Test 2-165,text,true,,587,137,1,2,http://localhost:8002/restaurants/?q=ramen,3,0,0
1777221522768,172,POST /auth/login,200,OK,Login Load Test 1-165,text,true,,316,251,1,2,http://localhost:8001/auth/login,172,0,0
1777221522801,171,Login for Token,200,OK,Review Submission Load Test 3-165,text,true,,316,251,1,2,http://localhost:8001/auth/login,171,0,1
1777221522972,2,POST /reviews/,400,Bad Request,Review Submission Load Test 3-165,text,false,"Test failed: code expected to equal /

****** received  : [[[400]]]

****** comparison: [[[201]]]

/",188,440,1,2,http://localhost:8004/reviews/,2,0,0
1777221522975,4,GET /restaurants?q=ramen,200,OK,Restaurant Search Load Test 2-166,text,true,,587,137,1,2,http://localhost:8002/restaurants/?q=ramen,4,0,0
1777221522966,172,POST /auth/login,200,OK,Login Load Test 1-166,text,true,,316,251,1,2,http://localhost:8001/auth/login,172,0,0
1777221523003,172,Login for Token,200,OK,Review Submission Load Test 3-166,text,true,,316,251,1,2,http://localhost:8001/auth/login,172,0,1
1777221523175,2,POST /reviews/,400,Bad Request,Review Submission Load Test 3-166,text,false,"Test failed: code expected to equal /

****** received  : [[[400]]]

****** comparison: [[[201]]]

/",188,440,1,3,http://localhost:8004/reviews/,2,0,0
1777221523175,4,GET /restaurants?q=ramen,200,OK,Restaurant Search Load Test 2-167,text,true,,587,137,1,2,http://localhost:8002/restaurants/?q=ramen,4,0,0
1777221523170,171,POST /auth/login,200,OK,Login Load Test 1-167,text,true,,316,251,1,2,http://localhost:8001/auth/login,171,0,0
1777221523203,171,Login for Token,200,OK,Review Submission Load Test 3-167,text,true,,316,251,1,2,http://localhost:8001/auth/login,171,0,0
1777221523374,2,POST /reviews/,400,Bad Request,Review Submission Load Test 3-167,text,false,"Test failed: code expected to equal /

****** received  : [[[400]]]

****** comparison: [[[201]]]

/",188,440,1,2,http://localhost:8004/reviews/,2,0,0
1777221523378,4,GET /restaurants?q=ramen,200,OK,Restaurant Search Load Test 2-168,text,true,,587,137,1,2,http://localhost:8002/restaurants/?q=ramen,4,0,1
1777221523363,172,POST /auth/login,200,OK,Login Load Test 1-168,text,true,,316,251,1,2,http://localhost:8001/auth/login,172,0,1
1777221523400,171,Login for Token,200,OK,Review Submission Load Test 3-168,text,true,,316,251,1,1,http://localhost:8001/auth/login,171,0,0
1777221523571,2,POST /reviews/,400,Bad Request,Review Submission Load Test 3-168,text,false,"Test failed: code expected to equal /

****** received  : [[[400]]]

****** comparison: [[[201]]]

/",188,440,1,2,http://localhost:8004/reviews/,2,0,0
1777221523575,4,GET /restaurants?q=ramen,200,OK,Restaurant Search Load Test 2-169,text,true,,587,137,1,2,http://localhost:8002/restaurants/?q=ramen,4,0,0
1777221523571,171,POST /auth/login,200,OK,Login Load Test 1-169,text,true,,316,251,1,2,http://localhost:8001/auth/login,171,0,0
1777221523604,171,Login for Token,200,OK,Review Submission Load Test 3-169,text,true,,316,251,1,2,http://localhost:8001/auth/login,171,0,0
1777221523775,2,POST /reviews/,400,Bad Request,Review Submission Load Test 3-169,text,false,"Test failed: code expected to equal /

****** received  : [[[400]]]

****** comparison: [[[201]]]

/",188,440,1,2,http://localhost:8004/reviews/,2,0,0
1777221523778,3,GET /restaurants?q=ramen,200,OK,Restaurant Search Load Test 2-170,text,true,,587,137,1,2,http://localhost:8002/restaurants/?q=ramen,3,0,0
1777221523763,171,POST /auth/login,200,OK,Login Load Test 1-170,text,true,,316,251,1,2,http://localhost:8001/auth/login,171,0,0
1777221523803,171,Login for Token,200,OK,Review Submission Load Test 3-170,text,true,,316,251,1,2,http://localhost:8001/auth/login,171,0,0
1777221523974,2,POST /reviews/,400,Bad Request,Review Submission Load Test 3-170,text,false,"Test failed: code expected to equal /

****** received  : [[[400]]]

****** comparison: [[[201]]]

/",188,440,1,2,http://localhost:8004/reviews/,2,0,0
1777221523979,4,GET /restaurants?q=ramen,200,OK,Restaurant Search Load Test 2-171,text,true,,587,137,1,2,http://localhost:8002/restaurants/?q=ramen,4,0,0
1777221523966,172,POST /auth/login,200,OK,Login Load Test 1-171,text,true,,316,251,1,2,http://localhost:8001/auth/login,172,0,0
1777221524004,171,Login for Token,200,OK,Review Submission Load Test 3-171,text,true,,316,251,1,2,http://localhost:8001/auth/login,171,0,0
1777221524176,2,POST /reviews/,400,Bad Request,Review Submission Load Test 3-171,text,false,"Test failed: code expected to equal /

****** received  : [[[400]]]

****** comparison: [[[201]]]

/",188,440,1,3,http://localhost:8004/reviews/,2,0,0
1777221524176,4,GET /restaurants?q=ramen,200,OK,Restaurant Search Load Test 2-172,text,true,,587,137,1,2,http://localhost:8002/restaurants/?q=ramen,4,0,0
1777221524166,171,POST /auth/login,200,OK,Login Load Test 1-172,text,true,,316,251,1,2,http://localhost:8001/auth/login,171,0,0
1777221524205,170,Login for Token,200,OK,Review Submission Load Test 3-172,text,true,,316,251,1,2,http://localhost:8001/auth/login,170,0,0
1777221524375,3,POST /reviews/,400,Bad Request,Review Submission Load Test 3-172,text,false,"Test failed: code expected to equal /

****** received  : [[[400]]]

****** comparison: [[[201]]]

/",188,440,1,2,http://localhost:8004/reviews/,3,0,1
1777221524380,3,GET /restaurants?q=ramen,200,OK,Restaurant Search Load Test 2-173,text,true,,587,137,1,2,http://localhost:8002/restaurants/?q=ramen,3,0,0
1777221524368,171,POST /auth/login,200,OK,Login Load Test 1-173,text,true,,316,251,1,2,http://localhost:8001/auth/login,171,0,0
1777221524404,170,Login for Token,200,OK,Review Submission Load Test 3-173,text,true,,316,251,1,2,http://localhost:8001/auth/login,170,0,0
1777221524574,2,POST /reviews/,400,Bad Request,Review Submission Load Test 3-173,text,false,"Test failed: code expected to equal /

****** received  : [[[400]]]

****** comparison: [[[201]]]

/",188,440,1,2,http://localhost:8004/reviews/,2,0,1
1777221524578,4,GET /restaurants?q=ramen,200,OK,Restaurant Search Load Test 2-174,text,true,,587,137,1,2,http://localhost:8002/restaurants/?q=ramen,4,0,1
1777221524565,172,POST /auth/login,200,OK,Login Load Test 1-174,text,true,,316,251,1,2,http://localhost:8001/auth/login,172,0,1
1777221524604,171,Login for Token,200,OK,Review Submission Load Test 3-174,text,true,,316,251,1,2,http://localhost:8001/auth/login,171,0,0
1777221524775,2,POST /reviews/,400,Bad Request,Review Submission Load Test 3-174,text,false,"Test failed: code expected to equal /

****** received  : [[[400]]]

****** comparison: [[[201]]]

/",188,440,1,2,http://localhost:8004/reviews/,2,0,0
1777221524779,3,GET /restaurants?q=ramen,200,OK,Restaurant Search Load Test 2-175,text,true,,587,137,1,2,http://localhost:8002/restaurants/?q=ramen,3,0,0
1777221524771,171,POST /auth/login,200,OK,Login Load Test 1-175,text,true,,316,251,1,2,http://localhost:8001/auth/login,171,0,0
1777221524804,170,Login for Token,200,OK,Review Submission Load Test 3-175,text,true,,316,251,1,2,http://localhost:8001/auth/login,170,0,0
1777221524975,2,POST /reviews/,400,Bad Request,Review Submission Load Test 3-175,text,false,"Test failed: code expected to equal /

****** received  : [[[400]]]

****** comparison: [[[201]]]

/",188,440,1,2,http://localhost:8004/reviews/,2,0,0
1777221524978,4,GET /restaurants?q=ramen,200,OK,Restaurant Search Load Test 2-176,text,true,,587,137,1,2,http://localhost:8002/restaurants/?q=ramen,4,0,1
1777221524964,172,POST /auth/login,200,OK,Login Load Test 1-176,text,true,,316,251,1,2,http://localhost:8001/auth/login,172,0,0
1777221525004,171,Login for Token,200,OK,Review Submission Load Test 3-176,text,true,,316,251,1,2,http://localhost:8001/auth/login,171,0,0
1777221525174,2,POST /reviews/,400,Bad Request,Review Submission Load Test 3-176,text,false,"Test failed: code expected to equal /

****** received  : [[[400]]]

****** comparison: [[[201]]]

/",188,440,1,2,http://localhost:8004/reviews/,2,0,0
1777221525178,4,GET /restaurants?q=ramen,200,OK,Restaurant Search Load Test 2-177,text,true,,587,137,1,2,http://localhost:8002/restaurants/?q=ramen,4,0,0
1777221525168,172,POST /auth/login,200,OK,Login Load Test 1-177,text,true,,316,251,1,2,http://localhost:8001/auth/login,172,0,0
1777221525203,171,Login for Token,200,OK,Review Submission Load Test 3-177,text,true,,316,251,1,2,http://localhost:8001/auth/login,171,0,0
1777221525374,2,POST /reviews/,400,Bad Request,Review Submission Load Test 3-177,text,false,"Test failed: code expected to equal /

****** received  : [[[400]]]

****** comparison: [[[201]]]

/",188,440,1,2,http://localhost:8004/reviews/,2,0,0
1777221525378,3,GET /restaurants?q=ramen,200,OK,Restaurant Search Load Test 2-178,text,true,,587,137,1,2,http://localhost:8002/restaurants/?q=ramen,3,0,0
1777221525366,172,POST /auth/login,200,OK,Login Load Test 1-178,text,true,,316,251,1,2,http://localhost:8001/auth/login,172,0,0
1777221525403,172,Login for Token,200,OK,Review Submission Load Test 3-178,text,true,,316,251,1,2,http://localhost:8001/auth/login,172,0,0
1777221525575,2,POST /reviews/,400,Bad Request,Review Submission Load Test 3-178,text,false,"Test failed: code expected to equal /

****** received  : [[[400]]]

****** comparison: [[[201]]]

/",188,440,1,2,http://localhost:8004/reviews/,2,0,0
1777221525578,2,GET /restaurants?q=ramen,200,OK,Restaurant Search Load Test 2-179,text,true,,587,137,1,2,http://localhost:8002/restaurants/?q=ramen,2,0,0
1777221525566,172,POST /auth/login,200,OK,Login Load Test 1-179,text,true,,316,251,1,2,http://localhost:8001/auth/login,172,0,0
1777221525602,172,Login for Token,200,OK,Review Submission Load Test 3-179,text,true,,316,251,1,2,http://localhost:8001/auth/login,172,0,1
1777221525774,2,POST /reviews/,400,Bad Request,Review Submission Load Test 3-179,text,false,"Test failed: code expected to equal /

****** received  : [[[400]]]

****** comparison: [[[201]]]

/",188,440,1,2,http://localhost:8004/reviews/,2,0,0
1777221525776,4,GET /restaurants?q=ramen,200,OK,Restaurant Search Load Test 2-180,text,true,,587,137,1,2,http://localhost:8002/restaurants/?q=ramen,4,0,0
1777221525768,173,POST /auth/login,200,OK,Login Load Test 1-180,text,true,,316,251,1,2,http://localhost:8001/auth/login,173,0,0
1777221525800,172,Login for Token,200,OK,Review Submission Load Test 3-180,text,true,,316,251,1,2,http://localhost:8001/auth/login,172,0,0
1777221525972,2,POST /reviews/,400,Bad Request,Review Submission Load Test 3-180,text,false,"Test failed: code expected to equal /

****** received  : [[[400]]]

****** comparison: [[[201]]]

/",188,440,1,2,http://localhost:8004/reviews/,2,0,1
1777221525979,3,GET /restaurants?q=ramen,200,OK,Restaurant Search Load Test 2-181,text,true,,587,137,1,2,http://localhost:8002/restaurants/?q=ramen,3,0,0
1777221525968,173,POST /auth/login,200,OK,Login Load Test 1-181,text,true,,316,251,1,2,http://localhost:8001/auth/login,173,0,1
1777221526001,173,Login for Token,200,OK,Review Submission Load Test 3-181,text,true,,316,251,1,2,http://localhost:8001/auth/login,173,0,1
1777221526174,3,POST /reviews/,400,Bad Request,Review Submission Load Test 3-181,text,false,"Test failed: code expected to equal /

****** received  : [[[400]]]

****** comparison: [[[201]]]

/",188,440,1,2,http://localhost:8004/reviews/,3,0,1
1777221526177,3,GET /restaurants?q=ramen,200,OK,Restaurant Search Load Test 2-182,text,true,,587,137,1,2,http://localhost:8002/restaurants/?q=ramen,3,0,0
1777221526162,171,POST /auth/login,200,OK,Login Load Test 1-182,text,true,,316,251,1,2,http://localhost:8001/auth/login,171,0,0
1777221526203,170,Login for Token,200,OK,Review Submission Load Test 3-182,text,true,,316,251,1,2,http://localhost:8001/auth/login,170,0,0
1777221526373,2,POST /reviews/,400,Bad Request,Review Submission Load Test 3-182,text,false,"Test failed: code expected to equal /

****** received  : [[[400]]]

****** comparison: [[[201]]]

/",188,440,1,2,http://localhost:8004/reviews/,2,0,1
1777221526378,3,GET /restaurants?q=ramen,200,OK,Restaurant Search Load Test 2-183,text,true,,587,137,1,2,http://localhost:8002/restaurants/?q=ramen,3,0,0
1777221526362,171,POST /auth/login,200,OK,Login Load Test 1-183,text,true,,316,251,1,2,http://localhost:8001/auth/login,171,0,0
1777221526403,170,Login for Token,200,OK,Review Submission Load Test 3-183,text,true,,316,251,1,2,http://localhost:8001/auth/login,170,0,0
1777221526573,2,POST /reviews/,400,Bad Request,Review Submission Load Test 3-183,text,false,"Test failed: code expected to equal /

****** received  : [[[400]]]

****** comparison: [[[201]]]

/",188,440,1,2,http://localhost:8004/reviews/,2,0,1
1777221526578,3,GET /restaurants?q=ramen,200,OK,Restaurant Search Load Test 2-184,text,true,,587,137,1,2,http://localhost:8002/restaurants/?q=ramen,3,0,0
1777221526560,172,POST /auth/login,200,OK,Login Load Test 1-184,text,true,,316,251,1,2,http://localhost:8001/auth/login,172,0,1
1777221526603,171,Login for Token,200,OK,Review Submission Load Test 3-184,text,true,,316,251,1,2,http://localhost:8001/auth/login,171,0,0
1777221526774,2,POST /reviews/,400,Bad Request,Review Submission Load Test 3-184,text,false,"Test failed: code expected to equal /

****** received  : [[[400]]]

****** comparison: [[[201]]]

/",188,440,1,2,http://localhost:8004/reviews/,2,0,0
1777221526778,3,GET /restaurants?q=ramen,200,OK,Restaurant Search Load Test 2-185,text,true,,587,137,1,2,http://localhost:8002/restaurants/?q=ramen,3,0,0
1777221526763,172,POST /auth/login,200,OK,Login Load Test 1-185,text,true,,316,251,1,2,http://localhost:8001/auth/login,172,0,1
1777221526800,170,Login for Token,200,OK,Review Submission Load Test 3-185,text,true,,316,251,1,2,http://localhost:8001/auth/login,170,0,0
1777221526971,2,POST /reviews/,400,Bad Request,Review Submission Load Test 3-185,text,false,"Test failed: code expected to equal /

****** received  : [[[400]]]

****** comparison: [[[201]]]

/",188,440,1,2,http://localhost:8004/reviews/,2,0,0
1777221526978,3,GET /restaurants?q=ramen,200,OK,Restaurant Search Load Test 2-186,text,true,,587,137,1,2,http://localhost:8002/restaurants/?q=ramen,3,0,0
1777221526962,172,POST /auth/login,200,OK,Login Load Test 1-186,text,true,,316,251,1,2,http://localhost:8001/auth/login,172,0,0
1777221527003,171,Login for Token,200,OK,Review Submission Load Test 3-186,text,true,,316,251,1,2,http://localhost:8001/auth/login,171,0,0
1777221527175,2,POST /reviews/,400,Bad Request,Review Submission Load Test 3-186,text,false,"Test failed: code expected to equal /

****** received  : [[[400]]]

****** comparison: [[[201]]]

/",188,440,1,2,http://localhost:8004/reviews/,2,0,0
1777221527177,3,GET /restaurants?q=ramen,200,OK,Restaurant Search Load Test 2-187,text,true,,587,137,1,2,http://localhost:8002/restaurants/?q=ramen,3,0,0
1777221527161,171,POST /auth/login,200,OK,Login Load Test 1-187,text,true,,316,251,1,2,http://localhost:8001/auth/login,171,0,0
1777221527203,171,Login for Token,200,OK,Review Submission Load Test 3-187,text,true,,316,251,1,2,http://localhost:8001/auth/login,171,0,0
1777221527374,2,POST /reviews/,400,Bad Request,Review Submission Load Test 3-187,text,false,"Test failed: code expected to equal /

****** received  : [[[400]]]

****** comparison: [[[201]]]

/",188,440,1,3,http://localhost:8004/reviews/,2,0,0
1777221527374,3,GET /restaurants?q=ramen,200,OK,Restaurant Search Load Test 2-188,text,true,,587,137,1,2,http://localhost:8002/restaurants/?q=ramen,3,0,0
1777221527362,171,POST /auth/login,200,OK,Login Load Test 1-188,text,true,,316,251,1,2,http://localhost:8001/auth/login,171,0,0
1777221527401,171,Login for Token,200,OK,Review Submission Load Test 3-188,text,true,,316,251,1,2,http://localhost:8001/auth/login,171,0,0
1777221527572,2,POST /reviews/,400,Bad Request,Review Submission Load Test 3-188,text,false,"Test failed: code expected to equal /

****** received  : [[[400]]]

****** comparison: [[[201]]]

/",188,440,1,2,http://localhost:8004/reviews/,2,0,0
1777221527575,2,GET /restaurants?q=ramen,200,OK,Restaurant Search Load Test 2-189,text,true,,587,137,1,2,http://localhost:8002/restaurants/?q=ramen,2,0,0
1777221527559,172,POST /auth/login,200,OK,Login Load Test 1-189,text,true,,316,251,1,2,http://localhost:8001/auth/login,172,0,0
1777221527599,170,Login for Token,200,OK,Review Submission Load Test 3-189,text,true,,316,251,1,2,http://localhost:8001/auth/login,170,0,0
1777221527770,1,POST /reviews/,400,Bad Request,Review Submission Load Test 3-189,text,false,"Test failed: code expected to equal /

****** received  : [[[400]]]

****** comparison: [[[201]]]

/",188,440,1,2,http://localhost:8004/reviews/,1,0,0
1777221527774,4,GET /restaurants?q=ramen,200,OK,Restaurant Search Load Test 2-190,text,true,,587,137,1,2,http://localhost:8002/restaurants/?q=ramen,4,0,0
1777221527758,171,POST /auth/login,200,OK,Login Load Test 1-190,text,true,,316,251,1,2,http://localhost:8001/auth/login,171,0,0
1777221527799,171,Login for Token,200,OK,Review Submission Load Test 3-190,text,true,,316,251,1,2,http://localhost:8001/auth/login,171,0,1
1777221527970,2,POST /reviews/,400,Bad Request,Review Submission Load Test 3-190,text,false,"Test failed: code expected to equal /

****** received  : [[[400]]]

****** comparison: [[[201]]]

/",188,440,1,2,http://localhost:8004/reviews/,2,0,0
1777221527978,3,GET /restaurants?q=ramen,200,OK,Restaurant Search Load Test 2-191,text,true,,587,137,1,2,http://localhost:8002/restaurants/?q=ramen,3,0,0
1777221527965,172,POST /auth/login,200,OK,Login Load Test 1-191,text,true,,316,251,1,2,http://localhost:8001/auth/login,172,0,0
1777221528002,171,Login for Token,200,OK,Review Submission Load Test 3-191,text,true,,316,251,1,2,http://localhost:8001/auth/login,171,0,0
1777221528173,3,POST /reviews/,400,Bad Request,Review Submission Load Test 3-191,text,false,"Test failed: code expected to equal /

****** received  : [[[400]]]

****** comparison: [[[201]]]

/",188,440,1,3,http://localhost:8004/reviews/,3,0,1
1777221528174,3,GET /restaurants?q=ramen,200,OK,Restaurant Search Load Test 2-192,text,true,,587,137,1,2,http://localhost:8002/restaurants/?q=ramen,3,0,0
1777221528163,171,POST /auth/login,200,OK,Login Load Test 1-192,text,true,,316,251,1,2,http://localhost:8001/auth/login,171,0,0
1777221528200,171,Login for Token,200,OK,Review Submission Load Test 3-192,text,true,,316,251,1,2,http://localhost:8001/auth/login,171,0,0
1777221528371,2,POST /reviews/,400,Bad Request,Review Submission Load Test 3-192,text,false,"Test failed: code expected to equal /

****** received  : [[[400]]]

****** comparison: [[[201]]]

/",188,440,1,2,http://localhost:8004/reviews/,2,0,0
1777221528379,2,GET /restaurants?q=ramen,200,OK,Restaurant Search Load Test 2-193,text,true,,587,137,1,2,http://localhost:8002/restaurants/?q=ramen,2,0,0
1777221528361,186,POST /auth/login,200,OK,Login Load Test 1-193,text,true,,316,251,1,2,http://localhost:8001/auth/login,186,0,1
1777221528579,5,GET /restaurants?q=ramen,200,OK,Restaurant Search Load Test 2-194,text,true,,587,137,1,3,http://localhost:8002/restaurants/?q=ramen,5,0,1
1777221528402,188,Login for Token,200,OK,Review Submission Load Test 3-193,text,true,,316,251,1,2,http://localhost:8001/auth/login,188,0,0
1777221528590,2,POST /reviews/,400,Bad Request,Review Submission Load Test 3-193,text,false,"Test failed: code expected to equal /

****** received  : [[[400]]]

****** comparison: [[[201]]]

/",188,440,1,2,http://localhost:8004/reviews/,2,0,0
1777221528559,187,POST /auth/login,200,OK,Login Load Test 1-194,text,true,,316,251,1,2,http://localhost:8001/auth/login,187,0,0
1777221528779,1,GET /restaurants?q=ramen,200,OK,Restaurant Search Load Test 2-195,text,true,,587,137,1,3,http://localhost:8002/restaurants/?q=ramen,1,0,0
1777221528599,183,Login for Token,200,OK,Review Submission Load Test 3-194,text,true,,316,251,1,2,http://localhost:8001/auth/login,183,0,0
1777221528782,2,POST /reviews/,400,Bad Request,Review Submission Load Test 3-194,text,false,"Test failed: code expected to equal /

****** received  : [[[400]]]

****** comparison: [[[201]]]

/",188,440,1,2,http://localhost:8004/reviews/,2,0,0
1777221528763,173,POST /auth/login,200,OK,Login Load Test 1-195,text,true,,316,251,1,2,http://localhost:8001/auth/login,173,0,1
1777221528803,172,Login for Token,200,OK,Review Submission Load Test 3-195,text,true,,316,251,1,3,http://localhost:8001/auth/login,172,0,0
1777221528975,2,POST /reviews/,400,Bad Request,Review Submission Load Test 3-195,text,false,"Test failed: code expected to equal /

****** received  : [[[400]]]

****** comparison: [[[201]]]

/",188,440,1,3,http://localhost:8004/reviews/,2,0,0
1777221528974,3,GET /restaurants?q=ramen,200,OK,Restaurant Search Load Test 2-196,text,true,,587,137,1,3,http://localhost:8002/restaurants/?q=ramen,3,0,0
1777221528958,171,POST /auth/login,200,OK,Login Load Test 1-196,text,true,,316,251,1,2,http://localhost:8001/auth/login,171,0,0
1777221529002,172,Login for Token,200,OK,Review Submission Load Test 3-196,text,true,,316,251,1,2,http://localhost:8001/auth/login,172,0,0
1777221529174,2,POST /reviews/,400,Bad Request,Review Submission Load Test 3-196,text,false,"Test failed: code expected to equal /

****** received  : [[[400]]]

****** comparison: [[[201]]]

/",188,440,1,2,http://localhost:8004/reviews/,2,0,0
1777221529176,4,GET /restaurants?q=ramen,200,OK,Restaurant Search Load Test 2-197,text,true,,587,137,1,2,http://localhost:8002/restaurants/?q=ramen,4,0,1
1777221529160,172,POST /auth/login,200,OK,Login Load Test 1-197,text,true,,316,251,1,2,http://localhost:8001/auth/login,172,0,0
1777221529203,171,Login for Token,200,OK,Review Submission Load Test 3-197,text,true,,316,251,1,2,http://localhost:8001/auth/login,171,0,0
1777221529374,2,POST /reviews/,400,Bad Request,Review Submission Load Test 3-197,text,false,"Test failed: code expected to equal /

****** received  : [[[400]]]

****** comparison: [[[201]]]

/",188,440,1,3,http://localhost:8004/reviews/,2,0,0
1777221529375,3,GET /restaurants?q=ramen,200,OK,Restaurant Search Load Test 2-198,text,true,,587,137,1,2,http://localhost:8002/restaurants/?q=ramen,3,0,0
1777221529358,171,POST /auth/login,200,OK,Login Load Test 1-198,text,true,,316,251,1,2,http://localhost:8001/auth/login,171,0,0
1777221529403,171,Login for Token,200,OK,Review Submission Load Test 3-198,text,true,,316,251,1,2,http://localhost:8001/auth/login,171,0,0
1777221529574,2,POST /reviews/,400,Bad Request,Review Submission Load Test 3-198,text,false,"Test failed: code expected to equal /

****** received  : [[[400]]]

****** comparison: [[[201]]]

/",188,440,1,2,http://localhost:8004/reviews/,2,0,0
1777221529579,3,GET /restaurants?q=ramen,200,OK,Restaurant Search Load Test 2-199,text,true,,587,137,1,2,http://localhost:8002/restaurants/?q=ramen,3,0,0
1777221529561,172,POST /auth/login,200,OK,Login Load Test 1-199,text,true,,316,251,1,2,http://localhost:8001/auth/login,172,0,0
1777221529601,171,Login for Token,200,OK,Review Submission Load Test 3-199,text,true,,316,251,1,2,http://localhost:8001/auth/login,171,0,1
1777221529772,2,POST /reviews/,400,Bad Request,Review Submission Load Test 3-199,text,false,"Test failed: code expected to equal /

****** received  : [[[400]]]

****** comparison: [[[201]]]

/",188,440,1,3,http://localhost:8004/reviews/,2,0,1
1777221529774,2,GET /restaurants?q=ramen,200,OK,Restaurant Search Load Test 2-200,text,true,,587,137,1,2,http://localhost:8002/restaurants/?q=ramen,2,0,0
1777221529761,171,POST /auth/login,200,OK,Login Load Test 1-200,text,true,,316,251,1,2,http://localhost:8001/auth/login,171,0,1
1777221529803,170,Login for Token,200,OK,Review Submission Load Test 3-200,text,true,,316,251,1,2,http://localhost:8001/auth/login,170,0,0
1777221529973,2,POST /reviews/,400,Bad Request,Review Submission Load Test 3-200,text,false,"Test failed: code expected to equal /

****** received  : [[[400]]]

****** comparison: [[[201]]]

/",188,440,1,2,http://localhost:8004/reviews/,2,0,1
1777221529978,4,GET /restaurants?q=ramen,200,OK,Restaurant Search Load Test 2-201,text,true,,587,137,1,2,http://localhost:8002/restaurants/?q=ramen,4,0,0
1777221529964,173,POST /auth/login,200,OK,Login Load Test 1-201,text,true,,316,251,1,2,http://localhost:8001/auth/login,173,0,0
1777221530000,172,Login for Token,200,OK,Review Submission Load Test 3-201,text,true,,316,251,1,2,http://localhost:8001/auth/login,172,0,0
1777221530172,2,POST /reviews/,201,Created,Review Submission Load Test 3-201,text,true,,380,440,1,2,http://localhost:8004/reviews/,2,0,0
1777221530179,2,GET /restaurants?q=ramen,200,OK,Restaurant Search Load Test 2-202,text,true,,587,137,1,2,http://localhost:8002/restaurants/?q=ramen,2,0,0
1777221530160,176,POST /auth/login,200,OK,Login Load Test 1-202,text,true,,316,251,1,2,http://localhost:8001/auth/login,176,0,0
1777221530201,172,Login for Token,200,OK,Review Submission Load Test 3-202,text,true,,316,251,1,2,http://localhost:8001/auth/login,172,0,1
1777221530373,3,POST /reviews/,201,Created,Review Submission Load Test 3-202,text,true,,380,440,1,2,http://localhost:8004/reviews/,3,0,0
1777221530378,3,GET /restaurants?q=ramen,200,OK,Restaurant Search Load Test 2-203,text,true,,587,137,1,2,http://localhost:8002/restaurants/?q=ramen,3,0,0
1777221530364,178,POST /auth/login,200,OK,Login Load Test 1-203,text,true,,316,251,1,2,http://localhost:8001/auth/login,178,0,0
1777221530398,178,Login for Token,200,OK,Review Submission Load Test 3-203,text,true,,316,251,1,2,http://localhost:8001/auth/login,178,0,0
1777221530577,2,GET /restaurants?q=ramen,200,OK,Restaurant Search Load Test 2-204,text,true,,587,137,1,3,http://localhost:8002/restaurants/?q=ramen,2,0,0
1777221530576,3,POST /reviews/,201,Created,Review Submission Load Test 3-203,text,true,,380,440,1,2,http://localhost:8004/reviews/,3,0,1
1777221530564,173,POST /auth/login,200,OK,Login Load Test 1-204,text,true,,316,251,1,2,http://localhost:8001/auth/login,173,0,0
1777221530602,172,Login for Token,200,OK,Review Submission Load Test 3-204,text,true,,316,251,1,2,http://localhost:8001/auth/login,172,0,0
1777221530774,3,POST /reviews/,201,Created,Review Submission Load Test 3-204,text,true,,380,440,1,3,http://localhost:8004/reviews/,3,0,0
1777221530776,2,GET /restaurants?q=ramen,200,OK,Restaurant Search Load Test 2-205,text,true,,587,137,1,2,http://localhost:8002/restaurants/?q=ramen,2,0,0
1777221530764,173,POST /auth/login,200,OK,Login Load Test 1-205,text,true,,316,251,1,2,http://localhost:8001/auth/login,173,0,0
1777221530802,173,Login for Token,200,OK,Review Submission Load Test 3-205,text,true,,316,251,1,2,http://localhost:8001/auth/login,173,0,1
1777221530975,3,POST /reviews/,201,Created,Review Submission Load Test 3-205,text,true,,380,440,1,2,http://localhost:8004/reviews/,3,0,1
1777221530980,3,GET /restaurants?q=ramen,200,OK,Restaurant Search Load Test 2-206,text,true,,587,137,1,2,http://localhost:8002/restaurants/?q=ramen,3,0,0
1777221530962,172,POST /auth/login,200,OK,Login Load Test 1-206,text,true,,316,251,1,2,http://localhost:8001/auth/login,172,0,0
1777221531003,171,Login for Token,200,OK,Review Submission Load Test 3-206,text,true,,316,251,1,2,http://localhost:8001/auth/login,171,0,0
1777221531174,3,POST /reviews/,201,Created,Review Submission Load Test 3-206,text,true,,380,440,1,2,http://localhost:8004/reviews/,3,0,0
1777221531179,3,GET /restaurants?q=ramen,200,OK,Restaurant Search Load Test 2-207,text,true,,587,137,1,2,http://localhost:8002/restaurants/?q=ramen,3,0,0
1777221531158,171,POST /auth/login,200,OK,Login Load Test 1-207,text,true,,316,251,1,2,http://localhost:8001/auth/login,171,0,0
1777221531200,171,Login for Token,200,OK,Review Submission Load Test 3-207,text,true,,316,251,1,2,http://localhost:8001/auth/login,171,0,0
1777221531371,3,POST /reviews/,201,Created,Review Submission Load Test 3-207,text,true,,380,440,1,2,http://localhost:8004/reviews/,3,0,0
1777221531379,3,GET /restaurants?q=ramen,200,OK,Restaurant Search Load Test 2-208,text,true,,587,137,1,2,http://localhost:8002/restaurants/?q=ramen,3,0,0
1777221531357,174,POST /auth/login,200,OK,Login Load Test 1-208,text,true,,316,251,1,2,http://localhost:8001/auth/login,174,0,0
1777221531398,173,Login for Token,200,OK,Review Submission Load Test 3-208,text,true,,316,251,1,2,http://localhost:8001/auth/login,173,0,0
1777221531571,3,POST /reviews/,201,Created,Review Submission Load Test 3-208,text,true,,380,440,1,2,http://localhost:8004/reviews/,3,0,0
1777221531578,4,GET /restaurants?q=ramen,200,OK,Restaurant Search Load Test 2-209,text,true,,587,137,1,2,http://localhost:8002/restaurants/?q=ramen,4,0,0
1777221531564,173,POST /auth/login,200,OK,Login Load Test 1-209,text,true,,316,251,1,2,http://localhost:8001/auth/login,173,0,0
1777221531601,171,Login for Token,200,OK,Review Submission Load Test 3-209,text,true,,316,251,1,2,http://localhost:8001/auth/login,171,0,1
1777221531772,3,POST /reviews/,201,Created,Review Submission Load Test 3-209,text,true,,380,440,1,2,http://localhost:8004/reviews/,3,0,0
1777221531776,4,GET /restaurants?q=ramen,200,OK,Restaurant Search Load Test 2-210,text,true,,587,137,1,2,http://localhost:8002/restaurants/?q=ramen,4,0,0
1777221531760,172,POST /auth/login,200,OK,Login Load Test 1-210,text,true,,316,251,1,2,http://localhost:8001/auth/login,172,0,0
1777221531803,172,Login for Token,200,OK,Review Submission Load Test 3-210,text,true,,316,251,1,3,http://localhost:8001/auth/login,172,0,0
1777221531974,2,GET /restaurants?q=ramen,200,OK,Restaurant Search Load Test 2-211,text,true,,587,137,1,3,http://localhost:8002/restaurants/?q=ramen,2,0,0
1777221531975,2,POST /reviews/,201,Created,Review Submission Load Test 3-210,text,true,,380,440,1,2,http://localhost:8004/reviews/,2,0,0
1777221531955,172,POST /auth/login,200,OK,Login Load Test 1-211,text,true,,316,251,1,2,http://localhost:8001/auth/login,172,0,0
1777221532002,172,Login for Token,200,OK,Review Submission Load Test 3-211,text,true,,316,251,1,2,http://localhost:8001/auth/login,172,0,0
1777221532174,3,POST /reviews/,201,Created,Review Submission Load Test 3-211,text,true,,380,440,1,2,http://localhost:8004/reviews/,3,0,0
1777221532178,3,GET /restaurants?q=ramen,200,OK,Restaurant Search Load Test 2-212,text,true,,587,137,1,2,http://localhost:8002/restaurants/?q=ramen,3,0,0
1777221532157,171,POST /auth/login,200,OK,Login Load Test 1-212,text,true,,316,251,1,2,http://localhost:8001/auth/login,171,0,0
1777221532203,170,Login for Token,200,OK,Review Submission Load Test 3-212,text,true,,316,251,1,2,http://localhost:8001/auth/login,170,0,0
1777221532374,3,POST /reviews/,201,Created,Review Submission Load Test 3-212,text,true,,380,440,1,3,http://localhost:8004/reviews/,3,0,0
1777221532374,3,GET /restaurants?q=ramen,200,OK,Restaurant Search Load Test 2-213,text,true,,587,137,1,2,http://localhost:8002/restaurants/?q=ramen,3,0,0
1777221532358,178,POST /auth/login,200,OK,Login Load Test 1-213,text,true,,316,251,1,2,http://localhost:8001/auth/login,178,0,0
1777221532579,2,GET /restaurants?q=ramen,200,OK,Restaurant Search Load Test 2-214,text,true,,587,137,1,3,http://localhost:8002/restaurants/?q=ramen,2,0,0
1777221532400,183,Login for Token,200,OK,Review Submission Load Test 3-213,text,true,,316,251,1,2,http://localhost:8001/auth/login,183,0,0
1777221532583,3,POST /reviews/,201,Created,Review Submission Load Test 3-213,text,true,,380,440,1,2,http://localhost:8004/reviews/,3,0,1
1777221532557,184,POST /auth/login,200,OK,Login Load Test 1-214,text,true,,316,251,1,2,http://localhost:8001/auth/login,184,0,0
1777221532598,176,Login for Token,200,OK,Review Submission Load Test 3-214,text,true,,316,251,1,2,http://localhost:8001/auth/login,176,0,1
1777221532774,2,POST /reviews/,201,Created,Review Submission Load Test 3-214,text,true,,380,440,1,2,http://localhost:8004/reviews/,2,0,0
1777221532777,2,GET /restaurants?q=ramen,200,OK,Restaurant Search Load Test 2-215,text,true,,587,137,1,2,http://localhost:8002/restaurants/?q=ramen,2,0,1
1777221532759,172,POST /auth/login,200,OK,Login Load Test 1-215,text,true,,316,251,1,2,http://localhost:8001/auth/login,172,0,0
1777221532803,171,Login for Token,200,OK,Review Submission Load Test 3-215,text,true,,316,251,1,2,http://localhost:8001/auth/login,171,0,0
1777221532974,3,POST /reviews/,201,Created,Review Submission Load Test 3-215,text,true,,380,440,1,2,http://localhost:8004/reviews/,3,0,0
1777221532979,3,GET /restaurants?q=ramen,200,OK,Restaurant Search Load Test 2-216,text,true,,587,137,1,2,http://localhost:8002/restaurants/?q=ramen,3,0,0
1777221532955,172,POST /auth/login,200,OK,Login Load Test 1-216,text,true,,316,251,1,2,http://localhost:8001/auth/login,172,0,0
1777221533003,171,Login for Token,200,OK,Review Submission Load Test 3-216,text,true,,316,251,1,2,http://localhost:8001/auth/login,171,0,1
1777221533175,3,POST /reviews/,201,Created,Review Submission Load Test 3-216,text,true,,380,440,1,2,http://localhost:8004/reviews/,3,0,0
1777221533178,4,GET /restaurants?q=ramen,200,OK,Restaurant Search Load Test 2-217,text,true,,587,137,1,2,http://localhost:8002/restaurants/?q=ramen,4,0,0
1777221533157,171,POST /auth/login,200,OK,Login Load Test 1-217,text,true,,316,251,1,2,http://localhost:8001/auth/login,171,0,0
1777221533203,171,Login for Token,200,OK,Review Submission Load Test 3-217,text,true,,316,251,1,2,http://localhost:8001/auth/login,171,0,0
1777221533374,3,POST /reviews/,201,Created,Review Submission Load Test 3-217,text,true,,380,440,1,3,http://localhost:8004/reviews/,3,0,0
1777221533375,3,GET /restaurants?q=ramen,200,OK,Restaurant Search Load Test 2-218,text,true,,587,137,1,2,http://localhost:8002/restaurants/?q=ramen,3,0,0
1777221533358,171,POST /auth/login,200,OK,Login Load Test 1-218,text,true,,316,251,1,2,http://localhost:8001/auth/login,171,0,0
1777221533402,169,Login for Token,200,OK,Review Submission Load Test 3-218,text,true,,316,251,1,2,http://localhost:8001/auth/login,169,0,0
1777221533572,3,POST /reviews/,201,Created,Review Submission Load Test 3-218,text,true,,380,440,1,2,http://localhost:8004/reviews/,3,0,0
1777221533578,4,GET /restaurants?q=ramen,200,OK,Restaurant Search Load Test 2-219,text,true,,587,137,1,2,http://localhost:8002/restaurants/?q=ramen,4,0,0
1777221533560,172,POST /auth/login,200,OK,Login Load Test 1-219,text,true,,316,251,1,2,http://localhost:8001/auth/login,172,0,1
1777221533600,170,Login for Token,200,OK,Review Submission Load Test 3-219,text,true,,316,251,1,2,http://localhost:8001/auth/login,170,0,0
1777221533770,3,POST /reviews/,201,Created,Review Submission Load Test 3-219,text,true,,380,440,1,2,http://localhost:8004/reviews/,3,0,1
1777221533777,4,GET /restaurants?q=ramen,200,OK,Restaurant Search Load Test 2-220,text,true,,587,137,1,2,http://localhost:8002/restaurants/?q=ramen,4,0,1
1777221533761,172,POST /auth/login,200,OK,Login Load Test 1-220,text,true,,316,251,1,2,http://localhost:8001/auth/login,172,0,0
1777221533802,171,Login for Token,200,OK,Review Submission Load Test 3-220,text,true,,316,251,1,2,http://localhost:8001/auth/login,171,0,0
1777221533973,3,POST /reviews/,201,Created,Review Submission Load Test 3-220,text,true,,380,440,1,3,http://localhost:8004/reviews/,3,0,1
1777221533974,3,GET /restaurants?q=ramen,200,OK,Restaurant Search Load Test 2-221,text,true,,587,137,1,2,http://localhost:8002/restaurants/?q=ramen,3,0,0
1777221533956,171,POST /auth/login,200,OK,Login Load Test 1-221,text,true,,316,251,1,2,http://localhost:8001/auth/login,171,0,0
1777221534001,170,Login for Token,200,OK,Review Submission Load Test 3-221,text,true,,316,251,1,2,http://localhost:8001/auth/login,170,0,0
1777221534172,3,POST /reviews/,201,Created,Review Submission Load Test 3-221,text,true,,380,440,1,2,http://localhost:8004/reviews/,3,0,0
1777221534177,4,GET /restaurants?q=ramen,200,OK,Restaurant Search Load Test 2-222,text,true,,587,137,1,2,http://localhost:8002/restaurants/?q=ramen,4,0,0
1777221534161,171,POST /auth/login,200,OK,Login Load Test 1-222,text,true,,316,251,1,2,http://localhost:8001/auth/login,171,0,1
1777221534201,170,Login for Token,200,OK,Review Submission Load Test 3-222,text,true,,316,251,1,2,http://localhost:8001/auth/login,170,0,0
1777221534371,3,POST /reviews/,201,Created,Review Submission Load Test 3-222,text,true,,380,440,1,3,http://localhost:8004/reviews/,3,0,1
1777221534374,2,GET /restaurants?q=ramen,200,OK,Restaurant Search Load Test 2-223,text,true,,587,137,1,2,http://localhost:8002/restaurants/?q=ramen,2,0,0
1777221534359,171,POST /auth/login,200,OK,Login Load Test 1-223,text,true,,316,251,1,2,http://localhost:8001/auth/login,171,0,0
1777221534403,171,Login for Token,200,OK,Review Submission Load Test 3-223,text,true,,316,251,1,2,http://localhost:8001/auth/login,171,0,0
1777221534574,3,POST /reviews/,201,Created,Review Submission Load Test 3-223,text,true,,380,440,1,3,http://localhost:8004/reviews/,3,0,0
1777221534574,4,GET /restaurants?q=ramen,200,OK,Restaurant Search Load Test 2-224,text,true,,587,137,1,2,http://localhost:8002/restaurants/?q=ramen,4,0,0
1777221534561,173,POST /auth/login,200,OK,Login Load Test 1-224,text,true,,316,251,1,2,http://localhost:8001/auth/login,173,0,1
1777221534602,171,Login for Token,200,OK,Review Submission Load Test 3-224,text,true,,316,251,1,2,http://localhost:8001/auth/login,171,0,1
1777221534773,4,POST /reviews/,201,Created,Review Submission Load Test 3-224,text,true,,380,440,1,3,http://localhost:8004/reviews/,4,0,1
1777221534775,3,GET /restaurants?q=ramen,200,OK,Restaurant Search Load Test 2-225,text,true,,587,137,1,2,http://localhost:8002/restaurants/?q=ramen,3,0,1
1777221534758,173,POST /auth/login,200,OK,Login Load Test 1-225,text,true,,316,251,1,2,http://localhost:8001/auth/login,173,0,0
1777221534803,171,Login for Token,200,OK,Review Submission Load Test 3-225,text,true,,316,251,1,2,http://localhost:8001/auth/login,171,0,1
1777221534975,3,POST /reviews/,201,Created,Review Submission Load Test 3-225,text,true,,380,440,1,2,http://localhost:8004/reviews/,3,0,0
1777221534979,3,GET /restaurants?q=ramen,200,OK,Restaurant Search Load Test 2-226,text,true,,587,137,1,2,http://localhost:8002/restaurants/?q=ramen,3,0,0
1777221534961,172,POST /auth/login,200,OK,Login Load Test 1-226,text,true,,316,251,1,2,http://localhost:8001/auth/login,172,0,0
1777221535002,172,Login for Token,200,OK,Review Submission Load Test 3-226,text,true,,316,251,1,2,http://localhost:8001/auth/login,172,0,0
1777221535174,4,POST /reviews/,201,Created,Review Submission Load Test 3-226,text,true,,380,440,1,3,http://localhost:8004/reviews/,4,0,0
1777221535178,3,GET /restaurants?q=ramen,200,OK,Restaurant Search Load Test 2-227,text,true,,587,137,1,2,http://localhost:8002/restaurants/?q=ramen,3,0,0
1777221535158,176,POST /auth/login,200,OK,Login Load Test 1-227,text,true,,316,251,1,2,http://localhost:8001/auth/login,176,0,0
1777221535203,176,Login for Token,200,OK,Review Submission Load Test 3-227,text,true,,316,251,1,3,http://localhost:8001/auth/login,176,0,0
1777221535378,3,GET /restaurants?q=ramen,200,OK,Restaurant Search Load Test 2-228,text,true,,587,137,1,3,http://localhost:8002/restaurants/?q=ramen,3,0,0
1777221535380,2,POST /reviews/,201,Created,Review Submission Load Test 3-227,text,true,,380,440,1,2,http://localhost:8004/reviews/,2,0,0
1777221535361,173,POST /auth/login,200,OK,Login Load Test 1-228,text,true,,316,251,1,2,http://localhost:8001/auth/login,173,0,0
1777221535403,172,Login for Token,200,OK,Review Submission Load Test 3-228,text,true,,316,251,1,2,http://localhost:8001/auth/login,172,0,0
1777221535576,3,POST /reviews/,201,Created,Review Submission Load Test 3-228,text,true,,380,440,1,3,http://localhost:8004/reviews/,3,0,0
1777221535578,3,GET /restaurants?q=ramen,200,OK,Restaurant Search Load Test 2-229,text,true,,587,137,1,2,http://localhost:8002/restaurants/?q=ramen,3,0,0
1777221535552,173,POST /auth/login,200,OK,Login Load Test 1-229,text,true,,316,251,1,2,http://localhost:8001/auth/login,173,0,0
1777221535599,172,Login for Token,200,OK,Review Submission Load Test 3-229,text,true,,316,251,1,2,http://localhost:8001/auth/login,172,0,0
1777221535771,4,POST /reviews/,201,Created,Review Submission Load Test 3-229,text,true,,380,440,1,2,http://localhost:8004/reviews/,4,0,1
1777221535778,3,GET /restaurants?q=ramen,200,OK,Restaurant Search Load Test 2-230,text,true,,587,137,1,2,http://localhost:8002/restaurants/?q=ramen,3,0,0
1777221535760,173,POST /auth/login,200,OK,Login Load Test 1-230,text,true,,316,251,1,2,http://localhost:8001/auth/login,173,0,0
1777221535803,172,Login for Token,200,OK,Review Submission Load Test 3-230,text,true,,316,251,1,2,http://localhost:8001/auth/login,172,0,0
1777221535975,4,POST /reviews/,201,Created,Review Submission Load Test 3-230,text,true,,380,440,1,2,http://localhost:8004/reviews/,4,0,1
1777221535979,3,GET /restaurants?q=ramen,200,OK,Restaurant Search Load Test 2-231,text,true,,587,137,1,2,http://localhost:8002/restaurants/?q=ramen,3,0,0
1777221535956,173,POST /auth/login,200,OK,Login Load Test 1-231,text,true,,316,251,1,2,http://localhost:8001/auth/login,173,0,0
1777221536003,171,Login for Token,200,OK,Review Submission Load Test 3-231,text,true,,316,251,1,2,http://localhost:8001/auth/login,171,0,0
1777221536175,3,POST /reviews/,201,Created,Review Submission Load Test 3-231,text,true,,380,440,1,3,http://localhost:8004/reviews/,3,0,0
1777221536176,4,GET /restaurants?q=ramen,200,OK,Restaurant Search Load Test 2-232,text,true,,587,137,1,2,http://localhost:8002/restaurants/?q=ramen,4,0,1
1777221536157,172,POST /auth/login,200,OK,Login Load Test 1-232,text,true,,316,251,1,2,http://localhost:8001/auth/login,172,0,1
1777221536203,170,Login for Token,200,OK,Review Submission Load Test 3-232,text,true,,316,251,1,2,http://localhost:8001/auth/login,170,0,0
1777221536373,3,POST /reviews/,201,Created,Review Submission Load Test 3-232,text,true,,380,440,1,2,http://localhost:8004/reviews/,3,0,1
1777221536378,2,GET /restaurants?q=ramen,200,OK,Restaurant Search Load Test 2-233,text,true,,587,137,1,2,http://localhost:8002/restaurants/?q=ramen,2,0,0
1777221536358,171,POST /auth/login,200,OK,Login Load Test 1-233,text,true,,316,251,1,2,http://localhost:8001/auth/login,171,0,0
1777221536401,171,Login for Token,200,OK,Review Submission Load Test 3-233,text,true,,316,251,1,2,http://localhost:8001/auth/login,171,0,1
1777221536572,3,POST /reviews/,201,Created,Review Submission Load Test 3-233,text,true,,380,440,1,2,http://localhost:8004/reviews/,3,0,0
1777221536578,3,GET /restaurants?q=ramen,200,OK,Restaurant Search Load Test 2-234,text,true,,587,137,1,2,http://localhost:8002/restaurants/?q=ramen,3,0,0
1777221536552,172,POST /auth/login,200,OK,Login Load Test 1-234,text,true,,316,251,1,2,http://localhost:8001/auth/login,172,0,0
1777221536603,171,Login for Token,200,OK,Review Submission Load Test 3-234,text,true,,316,251,1,2,http://localhost:8001/auth/login,171,0,0
1777221536775,2,POST /reviews/,201,Created,Review Submission Load Test 3-234,text,true,,380,440,1,3,http://localhost:8004/reviews/,2,0,0
1777221536777,3,GET /restaurants?q=ramen,200,OK,Restaurant Search Load Test 2-235,text,true,,587,137,1,2,http://localhost:8002/restaurants/?q=ramen,3,0,0
1777221536754,172,POST /auth/login,200,OK,Login Load Test 1-235,text,true,,316,251,1,2,http://localhost:8001/auth/login,172,0,1
1777221536802,171,Login for Token,200,OK,Review Submission Load Test 3-235,text,true,,316,251,1,2,http://localhost:8001/auth/login,171,0,0
1777221536974,3,POST /reviews/,201,Created,Review Submission Load Test 3-235,text,true,,380,440,1,2,http://localhost:8004/reviews/,3,0,0
1777221536977,3,GET /restaurants?q=ramen,200,OK,Restaurant Search Load Test 2-236,text,true,,587,137,1,2,http://localhost:8002/restaurants/?q=ramen,3,0,0
1777221536953,173,POST /auth/login,200,OK,Login Load Test 1-236,text,true,,316,251,1,2,http://localhost:8001/auth/login,173,0,0
1777221537003,171,Login for Token,200,OK,Review Submission Load Test 3-236,text,true,,316,251,1,2,http://localhost:8001/auth/login,171,0,0
1777221537174,2,POST /reviews/,201,Created,Review Submission Load Test 3-236,text,true,,380,440,1,2,http://localhost:8004/reviews/,2,0,0
1777221537177,3,GET /restaurants?q=ramen,200,OK,Restaurant Search Load Test 2-237,text,true,,587,137,1,2,http://localhost:8002/restaurants/?q=ramen,3,0,0
1777221537154,170,POST /auth/login,200,OK,Login Load Test 1-237,text,true,,316,251,1,2,http://localhost:8001/auth/login,170,0,0
1777221537203,171,Login for Token,200,OK,Review Submission Load Test 3-237,text,true,,316,251,1,2,http://localhost:8001/auth/login,171,0,0
1777221537374,3,POST /reviews/,201,Created,Review Submission Load Test 3-237,text,true,,380,440,1,3,http://localhost:8004/reviews/,3,0,0
1777221537376,3,GET /restaurants?q=ramen,200,OK,Restaurant Search Load Test 2-238,text,true,,587,137,1,2,http://localhost:8002/restaurants/?q=ramen,3,0,0
1777221537354,171,POST /auth/login,200,OK,Login Load Test 1-238,text,true,,316,251,1,2,http://localhost:8001/auth/login,171,0,0
1777221537403,171,Login for Token,200,OK,Review Submission Load Test 3-238,text,true,,316,251,1,2,http://localhost:8001/auth/login,171,0,0
1777221537574,4,POST /reviews/,201,Created,Review Submission Load Test 3-238,text,true,,380,440,1,2,http://localhost:8004/reviews/,4,0,1
1777221537578,2,GET /restaurants?q=ramen,200,OK,Restaurant Search Load Test 2-239,text,true,,587,137,1,2,http://localhost:8002/restaurants/?q=ramen,2,0,0
1777221537553,172,POST /auth/login,200,OK,Login Load Test 1-239,text,true,,316,251,1,2,http://localhost:8001/auth/login,172,0,0
1777221537603,171,Login for Token,200,OK,Review Submission Load Test 3-239,text,true,,316,251,1,2,http://localhost:8001/auth/login,171,0,0
1777221537774,3,POST /reviews/,201,Created,Review Submission Load Test 3-239,text,true,,380,440,1,3,http://localhost:8004/reviews/,3,0,0
1777221537776,2,GET /restaurants?q=ramen,200,OK,Restaurant Search Load Test 2-240,text,true,,587,137,1,2,http://localhost:8002/restaurants/?q=ramen,2,0,0
1777221537753,171,POST /auth/login,200,OK,Login Load Test 1-240,text,true,,316,251,1,2,http://localhost:8001/auth/login,171,0,0
1777221537798,170,Login for Token,200,OK,Review Submission Load Test 3-240,text,true,,316,251,1,2,http://localhost:8001/auth/login,170,0,0
1777221537969,3,POST /reviews/,201,Created,Review Submission Load Test 3-240,text,true,,380,440,1,2,http://localhost:8004/reviews/,3,0,0
1777221537977,3,GET /restaurants?q=ramen,200,OK,Restaurant Search Load Test 2-241,text,true,,587,137,1,2,http://localhost:8002/restaurants/?q=ramen,3,0,0
1777221537952,172,POST /auth/login,200,OK,Login Load Test 1-241,text,true,,316,251,1,2,http://localhost:8001/auth/login,172,0,1
1777221538003,171,Login for Token,200,OK,Review Submission Load Test 3-241,text,true,,316,251,1,2,http://localhost:8001/auth/login,171,0,0
1777221538174,4,POST /reviews/,201,Created,Review Submission Load Test 3-241,text,true,,380,440,1,2,http://localhost:8004/reviews/,4,0,0
1777221538178,3,GET /restaurants?q=ramen,200,OK,Restaurant Search Load Test 2-242,text,true,,587,137,1,2,http://localhost:8002/restaurants/?q=ramen,3,0,0
1777221538151,172,POST /auth/login,200,OK,Login Load Test 1-242,text,true,,316,251,1,2,http://localhost:8001/auth/login,172,0,1
1777221538200,172,Login for Token,200,OK,Review Submission Load Test 3-242,text,true,,316,251,1,2,http://localhost:8001/auth/login,172,0,1
1777221538372,2,POST /reviews/,201,Created,Review Submission Load Test 3-242,text,true,,380,440,1,2,http://localhost:8004/reviews/,2,0,0
1777221538378,3,GET /restaurants?q=ramen,200,OK,Restaurant Search Load Test 2-243,text,true,,587,137,1,2,http://localhost:8002/restaurants/?q=ramen,3,0,1
1777221538349,171,POST /auth/login,200,OK,Login Load Test 1-243,text,true,,316,251,1,2,http://localhost:8001/auth/login,171,0,0
1777221538399,171,Login for Token,200,OK,Review Submission Load Test 3-243,text,true,,316,251,1,2,http://localhost:8001/auth/login,171,0,0
1777221538570,3,POST /reviews/,201,Created,Review Submission Load Test 3-243,text,true,,380,440,1,2,http://localhost:8004/reviews/,3,0,0
1777221538576,3,GET /restaurants?q=ramen,200,OK,Restaurant Search Load Test 2-244,text,true,,587,137,1,2,http://localhost:8002/restaurants/?q=ramen,3,0,0
1777221538545,172,POST /auth/login,200,OK,Login Load Test 1-244,text,true,,316,251,1,2,http://localhost:8001/auth/login,172,0,0
1777221538600,172,Login for Token,200,OK,Review Submission Load Test 3-244,text,true,,316,251,1,2,http://localhost:8001/auth/login,172,0,0
1777221538772,3,POST /reviews/,201,Created,Review Submission Load Test 3-244,text,true,,380,440,1,3,http://localhost:8004/reviews/,3,0,0
1777221538774,3,GET /restaurants?q=ramen,200,OK,Restaurant Search Load Test 2-245,text,true,,587,137,1,2,http://localhost:8002/restaurants/?q=ramen,3,0,0
1777221538750,172,POST /auth/login,200,OK,Login Load Test 1-245,text,true,,316,251,1,2,http://localhost:8001/auth/login,172,0,0
1777221538802,171,Login for Token,200,OK,Review Submission Load Test 3-245,text,true,,316,251,1,2,http://localhost:8001/auth/login,171,0,0
1777221538973,3,POST /reviews/,201,Created,Review Submission Load Test 3-245,text,true,,380,440,1,2,http://localhost:8004/reviews/,3,0,0
1777221538978,2,GET /restaurants?q=ramen,200,OK,Restaurant Search Load Test 2-246,text,true,,587,137,1,2,http://localhost:8002/restaurants/?q=ramen,2,0,0
1777221538951,172,POST /auth/login,200,OK,Login Load Test 1-246,text,true,,316,251,1,2,http://localhost:8001/auth/login,172,0,1
1777221539003,171,Login for Token,200,OK,Review Submission Load Test 3-246,text,true,,316,251,1,2,http://localhost:8001/auth/login,171,0,0
1777221539175,3,POST /reviews/,201,Created,Review Submission Load Test 3-246,text,true,,380,440,1,2,http://localhost:8004/reviews/,3,0,0
1777221539178,2,GET /restaurants?q=ramen,200,OK,Restaurant Search Load Test 2-247,text,true,,587,137,1,2,http://localhost:8002/restaurants/?q=ramen,2,0,0
1777221539150,170,POST /auth/login,200,OK,Login Load Test 1-247,text,true,,316,251,1,2,http://localhost:8001/auth/login,170,0,0
1777221539203,170,Login for Token,200,OK,Review Submission Load Test 3-247,text,true,,316,251,1,2,http://localhost:8001/auth/login,170,0,0
1777221539373,4,POST /reviews/,201,Created,Review Submission Load Test 3-247,text,true,,380,440,1,2,http://localhost:8004/reviews/,4,0,0
1777221539377,2,GET /restaurants?q=ramen,200,OK,Restaurant Search Load Test 2-248,text,true,,587,137,1,2,http://localhost:8002/restaurants/?q=ramen,2,0,0
1777221539349,171,POST /auth/login,200,OK,Login Load Test 1-248,text,true,,316,251,1,2,http://localhost:8001/auth/login,171,0,0
1777221539399,171,Login for Token,200,OK,Review Submission Load Test 3-248,text,true,,316,251,1,2,http://localhost:8001/auth/login,171,0,0
1777221539570,3,POST /reviews/,201,Created,Review Submission Load Test 3-248,text,true,,380,440,1,2,http://localhost:8004/reviews/,3,0,0
1777221539578,2,GET /restaurants?q=ramen,200,OK,Restaurant Search Load Test 2-249,text,true,,587,137,1,2,http://localhost:8002/restaurants/?q=ramen,2,0,0
1777221539548,172,POST /auth/login,200,OK,Login Load Test 1-249,text,true,,316,251,1,2,http://localhost:8001/auth/login,172,0,1
1777221539602,172,Login for Token,200,OK,Review Submission Load Test 3-249,text,true,,316,251,1,2,http://localhost:8001/auth/login,172,0,1
1777221539774,3,POST /reviews/,201,Created,Review Submission Load Test 3-249,text,true,,380,440,1,2,http://localhost:8004/reviews/,3,0,0
1777221539778,4,GET /restaurants?q=ramen,200,OK,Restaurant Search Load Test 2-250,text,true,,587,137,1,2,http://localhost:8002/restaurants/?q=ramen,4,0,0
1777221539745,171,POST /auth/login,200,OK,Login Load Test 1-250,text,true,,316,251,1,2,http://localhost:8001/auth/login,171,0,0
1777221539803,171,Login for Token,200,OK,Review Submission Load Test 3-250,text,true,,316,251,1,2,http://localhost:8001/auth/login,171,0,0
1777221539974,3,POST /reviews/,201,Created,Review Submission Load Test 3-250,text,true,,380,440,1,3,http://localhost:8004/reviews/,3,0,0
1777221539977,2,GET /restaurants?q=ramen,200,OK,Restaurant Search Load Test 2-251,text,true,,587,137,1,2,http://localhost:8002/restaurants/?q=ramen,2,0,0
1777221539948,171,POST /auth/login,200,OK,Login Load Test 1-251,text,true,,316,249,1,2,http://localhost:8001/auth/login,171,0,0
1777221540003,171,Login for Token,200,OK,Review Submission Load Test 3-251,text,true,,316,249,1,2,http://localhost:8001/auth/login,171,0,0
1777221540174,2,POST /reviews/,400,Bad Request,Review Submission Load Test 3-251,text,false,"Test failed: code expected to equal /

****** received  : [[[400]]]

****** comparison: [[[201]]]

/",188,440,1,2,http://localhost:8004/reviews/,2,0,0
1777221540178,3,GET /restaurants?q=ramen,200,OK,Restaurant Search Load Test 2-252,text,true,,587,137,1,2,http://localhost:8002/restaurants/?q=ramen,3,0,0
1777221540145,173,POST /auth/login,200,OK,Login Load Test 1-252,text,true,,316,249,1,2,http://localhost:8001/auth/login,173,0,0
1777221540201,174,Login for Token,200,OK,Review Submission Load Test 3-252,text,true,,316,249,1,2,http://localhost:8001/auth/login,173,0,0
1777221540375,2,POST /reviews/,400,Bad Request,Review Submission Load Test 3-252,text,false,"Test failed: code expected to equal /

****** received  : [[[400]]]

****** comparison: [[[201]]]

/",188,440,1,2,http://localhost:8004/reviews/,2,0,0
1777221540378,3,GET /restaurants?q=ramen,200,OK,Restaurant Search Load Test 2-253,text,true,,587,137,1,2,http://localhost:8002/restaurants/?q=ramen,3,0,0
1777221540351,175,POST /auth/login,200,OK,Login Load Test 1-253,text,true,,316,249,1,2,http://localhost:8001/auth/login,175,0,0
1777221540402,176,Login for Token,200,OK,Review Submission Load Test 3-253,text,true,,316,249,1,2,http://localhost:8001/auth/login,176,0,0
1777221540579,1,POST /reviews/,400,Bad Request,Review Submission Load Test 3-253,text,false,"Test failed: code expected to equal /

****** received  : [[[400]]]

****** comparison: [[[201]]]

/",188,440,1,3,http://localhost:8004/reviews/,1,0,0
1777221540579,1,GET /restaurants?q=ramen,200,OK,Restaurant Search Load Test 2-254,text,true,,587,137,1,2,http://localhost:8002/restaurants/?q=ramen,1,0,0
1777221540549,173,POST /auth/login,200,OK,Login Load Test 1-254,text,true,,316,249,1,2,http://localhost:8001/auth/login,173,0,1
1777221540603,172,Login for Token,200,OK,Review Submission Load Test 3-254,text,true,,316,249,1,3,http://localhost:8001/auth/login,172,0,0
1777221540775,1,POST /reviews/,400,Bad Request,Review Submission Load Test 3-254,text,false,"Test failed: code expected to equal /

****** received  : [[[400]]]

****** comparison: [[[201]]]

/",188,440,1,3,http://localhost:8004/reviews/,1,0,0
1777221540774,3,GET /restaurants?q=ramen,200,OK,Restaurant Search Load Test 2-255,text,true,,587,137,1,2,http://localhost:8002/restaurants/?q=ramen,3,0,1
1777221540748,172,POST /auth/login,200,OK,Login Load Test 1-255,text,true,,316,249,1,2,http://localhost:8001/auth/login,172,0,0
1777221540802,172,Login for Token,200,OK,Review Submission Load Test 3-255,text,true,,316,250,1,2,http://localhost:8001/auth/login,172,0,1
1777221540974,2,POST /reviews/,400,Bad Request,Review Submission Load Test 3-255,text,false,"Test failed: code expected to equal /

****** received  : [[[400]]]

****** comparison: [[[201]]]

/",188,440,1,2,http://localhost:8004/reviews/,2,0,0
1777221540978,3,GET /restaurants?q=ramen,200,OK,Restaurant Search Load Test 2-256,text,true,,587,137,1,2,http://localhost:8002/restaurants/?q=ramen,3,0,0
1777221540948,171,POST /auth/login,200,OK,Login Load Test 1-256,text,true,,316,250,1,2,http://localhost:8001/auth/login,171,0,0
1777221541003,172,Login for Token,200,OK,Review Submission Load Test 3-256,text,true,,316,250,1,3,http://localhost:8001/auth/login,172,0,0
1777221541175,2,POST /reviews/,400,Bad Request,Review Submission Load Test 3-256,text,false,"Test failed: code expected to equal /

****** received  : [[[400]]]

****** comparison: [[[201]]]

/",188,440,1,3,http://localhost:8004/reviews/,2,0,0
1777221541175,3,GET /restaurants?q=ramen,200,OK,Restaurant Search Load Test 2-257,text,true,,587,137,1,2,http://localhost:8002/restaurants/?q=ramen,3,0,0
1777221541153,172,POST /auth/login,200,OK,Login Load Test 1-257,text,true,,316,250,1,2,http://localhost:8001/auth/login,172,0,0
1777221541203,170,Login for Token,200,OK,Review Submission Load Test 3-257,text,true,,316,250,1,2,http://localhost:8001/auth/login,170,0,1
1777221541374,1,POST /reviews/,400,Bad Request,Review Submission Load Test 3-257,text,false,"Test failed: code expected to equal /

****** received  : [[[400]]]

****** comparison: [[[201]]]

/",188,440,1,2,http://localhost:8004/reviews/,1,0,0
1777221541378,2,GET /restaurants?q=ramen,200,OK,Restaurant Search Load Test 2-258,text,true,,587,137,1,2,http://localhost:8002/restaurants/?q=ramen,2,0,0
1777221541352,171,POST /auth/login,200,OK,Login Load Test 1-258,text,true,,316,250,1,2,http://localhost:8001/auth/login,171,0,1
1777221541402,171,Login for Token,200,OK,Review Submission Load Test 3-258,text,true,,316,250,1,2,http://localhost:8001/auth/login,171,0,0
1777221541573,2,POST /reviews/,400,Bad Request,Review Submission Load Test 3-258,text,false,"Test failed: code expected to equal /

****** received  : [[[400]]]

****** comparison: [[[201]]]

/",188,440,1,3,http://localhost:8004/reviews/,2,0,0
1777221541573,3,GET /restaurants?q=ramen,200,OK,Restaurant Search Load Test 2-259,text,true,,587,137,1,2,http://localhost:8002/restaurants/?q=ramen,3,0,1
1777221541548,171,POST /auth/login,200,OK,Login Load Test 1-259,text,true,,316,250,1,2,http://localhost:8001/auth/login,171,0,0
1777221541601,170,Login for Token,200,OK,Review Submission Load Test 3-259,text,true,,316,250,1,2,http://localhost:8001/auth/login,170,0,0
1777221541771,2,POST /reviews/,400,Bad Request,Review Submission Load Test 3-259,text,false,"Test failed: code expected to equal /

****** received  : [[[400]]]

****** comparison: [[[201]]]

/",188,440,1,2,http://localhost:8004/reviews/,2,0,0
1777221541778,3,GET /restaurants?q=ramen,200,OK,Restaurant Search Load Test 2-260,text,true,,587,137,1,2,http://localhost:8002/restaurants/?q=ramen,3,0,0
1777221541748,171,POST /auth/login,200,OK,Login Load Test 1-260,text,true,,316,250,1,2,http://localhost:8001/auth/login,171,0,0
1777221541802,171,Login for Token,200,OK,Review Submission Load Test 3-260,text,true,,316,250,1,2,http://localhost:8001/auth/login,171,0,1
1777221541973,2,POST /reviews/,400,Bad Request,Review Submission Load Test 3-260,text,false,"Test failed: code expected to equal /

****** received  : [[[400]]]

****** comparison: [[[201]]]

/",188,440,1,2,http://localhost:8004/reviews/,2,0,0
1777221541975,3,GET /restaurants?q=ramen,200,OK,Restaurant Search Load Test 2-261,text,true,,587,137,1,2,http://localhost:8002/restaurants/?q=ramen,3,0,0
1777221541949,171,POST /auth/login,200,OK,Login Load Test 1-261,text,true,,316,250,1,2,http://localhost:8001/auth/login,171,0,1
1777221542003,170,Login for Token,200,OK,Review Submission Load Test 3-261,text,true,,316,250,1,2,http://localhost:8001/auth/login,170,0,0
1777221542173,2,POST /reviews/,400,Bad Request,Review Submission Load Test 3-261,text,false,"Test failed: code expected to equal /

****** received  : [[[400]]]

****** comparison: [[[201]]]

/",188,440,1,2,http://localhost:8004/reviews/,2,0,0
1777221542179,3,GET /restaurants?q=ramen,200,OK,Restaurant Search Load Test 2-262,text,true,,587,137,1,2,http://localhost:8002/restaurants/?q=ramen,3,0,0
1777221542144,170,POST /auth/login,200,OK,Login Load Test 1-262,text,true,,316,250,1,2,http://localhost:8001/auth/login,170,0,0
1777221542202,170,Login for Token,200,OK,Review Submission Load Test 3-262,text,true,,316,250,1,2,http://localhost:8001/auth/login,170,0,1
1777221542372,3,POST /reviews/,400,Bad Request,Review Submission Load Test 3-262,text,false,"Test failed: code expected to equal /

****** received  : [[[400]]]

****** comparison: [[[201]]]

/",188,440,1,2,http://localhost:8004/reviews/,3,0,1
1777221542378,3,GET /restaurants?q=ramen,200,OK,Restaurant Search Load Test 2-263,text,true,,587,137,1,2,http://localhost:8002/restaurants/?q=ramen,3,0,0
1777221542351,171,POST /auth/login,200,OK,Login Load Test 1-263,text,true,,316,250,1,2,http://localhost:8001/auth/login,171,0,1
1777221542403,170,Login for Token,200,OK,Review Submission Load Test 3-263,text,true,,316,250,1,2,http://localhost:8001/auth/login,170,0,0
1777221542573,1,POST /reviews/,400,Bad Request,Review Submission Load Test 3-263,text,false,"Test failed: code expected to equal /

****** received  : [[[400]]]

****** comparison: [[[201]]]

/",188,440,1,3,http://localhost:8004/reviews/,1,0,0
1777221542574,3,GET /restaurants?q=ramen,200,OK,Restaurant Search Load Test 2-264,text,true,,587,137,1,2,http://localhost:8002/restaurants/?q=ramen,3,0,0
1777221542551,175,POST /auth/login,200,OK,Login Load Test 1-264,text,true,,316,250,1,2,http://localhost:8001/auth/login,175,0,1
1777221542780,2,GET /restaurants?q=ramen,200,OK,Restaurant Search Load Test 2-265,text,true,,587,137,1,3,http://localhost:8002/restaurants/?q=ramen,2,0,0
1777221542603,179,Login for Token,200,OK,Review Submission Load Test 3-264,text,true,,316,250,1,3,http://localhost:8001/auth/login,179,0,1
1777221542782,2,POST /reviews/,400,Bad Request,Review Submission Load Test 3-264,text,false,"Test failed: code expected to equal /

****** received  : [[[400]]]

****** comparison: [[[201]]]

/",188,440,1,2,http://localhost:8004/reviews/,2,0,0
1777221542751,188,POST /auth/login,200,OK,Login Load Test 1-265,text,true,,316,250,1,2,http://localhost:8001/auth/login,188,0,1
1777221542978,2,GET /restaurants?q=ramen,200,OK,Restaurant Search Load Test 2-266,text,true,,587,137,1,3,http://localhost:8002/restaurants/?q=ramen,2,0,0
1777221542803,179,Login for Token,200,OK,Review Submission Load Test 3-265,text,true,,316,250,1,2,http://localhost:8001/auth/login,179,0,0
1777221542982,1,POST /reviews/,400,Bad Request,Review Submission Load Test 3-265,text,false,"Test failed: code expected to equal /

****** received  : [[[400]]]

****** comparison: [[[201]]]

/",188,440,1,2,http://localhost:8004/reviews/,1,0,0
1777221542944,172,POST /auth/login,200,OK,Login Load Test 1-266,text,true,,316,250,1,2,http://localhost:8001/auth/login,172,0,1
1777221542999,171,Login for Token,200,OK,Review Submission Load Test 3-266,text,true,,316,250,1,2,http://localhost:8001/auth/login,171,0,0
1777221543170,2,POST /reviews/,400,Bad Request,Review Submission Load Test 3-266,text,false,"Test failed: code expected to equal /

****** received  : [[[400]]]

****** comparison: [[[201]]]

/",188,440,1,2,http://localhost:8004/reviews/,2,0,0
1777221543177,2,GET /restaurants?q=ramen,200,OK,Restaurant Search Load Test 2-267,text,true,,587,137,1,2,http://localhost:8002/restaurants/?q=ramen,2,0,0
1777221543149,171,POST /auth/login,200,OK,Login Load Test 1-267,text,true,,316,250,1,2,http://localhost:8001/auth/login,171,0,1
1777221543198,170,Login for Token,200,OK,Review Submission Load Test 3-267,text,true,,316,250,1,2,http://localhost:8001/auth/login,170,0,1
1777221543368,2,POST /reviews/,400,Bad Request,Review Submission Load Test 3-267,text,false,"Test failed: code expected to equal /

****** received  : [[[400]]]

****** comparison: [[[201]]]

/",188,440,1,2,http://localhost:8004/reviews/,2,0,1
1777221543378,3,GET /restaurants?q=ramen,200,OK,Restaurant Search Load Test 2-268,text,true,,587,137,1,2,http://localhost:8002/restaurants/?q=ramen,3,0,0
1777221543354,171,POST /auth/login,200,OK,Login Load Test 1-268,text,true,,316,250,1,2,http://localhost:8001/auth/login,171,0,0
1777221543403,170,Login for Token,200,OK,Review Submission Load Test 3-268,text,true,,316,250,1,2,http://localhost:8001/auth/login,170,0,0
1777221543573,2,POST /reviews/,400,Bad Request,Review Submission Load Test 3-268,text,false,"Test failed: code expected to equal /

****** received  : [[[400]]]

****** comparison: [[[201]]]

/",188,440,1,2,http://localhost:8004/reviews/,2,0,0
1777221543578,5,GET /restaurants?q=ramen,200,OK,Restaurant Search Load Test 2-269,text,true,,587,137,1,2,http://localhost:8002/restaurants/?q=ramen,5,0,0
1777221543549,171,POST /auth/login,200,OK,Login Load Test 1-269,text,true,,316,250,1,2,http://localhost:8001/auth/login,171,0,0
1777221543603,170,Login for Token,200,OK,Review Submission Load Test 3-269,text,true,,316,250,1,2,http://localhost:8001/auth/login,170,0,0
1777221543773,2,POST /reviews/,400,Bad Request,Review Submission Load Test 3-269,text,false,"Test failed: code expected to equal /

****** received  : [[[400]]]

****** comparison: [[[201]]]

/",188,440,1,3,http://localhost:8004/reviews/,2,0,0
1777221543774,3,GET /restaurants?q=ramen,200,OK,Restaurant Search Load Test 2-270,text,true,,587,137,1,2,http://localhost:8002/restaurants/?q=ramen,3,0,0
1777221543745,171,POST /auth/login,200,OK,Login Load Test 1-270,text,true,,316,250,1,2,http://localhost:8001/auth/login,171,0,0
1777221543799,171,Login for Token,200,OK,Review Submission Load Test 3-270,text,true,,316,250,1,2,http://localhost:8001/auth/login,171,0,0
1777221543970,2,POST /reviews/,400,Bad Request,Review Submission Load Test 3-270,text,false,"Test failed: code expected to equal /

****** received  : [[[400]]]

****** comparison: [[[201]]]

/",188,440,1,2,http://localhost:8004/reviews/,2,0,0
1777221543978,3,GET /restaurants?q=ramen,200,OK,Restaurant Search Load Test 2-271,text,true,,587,137,1,2,http://localhost:8002/restaurants/?q=ramen,3,0,0
1777221543947,171,POST /auth/login,200,OK,Login Load Test 1-271,text,true,,316,250,1,2,http://localhost:8001/auth/login,171,0,1
1777221544000,171,Login for Token,200,OK,Review Submission Load Test 3-271,text,true,,316,250,1,2,http://localhost:8001/auth/login,171,0,0
1777221544171,2,POST /reviews/,400,Bad Request,Review Submission Load Test 3-271,text,false,"Test failed: code expected to equal /

****** received  : [[[400]]]

****** comparison: [[[201]]]

/",188,440,1,2,http://localhost:8004/reviews/,2,0,0
1777221544174,4,GET /restaurants?q=ramen,200,OK,Restaurant Search Load Test 2-272,text,true,,587,137,1,2,http://localhost:8002/restaurants/?q=ramen,4,0,0
1777221544144,179,POST /auth/login,200,OK,Login Load Test 1-272,text,true,,316,250,1,2,http://localhost:8001/auth/login,179,0,0
1777221544377,3,GET /restaurants?q=ramen,200,OK,Restaurant Search Load Test 2-273,text,true,,587,137,1,3,http://localhost:8002/restaurants/?q=ramen,3,0,1
1777221544203,186,Login for Token,200,OK,Review Submission Load Test 3-272,text,true,,316,250,1,2,http://localhost:8001/auth/login,186,0,0
1777221544389,2,POST /reviews/,400,Bad Request,Review Submission Load Test 3-272,text,false,"Test failed: code expected to equal /

****** received  : [[[400]]]

****** comparison: [[[201]]]

/",188,440,1,2,http://localhost:8004/reviews/,2,0,0
1777221544344,183,POST /auth/login,200,OK,Login Load Test 1-273,text,true,,316,250,1,2,http://localhost:8001/auth/login,183,0,0
1777221544578,2,GET /restaurants?q=ramen,200,OK,Restaurant Search Load Test 2-274,text,true,,587,137,1,3,http://localhost:8002/restaurants/?q=ramen,2,0,1
1777221544400,187,Login for Token,200,OK,Review Submission Load Test 3-273,text,true,,316,250,1,2,http://localhost:8001/auth/login,187,0,1
1777221544587,2,POST /reviews/,400,Bad Request,Review Submission Load Test 3-273,text,false,"Test failed: code expected to equal /

****** received  : [[[400]]]

****** comparison: [[[201]]]

/",188,440,1,2,http://localhost:8004/reviews/,2,0,1
1777221544544,188,POST /auth/login,200,OK,Login Load Test 1-274,text,true,,316,250,1,2,http://localhost:8001/auth/login,188,0,1
1777221544779,2,GET /restaurants?q=ramen,200,OK,Restaurant Search Load Test 2-275,text,true,,587,137,1,3,http://localhost:8002/restaurants/?q=ramen,2,0,1
1777221544598,188,Login for Token,200,OK,Review Submission Load Test 3-274,text,true,,316,250,1,2,http://localhost:8001/auth/login,188,0,1
1777221544786,2,POST /reviews/,400,Bad Request,Review Submission Load Test 3-274,text,false,"Test failed: code expected to equal /

****** received  : [[[400]]]

****** comparison: [[[201]]]

/",188,440,1,2,http://localhost:8004/reviews/,2,0,1
1777221544752,177,POST /auth/login,200,OK,Login Load Test 1-275,text,true,,316,250,1,2,http://localhost:8001/auth/login,177,0,0
1777221544799,174,Login for Token,200,OK,Review Submission Load Test 3-275,text,true,,316,250,1,2,http://localhost:8001/auth/login,174,0,1
1777221544973,1,POST /reviews/,400,Bad Request,Review Submission Load Test 3-275,text,false,"Test failed: code expected to equal /

****** received  : [[[400]]]

****** comparison: [[[201]]]

/",188,440,1,2,http://localhost:8004/reviews/,1,0,0
1777221544978,1,GET /restaurants?q=ramen,200,OK,Restaurant Search Load Test 2-276,text,true,,587,137,1,2,http://localhost:8002/restaurants/?q=ramen,1,0,0
1777221544945,171,POST /auth/login,200,OK,Login Load Test 1-276,text,true,,316,250,1,2,http://localhost:8001/auth/login,171,0,0
1777221545003,171,Login for Token,200,OK,Review Submission Load Test 3-276,text,true,,316,250,1,2,http://localhost:8001/auth/login,170,0,0
1777221545175,2,POST /reviews/,400,Bad Request,Review Submission Load Test 3-276,text,false,"Test failed: code expected to equal /

****** received  : [[[400]]]

****** comparison: [[[201]]]

/",188,440,1,2,http://localhost:8004/reviews/,2,0,0
1777221545177,4,GET /restaurants?q=ramen,200,OK,Restaurant Search Load Test 2-277,text,true,,587,137,1,2,http://localhost:8002/restaurants/?q=ramen,4,0,0
1777221545145,172,POST /auth/login,200,OK,Login Load Test 1-277,text,true,,316,250,1,2,http://localhost:8001/auth/login,172,0,1
1777221545204,171,Login for Token,200,OK,Review Submission Load Test 3-277,text,true,,316,250,1,2,http://localhost:8001/auth/login,171,0,0
1777221545375,3,POST /reviews/,400,Bad Request,Review Submission Load Test 3-277,text,false,"Test failed: code expected to equal /

****** received  : [[[400]]]

****** comparison: [[[201]]]

/",188,440,1,2,http://localhost:8004/reviews/,3,0,0
1777221545378,4,GET /restaurants?q=ramen,200,OK,Restaurant Search Load Test 2-278,text,true,,587,137,1,2,http://localhost:8002/restaurants/?q=ramen,4,0,1
1777221545351,172,POST /auth/login,200,OK,Login Load Test 1-278,text,true,,316,250,1,2,http://localhost:8001/auth/login,172,0,0
1777221545405,172,Login for Token,200,OK,Review Submission Load Test 3-278,text,true,,316,250,1,2,http://localhost:8001/auth/login,172,0,0
1777221545577,2,POST /reviews/,400,Bad Request,Review Submission Load Test 3-278,text,false,"Test failed: code expected to equal /

****** received  : [[[400]]]

****** comparison: [[[201]]]

/",188,440,1,3,http://localhost:8004/reviews/,2,0,0
1777221545579,3,GET /restaurants?q=ramen,200,OK,Restaurant Search Load Test 2-279,text,true,,587,137,1,2,http://localhost:8002/restaurants/?q=ramen,3,0,0
1777221545546,173,POST /auth/login,200,OK,Login Load Test 1-279,text,true,,316,250,1,2,http://localhost:8001/auth/login,173,0,0
1777221545604,172,Login for Token,200,OK,Review Submission Load Test 3-279,text,true,,316,250,1,2,http://localhost:8001/auth/login,172,0,0
1777221545776,2,POST /reviews/,400,Bad Request,Review Submission Load Test 3-279,text,false,"Test failed: code expected to equal /

****** received  : [[[400]]]

****** comparison: [[[201]]]

/",188,440,1,2,http://localhost:8004/reviews/,2,0,0
1777221545779,3,GET /restaurants?q=ramen,200,OK,Restaurant Search Load Test 2-280,text,true,,587,137,1,2,http://localhost:8002/restaurants/?q=ramen,3,0,0
1777221545749,173,POST /auth/login,200,OK,Login Load Test 1-280,text,true,,316,250,1,2,http://localhost:8001/auth/login,173,0,1
1777221545804,172,Login for Token,200,OK,Review Submission Load Test 3-280,text,true,,316,250,1,2,http://localhost:8001/auth/login,172,0,0
1777221545976,2,POST /reviews/,400,Bad Request,Review Submission Load Test 3-280,text,false,"Test failed: code expected to equal /

****** received  : [[[400]]]

****** comparison: [[[201]]]

/",188,440,1,3,http://localhost:8004/reviews/,2,0,0
1777221545977,3,GET /restaurants?q=ramen,200,OK,Restaurant Search Load Test 2-281,text,true,,587,137,1,2,http://localhost:8002/restaurants/?q=ramen,3,0,0
1777221545949,172,POST /auth/login,200,OK,Login Load Test 1-281,text,true,,316,250,1,2,http://localhost:8001/auth/login,172,0,0
1777221546003,172,Login for Token,200,OK,Review Submission Load Test 3-281,text,true,,316,250,1,2,http://localhost:8001/auth/login,172,0,1
1777221546175,2,POST /reviews/,400,Bad Request,Review Submission Load Test 3-281,text,false,"Test failed: code expected to equal /

****** received  : [[[400]]]

****** comparison: [[[201]]]

/",188,440,1,2,http://localhost:8004/reviews/,2,0,0
1777221546179,3,GET /restaurants?q=ramen,200,OK,Restaurant Search Load Test 2-282,text,true,,587,137,1,2,http://localhost:8002/restaurants/?q=ramen,3,0,0
1777221546146,173,POST /auth/login,200,OK,Login Load Test 1-282,text,true,,316,250,1,2,http://localhost:8001/auth/login,173,0,2
1777221546203,171,Login for Token,200,OK,Review Submission Load Test 3-282,text,true,,316,250,1,2,http://localhost:8001/auth/login,171,0,1
1777221546374,2,POST /reviews/,400,Bad Request,Review Submission Load Test 3-282,text,false,"Test failed: code expected to equal /

****** received  : [[[400]]]

****** comparison: [[[201]]]

/",188,440,1,2,http://localhost:8004/reviews/,2,0,0
1777221546378,4,GET /restaurants?q=ramen,200,OK,Restaurant Search Load Test 2-283,text,true,,587,137,1,2,http://localhost:8002/restaurants/?q=ramen,4,0,1
1777221546343,171,POST /auth/login,200,OK,Login Load Test 1-283,text,true,,316,250,1,2,http://localhost:8001/auth/login,171,0,1
1777221546404,170,Login for Token,200,OK,Review Submission Load Test 3-283,text,true,,316,250,1,2,http://localhost:8001/auth/login,170,0,0
1777221546574,3,POST /reviews/,400,Bad Request,Review Submission Load Test 3-283,text,false,"Test failed: code expected to equal /

****** received  : [[[400]]]

****** comparison: [[[201]]]

/",188,440,1,2,http://localhost:8004/reviews/,3,0,1
1777221546579,3,GET /restaurants?q=ramen,200,OK,Restaurant Search Load Test 2-284,text,true,,587,137,1,2,http://localhost:8002/restaurants/?q=ramen,3,0,0
1777221546546,173,POST /auth/login,200,OK,Login Load Test 1-284,text,true,,316,250,1,2,http://localhost:8001/auth/login,173,0,0
1777221546599,171,Login for Token,200,OK,Review Submission Load Test 3-284,text,true,,316,250,1,2,http://localhost:8001/auth/login,171,0,1
1777221546771,1,POST /reviews/,400,Bad Request,Review Submission Load Test 3-284,text,false,"Test failed: code expected to equal /

****** received  : [[[400]]]

****** comparison: [[[201]]]

/",188,440,1,2,http://localhost:8004/reviews/,1,0,0
1777221546779,3,GET /restaurants?q=ramen,200,OK,Restaurant Search Load Test 2-285,text,true,,587,137,1,2,http://localhost:8002/restaurants/?q=ramen,3,0,0
1777221546748,171,POST /auth/login,200,OK,Login Load Test 1-285,text,true,,316,250,1,2,http://localhost:8001/auth/login,171,0,0
1777221546804,171,Login for Token,200,OK,Review Submission Load Test 3-285,text,true,,316,250,1,2,http://localhost:8001/auth/login,170,0,0
1777221546975,2,POST /reviews/,400,Bad Request,Review Submission Load Test 3-285,text,false,"Test failed: code expected to equal /

****** received  : [[[400]]]

****** comparison: [[[201]]]

/",188,440,1,3,http://localhost:8004/reviews/,2,0,0
1777221546975,3,GET /restaurants?q=ramen,200,OK,Restaurant Search Load Test 2-286,text,true,,587,137,1,2,http://localhost:8002/restaurants/?q=ramen,3,0,0
1777221546947,170,POST /auth/login,200,OK,Login Load Test 1-286,text,true,,316,250,1,2,http://localhost:8001/auth/login,170,0,0
1777221547003,170,Login for Token,200,OK,Review Submission Load Test 3-286,text,true,,316,250,1,2,http://localhost:8001/auth/login,170,0,0
1777221547173,2,POST /reviews/,400,Bad Request,Review Submission Load Test 3-286,text,false,"Test failed: code expected to equal /

****** received  : [[[400]]]

****** comparison: [[[201]]]

/",188,440,1,2,http://localhost:8004/reviews/,2,0,0
1777221547179,4,GET /restaurants?q=ramen,200,OK,Restaurant Search Load Test 2-287,text,true,,587,137,1,2,http://localhost:8002/restaurants/?q=ramen,4,0,1
1777221547147,170,POST /auth/login,200,OK,Login Load Test 1-287,text,true,,316,250,1,2,http://localhost:8001/auth/login,170,0,0
1777221547200,169,Login for Token,200,OK,Review Submission Load Test 3-287,text,true,,316,250,1,2,http://localhost:8001/auth/login,169,0,0
1777221547369,2,POST /reviews/,400,Bad Request,Review Submission Load Test 3-287,text,false,"Test failed: code expected to equal /

****** received  : [[[400]]]

****** comparison: [[[201]]]

/",188,440,1,2,http://localhost:8004/reviews/,2,0,0
1777221547379,4,GET /restaurants?q=ramen,200,OK,Restaurant Search Load Test 2-288,text,true,,587,137,1,2,http://localhost:8002/restaurants/?q=ramen,4,0,0
1777221547346,171,POST /auth/login,200,OK,Login Load Test 1-288,text,true,,316,250,1,2,http://localhost:8001/auth/login,171,0,0
1777221547403,171,Login for Token,200,OK,Review Submission Load Test 3-288,text,true,,316,250,1,2,http://localhost:8001/auth/login,171,0,0
1777221547574,2,POST /reviews/,400,Bad Request,Review Submission Load Test 3-288,text,false,"Test failed: code expected to equal /

****** received  : [[[400]]]

****** comparison: [[[201]]]

/",188,440,1,2,http://localhost:8004/reviews/,2,0,0
1777221547579,4,GET /restaurants?q=ramen,200,OK,Restaurant Search Load Test 2-289,text,true,,587,137,1,2,http://localhost:8002/restaurants/?q=ramen,4,0,0
1777221547548,172,POST /auth/login,200,OK,Login Load Test 1-289,text,true,,316,250,1,2,http://localhost:8001/auth/login,172,0,0
1777221547604,171,Login for Token,200,OK,Review Submission Load Test 3-289,text,true,,316,250,1,2,http://localhost:8001/auth/login,171,0,0
1777221547775,2,POST /reviews/,400,Bad Request,Review Submission Load Test 3-289,text,false,"Test failed: code expected to equal /

****** received  : [[[400]]]

****** comparison: [[[201]]]

/",188,440,1,3,http://localhost:8004/reviews/,2,0,0
1777221547777,4,GET /restaurants?q=ramen,200,OK,Restaurant Search Load Test 2-290,text,true,,587,137,1,2,http://localhost:8002/restaurants/?q=ramen,4,0,0
1777221547746,171,POST /auth/login,200,OK,Login Load Test 1-290,text,true,,316,250,1,2,http://localhost:8001/auth/login,171,0,0
1777221547801,171,Login for Token,200,OK,Review Submission Load Test 3-290,text,true,,316,250,1,2,http://localhost:8001/auth/login,171,0,1
1777221547972,2,POST /reviews/,400,Bad Request,Review Submission Load Test 3-290,text,false,"Test failed: code expected to equal /

****** received  : [[[400]]]

****** comparison: [[[201]]]

/",188,440,1,2,http://localhost:8004/reviews/,2,0,1
1777221547978,4,GET /restaurants?q=ramen,200,OK,Restaurant Search Load Test 2-291,text,true,,587,137,1,2,http://localhost:8002/restaurants/?q=ramen,4,0,1
1777221547946,171,POST /auth/login,200,OK,Login Load Test 1-291,text,true,,316,250,1,2,http://localhost:8001/auth/login,171,0,0
1777221548002,170,Login for Token,200,OK,Review Submission Load Test 3-291,text,true,,316,250,1,2,http://localhost:8001/auth/login,170,0,0
1777221548172,2,POST /reviews/,400,Bad Request,Review Submission Load Test 3-291,text,false,"Test failed: code expected to equal /

****** received  : [[[400]]]

****** comparison: [[[201]]]

/",188,440,1,2,http://localhost:8004/reviews/,2,0,0
1777221548175,4,GET /restaurants?q=ramen,200,OK,Restaurant Search Load Test 2-292,text,true,,587,137,1,2,http://localhost:8002/restaurants/?q=ramen,4,0,1
1777221548146,171,POST /auth/login,200,OK,Login Load Test 1-292,text,true,,316,250,1,2,http://localhost:8001/auth/login,171,0,1
1777221548202,171,Login for Token,200,OK,Review Submission Load Test 3-292,text,true,,316,250,1,2,http://localhost:8001/auth/login,171,0,1
1777221548373,2,POST /reviews/,400,Bad Request,Review Submission Load Test 3-292,text,false,"Test failed: code expected to equal /

****** received  : [[[400]]]

****** comparison: [[[201]]]

/",188,440,1,2,http://localhost:8004/reviews/,2,0,0
1777221548378,4,GET /restaurants?q=ramen,200,OK,Restaurant Search Load Test 2-293,text,true,,587,137,1,2,http://localhost:8002/restaurants/?q=ramen,4,0,0
1777221548347,171,POST /auth/login,200,OK,Login Load Test 1-293,text,true,,316,250,1,2,http://localhost:8001/auth/login,171,0,1
1777221548404,171,Login for Token,200,OK,Review Submission Load Test 3-293,text,true,,316,250,1,2,http://localhost:8001/auth/login,171,0,1
1777221548575,2,POST /reviews/,400,Bad Request,Review Submission Load Test 3-293,text,false,"Test failed: code expected to equal /

****** received  : [[[400]]]

****** comparison: [[[201]]]

/",188,440,1,2,http://localhost:8004/reviews/,2,0,0
1777221548580,3,GET /restaurants?q=ramen,200,OK,Restaurant Search Load Test 2-294,text,true,,587,137,1,2,http://localhost:8002/restaurants/?q=ramen,3,0,0
1777221548546,170,POST /auth/login,200,OK,Login Load Test 1-294,text,true,,316,250,1,2,http://localhost:8001/auth/login,170,0,0
1777221548603,170,Login for Token,200,OK,Review Submission Load Test 3-294,text,true,,316,250,1,2,http://localhost:8001/auth/login,170,0,0
1777221548773,2,POST /reviews/,400,Bad Request,Review Submission Load Test 3-294,text,false,"Test failed: code expected to equal /

****** received  : [[[400]]]

****** comparison: [[[201]]]

/",188,440,1,2,http://localhost:8004/reviews/,2,0,0
1777221548779,4,GET /restaurants?q=ramen,200,OK,Restaurant Search Load Test 2-295,text,true,,587,137,1,2,http://localhost:8002/restaurants/?q=ramen,4,0,1
1777221548751,171,POST /auth/login,200,OK,Login Load Test 1-295,text,true,,316,250,1,2,http://localhost:8001/auth/login,171,0,0
1777221548804,171,Login for Token,200,OK,Review Submission Load Test 3-295,text,true,,316,250,1,2,http://localhost:8001/auth/login,171,0,0
1777221548976,1,POST /reviews/,400,Bad Request,Review Submission Load Test 3-295,text,false,"Test failed: code expected to equal /

****** received  : [[[400]]]

****** comparison: [[[201]]]

/",188,440,1,2,http://localhost:8004/reviews/,1,0,0
1777221548979,3,GET /restaurants?q=ramen,200,OK,Restaurant Search Load Test 2-296,text,true,,587,137,1,2,http://localhost:8002/restaurants/?q=ramen,3,0,0
1777221548946,171,POST /auth/login,200,OK,Login Load Test 1-296,text,true,,316,250,1,2,http://localhost:8001/auth/login,171,0,0
1777221549001,170,Login for Token,200,OK,Review Submission Load Test 3-296,text,true,,316,250,1,2,http://localhost:8001/auth/login,170,0,0
1777221549171,2,POST /reviews/,400,Bad Request,Review Submission Load Test 3-296,text,false,"Test failed: code expected to equal /

****** received  : [[[400]]]

****** comparison: [[[201]]]

/",188,440,1,2,http://localhost:8004/reviews/,2,0,1
1777221549176,3,GET /restaurants?q=ramen,200,OK,Restaurant Search Load Test 2-297,text,true,,587,137,1,2,http://localhost:8002/restaurants/?q=ramen,3,0,0
1777221549146,171,POST /auth/login,200,OK,Login Load Test 1-297,text,true,,316,250,1,2,http://localhost:8001/auth/login,171,0,0
1777221549203,170,Login for Token,200,OK,Review Submission Load Test 3-297,text,true,,316,250,1,2,http://localhost:8001/auth/login,170,0,1
1777221549373,2,POST /reviews/,400,Bad Request,Review Submission Load Test 3-297,text,false,"Test failed: code expected to equal /

****** received  : [[[400]]]

****** comparison: [[[201]]]

/",188,440,1,2,http://localhost:8004/reviews/,2,0,0
1777221549375,2,GET /restaurants?q=ramen,200,OK,Restaurant Search Load Test 2-298,text,true,,587,137,1,2,http://localhost:8002/restaurants/?q=ramen,2,0,0
1777221549345,171,POST /auth/login,200,OK,Login Load Test 1-298,text,true,,316,250,1,2,http://localhost:8001/auth/login,171,0,1
1777221549401,170,Login for Token,200,OK,Review Submission Load Test 3-298,text,true,,316,250,1,2,http://localhost:8001/auth/login,170,0,0
1777221549572,2,POST /reviews/,400,Bad Request,Review Submission Load Test 3-298,text,false,"Test failed: code expected to equal /

****** received  : [[[400]]]

****** comparison: [[[201]]]

/",188,440,1,2,http://localhost:8004/reviews/,2,0,0
1777221549580,4,GET /restaurants?q=ramen,200,OK,Restaurant Search Load Test 2-299,text,true,,587,137,1,2,http://localhost:8002/restaurants/?q=ramen,4,0,0
1777221549545,178,POST /auth/login,200,OK,Login Load Test 1-299,text,true,,316,250,1,2,http://localhost:8001/auth/login,178,0,1
1777221549779,3,GET /restaurants?q=ramen,200,OK,Restaurant Search Load Test 2-300,text,true,,587,137,1,3,http://localhost:8002/restaurants/?q=ramen,3,0,1
1777221549604,183,Login for Token,200,OK,Review Submission Load Test 3-299,text,true,,316,250,1,2,http://localhost:8001/auth/login,183,0,0
1777221549787,1,POST /reviews/,400,Bad Request,Review Submission Load Test 3-299,text,false,"Test failed: code expected to equal /

****** received  : [[[400]]]

****** comparison: [[[201]]]

/",188,440,1,2,http://localhost:8004/reviews/,1,0,0
1777221549746,182,POST /auth/login,200,OK,Login Load Test 1-300,text,true,,316,250,1,2,http://localhost:8001/auth/login,182,0,0
1777221549799,176,Login for Token,200,OK,Review Submission Load Test 3-300,text,true,,316,251,1,1,http://localhost:8001/auth/login,176,0,0
1777221549975,2,POST /reviews/,400,Bad Request,Review Submission Load Test 3-300,text,false,"Test failed: code expected to equal /

****** received  : [[[400]]]

****** comparison: [[[201]]]

/",188,440,1,1,http://localhost:8004/reviews/,2,0,0
1777221982703,16,GET /restaurants?q=ramen,200,OK,Restaurant Search Load Test 2-1,text,true,,587,137,1,3,http://localhost:8002/restaurants/?q=ramen,16,0,10
1777221982868,2,GET /restaurants?q=ramen,200,OK,Restaurant Search Load Test 2-2,text,true,,587,137,1,4,http://localhost:8002/restaurants/?q=ramen,2,0,0
1777221982703,193,POST /auth/login,200,OK,Login Load Test 1-1,text,true,,316,249,2,4,http://localhost:8001/auth/login,193,0,10
1777221982703,193,Login for Token,200,OK,Review Submission Load Test 3-1,text,true,,316,249,2,4,http://localhost:8001/auth/login,193,0,10
1777221982897,3,POST /reviews/,201,Created,Review Submission Load Test 3-1,text,true,,380,440,2,3,http://localhost:8004/reviews/,3,0,1
1777221982867,185,POST /auth/login,200,OK,Login Load Test 1-2,text,true,,316,249,1,2,http://localhost:8001/auth/login,185,0,1
1777221983067,2,GET /restaurants?q=ramen,200,OK,Restaurant Search Load Test 2-3,text,true,,587,137,1,3,http://localhost:8002/restaurants/?q=ramen,2,0,0
1777221982885,186,Login for Token,200,OK,Review Submission Load Test 3-2,text,true,,316,249,1,2,http://localhost:8001/auth/login,186,0,0
1777221983072,2,POST /reviews/,201,Created,Review Submission Load Test 3-2,text,true,,380,440,1,2,http://localhost:8004/reviews/,2,0,0
1777221983067,173,POST /auth/login,200,OK,Login Load Test 1-3,text,true,,316,249,1,2,http://localhost:8001/auth/login,173,0,0
1777221983086,172,Login for Token,200,OK,Review Submission Load Test 3-3,text,true,,316,249,1,1,http://localhost:8001/auth/login,172,0,0
1777221983258,3,POST /reviews/,201,Created,Review Submission Load Test 3-3,text,true,,380,440,1,1,http://localhost:8004/reviews/,3,0,1
1777221983270,4,GET /restaurants?q=ramen,200,OK,Restaurant Search Load Test 2-4,text,true,,587,137,1,2,http://localhost:8002/restaurants/?q=ramen,4,0,1
1777221983266,171,POST /auth/login,200,OK,Login Load Test 1-4,text,true,,316,249,1,2,http://localhost:8001/auth/login,171,0,0
1777221983288,171,Login for Token,200,OK,Review Submission Load Test 3-4,text,true,,316,249,1,1,http://localhost:8001/auth/login,171,0,0
1777221983459,3,POST /reviews/,201,Created,Review Submission Load Test 3-4,text,true,,380,440,1,1,http://localhost:8004/reviews/,3,0,0
1777221983468,4,GET /restaurants?q=ramen,200,OK,Restaurant Search Load Test 2-5,text,true,,587,137,1,2,http://localhost:8002/restaurants/?q=ramen,4,0,0
1777221983463,175,POST /auth/login,200,OK,Login Load Test 1-5,text,true,,316,249,1,2,http://localhost:8001/auth/login,174,0,0
1777221983487,172,Login for Token,200,OK,Review Submission Load Test 3-5,text,true,,316,250,1,1,http://localhost:8001/auth/login,172,0,0
1777221983659,5,POST /reviews/,201,Created,Review Submission Load Test 3-5,text,true,,380,440,1,2,http://localhost:8004/reviews/,5,0,1
1777221983668,2,GET /restaurants?q=ramen,200,OK,Restaurant Search Load Test 2-6,text,true,,587,137,1,2,http://localhost:8002/restaurants/?q=ramen,2,0,0
1777221983663,173,POST /auth/login,200,OK,Login Load Test 1-6,text,true,,316,250,1,2,http://localhost:8001/auth/login,173,0,0
1777221983688,172,Login for Token,200,OK,Review Submission Load Test 3-6,text,true,,316,250,1,1,http://localhost:8001/auth/login,172,0,0
1777221983861,3,POST /reviews/,201,Created,Review Submission Load Test 3-6,text,true,,380,440,1,2,http://localhost:8004/reviews/,3,0,0
1777221983871,3,GET /restaurants?q=ramen,200,OK,Restaurant Search Load Test 2-7,text,true,,587,137,1,2,http://localhost:8002/restaurants/?q=ramen,3,0,0
1777221983862,171,POST /auth/login,200,OK,Login Load Test 1-7,text,true,,316,250,1,2,http://localhost:8001/auth/login,171,0,0
1777221983887,171,Login for Token,200,OK,Review Submission Load Test 3-7,text,true,,316,250,1,1,http://localhost:8001/auth/login,171,0,0
1777221984059,3,POST /reviews/,201,Created,Review Submission Load Test 3-7,text,true,,380,440,1,2,http://localhost:8004/reviews/,3,0,0
1777221984068,4,GET /restaurants?q=ramen,200,OK,Restaurant Search Load Test 2-8,text,true,,587,137,1,2,http://localhost:8002/restaurants/?q=ramen,4,0,1
1777221984061,171,POST /auth/login,200,OK,Login Load Test 1-8,text,true,,316,250,1,2,http://localhost:8001/auth/login,171,0,0
1777221984085,170,Login for Token,200,OK,Review Submission Load Test 3-8,text,true,,316,250,1,1,http://localhost:8001/auth/login,170,0,0
1777221984256,2,POST /reviews/,201,Created,Review Submission Load Test 3-8,text,true,,380,440,1,1,http://localhost:8004/reviews/,2,0,0
1777221984267,4,GET /restaurants?q=ramen,200,OK,Restaurant Search Load Test 2-9,text,true,,587,137,1,2,http://localhost:8002/restaurants/?q=ramen,4,0,0
1777221984262,172,POST /auth/login,200,OK,Login Load Test 1-9,text,true,,316,250,1,2,http://localhost:8001/auth/login,172,0,1
1777221984284,171,Login for Token,200,OK,Review Submission Load Test 3-9,text,true,,316,250,1,1,http://localhost:8001/auth/login,171,0,0
1777221984455,4,POST /reviews/,201,Created,Review Submission Load Test 3-9,text,true,,380,440,1,1,http://localhost:8004/reviews/,4,0,1
1777221984466,3,GET /restaurants?q=ramen,200,OK,Restaurant Search Load Test 2-10,text,true,,587,137,1,2,http://localhost:8002/restaurants/?q=ramen,3,0,0
1777221984465,170,POST /auth/login,200,OK,Login Load Test 1-10,text,true,,316,250,1,2,http://localhost:8001/auth/login,170,0,0
1777221984484,170,Login for Token,200,OK,Review Submission Load Test 3-10,text,true,,316,250,1,1,http://localhost:8001/auth/login,170,0,0
1777221984655,4,POST /reviews/,201,Created,Review Submission Load Test 3-10,text,true,,380,440,1,1,http://localhost:8004/reviews/,4,0,0
1777221984671,2,GET /restaurants?q=ramen,200,OK,Restaurant Search Load Test 2-11,text,true,,587,137,1,2,http://localhost:8002/restaurants/?q=ramen,2,0,0
1777221984663,173,POST /auth/login,200,OK,Login Load Test 1-11,text,true,,316,250,1,2,http://localhost:8001/auth/login,172,0,0
1777221984684,172,Login for Token,200,OK,Review Submission Load Test 3-11,text,true,,316,250,1,1,http://localhost:8001/auth/login,172,0,1
1777221984856,4,POST /reviews/,201,Created,Review Submission Load Test 3-11,text,true,,380,440,1,1,http://localhost:8004/reviews/,4,0,1
1777221984867,4,GET /restaurants?q=ramen,200,OK,Restaurant Search Load Test 2-12,text,true,,587,137,1,2,http://localhost:8002/restaurants/?q=ramen,4,0,0
1777221984862,170,POST /auth/login,200,OK,Login Load Test 1-12,text,true,,316,250,1,2,http://localhost:8001/auth/login,170,0,1
1777221984884,170,Login for Token,200,OK,Review Submission Load Test 3-12,text,true,,316,250,1,1,http://localhost:8001/auth/login,170,0,0
1777221985054,3,POST /reviews/,201,Created,Review Submission Load Test 3-12,text,true,,380,440,1,1,http://localhost:8004/reviews/,3,0,0
1777221985070,3,GET /restaurants?q=ramen,200,OK,Restaurant Search Load Test 2-13,text,true,,587,137,1,2,http://localhost:8002/restaurants/?q=ramen,3,0,1
1777221985063,172,POST /auth/login,200,OK,Login Load Test 1-13,text,true,,316,250,1,2,http://localhost:8001/auth/login,172,0,0
1777221985086,170,Login for Token,200,OK,Review Submission Load Test 3-13,text,true,,316,250,1,1,http://localhost:8001/auth/login,170,0,0
1777221985257,3,POST /reviews/,201,Created,Review Submission Load Test 3-13,text,true,,380,440,1,1,http://localhost:8004/reviews/,3,0,0
1777221985269,4,GET /restaurants?q=ramen,200,OK,Restaurant Search Load Test 2-14,text,true,,587,137,1,2,http://localhost:8002/restaurants/?q=ramen,4,0,0
1777221985262,172,POST /auth/login,200,OK,Login Load Test 1-14,text,true,,316,250,1,2,http://localhost:8001/auth/login,172,0,1
1777221985284,171,Login for Token,200,OK,Review Submission Load Test 3-14,text,true,,316,250,1,1,http://localhost:8001/auth/login,171,0,0
1777221985455,4,POST /reviews/,201,Created,Review Submission Load Test 3-14,text,true,,380,440,1,1,http://localhost:8004/reviews/,4,0,1
1777221985467,3,GET /restaurants?q=ramen,200,OK,Restaurant Search Load Test 2-15,text,true,,587,137,1,2,http://localhost:8002/restaurants/?q=ramen,3,0,0
1777221985462,171,POST /auth/login,200,OK,Login Load Test 1-15,text,true,,316,250,1,2,http://localhost:8001/auth/login,171,0,0
1777221985484,170,Login for Token,200,OK,Review Submission Load Test 3-15,text,true,,316,250,1,1,http://localhost:8001/auth/login,170,0,0
1777221985654,4,POST /reviews/,201,Created,Review Submission Load Test 3-15,text,true,,380,440,1,1,http://localhost:8004/reviews/,4,0,1
1777221985668,4,GET /restaurants?q=ramen,200,OK,Restaurant Search Load Test 2-16,text,true,,587,137,1,2,http://localhost:8002/restaurants/?q=ramen,4,0,1
1777221985658,172,POST /auth/login,200,OK,Login Load Test 1-16,text,true,,316,250,1,2,http://localhost:8001/auth/login,172,0,1
1777221985687,171,Login for Token,200,OK,Review Submission Load Test 3-16,text,true,,316,250,1,1,http://localhost:8001/auth/login,171,0,0
1777221985858,4,POST /reviews/,201,Created,Review Submission Load Test 3-16,text,true,,380,440,1,1,http://localhost:8004/reviews/,4,0,1
1777221985869,4,GET /restaurants?q=ramen,200,OK,Restaurant Search Load Test 2-17,text,true,,587,137,1,2,http://localhost:8002/restaurants/?q=ramen,4,0,0
1777221985864,172,POST /auth/login,200,OK,Login Load Test 1-17,text,true,,316,250,1,2,http://localhost:8001/auth/login,172,0,0
1777221985887,172,Login for Token,200,OK,Review Submission Load Test 3-17,text,true,,316,250,1,1,http://localhost:8001/auth/login,172,0,1
1777221986059,4,POST /reviews/,201,Created,Review Submission Load Test 3-17,text,true,,380,440,1,2,http://localhost:8004/reviews/,4,0,0
1777221986070,3,GET /restaurants?q=ramen,200,OK,Restaurant Search Load Test 2-18,text,true,,587,137,1,2,http://localhost:8002/restaurants/?q=ramen,3,0,1
1777221986062,171,POST /auth/login,200,OK,Login Load Test 1-18,text,true,,316,250,1,2,http://localhost:8001/auth/login,171,0,0
1777221986084,171,Login for Token,200,OK,Review Submission Load Test 3-18,text,true,,316,250,1,1,http://localhost:8001/auth/login,171,0,0
1777221986255,4,POST /reviews/,201,Created,Review Submission Load Test 3-18,text,true,,380,440,1,1,http://localhost:8004/reviews/,4,0,1
1777221986271,3,GET /restaurants?q=ramen,200,OK,Restaurant Search Load Test 2-19,text,true,,587,137,1,2,http://localhost:8002/restaurants/?q=ramen,3,0,0
1777221986262,171,POST /auth/login,200,OK,Login Load Test 1-19,text,true,,316,250,1,2,http://localhost:8001/auth/login,171,0,0
1777221986288,170,Login for Token,200,OK,Review Submission Load Test 3-19,text,true,,316,250,1,1,http://localhost:8001/auth/login,170,0,0
1777221986459,3,POST /reviews/,201,Created,Review Submission Load Test 3-19,text,true,,380,440,1,1,http://localhost:8004/reviews/,3,0,0
1777221986471,4,GET /restaurants?q=ramen,200,OK,Restaurant Search Load Test 2-20,text,true,,587,137,1,2,http://localhost:8002/restaurants/?q=ramen,4,0,0
1777221986463,171,POST /auth/login,200,OK,Login Load Test 1-20,text,true,,316,250,1,2,http://localhost:8001/auth/login,171,0,0
1777221986484,171,Login for Token,200,OK,Review Submission Load Test 3-20,text,true,,316,250,1,1,http://localhost:8001/auth/login,171,0,0
1777221986655,3,POST /reviews/,201,Created,Review Submission Load Test 3-20,text,true,,380,440,1,2,http://localhost:8004/reviews/,3,0,1
1777221986671,5,GET /restaurants?q=ramen,200,OK,Restaurant Search Load Test 2-21,text,true,,587,137,1,2,http://localhost:8002/restaurants/?q=ramen,5,0,1
1777221986658,174,POST /auth/login,200,OK,Login Load Test 1-21,text,true,,316,250,1,2,http://localhost:8001/auth/login,174,0,0
1777221986687,172,Login for Token,200,OK,Review Submission Load Test 3-21,text,true,,316,250,1,1,http://localhost:8001/auth/login,172,0,0
1777221986859,4,POST /reviews/,201,Created,Review Submission Load Test 3-21,text,true,,380,440,1,1,http://localhost:8004/reviews/,4,0,1
1777221986867,4,GET /restaurants?q=ramen,200,OK,Restaurant Search Load Test 2-22,text,true,,587,137,1,2,http://localhost:8002/restaurants/?q=ramen,4,0,0
1777221986864,170,POST /auth/login,200,OK,Login Load Test 1-22,text,true,,316,250,1,2,http://localhost:8001/auth/login,170,0,0
1777221986887,171,Login for Token,200,OK,Review Submission Load Test 3-22,text,true,,316,250,1,1,http://localhost:8001/auth/login,171,0,0
1777221987058,3,POST /reviews/,201,Created,Review Submission Load Test 3-22,text,true,,380,440,1,1,http://localhost:8004/reviews/,3,0,0
1777221987068,3,GET /restaurants?q=ramen,200,OK,Restaurant Search Load Test 2-23,text,true,,587,137,1,2,http://localhost:8002/restaurants/?q=ramen,3,0,1
1777221987064,172,POST /auth/login,200,OK,Login Load Test 1-23,text,true,,316,250,1,2,http://localhost:8001/auth/login,172,0,0
1777221987086,172,Login for Token,200,OK,Review Submission Load Test 3-23,text,true,,316,250,1,1,http://localhost:8001/auth/login,172,0,0
1777221987259,3,POST /reviews/,201,Created,Review Submission Load Test 3-23,text,true,,380,440,1,2,http://localhost:8004/reviews/,3,0,0
1777221987271,4,GET /restaurants?q=ramen,200,OK,Restaurant Search Load Test 2-24,text,true,,587,137,1,2,http://localhost:8002/restaurants/?q=ramen,4,0,0
1777221987259,173,POST /auth/login,200,OK,Login Load Test 1-24,text,true,,316,250,1,2,http://localhost:8001/auth/login,173,0,0
1777221987288,173,Login for Token,200,OK,Review Submission Load Test 3-24,text,true,,316,250,1,2,http://localhost:8001/auth/login,173,0,0
1777221987461,2,POST /reviews/,201,Created,Review Submission Load Test 3-24,text,true,,380,440,1,2,http://localhost:8004/reviews/,2,0,0
1777221987467,3,GET /restaurants?q=ramen,200,OK,Restaurant Search Load Test 2-25,text,true,,587,137,1,2,http://localhost:8002/restaurants/?q=ramen,3,0,0
1777221987459,173,POST /auth/login,200,OK,Login Load Test 1-25,text,true,,316,250,1,2,http://localhost:8001/auth/login,173,0,0
1777221987483,172,Login for Token,200,OK,Review Submission Load Test 3-25,text,true,,316,250,1,2,http://localhost:8001/auth/login,172,0,0
1777221987655,3,POST /reviews/,201,Created,Review Submission Load Test 3-25,text,true,,380,440,1,2,http://localhost:8004/reviews/,3,0,1
1777221987670,3,GET /restaurants?q=ramen,200,OK,Restaurant Search Load Test 2-26,text,true,,587,137,1,2,http://localhost:8002/restaurants/?q=ramen,3,0,0
1777221987655,174,POST /auth/login,200,OK,Login Load Test 1-26,text,true,,316,250,1,2,http://localhost:8001/auth/login,174,0,1
1777221987687,172,Login for Token,200,OK,Review Submission Load Test 3-26,text,true,,316,250,1,2,http://localhost:8001/auth/login,172,0,0
1777221987860,2,POST /reviews/,201,Created,Review Submission Load Test 3-26,text,true,,380,440,1,2,http://localhost:8004/reviews/,2,0,0
1777221987869,4,GET /restaurants?q=ramen,200,OK,Restaurant Search Load Test 2-27,text,true,,587,137,1,2,http://localhost:8002/restaurants/?q=ramen,4,0,0
1777221987859,172,POST /auth/login,200,OK,Login Load Test 1-27,text,true,,316,250,1,2,http://localhost:8001/auth/login,171,0,1
1777221987887,172,Login for Token,200,OK,Review Submission Load Test 3-27,text,true,,316,250,1,1,http://localhost:8001/auth/login,171,0,1
1777221988059,3,POST /reviews/,201,Created,Review Submission Load Test 3-27,text,true,,380,440,1,2,http://localhost:8004/reviews/,3,0,0
1777221988071,4,GET /restaurants?q=ramen,200,OK,Restaurant Search Load Test 2-28,text,true,,587,137,1,2,http://localhost:8002/restaurants/?q=ramen,4,0,1
1777221988059,171,POST /auth/login,200,OK,Login Load Test 1-28,text,true,,316,250,1,2,http://localhost:8001/auth/login,171,0,0
1777221988087,171,Login for Token,200,OK,Review Submission Load Test 3-28,text,true,,316,250,1,1,http://localhost:8001/auth/login,171,0,0
1777221988258,3,POST /reviews/,201,Created,Review Submission Load Test 3-28,text,true,,380,440,1,2,http://localhost:8004/reviews/,3,0,0
1777221988267,4,GET /restaurants?q=ramen,200,OK,Restaurant Search Load Test 2-29,text,true,,587,137,1,2,http://localhost:8002/restaurants/?q=ramen,4,0,0
1777221988259,172,POST /auth/login,200,OK,Login Load Test 1-29,text,true,,316,250,1,2,http://localhost:8001/auth/login,172,0,0
1777221988283,171,Login for Token,200,OK,Review Submission Load Test 3-29,text,true,,316,250,1,1,http://localhost:8001/auth/login,171,0,0
1777221988455,3,POST /reviews/,201,Created,Review Submission Load Test 3-29,text,true,,380,440,1,1,http://localhost:8004/reviews/,3,0,0
1777221988466,4,GET /restaurants?q=ramen,200,OK,Restaurant Search Load Test 2-30,text,true,,587,137,1,2,http://localhost:8002/restaurants/?q=ramen,4,0,1
1777221988461,186,POST /auth/login,200,OK,Login Load Test 1-30,text,true,,316,250,1,2,http://localhost:8001/auth/login,186,0,1
1777221988482,186,Login for Token,200,OK,Review Submission Load Test 3-30,text,true,,316,250,1,2,http://localhost:8001/auth/login,186,0,1
1777221988669,2,POST /reviews/,201,Created,Review Submission Load Test 3-30,text,true,,380,440,1,3,http://localhost:8004/reviews/,2,0,0
1777221988671,2,GET /restaurants?q=ramen,200,OK,Restaurant Search Load Test 2-31,text,true,,587,137,1,2,http://localhost:8002/restaurants/?q=ramen,2,0,0
1777221988662,189,POST /auth/login,200,OK,Login Load Test 1-31,text,true,,316,250,1,2,http://localhost:8001/auth/login,189,0,0
1777221988684,189,Login for Token,200,OK,Review Submission Load Test 3-31,text,true,,316,250,1,3,http://localhost:8001/auth/login,189,0,1
1777221988871,2,GET /restaurants?q=ramen,200,OK,Restaurant Search Load Test 2-32,text,true,,587,137,1,3,http://localhost:8002/restaurants/?q=ramen,2,0,1
1777221988874,1,POST /reviews/,201,Created,Review Submission Load Test 3-31,text,true,,380,440,1,2,http://localhost:8004/reviews/,1,0,0
1777221988853,175,POST /auth/login,200,OK,Login Load Test 1-32,text,true,,316,250,1,2,http://localhost:8001/auth/login,175,0,1
1777221988885,172,Login for Token,200,OK,Review Submission Load Test 3-32,text,true,,316,250,1,1,http://localhost:8001/auth/login,172,0,1
1777221989058,2,POST /reviews/,201,Created,Review Submission Load Test 3-32,text,true,,380,440,1,1,http://localhost:8004/reviews/,2,0,0
1777221989069,2,GET /restaurants?q=ramen,200,OK,Restaurant Search Load Test 2-33,text,true,,587,137,1,2,http://localhost:8002/restaurants/?q=ramen,2,0,1
1777221989061,172,POST /auth/login,200,OK,Login Load Test 1-33,text,true,,316,250,1,2,http://localhost:8001/auth/login,172,0,0
1777221989084,171,Login for Token,200,OK,Review Submission Load Test 3-33,text,true,,316,250,1,1,http://localhost:8001/auth/login,171,0,0
1777221989255,3,POST /reviews/,201,Created,Review Submission Load Test 3-33,text,true,,380,440,1,2,http://localhost:8004/reviews/,3,0,0
1777221989270,3,GET /restaurants?q=ramen,200,OK,Restaurant Search Load Test 2-34,text,true,,587,137,1,2,http://localhost:8002/restaurants/?q=ramen,3,0,0
1777221989257,172,POST /auth/login,200,OK,Login Load Test 1-34,text,true,,316,250,1,2,http://localhost:8001/auth/login,172,0,0
1777221989283,172,Login for Token,200,OK,Review Submission Load Test 3-34,text,true,,316,250,1,1,http://localhost:8001/auth/login,172,0,0
1777221989455,3,POST /reviews/,201,Created,Review Submission Load Test 3-34,text,true,,380,440,1,2,http://localhost:8004/reviews/,3,0,0
1777221989471,3,GET /restaurants?q=ramen,200,OK,Restaurant Search Load Test 2-35,text,true,,587,137,1,2,http://localhost:8002/restaurants/?q=ramen,3,0,0
1777221989457,170,POST /auth/login,200,OK,Login Load Test 1-35,text,true,,316,250,1,2,http://localhost:8001/auth/login,170,0,0
1777221989485,171,Login for Token,200,OK,Review Submission Load Test 3-35,text,true,,316,250,1,1,http://localhost:8001/auth/login,171,0,0
1777221989656,3,POST /reviews/,201,Created,Review Submission Load Test 3-35,text,true,,380,440,1,2,http://localhost:8004/reviews/,3,0,0
1777221989670,4,GET /restaurants?q=ramen,200,OK,Restaurant Search Load Test 2-36,text,true,,587,137,1,2,http://localhost:8002/restaurants/?q=ramen,4,0,0
1777221989658,172,POST /auth/login,200,OK,Login Load Test 1-36,text,true,,316,250,1,2,http://localhost:8001/auth/login,172,0,0
1777221989687,171,Login for Token,200,OK,Review Submission Load Test 3-36,text,true,,316,250,1,1,http://localhost:8001/auth/login,171,0,0
1777221989859,2,POST /reviews/,201,Created,Review Submission Load Test 3-36,text,true,,380,440,1,2,http://localhost:8004/reviews/,2,0,0
1777221989866,3,GET /restaurants?q=ramen,200,OK,Restaurant Search Load Test 2-37,text,true,,587,137,1,2,http://localhost:8002/restaurants/?q=ramen,3,0,1
1777221989860,174,POST /auth/login,200,OK,Login Load Test 1-37,text,true,,316,250,1,2,http://localhost:8001/auth/login,174,0,0
1777221989885,173,Login for Token,200,OK,Review Submission Load Test 3-37,text,true,,316,250,1,1,http://localhost:8001/auth/login,173,0,0
1777221990058,2,POST /reviews/,201,Created,Review Submission Load Test 3-37,text,true,,380,440,1,2,http://localhost:8004/reviews/,2,0,0
1777221990071,2,GET /restaurants?q=ramen,200,OK,Restaurant Search Load Test 2-38,text,true,,587,137,1,2,http://localhost:8002/restaurants/?q=ramen,2,0,0
1777221990059,171,POST /auth/login,200,OK,Login Load Test 1-38,text,true,,316,250,1,2,http://localhost:8001/auth/login,171,0,0
1777221990083,171,Login for Token,200,OK,Review Submission Load Test 3-38,text,true,,316,250,1,1,http://localhost:8001/auth/login,171,0,0
1777221990254,3,POST /reviews/,201,Created,Review Submission Load Test 3-38,text,true,,380,440,1,2,http://localhost:8004/reviews/,3,0,1
1777221990267,3,GET /restaurants?q=ramen,200,OK,Restaurant Search Load Test 2-39,text,true,,587,137,1,2,http://localhost:8002/restaurants/?q=ramen,3,0,0
1777221990256,171,POST /auth/login,200,OK,Login Load Test 1-39,text,true,,316,250,1,2,http://localhost:8001/auth/login,171,0,0
1777221990287,170,Login for Token,200,OK,Review Submission Load Test 3-39,text,true,,316,250,1,2,http://localhost:8001/auth/login,170,0,0
1777221990458,2,POST /reviews/,201,Created,Review Submission Load Test 3-39,text,true,,380,440,1,2,http://localhost:8004/reviews/,2,0,0
1777221990471,3,GET /restaurants?q=ramen,200,OK,Restaurant Search Load Test 2-40,text,true,,587,137,1,2,http://localhost:8002/restaurants/?q=ramen,3,0,0
1777221990457,175,POST /auth/login,200,OK,Login Load Test 1-40,text,true,,316,250,1,2,http://localhost:8001/auth/login,175,0,1
1777221990483,176,Login for Token,200,OK,Review Submission Load Test 3-40,text,true,,316,250,1,2,http://localhost:8001/auth/login,176,0,0
1777221990659,2,POST /reviews/,201,Created,Review Submission Load Test 3-40,text,true,,380,440,1,2,http://localhost:8004/reviews/,2,0,0
1777221990671,2,GET /restaurants?q=ramen,200,OK,Restaurant Search Load Test 2-41,text,true,,587,137,1,2,http://localhost:8002/restaurants/?q=ramen,2,0,1
1777221990659,173,POST /auth/login,200,OK,Login Load Test 1-41,text,true,,316,250,1,2,http://localhost:8001/auth/login,173,0,0
1777221990683,172,Login for Token,200,OK,Review Submission Load Test 3-41,text,true,,316,250,1,1,http://localhost:8001/auth/login,172,0,0
1777221990856,3,POST /reviews/,201,Created,Review Submission Load Test 3-41,text,true,,380,440,1,2,http://localhost:8004/reviews/,3,0,0
1777221990872,2,GET /restaurants?q=ramen,200,OK,Restaurant Search Load Test 2-42,text,true,,587,137,1,2,http://localhost:8002/restaurants/?q=ramen,2,0,0
1777221990859,171,POST /auth/login,200,OK,Login Load Test 1-42,text,true,,316,250,1,2,http://localhost:8001/auth/login,171,0,0
1777221990884,170,Login for Token,200,OK,Review Submission Load Test 3-42,text,true,,316,250,1,1,http://localhost:8001/auth/login,170,0,0
1777221991055,3,POST /reviews/,201,Created,Review Submission Load Test 3-42,text,true,,380,440,1,2,http://localhost:8004/reviews/,3,0,0
1777221991072,3,GET /restaurants?q=ramen,200,OK,Restaurant Search Load Test 2-43,text,true,,587,137,1,2,http://localhost:8002/restaurants/?q=ramen,3,0,1
1777221991058,173,POST /auth/login,200,OK,Login Load Test 1-43,text,true,,316,250,1,2,http://localhost:8001/auth/login,173,0,0
1777221991087,172,Login for Token,200,OK,Review Submission Load Test 3-43,text,true,,316,250,1,2,http://localhost:8001/auth/login,172,0,0
1777221991259,4,POST /reviews/,201,Created,Review Submission Load Test 3-43,text,true,,380,440,1,2,http://localhost:8004/reviews/,4,0,0
1777221991268,4,GET /restaurants?q=ramen,200,OK,Restaurant Search Load Test 2-44,text,true,,587,137,1,2,http://localhost:8002/restaurants/?q=ramen,4,0,0
1777221991256,171,POST /auth/login,200,OK,Login Load Test 1-44,text,true,,316,250,1,2,http://localhost:8001/auth/login,171,0,0
1777221991286,170,Login for Token,200,OK,Review Submission Load Test 3-44,text,true,,316,250,1,1,http://localhost:8001/auth/login,170,0,0
1777221991457,3,POST /reviews/,201,Created,Review Submission Load Test 3-44,text,true,,380,440,1,2,http://localhost:8004/reviews/,3,0,0
1777221991468,4,GET /restaurants?q=ramen,200,OK,Restaurant Search Load Test 2-45,text,true,,587,137,1,2,http://localhost:8002/restaurants/?q=ramen,4,0,0
1777221991459,171,POST /auth/login,200,OK,Login Load Test 1-45,text,true,,316,250,1,2,http://localhost:8001/auth/login,171,0,1
1777221991487,171,Login for Token,200,OK,Review Submission Load Test 3-45,text,true,,316,250,1,2,http://localhost:8001/auth/login,171,0,0
1777221991658,2,POST /reviews/,201,Created,Review Submission Load Test 3-45,text,true,,380,440,1,2,http://localhost:8004/reviews/,2,0,0
1777221991671,3,GET /restaurants?q=ramen,200,OK,Restaurant Search Load Test 2-46,text,true,,587,137,1,2,http://localhost:8002/restaurants/?q=ramen,3,0,0
1777221991658,172,POST /auth/login,200,OK,Login Load Test 1-46,text,true,,316,250,1,2,http://localhost:8001/auth/login,172,0,0
1777221991683,172,Login for Token,200,OK,Review Submission Load Test 3-46,text,true,,316,250,1,2,http://localhost:8001/auth/login,172,0,0
1777221991856,3,POST /reviews/,201,Created,Review Submission Load Test 3-46,text,true,,380,440,1,2,http://localhost:8004/reviews/,3,0,0
1777221991871,2,GET /restaurants?q=ramen,200,OK,Restaurant Search Load Test 2-47,text,true,,587,137,1,2,http://localhost:8002/restaurants/?q=ramen,2,0,0
1777221991856,178,POST /auth/login,200,OK,Login Load Test 1-47,text,true,,316,250,1,2,http://localhost:8001/auth/login,178,0,0
1777221991884,178,Login for Token,200,OK,Review Submission Load Test 3-47,text,true,,316,250,1,2,http://localhost:8001/auth/login,178,0,0
1777221992062,2,POST /reviews/,201,Created,Review Submission Load Test 3-47,text,true,,380,440,1,2,http://localhost:8004/reviews/,2,0,0
1777221992067,2,GET /restaurants?q=ramen,200,OK,Restaurant Search Load Test 2-48,text,true,,587,137,1,2,http://localhost:8002/restaurants/?q=ramen,2,0,0
1777221992059,173,POST /auth/login,200,OK,Login Load Test 1-48,text,true,,316,250,1,2,http://localhost:8001/auth/login,173,0,0
1777221992088,172,Login for Token,200,OK,Review Submission Load Test 3-48,text,true,,316,250,1,2,http://localhost:8001/auth/login,172,0,0
1777221992261,2,POST /reviews/,201,Created,Review Submission Load Test 3-48,text,true,,380,440,1,2,http://localhost:8004/reviews/,2,0,0
1777221992268,4,GET /restaurants?q=ramen,200,OK,Restaurant Search Load Test 2-49,text,true,,587,137,1,2,http://localhost:8002/restaurants/?q=ramen,4,0,0
1777221992257,177,POST /auth/login,200,OK,Login Load Test 1-49,text,true,,316,250,1,2,http://localhost:8001/auth/login,177,0,1
1777221992284,175,Login for Token,200,OK,Review Submission Load Test 3-49,text,true,,316,250,1,2,http://localhost:8001/auth/login,175,0,1
1777221992459,3,POST /reviews/,201,Created,Review Submission Load Test 3-49,text,true,,380,440,1,2,http://localhost:8004/reviews/,3,0,1
1777221992471,4,GET /restaurants?q=ramen,200,OK,Restaurant Search Load Test 2-50,text,true,,587,137,1,2,http://localhost:8002/restaurants/?q=ramen,4,0,1
1777221992459,172,POST /auth/login,200,OK,Login Load Test 1-50,text,true,,316,250,1,2,http://localhost:8001/auth/login,172,0,1
1777221992486,171,Login for Token,200,OK,Review Submission Load Test 3-50,text,true,,316,251,1,2,http://localhost:8001/auth/login,171,0,0
1777221992657,2,POST /reviews/,201,Created,Review Submission Load Test 3-50,text,true,,380,440,1,2,http://localhost:8004/reviews/,2,0,0
1777221992668,3,GET /restaurants?q=ramen,200,OK,Restaurant Search Load Test 2-51,text,true,,587,137,1,2,http://localhost:8002/restaurants/?q=ramen,3,0,1
1777221992657,173,POST /auth/login,200,OK,Login Load Test 1-51,text,true,,316,251,1,2,http://localhost:8001/auth/login,173,0,0
1777221992687,173,Login for Token,200,OK,Review Submission Load Test 3-51,text,true,,316,251,1,2,http://localhost:8001/auth/login,173,0,1
1777221992861,2,POST /reviews/,201,Created,Review Submission Load Test 3-51,text,true,,380,440,1,2,http://localhost:8004/reviews/,2,0,0
1777221992868,3,GET /restaurants?q=ramen,200,OK,Restaurant Search Load Test 2-52,text,true,,587,137,1,2,http://localhost:8002/restaurants/?q=ramen,3,0,1
1777221992859,175,POST /auth/login,200,OK,Login Load Test 1-52,text,true,,316,251,1,2,http://localhost:8001/auth/login,175,0,0
1777221992885,173,Login for Token,200,OK,Review Submission Load Test 3-52,text,true,,316,251,1,2,http://localhost:8001/auth/login,173,0,0
1777221993059,1,POST /reviews/,201,Created,Review Submission Load Test 3-52,text,true,,380,440,1,2,http://localhost:8004/reviews/,1,0,0
1777221993069,2,GET /restaurants?q=ramen,200,OK,Restaurant Search Load Test 2-53,text,true,,587,137,1,2,http://localhost:8002/restaurants/?q=ramen,2,0,1
1777221993056,185,POST /auth/login,200,OK,Login Load Test 1-53,text,true,,316,251,1,2,http://localhost:8001/auth/login,185,0,1
1777221993271,2,GET /restaurants?q=ramen,200,OK,Restaurant Search Load Test 2-54,text,true,,587,137,1,3,http://localhost:8002/restaurants/?q=ramen,2,0,0
1777221993086,187,Login for Token,200,OK,Review Submission Load Test 3-53,text,true,,316,251,1,2,http://localhost:8001/auth/login,187,0,0
1777221993274,2,POST /reviews/,201,Created,Review Submission Load Test 3-53,text,true,,380,440,1,2,http://localhost:8004/reviews/,2,0,0
1777221993253,173,POST /auth/login,200,OK,Login Load Test 1-54,text,true,,316,251,1,2,http://localhost:8001/auth/login,173,0,0
1777221993284,171,Login for Token,200,OK,Review Submission Load Test 3-54,text,true,,316,251,1,2,http://localhost:8001/auth/login,171,0,0
1777221993455,2,POST /reviews/,201,Created,Review Submission Load Test 3-54,text,true,,380,440,1,2,http://localhost:8004/reviews/,2,0,0
1777221993471,2,GET /restaurants?q=ramen,200,OK,Restaurant Search Load Test 2-55,text,true,,587,137,1,2,http://localhost:8002/restaurants/?q=ramen,2,0,0
1777221993453,171,POST /auth/login,200,OK,Login Load Test 1-55,text,true,,316,251,1,2,http://localhost:8001/auth/login,171,0,1
1777221993486,169,Login for Token,200,OK,Review Submission Load Test 3-55,text,true,,316,251,1,2,http://localhost:8001/auth/login,169,0,0
1777221993655,3,POST /reviews/,201,Created,Review Submission Load Test 3-55,text,true,,380,440,1,2,http://localhost:8004/reviews/,3,0,1
1777221993670,4,GET /restaurants?q=ramen,200,OK,Restaurant Search Load Test 2-56,text,true,,587,137,1,2,http://localhost:8002/restaurants/?q=ramen,4,0,0
1777221993655,171,POST /auth/login,200,OK,Login Load Test 1-56,text,true,,316,251,1,2,http://localhost:8001/auth/login,171,0,0
1777221993686,172,Login for Token,200,OK,Review Submission Load Test 3-56,text,true,,316,251,1,2,http://localhost:8001/auth/login,172,0,0
1777221993858,2,POST /reviews/,201,Created,Review Submission Load Test 3-56,text,true,,380,440,1,2,http://localhost:8004/reviews/,2,0,0
1777221993871,3,GET /restaurants?q=ramen,200,OK,Restaurant Search Load Test 2-57,text,true,,587,137,1,2,http://localhost:8002/restaurants/?q=ramen,3,0,0
1777221993857,171,POST /auth/login,200,OK,Login Load Test 1-57,text,true,,316,251,1,2,http://localhost:8001/auth/login,171,0,1
1777221993888,171,Login for Token,200,OK,Review Submission Load Test 3-57,text,true,,316,251,1,2,http://localhost:8001/auth/login,171,0,1
1777221994059,3,POST /reviews/,201,Created,Review Submission Load Test 3-57,text,true,,380,440,1,2,http://localhost:8004/reviews/,3,0,1
1777221994067,3,GET /restaurants?q=ramen,200,OK,Restaurant Search Load Test 2-58,text,true,,587,137,1,2,http://localhost:8002/restaurants/?q=ramen,3,0,0
1777221994057,172,POST /auth/login,200,OK,Login Load Test 1-58,text,true,,316,251,1,2,http://localhost:8001/auth/login,172,0,0
1777221994085,170,Login for Token,200,OK,Review Submission Load Test 3-58,text,true,,316,251,1,2,http://localhost:8001/auth/login,170,0,0
1777221994256,2,POST /reviews/,201,Created,Review Submission Load Test 3-58,text,true,,380,440,1,2,http://localhost:8004/reviews/,2,0,0
1777221994272,3,GET /restaurants?q=ramen,200,OK,Restaurant Search Load Test 2-59,text,true,,587,137,1,2,http://localhost:8002/restaurants/?q=ramen,3,0,0
1777221994253,172,POST /auth/login,200,OK,Login Load Test 1-59,text,true,,316,251,1,2,http://localhost:8001/auth/login,172,0,1
1777221994283,170,Login for Token,200,OK,Review Submission Load Test 3-59,text,true,,316,251,1,1,http://localhost:8001/auth/login,170,0,0
1777221994454,3,POST /reviews/,201,Created,Review Submission Load Test 3-59,text,true,,380,440,1,2,http://localhost:8004/reviews/,3,0,0
1777221994471,4,GET /restaurants?q=ramen,200,OK,Restaurant Search Load Test 2-60,text,true,,587,137,1,2,http://localhost:8002/restaurants/?q=ramen,4,0,0
1777221994455,171,POST /auth/login,200,OK,Login Load Test 1-60,text,true,,316,251,1,2,http://localhost:8001/auth/login,171,0,0
1777221994487,171,Login for Token,200,OK,Review Submission Load Test 3-60,text,true,,316,251,1,2,http://localhost:8001/auth/login,171,0,0
1777221994658,3,POST /reviews/,201,Created,Review Submission Load Test 3-60,text,true,,380,440,1,2,http://localhost:8004/reviews/,3,0,0
1777221994671,4,GET /restaurants?q=ramen,200,OK,Restaurant Search Load Test 2-61,text,true,,587,137,1,2,http://localhost:8002/restaurants/?q=ramen,3,0,0
1777221994655,173,POST /auth/login,200,OK,Login Load Test 1-61,text,true,,316,251,1,2,http://localhost:8001/auth/login,173,0,0
1777221994684,172,Login for Token,200,OK,Review Submission Load Test 3-61,text,true,,316,251,1,2,http://localhost:8001/auth/login,172,0,1
1777221994856,3,POST /reviews/,201,Created,Review Submission Load Test 3-61,text,true,,380,440,1,2,http://localhost:8004/reviews/,3,0,0
1777221994869,3,GET /restaurants?q=ramen,200,OK,Restaurant Search Load Test 2-62,text,true,,587,137,1,2,http://localhost:8002/restaurants/?q=ramen,3,0,0
1777221994856,170,POST /auth/login,200,OK,Login Load Test 1-62,text,true,,316,251,1,2,http://localhost:8001/auth/login,170,0,0
1777221994884,171,Login for Token,200,OK,Review Submission Load Test 3-62,text,true,,316,251,1,2,http://localhost:8001/auth/login,171,0,0
1777221995055,3,POST /reviews/,201,Created,Review Submission Load Test 3-62,text,true,,380,440,1,2,http://localhost:8004/reviews/,3,0,0
1777221995067,3,GET /restaurants?q=ramen,200,OK,Restaurant Search Load Test 2-63,text,true,,587,137,1,2,http://localhost:8002/restaurants/?q=ramen,3,0,0
1777221995054,171,POST /auth/login,200,OK,Login Load Test 1-63,text,true,,316,251,1,2,http://localhost:8001/auth/login,171,0,0
1777221995082,171,Login for Token,200,OK,Review Submission Load Test 3-63,text,true,,316,251,1,2,http://localhost:8001/auth/login,171,0,1
1777221995253,3,POST /reviews/,201,Created,Review Submission Load Test 3-63,text,true,,380,440,1,2,http://localhost:8004/reviews/,3,0,0
1777221995267,4,GET /restaurants?q=ramen,200,OK,Restaurant Search Load Test 2-64,text,true,,587,137,1,2,http://localhost:8002/restaurants/?q=ramen,4,0,1
1777221995251,171,POST /auth/login,200,OK,Login Load Test 1-64,text,true,,316,251,1,2,http://localhost:8001/auth/login,171,0,0
1777221995287,170,Login for Token,200,OK,Review Submission Load Test 3-64,text,true,,316,251,1,2,http://localhost:8001/auth/login,170,0,0
1777221995458,2,POST /reviews/,201,Created,Review Submission Load Test 3-64,text,true,,380,440,1,2,http://localhost:8004/reviews/,2,0,0
1777221995467,4,GET /restaurants?q=ramen,200,OK,Restaurant Search Load Test 2-65,text,true,,587,137,1,2,http://localhost:8002/restaurants/?q=ramen,4,0,0
1777221995456,172,POST /auth/login,200,OK,Login Load Test 1-65,text,true,,316,251,1,2,http://localhost:8001/auth/login,172,0,1
1777221995487,170,Login for Token,200,OK,Review Submission Load Test 3-65,text,true,,316,251,1,2,http://localhost:8001/auth/login,170,0,0
1777221995657,3,POST /reviews/,201,Created,Review Submission Load Test 3-65,text,true,,380,440,1,2,http://localhost:8004/reviews/,3,0,1
1777221995667,3,GET /restaurants?q=ramen,200,OK,Restaurant Search Load Test 2-66,text,true,,587,137,1,2,http://localhost:8002/restaurants/?q=ramen,3,0,0
1777221995653,172,POST /auth/login,200,OK,Login Load Test 1-66,text,true,,316,251,1,2,http://localhost:8001/auth/login,172,0,0
1777221995684,172,Login for Token,200,OK,Review Submission Load Test 3-66,text,true,,316,251,1,2,http://localhost:8001/auth/login,171,0,0
1777221995856,2,POST /reviews/,201,Created,Review Submission Load Test 3-66,text,true,,380,440,1,2,http://localhost:8004/reviews/,2,0,0
1777221995867,3,GET /restaurants?q=ramen,200,OK,Restaurant Search Load Test 2-67,text,true,,587,137,1,2,http://localhost:8002/restaurants/?q=ramen,3,0,0
1777221995856,175,POST /auth/login,200,OK,Login Load Test 1-67,text,true,,316,251,1,2,http://localhost:8001/auth/login,175,0,0
1777221995888,175,Login for Token,200,OK,Review Submission Load Test 3-67,text,true,,316,251,1,2,http://localhost:8001/auth/login,175,0,0
1777221996063,3,POST /reviews/,201,Created,Review Submission Load Test 3-67,text,true,,380,440,1,2,http://localhost:8004/reviews/,3,0,0
1777221996067,3,GET /restaurants?q=ramen,200,OK,Restaurant Search Load Test 2-68,text,true,,587,137,1,2,http://localhost:8002/restaurants/?q=ramen,3,0,0
1777221996056,173,POST /auth/login,200,OK,Login Load Test 1-68,text,true,,316,251,1,2,http://localhost:8001/auth/login,173,0,0
1777221996088,171,Login for Token,200,OK,Review Submission Load Test 3-68,text,true,,316,251,1,2,http://localhost:8001/auth/login,171,0,0
1777221996259,3,POST /reviews/,201,Created,Review Submission Load Test 3-68,text,true,,380,440,1,2,http://localhost:8004/reviews/,3,0,1
1777221996271,3,GET /restaurants?q=ramen,200,OK,Restaurant Search Load Test 2-69,text,true,,587,137,1,2,http://localhost:8002/restaurants/?q=ramen,3,0,0
1777221996256,171,POST /auth/login,200,OK,Login Load Test 1-69,text,true,,316,251,1,2,http://localhost:8001/auth/login,171,0,0
1777221996284,170,Login for Token,200,OK,Review Submission Load Test 3-69,text,true,,316,251,1,1,http://localhost:8001/auth/login,170,0,0
1777221996454,3,POST /reviews/,201,Created,Review Submission Load Test 3-69,text,true,,380,440,1,2,http://localhost:8004/reviews/,3,0,1
1777221996470,3,GET /restaurants?q=ramen,200,OK,Restaurant Search Load Test 2-70,text,true,,587,137,1,2,http://localhost:8002/restaurants/?q=ramen,3,0,0
1777221996455,170,POST /auth/login,200,OK,Login Load Test 1-70,text,true,,316,251,1,2,http://localhost:8001/auth/login,170,0,0
1777221996484,170,Login for Token,200,OK,Review Submission Load Test 3-70,text,true,,316,251,1,2,http://localhost:8001/auth/login,170,0,0
1777221996654,3,POST /reviews/,201,Created,Review Submission Load Test 3-70,text,true,,380,440,1,2,http://localhost:8004/reviews/,3,0,0
1777221996671,3,GET /restaurants?q=ramen,200,OK,Restaurant Search Load Test 2-71,text,true,,587,137,1,2,http://localhost:8002/restaurants/?q=ramen,3,0,0
1777221996653,174,POST /auth/login,200,OK,Login Load Test 1-71,text,true,,316,251,1,2,http://localhost:8001/auth/login,174,0,1
1777221996684,173,Login for Token,200,OK,Review Submission Load Test 3-71,text,true,,316,251,1,2,http://localhost:8001/auth/login,173,0,0
1777221996857,3,POST /reviews/,201,Created,Review Submission Load Test 3-71,text,true,,380,440,1,2,http://localhost:8004/reviews/,3,0,0
1777221996866,3,GET /restaurants?q=ramen,200,OK,Restaurant Search Load Test 2-72,text,true,,587,137,1,2,http://localhost:8002/restaurants/?q=ramen,3,0,0
1777221996857,171,POST /auth/login,200,OK,Login Load Test 1-72,text,true,,316,251,1,2,http://localhost:8001/auth/login,171,0,0
1777221996885,171,Login for Token,200,OK,Review Submission Load Test 3-72,text,true,,316,251,1,2,http://localhost:8001/auth/login,171,0,0
1777221997056,3,POST /reviews/,201,Created,Review Submission Load Test 3-72,text,true,,380,440,1,2,http://localhost:8004/reviews/,3,0,0
1777221997070,4,GET /restaurants?q=ramen,200,OK,Restaurant Search Load Test 2-73,text,true,,587,137,1,2,http://localhost:8002/restaurants/?q=ramen,4,0,1
1777221997051,172,POST /auth/login,200,OK,Login Load Test 1-73,text,true,,316,251,1,2,http://localhost:8001/auth/login,172,0,0
1777221997084,171,Login for Token,200,OK,Review Submission Load Test 3-73,text,true,,316,251,1,2,http://localhost:8001/auth/login,171,0,0
1777221997255,3,POST /reviews/,201,Created,Review Submission Load Test 3-73,text,true,,380,440,1,2,http://localhost:8004/reviews/,3,0,1
1777221997271,3,GET /restaurants?q=ramen,200,OK,Restaurant Search Load Test 2-74,text,true,,587,137,1,2,http://localhost:8002/restaurants/?q=ramen,3,0,0
1777221997252,174,POST /auth/login,200,OK,Login Load Test 1-74,text,true,,316,251,1,2,http://localhost:8001/auth/login,174,0,0
1777221997287,173,Login for Token,200,OK,Review Submission Load Test 3-74,text,true,,316,251,1,2,http://localhost:8001/auth/login,173,0,0
1777221997460,3,POST /reviews/,201,Created,Review Submission Load Test 3-74,text,true,,380,440,1,2,http://localhost:8004/reviews/,3,0,0
1777221997469,3,GET /restaurants?q=ramen,200,OK,Restaurant Search Load Test 2-75,text,true,,587,137,1,2,http://localhost:8002/restaurants/?q=ramen,3,0,0
1777221997456,174,POST /auth/login,200,OK,Login Load Test 1-75,text,true,,316,251,1,2,http://localhost:8001/auth/login,174,0,1
1777221997487,173,Login for Token,200,OK,Review Submission Load Test 3-75,text,true,,316,251,1,2,http://localhost:8001/auth/login,173,0,1
1777221997660,3,POST /reviews/,201,Created,Review Submission Load Test 3-75,text,true,,380,440,1,2,http://localhost:8004/reviews/,3,0,0
1777221997667,4,GET /restaurants?q=ramen,200,OK,Restaurant Search Load Test 2-76,text,true,,587,137,1,2,http://localhost:8002/restaurants/?q=ramen,4,0,1
1777221997651,174,POST /auth/login,200,OK,Login Load Test 1-76,text,true,,316,251,1,2,http://localhost:8001/auth/login,174,0,0
1777221997687,173,Login for Token,200,OK,Review Submission Load Test 3-76,text,true,,316,251,1,2,http://localhost:8001/auth/login,173,0,0
1777221997860,3,POST /reviews/,201,Created,Review Submission Load Test 3-76,text,true,,380,440,1,2,http://localhost:8004/reviews/,3,0,1
1777221997869,4,GET /restaurants?q=ramen,200,OK,Restaurant Search Load Test 2-77,text,true,,587,137,1,2,http://localhost:8002/restaurants/?q=ramen,4,0,0
1777221997852,173,POST /auth/login,200,OK,Login Load Test 1-77,text,true,,316,251,1,2,http://localhost:8001/auth/login,173,0,1
1777221997887,171,Login for Token,200,OK,Review Submission Load Test 3-77,text,true,,316,251,1,2,http://localhost:8001/auth/login,171,0,1
1777221998059,2,POST /reviews/,201,Created,Review Submission Load Test 3-77,text,true,,380,440,1,2,http://localhost:8004/reviews/,2,0,0
1777221998067,3,GET /restaurants?q=ramen,200,OK,Restaurant Search Load Test 2-78,text,true,,587,137,1,2,http://localhost:8002/restaurants/?q=ramen,3,0,0
1777221998051,171,POST /auth/login,200,OK,Login Load Test 1-78,text,true,,316,251,1,2,http://localhost:8001/auth/login,171,0,0
1777221998083,170,Login for Token,200,OK,Review Submission Load Test 3-78,text,true,,316,251,1,2,http://localhost:8001/auth/login,170,0,0
1777221998253,3,POST /reviews/,201,Created,Review Submission Load Test 3-78,text,true,,380,440,1,2,http://localhost:8004/reviews/,3,0,1
1777221998267,4,GET /restaurants?q=ramen,200,OK,Restaurant Search Load Test 2-79,text,true,,587,137,1,2,http://localhost:8002/restaurants/?q=ramen,4,0,0
1777221998253,171,POST /auth/login,200,OK,Login Load Test 1-79,text,true,,316,251,1,2,http://localhost:8001/auth/login,171,0,0
1777221998284,171,Login for Token,200,OK,Review Submission Load Test 3-79,text,true,,316,251,1,2,http://localhost:8001/auth/login,171,0,0
1777221998455,3,POST /reviews/,201,Created,Review Submission Load Test 3-79,text,true,,380,440,1,2,http://localhost:8004/reviews/,2,0,0
1777221998471,3,GET /restaurants?q=ramen,200,OK,Restaurant Search Load Test 2-80,text,true,,587,137,1,2,http://localhost:8002/restaurants/?q=ramen,3,0,0
1777221998452,171,POST /auth/login,200,OK,Login Load Test 1-80,text,true,,316,251,1,2,http://localhost:8001/auth/login,171,0,0
1777221998484,170,Login for Token,200,OK,Review Submission Load Test 3-80,text,true,,316,251,1,2,http://localhost:8001/auth/login,170,0,0
1777221998654,3,POST /reviews/,201,Created,Review Submission Load Test 3-80,text,true,,380,440,1,2,http://localhost:8004/reviews/,3,0,1
1777221998672,3,GET /restaurants?q=ramen,200,OK,Restaurant Search Load Test 2-81,text,true,,587,137,1,2,http://localhost:8002/restaurants/?q=ramen,3,0,0
1777221998652,173,POST /auth/login,200,OK,Login Load Test 1-81,text,true,,316,251,1,2,http://localhost:8001/auth/login,173,0,1
1777221998687,171,Login for Token,200,OK,Review Submission Load Test 3-81,text,true,,316,251,1,2,http://localhost:8001/auth/login,171,0,0
1777221998859,2,POST /reviews/,201,Created,Review Submission Load Test 3-81,text,true,,380,440,1,2,http://localhost:8004/reviews/,2,0,0
1777221998867,3,GET /restaurants?q=ramen,200,OK,Restaurant Search Load Test 2-82,text,true,,587,137,1,2,http://localhost:8002/restaurants/?q=ramen,3,0,0
1777221998856,171,POST /auth/login,200,OK,Login Load Test 1-82,text,true,,316,251,1,2,http://localhost:8001/auth/login,171,0,0
1777221998885,170,Login for Token,200,OK,Review Submission Load Test 3-82,text,true,,316,251,1,2,http://localhost:8001/auth/login,170,0,0
1777221999055,3,POST /reviews/,201,Created,Review Submission Load Test 3-82,text,true,,380,440,1,2,http://localhost:8004/reviews/,3,0,1
1777221999072,3,GET /restaurants?q=ramen,200,OK,Restaurant Search Load Test 2-83,text,true,,587,137,1,2,http://localhost:8002/restaurants/?q=ramen,3,0,0
1777221999051,171,POST /auth/login,200,OK,Login Load Test 1-83,text,true,,316,251,1,2,http://localhost:8001/auth/login,171,0,0
1777221999087,170,Login for Token,200,OK,Review Submission Load Test 3-83,text,true,,316,251,1,2,http://localhost:8001/auth/login,170,0,0
1777221999257,3,POST /reviews/,201,Created,Review Submission Load Test 3-83,text,true,,380,440,1,2,http://localhost:8004/reviews/,3,0,1
1777221999271,4,GET /restaurants?q=ramen,200,OK,Restaurant Search Load Test 2-84,text,true,,587,137,1,2,http://localhost:8002/restaurants/?q=ramen,4,0,0
1777221999253,171,POST /auth/login,200,OK,Login Load Test 1-84,text,true,,316,251,1,2,http://localhost:8001/auth/login,171,0,0
1777221999284,170,Login for Token,200,OK,Review Submission Load Test 3-84,text,true,,316,251,1,2,http://localhost:8001/auth/login,170,0,0
1777221999455,2,POST /reviews/,201,Created,Review Submission Load Test 3-84,text,true,,380,440,1,2,http://localhost:8004/reviews/,2,0,0
1777221999467,4,GET /restaurants?q=ramen,200,OK,Restaurant Search Load Test 2-85,text,true,,587,137,1,2,http://localhost:8002/restaurants/?q=ramen,4,0,1
1777221999454,171,POST /auth/login,200,OK,Login Load Test 1-85,text,true,,316,251,1,2,http://localhost:8001/auth/login,171,0,1
1777221999483,171,Login for Token,200,OK,Review Submission Load Test 3-85,text,true,,316,251,1,1,http://localhost:8001/auth/login,171,0,1
1777221999654,3,POST /reviews/,201,Created,Review Submission Load Test 3-85,text,true,,380,440,1,2,http://localhost:8004/reviews/,3,0,0
1777221999671,3,GET /restaurants?q=ramen,200,OK,Restaurant Search Load Test 2-86,text,true,,587,137,1,2,http://localhost:8002/restaurants/?q=ramen,3,0,0
1777221999656,173,POST /auth/login,200,OK,Login Load Test 1-86,text,true,,316,251,1,2,http://localhost:8001/auth/login,173,0,0
1777221999687,173,Login for Token,200,OK,Review Submission Load Test 3-86,text,true,,316,251,1,2,http://localhost:8001/auth/login,173,0,0
1777221999860,3,POST /reviews/,201,Created,Review Submission Load Test 3-86,text,true,,380,440,1,2,http://localhost:8004/reviews/,3,0,0
1777221999871,4,GET /restaurants?q=ramen,200,OK,Restaurant Search Load Test 2-87,text,true,,587,137,1,2,http://localhost:8002/restaurants/?q=ramen,4,0,1
1777221999851,171,POST /auth/login,200,OK,Login Load Test 1-87,text,true,,316,251,1,2,http://localhost:8001/auth/login,171,0,0
1777221999888,170,Login for Token,200,OK,Review Submission Load Test 3-87,text,true,,316,251,1,2,http://localhost:8001/auth/login,170,0,0
1777222000059,3,POST /reviews/,201,Created,Review Submission Load Test 3-87,text,true,,380,440,1,2,http://localhost:8004/reviews/,3,0,0
1777222000071,3,GET /restaurants?q=ramen,200,OK,Restaurant Search Load Test 2-88,text,true,,587,137,1,2,http://localhost:8002/restaurants/?q=ramen,3,0,0
1777222000050,182,POST /auth/login,200,OK,Login Load Test 1-88,text,true,,316,251,1,2,http://localhost:8001/auth/login,182,0,1
1777222000087,181,Login for Token,200,OK,Review Submission Load Test 3-88,text,true,,316,251,1,2,http://localhost:8001/auth/login,181,0,0
1777222000268,2,POST /reviews/,201,Created,Review Submission Load Test 3-88,text,true,,380,440,1,2,http://localhost:8004/reviews/,2,0,0
1777222000271,1,GET /restaurants?q=ramen,200,OK,Restaurant Search Load Test 2-89,text,true,,587,137,1,2,http://localhost:8002/restaurants/?q=ramen,1,0,0
1777222000253,173,POST /auth/login,200,OK,Login Load Test 1-89,text,true,,316,251,1,2,http://localhost:8001/auth/login,173,0,1
1777222000287,171,Login for Token,200,OK,Review Submission Load Test 3-89,text,true,,316,251,1,2,http://localhost:8001/auth/login,171,0,0
1777222000458,2,POST /reviews/,201,Created,Review Submission Load Test 3-89,text,true,,380,440,1,2,http://localhost:8004/reviews/,2,0,0
1777222000471,3,GET /restaurants?q=ramen,200,OK,Restaurant Search Load Test 2-90,text,true,,587,137,1,2,http://localhost:8002/restaurants/?q=ramen,3,0,0
1777222000447,173,POST /auth/login,200,OK,Login Load Test 1-90,text,true,,316,251,1,2,http://localhost:8001/auth/login,173,0,0
1777222000486,177,Login for Token,200,OK,Review Submission Load Test 3-90,text,true,,316,251,1,2,http://localhost:8001/auth/login,177,0,0
1777222000663,2,POST /reviews/,201,Created,Review Submission Load Test 3-90,text,true,,380,440,1,2,http://localhost:8004/reviews/,2,0,0
1777222000667,2,GET /restaurants?q=ramen,200,OK,Restaurant Search Load Test 2-91,text,true,,587,137,1,2,http://localhost:8002/restaurants/?q=ramen,2,0,1
1777222000652,173,POST /auth/login,200,OK,Login Load Test 1-91,text,true,,316,251,1,2,http://localhost:8001/auth/login,173,0,1
1777222000685,171,Login for Token,200,OK,Review Submission Load Test 3-91,text,true,,316,251,1,2,http://localhost:8001/auth/login,171,0,0
1777222000856,3,POST /reviews/,201,Created,Review Submission Load Test 3-91,text,true,,380,440,1,2,http://localhost:8004/reviews/,3,0,0
1777222000866,4,GET /restaurants?q=ramen,200,OK,Restaurant Search Load Test 2-92,text,true,,587,137,1,2,http://localhost:8002/restaurants/?q=ramen,4,0,1
1777222000855,172,POST /auth/login,200,OK,Login Load Test 1-92,text,true,,316,251,1,2,http://localhost:8001/auth/login,172,0,1
1777222000887,172,Login for Token,200,OK,Review Submission Load Test 3-92,text,true,,316,251,1,2,http://localhost:8001/auth/login,172,0,1
1777222001059,3,POST /reviews/,201,Created,Review Submission Load Test 3-92,text,true,,380,440,1,2,http://localhost:8004/reviews/,3,0,1
1777222001069,2,GET /restaurants?q=ramen,200,OK,Restaurant Search Load Test 2-93,text,true,,587,137,1,2,http://localhost:8002/restaurants/?q=ramen,2,0,1
1777222001051,181,POST /auth/login,200,OK,Login Load Test 1-93,text,true,,316,251,1,2,http://localhost:8001/auth/login,181,0,0
1777222001086,183,Login for Token,200,OK,Review Submission Load Test 3-93,text,true,,316,251,1,2,http://localhost:8001/auth/login,183,0,1
1777222001269,3,POST /reviews/,201,Created,Review Submission Load Test 3-93,text,true,,380,440,1,3,http://localhost:8004/reviews/,3,0,1
1777222001271,1,GET /restaurants?q=ramen,200,OK,Restaurant Search Load Test 2-94,text,true,,587,137,1,2,http://localhost:8002/restaurants/?q=ramen,1,0,0
1777222001251,189,POST /auth/login,200,OK,Login Load Test 1-94,text,true,,316,251,1,2,http://localhost:8001/auth/login,189,0,1
1777222001467,2,GET /restaurants?q=ramen,200,OK,Restaurant Search Load Test 2-95,text,true,,587,137,1,3,http://localhost:8002/restaurants/?q=ramen,2,0,0
1777222001287,184,Login for Token,200,OK,Review Submission Load Test 3-94,text,true,,316,251,1,2,http://localhost:8001/auth/login,184,0,1
1777222001471,2,POST /reviews/,201,Created,Review Submission Load Test 3-94,text,true,,380,440,1,2,http://localhost:8004/reviews/,2,0,0
1777222001451,175,POST /auth/login,200,OK,Login Load Test 1-95,text,true,,316,251,1,2,http://localhost:8001/auth/login,175,0,1
1777222001487,174,Login for Token,200,OK,Review Submission Load Test 3-95,text,true,,316,251,1,2,http://localhost:8001/auth/login,174,0,0
1777222001661,2,POST /reviews/,201,Created,Review Submission Load Test 3-95,text,true,,380,440,1,2,http://localhost:8004/reviews/,2,0,0
1777222001669,2,GET /restaurants?q=ramen,200,OK,Restaurant Search Load Test 2-96,text,true,,587,137,1,2,http://localhost:8002/restaurants/?q=ramen,2,0,0
1777222001653,174,POST /auth/login,200,OK,Login Load Test 1-96,text,true,,316,251,1,2,http://localhost:8001/auth/login,174,0,0
1777222001682,172,Login for Token,200,OK,Review Submission Load Test 3-96,text,true,,316,251,1,2,http://localhost:8001/auth/login,172,0,0
1777222001855,2,POST /reviews/,201,Created,Review Submission Load Test 3-96,text,true,,380,440,1,2,http://localhost:8004/reviews/,2,0,0
1777222001867,4,GET /restaurants?q=ramen,200,OK,Restaurant Search Load Test 2-97,text,true,,587,137,1,2,http://localhost:8002/restaurants/?q=ramen,4,0,1
1777222001851,172,POST /auth/login,200,OK,Login Load Test 1-97,text,true,,316,251,1,2,http://localhost:8001/auth/login,172,0,1
1777222001887,170,Login for Token,200,OK,Review Submission Load Test 3-97,text,true,,316,251,1,2,http://localhost:8001/auth/login,170,0,0
1777222002057,3,POST /reviews/,201,Created,Review Submission Load Test 3-97,text,true,,380,440,1,2,http://localhost:8004/reviews/,3,0,1
1777222002066,4,GET /restaurants?q=ramen,200,OK,Restaurant Search Load Test 2-98,text,true,,587,137,1,2,http://localhost:8002/restaurants/?q=ramen,4,0,1
1777222002053,173,POST /auth/login,200,OK,Login Load Test 1-98,text,true,,316,251,1,2,http://localhost:8001/auth/login,173,0,0
1777222002087,172,Login for Token,200,OK,Review Submission Load Test 3-98,text,true,,316,251,1,2,http://localhost:8001/auth/login,172,0,1
1777222002259,3,POST /reviews/,201,Created,Review Submission Load Test 3-98,text,true,,380,440,1,2,http://localhost:8004/reviews/,3,0,1
1777222002270,3,GET /restaurants?q=ramen,200,OK,Restaurant Search Load Test 2-99,text,true,,587,137,1,2,http://localhost:8002/restaurants/?q=ramen,3,0,0
1777222002253,175,POST /auth/login,200,OK,Login Load Test 1-99,text,true,,316,251,1,2,http://localhost:8001/auth/login,175,0,0
1777222002289,174,Login for Token,200,OK,Review Submission Load Test 3-99,text,true,,316,251,1,2,http://localhost:8001/auth/login,174,0,0
1777222002464,3,POST /reviews/,201,Created,Review Submission Load Test 3-99,text,true,,380,440,1,3,http://localhost:8004/reviews/,3,0,0
1777222002466,4,GET /restaurants?q=ramen,200,OK,Restaurant Search Load Test 2-100,text,true,,587,137,1,2,http://localhost:8002/restaurants/?q=ramen,4,0,0
1777222002448,173,POST /auth/login,200,OK,Login Load Test 1-100,text,true,,316,251,1,2,http://localhost:8001/auth/login,172,0,0
1777222002487,171,Login for Token,200,OK,Review Submission Load Test 3-100,text,true,,316,251,1,2,http://localhost:8001/auth/login,171,0,0
1777222002658,2,POST /reviews/,201,Created,Review Submission Load Test 3-100,text,true,,380,440,1,2,http://localhost:8004/reviews/,2,0,0
1777222002671,3,GET /restaurants?q=ramen,200,OK,Restaurant Search Load Test 2-101,text,true,,587,137,1,2,http://localhost:8002/restaurants/?q=ramen,3,0,0
1777222002651,174,POST /auth/login,200,OK,Login Load Test 1-101,text,true,,316,251,1,2,http://localhost:8001/auth/login,174,0,0
1777222002684,172,Login for Token,200,OK,Review Submission Load Test 3-101,text,true,,316,251,1,2,http://localhost:8001/auth/login,172,0,0
1777222002856,3,POST /reviews/,201,Created,Review Submission Load Test 3-101,text,true,,380,440,1,2,http://localhost:8004/reviews/,3,0,0
1777222002870,3,GET /restaurants?q=ramen,200,OK,Restaurant Search Load Test 2-102,text,true,,587,137,1,2,http://localhost:8002/restaurants/?q=ramen,3,0,0
1777222002851,175,POST /auth/login,200,OK,Login Load Test 1-102,text,true,,316,251,1,2,http://localhost:8001/auth/login,175,0,0
1777222002887,174,Login for Token,200,OK,Review Submission Load Test 3-102,text,true,,316,251,1,2,http://localhost:8001/auth/login,174,0,0
1777222003061,3,POST /reviews/,201,Created,Review Submission Load Test 3-102,text,true,,380,440,1,2,http://localhost:8004/reviews/,3,0,0
1777222003070,3,GET /restaurants?q=ramen,200,OK,Restaurant Search Load Test 2-103,text,true,,587,137,1,2,http://localhost:8002/restaurants/?q=ramen,3,0,0
1777222003052,172,POST /auth/login,200,OK,Login Load Test 1-103,text,true,,316,251,1,2,http://localhost:8001/auth/login,172,0,1
1777222003084,171,Login for Token,200,OK,Review Submission Load Test 3-103,text,true,,316,251,1,2,http://localhost:8001/auth/login,171,0,0
1777222003255,3,POST /reviews/,201,Created,Review Submission Load Test 3-103,text,true,,380,440,1,2,http://localhost:8004/reviews/,3,0,0
1777222003269,2,GET /restaurants?q=ramen,200,OK,Restaurant Search Load Test 2-104,text,true,,587,137,1,2,http://localhost:8002/restaurants/?q=ramen,2,0,0
1777222003252,186,POST /auth/login,200,OK,Login Load Test 1-104,text,true,,316,251,1,2,http://localhost:8001/auth/login,186,0,0
1777222003467,2,GET /restaurants?q=ramen,200,OK,Restaurant Search Load Test 2-105,text,true,,587,137,1,3,http://localhost:8002/restaurants/?q=ramen,2,0,0
1777222003287,186,Login for Token,200,OK,Review Submission Load Test 3-104,text,true,,316,251,1,2,http://localhost:8001/auth/login,186,0,1
1777222003474,2,POST /reviews/,201,Created,Review Submission Load Test 3-104,text,true,,380,440,1,2,http://localhost:8004/reviews/,2,0,0
1777222003445,175,POST /auth/login,200,OK,Login Load Test 1-105,text,true,,316,251,1,2,http://localhost:8001/auth/login,175,0,1
1777222003483,171,Login for Token,200,OK,Review Submission Load Test 3-105,text,true,,316,251,1,2,http://localhost:8001/auth/login,171,0,0
1777222003654,2,POST /reviews/,201,Created,Review Submission Load Test 3-105,text,true,,380,440,1,2,http://localhost:8004/reviews/,2,0,0
1777222003666,2,GET /restaurants?q=ramen,200,OK,Restaurant Search Load Test 2-106,text,true,,587,137,1,2,http://localhost:8002/restaurants/?q=ramen,2,0,0
1777222003652,174,POST /auth/login,200,OK,Login Load Test 1-106,text,true,,316,251,1,2,http://localhost:8001/auth/login,174,0,1
1777222003688,172,Login for Token,200,OK,Review Submission Load Test 3-106,text,true,,316,251,1,2,http://localhost:8001/auth/login,172,0,0
1777222003860,3,POST /reviews/,201,Created,Review Submission Load Test 3-106,text,true,,380,440,1,2,http://localhost:8004/reviews/,3,0,0
1777222003868,3,GET /restaurants?q=ramen,200,OK,Restaurant Search Load Test 2-107,text,true,,587,137,1,2,http://localhost:8002/restaurants/?q=ramen,3,0,0
1777222003850,172,POST /auth/login,200,OK,Login Load Test 1-107,text,true,,316,251,1,2,http://localhost:8001/auth/login,172,0,1
1777222003884,171,Login for Token,200,OK,Review Submission Load Test 3-107,text,true,,316,251,1,2,http://localhost:8001/auth/login,171,0,1
1777222004055,3,POST /reviews/,201,Created,Review Submission Load Test 3-107,text,true,,380,440,1,2,http://localhost:8004/reviews/,3,0,1
1777222004067,4,GET /restaurants?q=ramen,200,OK,Restaurant Search Load Test 2-108,text,true,,587,137,1,2,http://localhost:8002/restaurants/?q=ramen,4,0,0
1777222004052,171,POST /auth/login,200,OK,Login Load Test 1-108,text,true,,316,251,1,2,http://localhost:8001/auth/login,171,0,0
1777222004087,171,Login for Token,200,OK,Review Submission Load Test 3-108,text,true,,316,251,1,2,http://localhost:8001/auth/login,170,0,0
1777222004258,2,POST /reviews/,201,Created,Review Submission Load Test 3-108,text,true,,380,440,1,2,http://localhost:8004/reviews/,2,0,0
1777222004270,4,GET /restaurants?q=ramen,200,OK,Restaurant Search Load Test 2-109,text,true,,587,137,1,2,http://localhost:8002/restaurants/?q=ramen,4,0,1
1777222004252,181,POST /auth/login,200,OK,Login Load Test 1-109,text,true,,316,251,1,2,http://localhost:8001/auth/login,181,0,1
1777222004284,184,Login for Token,200,OK,Review Submission Load Test 3-109,text,true,,316,251,1,2,http://localhost:8001/auth/login,184,0,0
1777222004469,2,POST /reviews/,201,Created,Review Submission Load Test 3-109,text,true,,380,440,1,3,http://localhost:8004/reviews/,2,0,0
1777222004471,2,GET /restaurants?q=ramen,200,OK,Restaurant Search Load Test 2-110,text,true,,587,137,1,2,http://localhost:8002/restaurants/?q=ramen,2,0,0
1777222004449,187,POST /auth/login,200,OK,Login Load Test 1-110,text,true,,316,251,1,2,http://localhost:8001/auth/login,187,0,1
1777222004670,2,GET /restaurants?q=ramen,200,OK,Restaurant Search Load Test 2-111,text,true,,587,137,1,3,http://localhost:8002/restaurants/?q=ramen,2,0,1
1777222004487,186,Login for Token,200,OK,Review Submission Load Test 3-110,text,true,,316,251,1,2,http://localhost:8001/auth/login,186,0,1
1777222004674,2,POST /reviews/,201,Created,Review Submission Load Test 3-110,text,true,,380,440,1,2,http://localhost:8004/reviews/,2,0,0
1777222004649,175,POST /auth/login,200,OK,Login Load Test 1-111,text,true,,316,251,1,2,http://localhost:8001/auth/login,175,0,0
1777222004684,173,Login for Token,200,OK,Review Submission Load Test 3-111,text,true,,316,251,1,2,http://localhost:8001/auth/login,173,0,0
1777222004857,2,POST /reviews/,201,Created,Review Submission Load Test 3-111,text,true,,380,440,1,2,http://localhost:8004/reviews/,2,0,0
1777222004871,2,GET /restaurants?q=ramen,200,OK,Restaurant Search Load Test 2-112,text,true,,587,137,1,2,http://localhost:8002/restaurants/?q=ramen,2,0,1
1777222004854,173,POST /auth/login,200,OK,Login Load Test 1-112,text,true,,316,251,1,2,http://localhost:8001/auth/login,173,0,0
1777222004885,173,Login for Token,200,OK,Review Submission Load Test 3-112,text,true,,316,251,1,2,http://localhost:8001/auth/login,173,0,0
1777222005058,2,POST /reviews/,201,Created,Review Submission Load Test 3-112,text,true,,380,440,1,2,http://localhost:8004/reviews/,2,0,0
1777222005068,3,GET /restaurants?q=ramen,200,OK,Restaurant Search Load Test 2-113,text,true,,587,137,1,2,http://localhost:8002/restaurants/?q=ramen,3,0,1
1777222005051,185,POST /auth/login,200,OK,Login Load Test 1-113,text,true,,316,251,1,2,http://localhost:8001/auth/login,185,0,0
1777222005085,181,Login for Token,200,OK,Review Submission Load Test 3-113,text,true,,316,251,1,2,http://localhost:8001/auth/login,181,0,0
1777222005266,2,POST /reviews/,201,Created,Review Submission Load Test 3-113,text,true,,380,440,1,3,http://localhost:8004/reviews/,2,0,0
1777222005268,2,GET /restaurants?q=ramen,200,OK,Restaurant Search Load Test 2-114,text,true,,587,137,1,2,http://localhost:8002/restaurants/?q=ramen,2,0,0
1777222005253,175,POST /auth/login,200,OK,Login Load Test 1-114,text,true,,316,251,1,2,http://localhost:8001/auth/login,175,0,1
1777222005284,172,Login for Token,200,OK,Review Submission Load Test 3-114,text,true,,316,251,1,2,http://localhost:8001/auth/login,172,0,0
1777222005456,3,POST /reviews/,201,Created,Review Submission Load Test 3-114,text,true,,380,440,1,2,http://localhost:8004/reviews/,3,0,1
1777222005471,3,GET /restaurants?q=ramen,200,OK,Restaurant Search Load Test 2-115,text,true,,587,137,1,2,http://localhost:8002/restaurants/?q=ramen,3,0,0
1777222005451,171,POST /auth/login,200,OK,Login Load Test 1-115,text,true,,316,251,1,2,http://localhost:8001/auth/login,171,0,0
1777222005487,170,Login for Token,200,OK,Review Submission Load Test 3-115,text,true,,316,251,1,2,http://localhost:8001/auth/login,170,0,1
1777222005658,2,POST /reviews/,201,Created,Review Submission Load Test 3-115,text,true,,380,440,1,2,http://localhost:8004/reviews/,2,0,0
1777222005671,4,GET /restaurants?q=ramen,200,OK,Restaurant Search Load Test 2-116,text,true,,587,137,1,2,http://localhost:8002/restaurants/?q=ramen,4,0,0
1777222005650,173,POST /auth/login,200,OK,Login Load Test 1-116,text,true,,316,251,1,2,http://localhost:8001/auth/login,173,0,1
1777222005685,172,Login for Token,200,OK,Review Submission Load Test 3-116,text,true,,316,251,1,2,http://localhost:8001/auth/login,172,0,0
1777222005857,3,POST /reviews/,201,Created,Review Submission Load Test 3-116,text,true,,380,440,1,2,http://localhost:8004/reviews/,3,0,0
1777222005870,3,GET /restaurants?q=ramen,200,OK,Restaurant Search Load Test 2-117,text,true,,587,137,1,2,http://localhost:8002/restaurants/?q=ramen,3,0,0
1777222005852,171,POST /auth/login,200,OK,Login Load Test 1-117,text,true,,316,251,1,2,http://localhost:8001/auth/login,171,0,1
1777222005887,171,Login for Token,200,OK,Review Submission Load Test 3-117,text,true,,316,251,1,2,http://localhost:8001/auth/login,171,0,1
1777222006058,3,POST /reviews/,201,Created,Review Submission Load Test 3-117,text,true,,380,440,1,2,http://localhost:8004/reviews/,3,0,0
1777222006072,3,GET /restaurants?q=ramen,200,OK,Restaurant Search Load Test 2-118,text,true,,587,137,1,2,http://localhost:8002/restaurants/?q=ramen,3,0,0
1777222006049,172,POST /auth/login,200,OK,Login Load Test 1-118,text,true,,316,251,1,2,http://localhost:8001/auth/login,172,0,1
1777222006087,170,Login for Token,200,OK,Review Submission Load Test 3-118,text,true,,316,251,1,2,http://localhost:8001/auth/login,170,0,0
1777222006258,2,POST /reviews/,201,Created,Review Submission Load Test 3-118,text,true,,380,440,1,2,http://localhost:8004/reviews/,2,0,0
1777222006270,3,GET /restaurants?q=ramen,200,OK,Restaurant Search Load Test 2-119,text,true,,587,137,1,2,http://localhost:8002/restaurants/?q=ramen,3,0,0
1777222006251,172,POST /auth/login,200,OK,Login Load Test 1-119,text,true,,316,251,1,2,http://localhost:8001/auth/login,172,0,1
1777222006287,171,Login for Token,200,OK,Review Submission Load Test 3-119,text,true,,316,251,1,2,http://localhost:8001/auth/login,171,0,0
1777222006458,3,POST /reviews/,201,Created,Review Submission Load Test 3-119,text,true,,380,440,1,2,http://localhost:8004/reviews/,3,0,0
1777222006469,3,GET /restaurants?q=ramen,200,OK,Restaurant Search Load Test 2-120,text,true,,587,137,1,2,http://localhost:8002/restaurants/?q=ramen,3,0,0
1777222006451,170,POST /auth/login,200,OK,Login Load Test 1-120,text,true,,316,251,1,2,http://localhost:8001/auth/login,170,0,1
1777222006487,170,Login for Token,200,OK,Review Submission Load Test 3-120,text,true,,316,251,1,2,http://localhost:8001/auth/login,170,0,0
1777222006657,3,POST /reviews/,201,Created,Review Submission Load Test 3-120,text,true,,380,440,1,2,http://localhost:8004/reviews/,3,0,0
1777222006671,3,GET /restaurants?q=ramen,200,OK,Restaurant Search Load Test 2-121,text,true,,587,137,1,2,http://localhost:8002/restaurants/?q=ramen,3,0,0
1777222006649,172,POST /auth/login,200,OK,Login Load Test 1-121,text,true,,316,251,1,2,http://localhost:8001/auth/login,172,0,0
1777222006683,172,Login for Token,200,OK,Review Submission Load Test 3-121,text,true,,316,251,1,2,http://localhost:8001/auth/login,172,0,0
1777222006855,3,POST /reviews/,201,Created,Review Submission Load Test 3-121,text,true,,380,440,1,2,http://localhost:8004/reviews/,3,0,0
1777222006871,3,GET /restaurants?q=ramen,200,OK,Restaurant Search Load Test 2-122,text,true,,587,137,1,2,http://localhost:8002/restaurants/?q=ramen,3,0,0
1777222006854,171,POST /auth/login,200,OK,Login Load Test 1-122,text,true,,316,251,1,2,http://localhost:8001/auth/login,171,0,0
1777222006885,171,Login for Token,200,OK,Review Submission Load Test 3-122,text,true,,316,251,1,2,http://localhost:8001/auth/login,171,0,0
1777222007056,3,POST /reviews/,201,Created,Review Submission Load Test 3-122,text,true,,380,440,1,2,http://localhost:8004/reviews/,3,0,0
1777222007070,3,GET /restaurants?q=ramen,200,OK,Restaurant Search Load Test 2-123,text,true,,587,137,1,2,http://localhost:8002/restaurants/?q=ramen,3,0,0
1777222007046,173,POST /auth/login,200,OK,Login Load Test 1-123,text,true,,316,251,1,2,http://localhost:8001/auth/login,173,0,1
1777222007082,172,Login for Token,200,OK,Review Submission Load Test 3-123,text,true,,316,251,1,2,http://localhost:8001/auth/login,172,0,1
1777222007254,3,POST /reviews/,201,Created,Review Submission Load Test 3-123,text,true,,380,440,1,2,http://localhost:8004/reviews/,3,0,0
1777222007271,4,GET /restaurants?q=ramen,200,OK,Restaurant Search Load Test 2-124,text,true,,587,137,1,2,http://localhost:8002/restaurants/?q=ramen,4,0,0
1777222007249,173,POST /auth/login,200,OK,Login Load Test 1-124,text,true,,316,251,1,2,http://localhost:8001/auth/login,173,0,1
1777222007285,172,Login for Token,200,OK,Review Submission Load Test 3-124,text,true,,316,251,1,2,http://localhost:8001/auth/login,172,0,0
1777222007457,3,POST /reviews/,201,Created,Review Submission Load Test 3-124,text,true,,380,440,1,2,http://localhost:8004/reviews/,3,0,1
1777222007467,3,GET /restaurants?q=ramen,200,OK,Restaurant Search Load Test 2-125,text,true,,587,137,1,2,http://localhost:8002/restaurants/?q=ramen,3,0,1
1777222007448,173,POST /auth/login,200,OK,Login Load Test 1-125,text,true,,316,251,1,2,http://localhost:8001/auth/login,173,0,0
1777222007486,172,Login for Token,200,OK,Review Submission Load Test 3-125,text,true,,316,251,1,2,http://localhost:8001/auth/login,172,0,0
1777222007658,3,POST /reviews/,201,Created,Review Submission Load Test 3-125,text,true,,380,440,1,2,http://localhost:8004/reviews/,3,0,1
1777222007667,3,GET /restaurants?q=ramen,200,OK,Restaurant Search Load Test 2-126,text,true,,587,137,1,2,http://localhost:8002/restaurants/?q=ramen,3,0,0
1777222007650,174,POST /auth/login,200,OK,Login Load Test 1-126,text,true,,316,251,1,2,http://localhost:8001/auth/login,174,0,0
1777222007688,174,Login for Token,200,OK,Review Submission Load Test 3-126,text,true,,316,251,1,2,http://localhost:8001/auth/login,174,0,1
1777222007862,3,POST /reviews/,201,Created,Review Submission Load Test 3-126,text,true,,380,440,1,2,http://localhost:8004/reviews/,3,0,0
1777222007870,3,GET /restaurants?q=ramen,200,OK,Restaurant Search Load Test 2-127,text,true,,587,137,1,2,http://localhost:8002/restaurants/?q=ramen,3,0,1
1777222007849,171,POST /auth/login,200,OK,Login Load Test 1-127,text,true,,316,251,1,2,http://localhost:8001/auth/login,171,0,0
1777222007887,170,Login for Token,200,OK,Review Submission Load Test 3-127,text,true,,316,251,1,2,http://localhost:8001/auth/login,170,0,0
1777222008057,3,POST /reviews/,201,Created,Review Submission Load Test 3-127,text,true,,380,440,1,2,http://localhost:8004/reviews/,3,0,0
1777222008068,4,GET /restaurants?q=ramen,200,OK,Restaurant Search Load Test 2-128,text,true,,587,137,1,2,http://localhost:8002/restaurants/?q=ramen,4,0,1
1777222008042,172,POST /auth/login,200,OK,Login Load Test 1-128,text,true,,316,251,1,2,http://localhost:8001/auth/login,172,0,1
1777222008084,172,Login for Token,200,OK,Review Submission Load Test 3-128,text,true,,316,251,1,2,http://localhost:8001/auth/login,172,0,1
1777222008256,3,POST /reviews/,201,Created,Review Submission Load Test 3-128,text,true,,380,440,1,2,http://localhost:8004/reviews/,3,0,1
1777222008267,4,GET /restaurants?q=ramen,200,OK,Restaurant Search Load Test 2-129,text,true,,587,137,1,2,http://localhost:8002/restaurants/?q=ramen,4,0,1
1777222008247,172,POST /auth/login,200,OK,Login Load Test 1-129,text,true,,316,251,1,2,http://localhost:8001/auth/login,172,0,0
1777222008287,172,Login for Token,200,OK,Review Submission Load Test 3-129,text,true,,316,251,1,2,http://localhost:8001/auth/login,172,0,1
1777222008459,3,POST /reviews/,201,Created,Review Submission Load Test 3-129,text,true,,380,440,1,2,http://localhost:8004/reviews/,3,0,1
1777222008467,3,GET /restaurants?q=ramen,200,OK,Restaurant Search Load Test 2-130,text,true,,587,137,1,2,http://localhost:8002/restaurants/?q=ramen,3,0,0
1777222008446,172,POST /auth/login,200,OK,Login Load Test 1-130,text,true,,316,251,1,2,http://localhost:8001/auth/login,172,0,0
1777222008487,171,Login for Token,200,OK,Review Submission Load Test 3-130,text,true,,316,251,1,2,http://localhost:8001/auth/login,171,0,0
1777222008658,3,POST /reviews/,201,Created,Review Submission Load Test 3-130,text,true,,380,440,1,2,http://localhost:8004/reviews/,3,0,0
1777222008671,4,GET /restaurants?q=ramen,200,OK,Restaurant Search Load Test 2-131,text,true,,587,137,1,2,http://localhost:8002/restaurants/?q=ramen,4,0,0
1777222008647,173,POST /auth/login,200,OK,Login Load Test 1-131,text,true,,316,251,1,2,http://localhost:8001/auth/login,173,0,0
1777222008684,172,Login for Token,200,OK,Review Submission Load Test 3-131,text,true,,316,251,1,2,http://localhost:8001/auth/login,172,0,0
1777222008856,3,POST /reviews/,201,Created,Review Submission Load Test 3-131,text,true,,380,440,1,2,http://localhost:8004/reviews/,3,0,0
1777222008871,3,GET /restaurants?q=ramen,200,OK,Restaurant Search Load Test 2-132,text,true,,587,137,1,2,http://localhost:8002/restaurants/?q=ramen,3,0,0
1777222008842,171,POST /auth/login,200,OK,Login Load Test 1-132,text,true,,316,251,1,2,http://localhost:8001/auth/login,171,0,1
1777222008885,171,Login for Token,200,OK,Review Submission Load Test 3-132,text,true,,316,251,1,2,http://localhost:8001/auth/login,171,0,0
1777222009056,3,POST /reviews/,201,Created,Review Submission Load Test 3-132,text,true,,380,440,1,2,http://localhost:8004/reviews/,3,0,0
1777222009071,4,GET /restaurants?q=ramen,200,OK,Restaurant Search Load Test 2-133,text,true,,587,137,1,2,http://localhost:8002/restaurants/?q=ramen,4,0,0
1777222009048,172,POST /auth/login,200,OK,Login Load Test 1-133,text,true,,316,251,1,2,http://localhost:8001/auth/login,172,0,0
1777222009084,171,Login for Token,200,OK,Review Submission Load Test 3-133,text,true,,316,251,1,2,http://localhost:8001/auth/login,171,0,0
1777222009255,3,POST /reviews/,201,Created,Review Submission Load Test 3-133,text,true,,380,440,1,2,http://localhost:8004/reviews/,3,0,0
1777222009271,3,GET /restaurants?q=ramen,200,OK,Restaurant Search Load Test 2-134,text,true,,587,137,1,2,http://localhost:8002/restaurants/?q=ramen,3,0,0
1777222009246,171,POST /auth/login,200,OK,Login Load Test 1-134,text,true,,316,251,1,2,http://localhost:8001/auth/login,171,0,0
1777222009287,171,Login for Token,200,OK,Review Submission Load Test 3-134,text,true,,316,251,1,2,http://localhost:8001/auth/login,171,0,0
1777222009458,3,POST /reviews/,201,Created,Review Submission Load Test 3-134,text,true,,380,440,1,2,http://localhost:8004/reviews/,3,0,0
1777222009470,4,GET /restaurants?q=ramen,200,OK,Restaurant Search Load Test 2-135,text,true,,587,137,1,2,http://localhost:8002/restaurants/?q=ramen,4,0,0
1777222009444,171,POST /auth/login,200,OK,Login Load Test 1-135,text,true,,316,251,1,2,http://localhost:8001/auth/login,171,0,0
1777222009483,171,Login for Token,200,OK,Review Submission Load Test 3-135,text,true,,316,251,1,2,http://localhost:8001/auth/login,171,0,1
1777222009654,3,POST /reviews/,201,Created,Review Submission Load Test 3-135,text,true,,380,440,1,2,http://localhost:8004/reviews/,3,0,0
1777222009672,3,GET /restaurants?q=ramen,200,OK,Restaurant Search Load Test 2-136,text,true,,587,137,1,2,http://localhost:8002/restaurants/?q=ramen,3,0,0
1777222009641,173,POST /auth/login,200,OK,Login Load Test 1-136,text,true,,316,251,1,2,http://localhost:8001/auth/login,173,0,0
1777222009687,171,Login for Token,200,OK,Review Submission Load Test 3-136,text,true,,316,251,1,2,http://localhost:8001/auth/login,171,0,0
1777222009858,3,POST /reviews/,201,Created,Review Submission Load Test 3-136,text,true,,380,440,1,2,http://localhost:8004/reviews/,3,0,1
1777222009867,3,GET /restaurants?q=ramen,200,OK,Restaurant Search Load Test 2-137,text,true,,587,137,1,2,http://localhost:8002/restaurants/?q=ramen,3,0,0
1777222009845,171,POST /auth/login,200,OK,Login Load Test 1-137,text,true,,316,251,1,2,http://localhost:8001/auth/login,171,0,0
1777222009884,171,Login for Token,200,OK,Review Submission Load Test 3-137,text,true,,316,251,1,2,http://localhost:8001/auth/login,171,0,0
1777222010056,3,POST /reviews/,201,Created,Review Submission Load Test 3-137,text,true,,380,440,1,2,http://localhost:8004/reviews/,3,0,0
1777222010072,3,GET /restaurants?q=ramen,200,OK,Restaurant Search Load Test 2-138,text,true,,587,137,1,2,http://localhost:8002/restaurants/?q=ramen,3,0,0
1777222010042,173,POST /auth/login,200,OK,Login Load Test 1-138,text,true,,316,251,1,2,http://localhost:8001/auth/login,173,0,1
1777222010089,171,Login for Token,200,OK,Review Submission Load Test 3-138,text,true,,316,251,1,2,http://localhost:8001/auth/login,171,0,1
1777222010260,3,POST /reviews/,201,Created,Review Submission Load Test 3-138,text,true,,380,440,1,2,http://localhost:8004/reviews/,3,0,1
1777222010270,4,GET /restaurants?q=ramen,200,OK,Restaurant Search Load Test 2-139,text,true,,587,137,1,2,http://localhost:8002/restaurants/?q=ramen,4,0,0
1777222010244,172,POST /auth/login,200,OK,Login Load Test 1-139,text,true,,316,251,1,2,http://localhost:8001/auth/login,172,0,0
1777222010289,171,Login for Token,200,OK,Review Submission Load Test 3-139,text,true,,316,251,1,2,http://localhost:8001/auth/login,171,0,1
1777222010460,3,POST /reviews/,201,Created,Review Submission Load Test 3-139,text,true,,380,440,1,2,http://localhost:8004/reviews/,3,0,1
1777222010466,4,GET /restaurants?q=ramen,200,OK,Restaurant Search Load Test 2-140,text,true,,587,137,1,2,http://localhost:8002/restaurants/?q=ramen,4,0,1
1777222010442,174,POST /auth/login,200,OK,Login Load Test 1-140,text,true,,316,251,1,2,http://localhost:8001/auth/login,174,0,1
1777222010488,176,Login for Token,200,OK,Review Submission Load Test 3-140,text,true,,316,251,1,2,http://localhost:8001/auth/login,176,0,0
1777222010665,2,POST /reviews/,201,Created,Review Submission Load Test 3-140,text,true,,380,440,1,3,http://localhost:8004/reviews/,2,0,0
1777222010666,2,GET /restaurants?q=ramen,200,OK,Restaurant Search Load Test 2-141,text,true,,587,137,1,2,http://localhost:8002/restaurants/?q=ramen,2,0,0
1777222010641,174,POST /auth/login,200,OK,Login Load Test 1-141,text,true,,316,251,1,2,http://localhost:8001/auth/login,174,0,1
1777222010683,171,Login for Token,200,OK,Review Submission Load Test 3-141,text,true,,316,251,1,2,http://localhost:8001/auth/login,171,0,0
1777222010854,3,POST /reviews/,201,Created,Review Submission Load Test 3-141,text,true,,380,440,1,2,http://localhost:8004/reviews/,3,0,0
1777222010871,4,GET /restaurants?q=ramen,200,OK,Restaurant Search Load Test 2-142,text,true,,587,137,1,2,http://localhost:8002/restaurants/?q=ramen,4,0,1
1777222010844,170,POST /auth/login,200,OK,Login Load Test 1-142,text,true,,316,251,1,2,http://localhost:8001/auth/login,170,0,0
1777222010887,170,Login for Token,200,OK,Review Submission Load Test 3-142,text,true,,316,251,1,2,http://localhost:8001/auth/login,170,0,0
1777222011057,3,POST /reviews/,201,Created,Review Submission Load Test 3-142,text,true,,380,440,1,2,http://localhost:8004/reviews/,3,0,0
1777222011071,3,GET /restaurants?q=ramen,200,OK,Restaurant Search Load Test 2-143,text,true,,587,137,1,2,http://localhost:8002/restaurants/?q=ramen,3,0,0
1777222011044,171,POST /auth/login,200,OK,Login Load Test 1-143,text,true,,316,251,1,2,http://localhost:8001/auth/login,171,0,0
1777222011087,172,Login for Token,200,OK,Review Submission Load Test 3-143,text,true,,316,251,1,2,http://localhost:8001/auth/login,172,0,0
1777222011259,2,POST /reviews/,201,Created,Review Submission Load Test 3-143,text,true,,380,440,1,2,http://localhost:8004/reviews/,2,0,0
1777222011267,3,GET /restaurants?q=ramen,200,OK,Restaurant Search Load Test 2-144,text,true,,587,137,1,2,http://localhost:8002/restaurants/?q=ramen,3,0,1
1777222011244,172,POST /auth/login,200,OK,Login Load Test 1-144,text,true,,316,251,1,2,http://localhost:8001/auth/login,172,0,1
1777222011284,171,Login for Token,200,OK,Review Submission Load Test 3-144,text,true,,316,251,1,2,http://localhost:8001/auth/login,171,0,0
1777222011455,3,POST /reviews/,201,Created,Review Submission Load Test 3-144,text,true,,380,440,1,2,http://localhost:8004/reviews/,3,0,0
1777222011467,4,GET /restaurants?q=ramen,200,OK,Restaurant Search Load Test 2-145,text,true,,587,137,1,2,http://localhost:8002/restaurants/?q=ramen,4,0,1
1777222011442,171,POST /auth/login,200,OK,Login Load Test 1-145,text,true,,316,251,1,2,http://localhost:8001/auth/login,171,0,1
1777222011488,169,Login for Token,200,OK,Review Submission Load Test 3-145,text,true,,316,251,1,2,http://localhost:8001/auth/login,169,0,0
1777222011657,2,POST /reviews/,201,Created,Review Submission Load Test 3-145,text,true,,380,440,1,2,http://localhost:8004/reviews/,2,0,0
1777222011666,2,GET /restaurants?q=ramen,200,OK,Restaurant Search Load Test 2-146,text,true,,587,137,1,2,http://localhost:8002/restaurants/?q=ramen,2,0,0
1777222011643,173,POST /auth/login,200,OK,Login Load Test 1-146,text,true,,316,251,1,2,http://localhost:8001/auth/login,173,0,0
1777222011686,172,Login for Token,200,OK,Review Submission Load Test 3-146,text,true,,316,251,1,2,http://localhost:8001/auth/login,172,0,1
1777222011858,3,POST /reviews/,201,Created,Review Submission Load Test 3-146,text,true,,380,440,1,2,http://localhost:8004/reviews/,3,0,1
1777222011871,3,GET /restaurants?q=ramen,200,OK,Restaurant Search Load Test 2-147,text,true,,587,137,1,2,http://localhost:8002/restaurants/?q=ramen,3,0,0
1777222011844,171,POST /auth/login,200,OK,Login Load Test 1-147,text,true,,316,251,1,2,http://localhost:8001/auth/login,171,0,0
1777222011884,171,Login for Token,200,OK,Review Submission Load Test 3-147,text,true,,316,251,1,2,http://localhost:8001/auth/login,171,0,1
1777222012055,4,POST /reviews/,201,Created,Review Submission Load Test 3-147,text,true,,380,440,1,2,http://localhost:8004/reviews/,4,0,1
1777222012071,4,GET /restaurants?q=ramen,200,OK,Restaurant Search Load Test 2-148,text,true,,587,137,1,2,http://localhost:8002/restaurants/?q=ramen,4,0,1
1777222012042,174,POST /auth/login,200,OK,Login Load Test 1-148,text,true,,316,251,1,2,http://localhost:8001/auth/login,173,0,1
1777222012084,173,Login for Token,200,OK,Review Submission Load Test 3-148,text,true,,316,251,1,2,http://localhost:8001/auth/login,173,0,0
1777222012257,3,POST /reviews/,201,Created,Review Submission Load Test 3-148,text,true,,380,440,1,2,http://localhost:8004/reviews/,3,0,0
1777222012269,3,GET /restaurants?q=ramen,200,OK,Restaurant Search Load Test 2-149,text,true,,587,137,1,2,http://localhost:8002/restaurants/?q=ramen,3,0,0
1777222012243,175,POST /auth/login,200,OK,Login Load Test 1-149,text,true,,316,251,1,2,http://localhost:8001/auth/login,175,0,0
1777222012288,174,Login for Token,200,OK,Review Submission Load Test 3-149,text,true,,316,251,1,2,http://localhost:8001/auth/login,174,0,0
1777222012462,3,POST /reviews/,201,Created,Review Submission Load Test 3-149,text,true,,380,440,1,2,http://localhost:8004/reviews/,3,0,1
1777222012471,2,GET /restaurants?q=ramen,200,OK,Restaurant Search Load Test 2-150,text,true,,587,137,1,2,http://localhost:8002/restaurants/?q=ramen,2,0,0
1777222012444,172,POST /auth/login,200,OK,Login Load Test 1-150,text,true,,316,251,1,2,http://localhost:8001/auth/login,172,0,0
1777222012486,172,Login for Token,200,OK,Review Submission Load Test 3-150,text,true,,316,251,1,2,http://localhost:8001/auth/login,172,0,0
1777222012658,3,POST /reviews/,201,Created,Review Submission Load Test 3-150,text,true,,380,440,1,2,http://localhost:8004/reviews/,3,0,1
1777222012671,3,GET /restaurants?q=ramen,200,OK,Restaurant Search Load Test 2-151,text,true,,587,137,1,2,http://localhost:8002/restaurants/?q=ramen,3,0,0
1777222012641,174,POST /auth/login,200,OK,Login Load Test 1-151,text,true,,316,251,1,2,http://localhost:8001/auth/login,174,0,1
1777222012686,172,Login for Token,200,OK,Review Submission Load Test 3-151,text,true,,316,251,1,2,http://localhost:8001/auth/login,172,0,0
1777222012859,2,POST /reviews/,201,Created,Review Submission Load Test 3-151,text,true,,380,440,1,2,http://localhost:8004/reviews/,2,0,0
1777222012871,3,GET /restaurants?q=ramen,200,OK,Restaurant Search Load Test 2-152,text,true,,587,137,1,2,http://localhost:8002/restaurants/?q=ramen,3,0,1
1777222012843,172,POST /auth/login,200,OK,Login Load Test 1-152,text,true,,316,251,1,2,http://localhost:8001/auth/login,172,0,1
1777222012887,171,Login for Token,200,OK,Review Submission Load Test 3-152,text,true,,316,251,1,2,http://localhost:8001/auth/login,171,0,0
1777222013058,3,POST /reviews/,201,Created,Review Submission Load Test 3-152,text,true,,380,440,1,2,http://localhost:8004/reviews/,3,0,0
1777222013071,4,GET /restaurants?q=ramen,200,OK,Restaurant Search Load Test 2-153,text,true,,587,137,1,2,http://localhost:8002/restaurants/?q=ramen,4,0,1
1777222013041,172,POST /auth/login,200,OK,Login Load Test 1-153,text,true,,316,251,1,2,http://localhost:8001/auth/login,172,0,1
1777222013085,171,Login for Token,200,OK,Review Submission Load Test 3-153,text,true,,316,251,1,2,http://localhost:8001/auth/login,171,0,0
1777222013256,3,POST /reviews/,201,Created,Review Submission Load Test 3-153,text,true,,380,440,1,2,http://localhost:8004/reviews/,3,0,0
1777222013271,3,GET /restaurants?q=ramen,200,OK,Restaurant Search Load Test 2-154,text,true,,587,137,1,2,http://localhost:8002/restaurants/?q=ramen,3,0,0
1777222013239,172,POST /auth/login,200,OK,Login Load Test 1-154,text,true,,316,251,1,2,http://localhost:8001/auth/login,172,0,1
1777222013286,170,Login for Token,200,OK,Review Submission Load Test 3-154,text,true,,316,251,1,2,http://localhost:8001/auth/login,170,0,0
1777222013456,3,POST /reviews/,201,Created,Review Submission Load Test 3-154,text,true,,380,440,1,2,http://localhost:8004/reviews/,3,0,1
1777222013471,4,GET /restaurants?q=ramen,200,OK,Restaurant Search Load Test 2-155,text,true,,587,137,1,2,http://localhost:8002/restaurants/?q=ramen,4,0,1
1777222013441,181,POST /auth/login,200,OK,Login Load Test 1-155,text,true,,316,251,1,2,http://localhost:8001/auth/login,181,0,0
1777222013482,185,Login for Token,200,OK,Review Submission Load Test 3-155,text,true,,316,251,1,2,http://localhost:8001/auth/login,185,0,0
1777222013667,3,POST /reviews/,201,Created,Review Submission Load Test 3-155,text,true,,380,440,1,2,http://localhost:8004/reviews/,3,0,0
1777222013671,2,GET /restaurants?q=ramen,200,OK,Restaurant Search Load Test 2-156,text,true,,587,137,1,2,http://localhost:8002/restaurants/?q=ramen,2,0,0
1777222013642,178,POST /auth/login,200,OK,Login Load Test 1-156,text,true,,316,251,1,2,http://localhost:8001/auth/login,178,0,0
1777222013682,175,Login for Token,200,OK,Review Submission Load Test 3-156,text,true,,316,251,1,2,http://localhost:8001/auth/login,175,0,1
1777222013857,2,POST /reviews/,201,Created,Review Submission Load Test 3-156,text,true,,380,440,1,2,http://localhost:8004/reviews/,2,0,0
1777222013871,1,GET /restaurants?q=ramen,200,OK,Restaurant Search Load Test 2-157,text,true,,587,137,1,2,http://localhost:8002/restaurants/?q=ramen,1,0,0
1777222013837,172,POST /auth/login,200,OK,Login Load Test 1-157,text,true,,316,251,1,2,http://localhost:8001/auth/login,172,0,0
1777222013883,170,Login for Token,200,OK,Review Submission Load Test 3-157,text,true,,316,251,1,2,http://localhost:8001/auth/login,170,0,0
1777222014053,3,POST /reviews/,201,Created,Review Submission Load Test 3-157,text,true,,380,440,1,2,http://localhost:8004/reviews/,3,0,0
1777222014070,4,GET /restaurants?q=ramen,200,OK,Restaurant Search Load Test 2-158,text,true,,587,137,1,2,http://localhost:8002/restaurants/?q=ramen,4,0,0
1777222014042,171,POST /auth/login,200,OK,Login Load Test 1-158,text,true,,316,251,1,2,http://localhost:8001/auth/login,171,0,0
1777222014084,171,Login for Token,200,OK,Review Submission Load Test 3-158,text,true,,316,251,1,2,http://localhost:8001/auth/login,171,0,0
1777222014255,2,POST /reviews/,201,Created,Review Submission Load Test 3-158,text,true,,380,440,1,2,http://localhost:8004/reviews/,2,0,0
1777222014266,3,GET /restaurants?q=ramen,200,OK,Restaurant Search Load Test 2-159,text,true,,587,137,1,2,http://localhost:8002/restaurants/?q=ramen,3,0,1
1777222014244,171,POST /auth/login,200,OK,Login Load Test 1-159,text,true,,316,251,1,2,http://localhost:8001/auth/login,171,0,0
1777222014286,171,Login for Token,200,OK,Review Submission Load Test 3-159,text,true,,316,251,1,2,http://localhost:8001/auth/login,171,0,1
1777222014457,3,POST /reviews/,201,Created,Review Submission Load Test 3-159,text,true,,380,440,1,2,http://localhost:8004/reviews/,3,0,0
1777222014471,3,GET /restaurants?q=ramen,200,OK,Restaurant Search Load Test 2-160,text,true,,587,137,1,2,http://localhost:8002/restaurants/?q=ramen,3,0,0
1777222014443,171,POST /auth/login,200,OK,Login Load Test 1-160,text,true,,316,251,1,2,http://localhost:8001/auth/login,171,0,0
1777222014485,170,Login for Token,200,OK,Review Submission Load Test 3-160,text,true,,316,251,1,2,http://localhost:8001/auth/login,170,0,0
1777222014655,3,POST /reviews/,201,Created,Review Submission Load Test 3-160,text,true,,380,440,1,2,http://localhost:8004/reviews/,3,0,1
1777222014668,3,GET /restaurants?q=ramen,200,OK,Restaurant Search Load Test 2-161,text,true,,587,137,1,2,http://localhost:8002/restaurants/?q=ramen,3,0,0
1777222014640,172,POST /auth/login,200,OK,Login Load Test 1-161,text,true,,316,251,1,2,http://localhost:8001/auth/login,172,0,0
1777222014683,172,Login for Token,200,OK,Review Submission Load Test 3-161,text,true,,316,251,1,2,http://localhost:8001/auth/login,172,0,0
1777222014855,3,POST /reviews/,201,Created,Review Submission Load Test 3-161,text,true,,380,440,1,2,http://localhost:8004/reviews/,3,0,0
1777222014870,3,GET /restaurants?q=ramen,200,OK,Restaurant Search Load Test 2-162,text,true,,587,137,1,2,http://localhost:8002/restaurants/?q=ramen,3,0,0
1777222014840,170,POST /auth/login,200,OK,Login Load Test 1-162,text,true,,316,251,1,2,http://localhost:8001/auth/login,170,0,0
1777222014887,170,Login for Token,200,OK,Review Submission Load Test 3-162,text,true,,316,251,1,2,http://localhost:8001/auth/login,170,0,0
1777222015058,2,POST /reviews/,201,Created,Review Submission Load Test 3-162,text,true,,380,440,1,2,http://localhost:8004/reviews/,2,0,0
1777222015071,3,GET /restaurants?q=ramen,200,OK,Restaurant Search Load Test 2-163,text,true,,587,137,1,2,http://localhost:8002/restaurants/?q=ramen,3,0,0
1777222015040,170,POST /auth/login,200,OK,Login Load Test 1-163,text,true,,316,251,1,2,http://localhost:8001/auth/login,170,0,0
1777222015084,170,Login for Token,200,OK,Review Submission Load Test 3-163,text,true,,316,251,1,2,http://localhost:8001/auth/login,170,0,0
1777222015254,2,POST /reviews/,201,Created,Review Submission Load Test 3-163,text,true,,380,440,1,2,http://localhost:8004/reviews/,2,0,0
1777222015270,3,GET /restaurants?q=ramen,200,OK,Restaurant Search Load Test 2-164,text,true,,587,137,1,2,http://localhost:8002/restaurants/?q=ramen,3,0,0
1777222015239,172,POST /auth/login,200,OK,Login Load Test 1-164,text,true,,316,251,1,2,http://localhost:8001/auth/login,172,0,1
1777222015286,171,Login for Token,200,OK,Review Submission Load Test 3-164,text,true,,316,251,1,2,http://localhost:8001/auth/login,171,0,0
1777222015457,3,POST /reviews/,201,Created,Review Submission Load Test 3-164,text,true,,380,440,1,2,http://localhost:8004/reviews/,3,0,0
1777222015470,3,GET /restaurants?q=ramen,200,OK,Restaurant Search Load Test 2-165,text,true,,587,137,1,2,http://localhost:8002/restaurants/?q=ramen,3,0,0
1777222015441,171,POST /auth/login,200,OK,Login Load Test 1-165,text,true,,316,251,1,2,http://localhost:8001/auth/login,171,0,0
1777222015487,171,Login for Token,200,OK,Review Submission Load Test 3-165,text,true,,316,251,1,2,http://localhost:8001/auth/login,171,0,1
1777222015659,3,POST /reviews/,201,Created,Review Submission Load Test 3-165,text,true,,380,440,1,2,http://localhost:8004/reviews/,3,0,0
1777222015667,3,GET /restaurants?q=ramen,200,OK,Restaurant Search Load Test 2-166,text,true,,587,137,1,2,http://localhost:8002/restaurants/?q=ramen,3,0,0
1777222015637,172,POST /auth/login,200,OK,Login Load Test 1-166,text,true,,316,251,1,2,http://localhost:8001/auth/login,172,0,1
1777222015688,172,Login for Token,200,OK,Review Submission Load Test 3-166,text,true,,316,251,1,2,http://localhost:8001/auth/login,172,0,0
1777222015860,3,POST /reviews/,201,Created,Review Submission Load Test 3-166,text,true,,380,440,1,2,http://localhost:8004/reviews/,3,0,1
1777222015871,4,GET /restaurants?q=ramen,200,OK,Restaurant Search Load Test 2-167,text,true,,587,137,1,2,http://localhost:8002/restaurants/?q=ramen,4,0,1
1777222015838,170,POST /auth/login,200,OK,Login Load Test 1-167,text,true,,316,251,1,2,http://localhost:8001/auth/login,170,0,0
1777222015883,169,Login for Token,200,OK,Review Submission Load Test 3-167,text,true,,316,251,1,2,http://localhost:8001/auth/login,169,0,0
1777222016052,3,POST /reviews/,201,Created,Review Submission Load Test 3-167,text,true,,380,440,1,2,http://localhost:8004/reviews/,3,0,0
1777222016071,3,GET /restaurants?q=ramen,200,OK,Restaurant Search Load Test 2-168,text,true,,587,137,1,2,http://localhost:8002/restaurants/?q=ramen,3,0,0
1777222016036,171,POST /auth/login,200,OK,Login Load Test 1-168,text,true,,316,251,1,2,http://localhost:8001/auth/login,171,0,0
1777222016083,171,Login for Token,200,OK,Review Submission Load Test 3-168,text,true,,316,251,1,2,http://localhost:8001/auth/login,171,0,0
1777222016254,3,POST /reviews/,201,Created,Review Submission Load Test 3-168,text,true,,380,440,1,2,http://localhost:8004/reviews/,3,0,0
1777222016271,4,GET /restaurants?q=ramen,200,OK,Restaurant Search Load Test 2-169,text,true,,587,137,1,2,http://localhost:8002/restaurants/?q=ramen,4,0,0
1777222016240,172,POST /auth/login,200,OK,Login Load Test 1-169,text,true,,316,251,1,2,http://localhost:8001/auth/login,172,0,0
1777222016286,170,Login for Token,200,OK,Review Submission Load Test 3-169,text,true,,316,251,1,2,http://localhost:8001/auth/login,170,0,0
1777222016456,3,POST /reviews/,201,Created,Review Submission Load Test 3-169,text,true,,380,440,1,2,http://localhost:8004/reviews/,3,0,1
1777222016469,3,GET /restaurants?q=ramen,200,OK,Restaurant Search Load Test 2-170,text,true,,587,137,1,2,http://localhost:8002/restaurants/?q=ramen,3,0,0
1777222016438,172,POST /auth/login,200,OK,Login Load Test 1-170,text,true,,316,251,1,2,http://localhost:8001/auth/login,172,0,1
1777222016488,170,Login for Token,200,OK,Review Submission Load Test 3-170,text,true,,316,251,1,2,http://localhost:8001/auth/login,170,0,0
1777222016658,3,POST /reviews/,201,Created,Review Submission Load Test 3-170,text,true,,380,440,1,2,http://localhost:8004/reviews/,3,0,1
1777222016671,3,GET /restaurants?q=ramen,200,OK,Restaurant Search Load Test 2-171,text,true,,587,137,1,2,http://localhost:8002/restaurants/?q=ramen,3,0,0
1777222016639,172,POST /auth/login,200,OK,Login Load Test 1-171,text,true,,316,251,1,2,http://localhost:8001/auth/login,172,0,0
1777222016686,172,Login for Token,200,OK,Review Submission Load Test 3-171,text,true,,316,251,1,2,http://localhost:8001/auth/login,172,0,0
1777222016858,3,POST /reviews/,201,Created,Review Submission Load Test 3-171,text,true,,380,440,1,2,http://localhost:8004/reviews/,3,0,1
1777222016871,4,GET /restaurants?q=ramen,200,OK,Restaurant Search Load Test 2-172,text,true,,587,137,1,2,http://localhost:8002/restaurants/?q=ramen,4,0,1
1777222016840,171,POST /auth/login,200,OK,Login Load Test 1-172,text,true,,316,251,1,2,http://localhost:8001/auth/login,171,0,0
1777222016885,171,Login for Token,200,OK,Review Submission Load Test 3-172,text,true,,316,251,1,2,http://localhost:8001/auth/login,171,0,1
1777222017056,3,POST /reviews/,201,Created,Review Submission Load Test 3-172,text,true,,380,440,1,2,http://localhost:8004/reviews/,3,0,0
1777222017067,4,GET /restaurants?q=ramen,200,OK,Restaurant Search Load Test 2-173,text,true,,587,137,1,2,http://localhost:8002/restaurants/?q=ramen,4,0,1
1777222017039,173,POST /auth/login,200,OK,Login Load Test 1-173,text,true,,316,251,1,2,http://localhost:8001/auth/login,173,0,1
1777222017087,172,Login for Token,200,OK,Review Submission Load Test 3-173,text,true,,316,251,1,2,http://localhost:8001/auth/login,172,0,0
1777222017259,3,POST /reviews/,201,Created,Review Submission Load Test 3-173,text,true,,380,440,1,2,http://localhost:8004/reviews/,3,0,1
1777222017272,2,GET /restaurants?q=ramen,200,OK,Restaurant Search Load Test 2-174,text,true,,587,137,1,2,http://localhost:8002/restaurants/?q=ramen,2,0,0
1777222017236,174,POST /auth/login,200,OK,Login Load Test 1-174,text,true,,316,251,1,2,http://localhost:8001/auth/login,174,0,0
1777222017284,173,Login for Token,200,OK,Review Submission Load Test 3-174,text,true,,316,251,1,2,http://localhost:8001/auth/login,173,0,0
1777222017457,3,POST /reviews/,201,Created,Review Submission Load Test 3-174,text,true,,380,440,1,2,http://localhost:8004/reviews/,3,0,0
1777222017468,3,GET /restaurants?q=ramen,200,OK,Restaurant Search Load Test 2-175,text,true,,587,137,1,2,http://localhost:8002/restaurants/?q=ramen,3,0,0
1777222017436,174,POST /auth/login,200,OK,Login Load Test 1-175,text,true,,316,251,1,2,http://localhost:8001/auth/login,174,0,1
1777222017483,172,Login for Token,200,OK,Review Submission Load Test 3-175,text,true,,316,251,1,2,http://localhost:8001/auth/login,172,0,0
1777222017655,3,POST /reviews/,201,Created,Review Submission Load Test 3-175,text,true,,380,440,1,2,http://localhost:8004/reviews/,3,0,0
1777222017672,3,GET /restaurants?q=ramen,200,OK,Restaurant Search Load Test 2-176,text,true,,587,137,1,2,http://localhost:8002/restaurants/?q=ramen,3,0,0
1777222017639,174,POST /auth/login,200,OK,Login Load Test 1-176,text,true,,316,251,1,2,http://localhost:8001/auth/login,174,0,1
1777222017684,173,Login for Token,200,OK,Review Submission Load Test 3-176,text,true,,316,251,1,2,http://localhost:8001/auth/login,173,0,0
1777222017857,3,POST /reviews/,201,Created,Review Submission Load Test 3-176,text,true,,380,440,1,2,http://localhost:8004/reviews/,3,0,0
1777222017872,4,GET /restaurants?q=ramen,200,OK,Restaurant Search Load Test 2-177,text,true,,587,137,1,2,http://localhost:8002/restaurants/?q=ramen,4,0,1
1777222017839,172,POST /auth/login,200,OK,Login Load Test 1-177,text,true,,316,251,1,2,http://localhost:8001/auth/login,172,0,0
1777222017885,170,Login for Token,200,OK,Review Submission Load Test 3-177,text,true,,316,251,1,2,http://localhost:8001/auth/login,170,0,0
1777222018056,3,POST /reviews/,201,Created,Review Submission Load Test 3-177,text,true,,380,440,1,2,http://localhost:8004/reviews/,3,0,0
1777222018072,4,GET /restaurants?q=ramen,200,OK,Restaurant Search Load Test 2-178,text,true,,587,137,1,2,http://localhost:8002/restaurants/?q=ramen,4,0,0
1777222018041,172,POST /auth/login,200,OK,Login Load Test 1-178,text,true,,316,251,1,2,http://localhost:8001/auth/login,172,0,0
1777222018084,171,Login for Token,200,OK,Review Submission Load Test 3-178,text,true,,316,251,1,2,http://localhost:8001/auth/login,171,0,0
1777222018255,3,POST /reviews/,201,Created,Review Submission Load Test 3-178,text,true,,380,440,1,2,http://localhost:8004/reviews/,3,0,0
1777222018267,4,GET /restaurants?q=ramen,200,OK,Restaurant Search Load Test 2-179,text,true,,587,137,1,2,http://localhost:8002/restaurants/?q=ramen,4,0,1
1777222018241,172,POST /auth/login,200,OK,Login Load Test 1-179,text,true,,316,251,1,2,http://localhost:8001/auth/login,172,0,0
1777222018284,171,Login for Token,200,OK,Review Submission Load Test 3-179,text,true,,316,251,1,2,http://localhost:8001/auth/login,171,0,0
1777222018456,2,POST /reviews/,201,Created,Review Submission Load Test 3-179,text,true,,380,440,1,2,http://localhost:8004/reviews/,2,0,0
1777222018468,4,GET /restaurants?q=ramen,200,OK,Restaurant Search Load Test 2-180,text,true,,587,137,1,2,http://localhost:8002/restaurants/?q=ramen,4,0,0
1777222018439,172,POST /auth/login,200,OK,Login Load Test 1-180,text,true,,316,251,1,2,http://localhost:8001/auth/login,172,0,0
1777222018483,171,Login for Token,200,OK,Review Submission Load Test 3-180,text,true,,316,251,1,2,http://localhost:8001/auth/login,171,0,0
1777222018654,4,POST /reviews/,201,Created,Review Submission Load Test 3-180,text,true,,380,440,1,2,http://localhost:8004/reviews/,4,0,1
1777222018671,4,GET /restaurants?q=ramen,200,OK,Restaurant Search Load Test 2-181,text,true,,587,137,1,2,http://localhost:8002/restaurants/?q=ramen,4,0,0
1777222018638,173,POST /auth/login,200,OK,Login Load Test 1-181,text,true,,316,251,1,2,http://localhost:8001/auth/login,173,0,1
1777222018686,172,Login for Token,200,OK,Review Submission Load Test 3-181,text,true,,316,251,1,2,http://localhost:8001/auth/login,172,0,0
1777222018858,2,POST /reviews/,201,Created,Review Submission Load Test 3-181,text,true,,380,440,1,2,http://localhost:8004/reviews/,2,0,0
1777222018872,3,GET /restaurants?q=ramen,200,OK,Restaurant Search Load Test 2-182,text,true,,587,137,1,2,http://localhost:8002/restaurants/?q=ramen,3,0,0
1777222018841,171,POST /auth/login,200,OK,Login Load Test 1-182,text,true,,316,251,1,2,http://localhost:8001/auth/login,171,0,0
1777222018887,171,Login for Token,200,OK,Review Submission Load Test 3-182,text,true,,316,251,1,2,http://localhost:8001/auth/login,171,0,0
1777222019058,3,POST /reviews/,201,Created,Review Submission Load Test 3-182,text,true,,380,440,1,2,http://localhost:8004/reviews/,3,0,0
1777222019071,4,GET /restaurants?q=ramen,200,OK,Restaurant Search Load Test 2-183,text,true,,587,137,1,2,http://localhost:8002/restaurants/?q=ramen,4,0,1
1777222019041,171,POST /auth/login,200,OK,Login Load Test 1-183,text,true,,316,251,1,2,http://localhost:8001/auth/login,171,0,0
1777222019084,170,Login for Token,200,OK,Review Submission Load Test 3-183,text,true,,316,251,1,2,http://localhost:8001/auth/login,170,0,0
1777222019255,2,POST /reviews/,201,Created,Review Submission Load Test 3-183,text,true,,380,440,1,2,http://localhost:8004/reviews/,2,0,0
1777222019271,3,GET /restaurants?q=ramen,200,OK,Restaurant Search Load Test 2-184,text,true,,587,137,1,2,http://localhost:8002/restaurants/?q=ramen,3,0,0
1777222019240,172,POST /auth/login,200,OK,Login Load Test 1-184,text,true,,316,251,1,2,http://localhost:8001/auth/login,172,0,0
1777222019284,171,Login for Token,200,OK,Review Submission Load Test 3-184,text,true,,316,251,1,2,http://localhost:8001/auth/login,171,0,0
1777222019455,3,POST /reviews/,201,Created,Review Submission Load Test 3-184,text,true,,380,440,1,2,http://localhost:8004/reviews/,3,0,0
1777222019467,4,GET /restaurants?q=ramen,200,OK,Restaurant Search Load Test 2-185,text,true,,587,137,1,2,http://localhost:8002/restaurants/?q=ramen,4,0,1
1777222019439,171,POST /auth/login,200,OK,Login Load Test 1-185,text,true,,316,251,1,2,http://localhost:8001/auth/login,171,0,1
1777222019484,171,Login for Token,200,OK,Review Submission Load Test 3-185,text,true,,316,251,1,2,http://localhost:8001/auth/login,171,0,0
1777222019655,3,POST /reviews/,201,Created,Review Submission Load Test 3-185,text,true,,380,440,1,2,http://localhost:8004/reviews/,3,0,0
1777222019671,3,GET /restaurants?q=ramen,200,OK,Restaurant Search Load Test 2-186,text,true,,587,137,1,2,http://localhost:8002/restaurants/?q=ramen,3,0,0
1777222019634,172,POST /auth/login,200,OK,Login Load Test 1-186,text,true,,316,251,1,2,http://localhost:8001/auth/login,172,0,1
1777222019686,172,Login for Token,200,OK,Review Submission Load Test 3-186,text,true,,316,251,1,2,http://localhost:8001/auth/login,172,0,0
1777222019859,2,POST /reviews/,201,Created,Review Submission Load Test 3-186,text,true,,380,440,1,2,http://localhost:8004/reviews/,2,0,0
1777222019871,4,GET /restaurants?q=ramen,200,OK,Restaurant Search Load Test 2-187,text,true,,587,137,1,2,http://localhost:8002/restaurants/?q=ramen,4,0,0
1777222019839,172,POST /auth/login,200,OK,Login Load Test 1-187,text,true,,316,251,1,2,http://localhost:8001/auth/login,172,0,1
1777222019887,171,Login for Token,200,OK,Review Submission Load Test 3-187,text,true,,316,251,1,2,http://localhost:8001/auth/login,171,0,1
1777222020058,3,POST /reviews/,201,Created,Review Submission Load Test 3-187,text,true,,380,440,1,2,http://localhost:8004/reviews/,3,0,0
1777222020069,4,GET /restaurants?q=ramen,200,OK,Restaurant Search Load Test 2-188,text,true,,587,137,1,2,http://localhost:8002/restaurants/?q=ramen,4,0,1
1777222020036,171,POST /auth/login,200,OK,Login Load Test 1-188,text,true,,316,251,1,2,http://localhost:8001/auth/login,171,0,0
1777222020084,177,Login for Token,200,OK,Review Submission Load Test 3-188,text,true,,316,251,1,2,http://localhost:8001/auth/login,177,0,0
1777222020261,3,POST /reviews/,201,Created,Review Submission Load Test 3-188,text,true,,380,440,1,2,http://localhost:8004/reviews/,3,0,1
1777222020266,2,GET /restaurants?q=ramen,200,OK,Restaurant Search Load Test 2-189,text,true,,587,137,1,2,http://localhost:8002/restaurants/?q=ramen,2,0,0
1777222020239,188,POST /auth/login,200,OK,Login Load Test 1-189,text,true,,316,251,1,2,http://localhost:8001/auth/login,188,0,0
1777222020283,184,Login for Token,200,OK,Review Submission Load Test 3-189,text,true,,316,251,1,2,http://localhost:8001/auth/login,184,0,1
1777222020468,2,POST /reviews/,201,Created,Review Submission Load Test 3-189,text,true,,380,440,1,2,http://localhost:8004/reviews/,2,0,0
1777222020472,1,GET /restaurants?q=ramen,200,OK,Restaurant Search Load Test 2-190,text,true,,587,137,1,2,http://localhost:8002/restaurants/?q=ramen,1,0,0
1777222020435,186,POST /auth/login,200,OK,Login Load Test 1-190,text,true,,316,251,1,2,http://localhost:8001/auth/login,186,0,1
1777222020667,2,GET /restaurants?q=ramen,200,OK,Restaurant Search Load Test 2-191,text,true,,587,137,1,3,http://localhost:8002/restaurants/?q=ramen,2,0,1
1777222020487,183,Login for Token,200,OK,Review Submission Load Test 3-190,text,true,,316,251,1,2,http://localhost:8001/auth/login,183,0,0
1777222020670,2,POST /reviews/,201,Created,Review Submission Load Test 3-190,text,true,,380,440,1,2,http://localhost:8004/reviews/,2,0,0
1777222020638,175,POST /auth/login,200,OK,Login Load Test 1-191,text,true,,316,251,1,2,http://localhost:8001/auth/login,175,0,0
1777222020685,171,Login for Token,200,OK,Review Submission Load Test 3-191,text,true,,316,251,1,2,http://localhost:8001/auth/login,171,0,0
1777222020856,2,POST /reviews/,201,Created,Review Submission Load Test 3-191,text,true,,380,440,1,2,http://localhost:8004/reviews/,2,0,0
1777222020871,3,GET /restaurants?q=ramen,200,OK,Restaurant Search Load Test 2-192,text,true,,587,137,1,2,http://localhost:8002/restaurants/?q=ramen,3,0,0
1777222020836,170,POST /auth/login,200,OK,Login Load Test 1-192,text,true,,316,251,1,2,http://localhost:8001/auth/login,170,0,0
1777222020888,170,Login for Token,200,OK,Review Submission Load Test 3-192,text,true,,316,251,1,2,http://localhost:8001/auth/login,170,0,0
1777222021058,3,POST /reviews/,201,Created,Review Submission Load Test 3-192,text,true,,380,440,1,2,http://localhost:8004/reviews/,3,0,0
1777222021068,3,GET /restaurants?q=ramen,200,OK,Restaurant Search Load Test 2-193,text,true,,587,137,1,2,http://localhost:8002/restaurants/?q=ramen,3,0,0
1777222021040,171,POST /auth/login,200,OK,Login Load Test 1-193,text,true,,316,251,1,2,http://localhost:8001/auth/login,171,0,0
1777222021084,171,Login for Token,200,OK,Review Submission Load Test 3-193,text,true,,316,251,1,2,http://localhost:8001/auth/login,171,0,0
1777222021255,2,POST /reviews/,201,Created,Review Submission Load Test 3-193,text,true,,380,440,1,2,http://localhost:8004/reviews/,2,0,0
1777222021271,3,GET /restaurants?q=ramen,200,OK,Restaurant Search Load Test 2-194,text,true,,587,137,1,2,http://localhost:8002/restaurants/?q=ramen,3,0,0
1777222021234,172,POST /auth/login,200,OK,Login Load Test 1-194,text,true,,316,251,1,2,http://localhost:8001/auth/login,172,0,1
1777222021285,171,Login for Token,200,OK,Review Submission Load Test 3-194,text,true,,316,251,1,2,http://localhost:8001/auth/login,171,0,0
1777222021456,3,POST /reviews/,201,Created,Review Submission Load Test 3-194,text,true,,380,440,1,2,http://localhost:8004/reviews/,3,0,1
1777222021468,3,GET /restaurants?q=ramen,200,OK,Restaurant Search Load Test 2-195,text,true,,587,137,1,2,http://localhost:8002/restaurants/?q=ramen,3,0,0
1777222021439,171,POST /auth/login,200,OK,Login Load Test 1-195,text,true,,316,251,1,2,http://localhost:8001/auth/login,171,0,0
1777222021482,170,Login for Token,200,OK,Review Submission Load Test 3-195,text,true,,316,251,1,2,http://localhost:8001/auth/login,170,0,1
1777222021652,2,POST /reviews/,201,Created,Review Submission Load Test 3-195,text,true,,380,440,1,2,http://localhost:8004/reviews/,2,0,1
1777222021671,2,GET /restaurants?q=ramen,200,OK,Restaurant Search Load Test 2-196,text,true,,587,137,1,2,http://localhost:8002/restaurants/?q=ramen,2,0,0
1777222021634,172,POST /auth/login,200,OK,Login Load Test 1-196,text,true,,316,251,1,2,http://localhost:8001/auth/login,172,0,1
1777222021686,171,Login for Token,200,OK,Review Submission Load Test 3-196,text,true,,316,251,1,2,http://localhost:8001/auth/login,171,0,0
1777222021858,2,POST /reviews/,201,Created,Review Submission Load Test 3-196,text,true,,380,440,1,2,http://localhost:8004/reviews/,2,0,0
1777222021873,3,GET /restaurants?q=ramen,200,OK,Restaurant Search Load Test 2-197,text,true,,587,137,1,2,http://localhost:8002/restaurants/?q=ramen,3,0,0
1777222021839,171,POST /auth/login,200,OK,Login Load Test 1-197,text,true,,316,251,1,2,http://localhost:8001/auth/login,171,0,0
1777222021883,170,Login for Token,200,OK,Review Submission Load Test 3-197,text,true,,316,251,1,2,http://localhost:8001/auth/login,170,0,0
1777222022053,3,POST /reviews/,201,Created,Review Submission Load Test 3-197,text,true,,380,440,1,2,http://localhost:8004/reviews/,3,0,0
1777222022072,3,GET /restaurants?q=ramen,200,OK,Restaurant Search Load Test 2-198,text,true,,587,137,1,2,http://localhost:8002/restaurants/?q=ramen,3,0,0
1777222022040,172,POST /auth/login,200,OK,Login Load Test 1-198,text,true,,316,251,1,2,http://localhost:8001/auth/login,172,0,0
1777222022084,172,Login for Token,200,OK,Review Submission Load Test 3-198,text,true,,316,251,1,2,http://localhost:8001/auth/login,172,0,0
1777222022256,4,POST /reviews/,201,Created,Review Submission Load Test 3-198,text,true,,380,440,1,2,http://localhost:8004/reviews/,4,0,1
1777222022270,4,GET /restaurants?q=ramen,200,OK,Restaurant Search Load Test 2-199,text,true,,587,137,1,2,http://localhost:8002/restaurants/?q=ramen,4,0,0
1777222022234,173,POST /auth/login,200,OK,Login Load Test 1-199,text,true,,316,251,1,2,http://localhost:8001/auth/login,173,0,1
1777222022288,174,Login for Token,200,OK,Review Submission Load Test 3-199,text,true,,316,251,1,2,http://localhost:8001/auth/login,174,0,0
1777222022462,2,POST /reviews/,201,Created,Review Submission Load Test 3-199,text,true,,380,440,1,2,http://localhost:8004/reviews/,2,0,1
1777222022467,1,GET /restaurants?q=ramen,200,OK,Restaurant Search Load Test 2-200,text,true,,587,137,1,2,http://localhost:8002/restaurants/?q=ramen,1,0,0
1777222022434,174,POST /auth/login,200,OK,Login Load Test 1-200,text,true,,316,251,1,2,http://localhost:8001/auth/login,174,0,0
1777222022485,171,Login for Token,200,OK,Review Submission Load Test 3-200,text,true,,316,251,1,2,http://localhost:8001/auth/login,171,0,0
1777222022657,3,POST /reviews/,201,Created,Review Submission Load Test 3-200,text,true,,380,440,1,2,http://localhost:8004/reviews/,3,0,0
1777222022669,2,GET /restaurants?q=ramen,200,OK,Restaurant Search Load Test 2-201,text,true,,587,137,1,2,http://localhost:8002/restaurants/?q=ramen,2,0,0
1777222022634,172,POST /auth/login,200,OK,Login Load Test 1-201,text,true,,316,251,1,2,http://localhost:8001/auth/login,172,0,1
1777222022687,172,Login for Token,200,OK,Review Submission Load Test 3-201,text,true,,316,251,1,2,http://localhost:8001/auth/login,172,0,1
1777222022860,2,POST /reviews/,201,Created,Review Submission Load Test 3-201,text,true,,380,440,1,2,http://localhost:8004/reviews/,2,0,0
1777222022868,3,GET /restaurants?q=ramen,200,OK,Restaurant Search Load Test 2-202,text,true,,587,137,1,2,http://localhost:8002/restaurants/?q=ramen,3,0,0
1777222022835,171,POST /auth/login,200,OK,Login Load Test 1-202,text,true,,316,251,1,2,http://localhost:8001/auth/login,171,0,0
1777222022887,170,Login for Token,200,OK,Review Submission Load Test 3-202,text,true,,316,251,1,2,http://localhost:8001/auth/login,170,0,0
1777222023057,4,POST /reviews/,201,Created,Review Submission Load Test 3-202,text,true,,380,440,1,2,http://localhost:8004/reviews/,4,0,0
1777222023071,3,GET /restaurants?q=ramen,200,OK,Restaurant Search Load Test 2-203,text,true,,587,137,1,2,http://localhost:8002/restaurants/?q=ramen,3,0,0
1777222023036,171,POST /auth/login,200,OK,Login Load Test 1-203,text,true,,316,251,1,2,http://localhost:8001/auth/login,171,0,0
1777222023087,171,Login for Token,200,OK,Review Submission Load Test 3-203,text,true,,316,251,1,2,http://localhost:8001/auth/login,171,0,0
1777222023258,3,POST /reviews/,201,Created,Review Submission Load Test 3-203,text,true,,380,440,1,2,http://localhost:8004/reviews/,3,0,1
1777222023269,1,GET /restaurants?q=ramen,200,OK,Restaurant Search Load Test 2-204,text,true,,587,137,1,2,http://localhost:8002/restaurants/?q=ramen,1,0,0
1777222023233,173,POST /auth/login,200,OK,Login Load Test 1-204,text,true,,316,251,1,2,http://localhost:8001/auth/login,173,0,1
1777222023285,171,Login for Token,200,OK,Review Submission Load Test 3-204,text,true,,316,251,1,2,http://localhost:8001/auth/login,171,0,0
1777222023456,3,POST /reviews/,201,Created,Review Submission Load Test 3-204,text,true,,380,440,1,2,http://localhost:8004/reviews/,3,0,1
1777222023468,3,GET /restaurants?q=ramen,200,OK,Restaurant Search Load Test 2-205,text,true,,587,137,1,2,http://localhost:8002/restaurants/?q=ramen,3,0,0
1777222023432,172,POST /auth/login,200,OK,Login Load Test 1-205,text,true,,316,251,1,2,http://localhost:8001/auth/login,172,0,1
1777222023487,170,Login for Token,200,OK,Review Submission Load Test 3-205,text,true,,316,251,1,2,http://localhost:8001/auth/login,170,0,0
1777222023657,3,POST /reviews/,201,Created,Review Submission Load Test 3-205,text,true,,380,440,1,2,http://localhost:8004/reviews/,3,0,0
1777222023671,2,GET /restaurants?q=ramen,200,OK,Restaurant Search Load Test 2-206,text,true,,587,137,1,2,http://localhost:8002/restaurants/?q=ramen,2,0,0
1777222023635,178,POST /auth/login,200,OK,Login Load Test 1-206,text,true,,316,251,1,2,http://localhost:8001/auth/login,178,0,1
1777222023685,183,Login for Token,200,OK,Review Submission Load Test 3-206,text,true,,316,251,1,3,http://localhost:8001/auth/login,183,0,1
1777222023869,1,GET /restaurants?q=ramen,200,OK,Restaurant Search Load Test 2-207,text,true,,587,137,1,3,http://localhost:8002/restaurants/?q=ramen,1,0,0
1777222023869,2,POST /reviews/,201,Created,Review Submission Load Test 3-206,text,true,,380,440,1,2,http://localhost:8004/reviews/,2,0,0
1777222023837,182,POST /auth/login,200,OK,Login Load Test 1-207,text,true,,316,251,1,2,http://localhost:8001/auth/login,182,0,0
1777222023888,175,Login for Token,200,OK,Review Submission Load Test 3-207,text,true,,316,251,1,2,http://localhost:8001/auth/login,175,0,0
1777222024064,2,POST /reviews/,201,Created,Review Submission Load Test 3-207,text,true,,380,440,1,2,http://localhost:8004/reviews/,2,0,0
1777222024068,1,GET /restaurants?q=ramen,200,OK,Restaurant Search Load Test 2-208,text,true,,587,137,1,2,http://localhost:8002/restaurants/?q=ramen,1,0,0
1777222024035,173,POST /auth/login,200,OK,Login Load Test 1-208,text,true,,316,251,1,2,http://localhost:8001/auth/login,173,0,0
1777222024086,171,Login for Token,200,OK,Review Submission Load Test 3-208,text,true,,316,251,1,2,http://localhost:8001/auth/login,171,0,0
1777222024257,3,POST /reviews/,201,Created,Review Submission Load Test 3-208,text,true,,380,440,1,2,http://localhost:8004/reviews/,3,0,0
1777222024268,2,GET /restaurants?q=ramen,200,OK,Restaurant Search Load Test 2-209,text,true,,587,137,1,2,http://localhost:8002/restaurants/?q=ramen,2,0,0
1777222024234,173,POST /auth/login,200,OK,Login Load Test 1-209,text,true,,316,251,1,2,http://localhost:8001/auth/login,173,0,1
1777222024287,172,Login for Token,200,OK,Review Submission Load Test 3-209,text,true,,316,251,1,2,http://localhost:8001/auth/login,172,0,1
1777222024459,3,POST /reviews/,201,Created,Review Submission Load Test 3-209,text,true,,380,440,1,2,http://localhost:8004/reviews/,3,0,0
1777222024467,3,GET /restaurants?q=ramen,200,OK,Restaurant Search Load Test 2-210,text,true,,587,137,1,2,http://localhost:8002/restaurants/?q=ramen,3,0,0
1777222024436,170,POST /auth/login,200,OK,Login Load Test 1-210,text,true,,316,251,1,2,http://localhost:8001/auth/login,170,0,0
1777222024487,170,Login for Token,200,OK,Review Submission Load Test 3-210,text,true,,316,251,1,2,http://localhost:8001/auth/login,170,0,0
1777222024657,3,POST /reviews/,201,Created,Review Submission Load Test 3-210,text,true,,380,440,1,2,http://localhost:8004/reviews/,3,0,0
1777222024668,3,GET /restaurants?q=ramen,200,OK,Restaurant Search Load Test 2-211,text,true,,587,137,1,2,http://localhost:8002/restaurants/?q=ramen,3,0,0
1777222024638,172,POST /auth/login,200,OK,Login Load Test 1-211,text,true,,316,251,1,2,http://localhost:8001/auth/login,172,0,1
1777222024686,172,Login for Token,200,OK,Review Submission Load Test 3-211,text,true,,316,251,1,2,http://localhost:8001/auth/login,172,0,0
1777222024858,3,POST /reviews/,201,Created,Review Submission Load Test 3-211,text,true,,380,440,1,2,http://localhost:8004/reviews/,3,0,0
1777222024871,4,GET /restaurants?q=ramen,200,OK,Restaurant Search Load Test 2-212,text,true,,587,137,1,2,http://localhost:8002/restaurants/?q=ramen,4,0,0
1777222024835,171,POST /auth/login,200,OK,Login Load Test 1-212,text,true,,316,251,1,2,http://localhost:8001/auth/login,171,0,0
1777222024887,170,Login for Token,200,OK,Review Submission Load Test 3-212,text,true,,316,251,1,2,http://localhost:8001/auth/login,170,0,0
1777222025057,3,POST /reviews/,201,Created,Review Submission Load Test 3-212,text,true,,380,440,1,2,http://localhost:8004/reviews/,3,0,1
1777222025068,3,GET /restaurants?q=ramen,200,OK,Restaurant Search Load Test 2-213,text,true,,587,137,1,2,http://localhost:8002/restaurants/?q=ramen,3,0,0
1777222025037,172,POST /auth/login,200,OK,Login Load Test 1-213,text,true,,316,251,1,2,http://localhost:8001/auth/login,172,0,0
1777222025087,170,Login for Token,200,OK,Review Submission Load Test 3-213,text,true,,316,251,1,2,http://localhost:8001/auth/login,170,0,0
1777222025257,3,POST /reviews/,201,Created,Review Submission Load Test 3-213,text,true,,380,440,1,2,http://localhost:8004/reviews/,3,0,1
1777222025271,4,GET /restaurants?q=ramen,200,OK,Restaurant Search Load Test 2-214,text,true,,587,137,1,2,http://localhost:8002/restaurants/?q=ramen,4,0,0
1777222025235,172,POST /auth/login,200,OK,Login Load Test 1-214,text,true,,316,251,1,2,http://localhost:8001/auth/login,172,0,1
1777222025287,171,Login for Token,200,OK,Review Submission Load Test 3-214,text,true,,316,251,1,2,http://localhost:8001/auth/login,171,0,0
1777222025458,3,POST /reviews/,201,Created,Review Submission Load Test 3-214,text,true,,380,440,1,2,http://localhost:8004/reviews/,3,0,0
1777222025467,3,GET /restaurants?q=ramen,200,OK,Restaurant Search Load Test 2-215,text,true,,587,137,1,2,http://localhost:8002/restaurants/?q=ramen,3,0,0
1777222025434,171,POST /auth/login,200,OK,Login Load Test 1-215,text,true,,316,251,1,2,http://localhost:8001/auth/login,171,0,1
1777222025487,172,Login for Token,200,OK,Review Submission Load Test 3-215,text,true,,316,251,1,2,http://localhost:8001/auth/login,172,0,1
1777222025659,3,POST /reviews/,201,Created,Review Submission Load Test 3-215,text,true,,380,440,1,2,http://localhost:8004/reviews/,3,0,0
1777222025667,3,GET /restaurants?q=ramen,200,OK,Restaurant Search Load Test 2-216,text,true,,587,137,1,2,http://localhost:8002/restaurants/?q=ramen,3,0,0
1777222025635,172,POST /auth/login,200,OK,Login Load Test 1-216,text,true,,316,251,1,2,http://localhost:8001/auth/login,172,0,1
1777222025684,172,Login for Token,200,OK,Review Submission Load Test 3-216,text,true,,316,251,1,2,http://localhost:8001/auth/login,172,0,0
1777222025856,3,POST /reviews/,201,Created,Review Submission Load Test 3-216,text,true,,380,440,1,2,http://localhost:8004/reviews/,3,0,1
1777222025868,3,GET /restaurants?q=ramen,200,OK,Restaurant Search Load Test 2-217,text,true,,587,137,1,2,http://localhost:8002/restaurants/?q=ramen,3,0,0
1777222025833,172,POST /auth/login,200,OK,Login Load Test 1-217,text,true,,316,251,1,2,http://localhost:8001/auth/login,172,0,1
1777222025884,170,Login for Token,200,OK,Review Submission Load Test 3-217,text,true,,316,251,1,2,http://localhost:8001/auth/login,170,0,0
1777222026054,3,POST /reviews/,201,Created,Review Submission Load Test 3-217,text,true,,380,440,1,2,http://localhost:8004/reviews/,3,0,0
1777222026070,4,GET /restaurants?q=ramen,200,OK,Restaurant Search Load Test 2-218,text,true,,587,137,1,2,http://localhost:8002/restaurants/?q=ramen,4,0,0
1777222026037,171,POST /auth/login,200,OK,Login Load Test 1-218,text,true,,316,251,1,2,http://localhost:8001/auth/login,171,0,0
1777222026087,171,Login for Token,200,OK,Review Submission Load Test 3-218,text,true,,316,251,1,2,http://localhost:8001/auth/login,171,0,0
1777222026258,3,POST /reviews/,201,Created,Review Submission Load Test 3-218,text,true,,380,440,1,2,http://localhost:8004/reviews/,3,0,0
1777222026271,3,GET /restaurants?q=ramen,200,OK,Restaurant Search Load Test 2-219,text,true,,587,137,1,2,http://localhost:8002/restaurants/?q=ramen,3,0,0
1777222026233,173,POST /auth/login,200,OK,Login Load Test 1-219,text,true,,316,251,1,2,http://localhost:8001/auth/login,173,0,1
1777222026284,170,Login for Token,200,OK,Review Submission Load Test 3-219,text,true,,316,251,1,2,http://localhost:8001/auth/login,170,0,0
1777222026455,3,POST /reviews/,201,Created,Review Submission Load Test 3-219,text,true,,380,440,1,2,http://localhost:8004/reviews/,3,0,0
1777222026471,4,GET /restaurants?q=ramen,200,OK,Restaurant Search Load Test 2-220,text,true,,587,137,1,2,http://localhost:8002/restaurants/?q=ramen,4,0,0
1777222026436,172,POST /auth/login,200,OK,Login Load Test 1-220,text,true,,316,251,1,2,http://localhost:8001/auth/login,172,0,1
1777222026482,170,Login for Token,200,OK,Review Submission Load Test 3-220,text,true,,316,251,1,2,http://localhost:8001/auth/login,170,0,0
1777222026653,3,POST /reviews/,201,Created,Review Submission Load Test 3-220,text,true,,380,440,1,2,http://localhost:8004/reviews/,3,0,0
1777222026670,3,GET /restaurants?q=ramen,200,OK,Restaurant Search Load Test 2-221,text,true,,587,137,1,2,http://localhost:8002/restaurants/?q=ramen,3,0,0
1777222026629,171,POST /auth/login,200,OK,Login Load Test 1-221,text,true,,316,251,1,2,http://localhost:8001/auth/login,171,0,1
1777222026685,171,Login for Token,200,OK,Review Submission Load Test 3-221,text,true,,316,251,1,2,http://localhost:8001/auth/login,171,0,0
1777222026856,2,POST /reviews/,201,Created,Review Submission Load Test 3-221,text,true,,380,440,1,2,http://localhost:8004/reviews/,2,0,0
1777222026868,3,GET /restaurants?q=ramen,200,OK,Restaurant Search Load Test 2-222,text,true,,587,137,1,2,http://localhost:8002/restaurants/?q=ramen,3,0,0
1777222026834,172,POST /auth/login,200,OK,Login Load Test 1-222,text,true,,316,251,1,2,http://localhost:8001/auth/login,172,0,1
1777222026884,171,Login for Token,200,OK,Review Submission Load Test 3-222,text,true,,316,251,1,2,http://localhost:8001/auth/login,171,0,0
1777222027055,3,POST /reviews/,201,Created,Review Submission Load Test 3-222,text,true,,380,440,1,2,http://localhost:8004/reviews/,3,0,0
1777222027071,3,GET /restaurants?q=ramen,200,OK,Restaurant Search Load Test 2-223,text,true,,587,137,1,2,http://localhost:8002/restaurants/?q=ramen,3,0,0
1777222027032,172,POST /auth/login,200,OK,Login Load Test 1-223,text,true,,316,251,1,2,http://localhost:8001/auth/login,172,0,0
1777222027084,172,Login for Token,200,OK,Review Submission Load Test 3-223,text,true,,316,251,1,2,http://localhost:8001/auth/login,172,0,0
1777222027256,3,POST /reviews/,201,Created,Review Submission Load Test 3-223,text,true,,380,440,1,2,http://localhost:8004/reviews/,3,0,1
1777222027268,3,GET /restaurants?q=ramen,200,OK,Restaurant Search Load Test 2-224,text,true,,587,137,1,2,http://localhost:8002/restaurants/?q=ramen,3,0,0
1777222027236,173,POST /auth/login,200,OK,Login Load Test 1-224,text,true,,316,251,1,2,http://localhost:8001/auth/login,173,0,0
1777222027287,172,Login for Token,200,OK,Review Submission Load Test 3-224,text,true,,316,251,1,2,http://localhost:8001/auth/login,172,0,0
1777222027460,2,POST /reviews/,201,Created,Review Submission Load Test 3-224,text,true,,380,440,1,2,http://localhost:8004/reviews/,2,0,0
1777222027468,4,GET /restaurants?q=ramen,200,OK,Restaurant Search Load Test 2-225,text,true,,587,137,1,2,http://localhost:8002/restaurants/?q=ramen,4,0,1
1777222027432,172,POST /auth/login,200,OK,Login Load Test 1-225,text,true,,316,251,1,2,http://localhost:8001/auth/login,172,0,0
1777222027486,172,Login for Token,200,OK,Review Submission Load Test 3-225,text,true,,316,251,1,2,http://localhost:8001/auth/login,172,0,0
1777222027658,3,POST /reviews/,201,Created,Review Submission Load Test 3-225,text,true,,380,440,1,2,http://localhost:8004/reviews/,3,0,1
1777222027669,3,GET /restaurants?q=ramen,200,OK,Restaurant Search Load Test 2-226,text,true,,587,137,1,2,http://localhost:8002/restaurants/?q=ramen,3,0,0
1777222027635,172,POST /auth/login,200,OK,Login Load Test 1-226,text,true,,316,251,1,2,http://localhost:8001/auth/login,172,0,0
1777222027687,172,Login for Token,200,OK,Review Submission Load Test 3-226,text,true,,316,251,1,2,http://localhost:8001/auth/login,171,0,0
1777222027859,2,POST /reviews/,201,Created,Review Submission Load Test 3-226,text,true,,380,440,1,2,http://localhost:8004/reviews/,2,0,0
1777222027867,3,GET /restaurants?q=ramen,200,OK,Restaurant Search Load Test 2-227,text,true,,587,137,1,2,http://localhost:8002/restaurants/?q=ramen,3,0,0
1777222027834,175,POST /auth/login,200,OK,Login Load Test 1-227,text,true,,316,251,1,2,http://localhost:8001/auth/login,175,0,0
1777222027886,174,Login for Token,200,OK,Review Submission Load Test 3-227,text,true,,316,251,1,2,http://localhost:8001/auth/login,174,0,0
1777222028060,3,POST /reviews/,201,Created,Review Submission Load Test 3-227,text,true,,380,440,1,2,http://localhost:8004/reviews/,3,0,1
1777222028069,3,GET /restaurants?q=ramen,200,OK,Restaurant Search Load Test 2-228,text,true,,587,137,1,2,http://localhost:8002/restaurants/?q=ramen,3,0,1
1777222028034,172,POST /auth/login,200,OK,Login Load Test 1-228,text,true,,316,251,1,2,http://localhost:8001/auth/login,172,0,0
1777222028084,171,Login for Token,200,OK,Review Submission Load Test 3-228,text,true,,316,251,1,2,http://localhost:8001/auth/login,171,0,0
1777222028255,4,POST /reviews/,201,Created,Review Submission Load Test 3-228,text,true,,380,440,1,2,http://localhost:8004/reviews/,4,0,0
1777222028271,3,GET /restaurants?q=ramen,200,OK,Restaurant Search Load Test 2-229,text,true,,587,137,1,2,http://localhost:8002/restaurants/?q=ramen,3,0,0
1777222028234,172,POST /auth/login,200,OK,Login Load Test 1-229,text,true,,316,251,1,2,http://localhost:8001/auth/login,172,0,1
1777222028287,171,Login for Token,200,OK,Review Submission Load Test 3-229,text,true,,316,251,1,2,http://localhost:8001/auth/login,171,0,0
1777222028458,3,POST /reviews/,201,Created,Review Submission Load Test 3-229,text,true,,380,440,1,2,http://localhost:8004/reviews/,3,0,0
1777222028470,3,GET /restaurants?q=ramen,200,OK,Restaurant Search Load Test 2-230,text,true,,587,137,1,2,http://localhost:8002/restaurants/?q=ramen,3,0,0
1777222028433,171,POST /auth/login,200,OK,Login Load Test 1-230,text,true,,316,251,1,2,http://localhost:8001/auth/login,171,0,1
1777222028487,171,Login for Token,200,OK,Review Submission Load Test 3-230,text,true,,316,251,1,2,http://localhost:8001/auth/login,171,0,0
1777222028658,3,POST /reviews/,201,Created,Review Submission Load Test 3-230,text,true,,380,440,1,2,http://localhost:8004/reviews/,3,0,0
1777222028671,3,GET /restaurants?q=ramen,200,OK,Restaurant Search Load Test 2-231,text,true,,587,137,1,2,http://localhost:8002/restaurants/?q=ramen,3,0,0
1777222028634,171,POST /auth/login,200,OK,Login Load Test 1-231,text,true,,316,251,1,2,http://localhost:8001/auth/login,171,0,0
1777222028687,171,Login for Token,200,OK,Review Submission Load Test 3-231,text,true,,316,251,1,2,http://localhost:8001/auth/login,171,0,0
1777222028858,3,POST /reviews/,201,Created,Review Submission Load Test 3-231,text,true,,380,440,1,2,http://localhost:8004/reviews/,3,0,0
1777222028868,3,GET /restaurants?q=ramen,200,OK,Restaurant Search Load Test 2-232,text,true,,587,137,1,2,http://localhost:8002/restaurants/?q=ramen,3,0,0
1777222028833,171,POST /auth/login,200,OK,Login Load Test 1-232,text,true,,316,251,1,2,http://localhost:8001/auth/login,171,0,0
1777222028888,170,Login for Token,200,OK,Review Submission Load Test 3-232,text,true,,316,251,1,2,http://localhost:8001/auth/login,170,0,0
1777222029058,3,POST /reviews/,201,Created,Review Submission Load Test 3-232,text,true,,380,440,1,2,http://localhost:8004/reviews/,3,0,0
1777222029068,4,GET /restaurants?q=ramen,200,OK,Restaurant Search Load Test 2-233,text,true,,587,137,1,2,http://localhost:8002/restaurants/?q=ramen,4,0,1
1777222029035,171,POST /auth/login,200,OK,Login Load Test 1-233,text,true,,316,251,1,2,http://localhost:8001/auth/login,171,0,0
1777222029084,171,Login for Token,200,OK,Review Submission Load Test 3-233,text,true,,316,251,1,2,http://localhost:8001/auth/login,171,0,0
1777222029256,3,POST /reviews/,201,Created,Review Submission Load Test 3-233,text,true,,380,440,1,2,http://localhost:8004/reviews/,3,0,0
1777222029271,4,GET /restaurants?q=ramen,200,OK,Restaurant Search Load Test 2-234,text,true,,587,137,1,2,http://localhost:8002/restaurants/?q=ramen,4,0,0
1777222029233,172,POST /auth/login,200,OK,Login Load Test 1-234,text,true,,316,251,1,2,http://localhost:8001/auth/login,172,0,0
1777222029287,172,Login for Token,200,OK,Review Submission Load Test 3-234,text,true,,316,251,1,2,http://localhost:8001/auth/login,172,0,0
1777222029459,3,POST /reviews/,201,Created,Review Submission Load Test 3-234,text,true,,380,440,1,2,http://localhost:8004/reviews/,3,0,0
1777222029470,3,GET /restaurants?q=ramen,200,OK,Restaurant Search Load Test 2-235,text,true,,587,137,1,2,http://localhost:8002/restaurants/?q=ramen,3,0,0
1777222029432,172,POST /auth/login,200,OK,Login Load Test 1-235,text,true,,316,251,1,2,http://localhost:8001/auth/login,172,0,1
1777222029488,170,Login for Token,200,OK,Review Submission Load Test 3-235,text,true,,316,251,1,2,http://localhost:8001/auth/login,170,0,0
1777222029658,3,POST /reviews/,201,Created,Review Submission Load Test 3-235,text,true,,380,440,1,2,http://localhost:8004/reviews/,3,0,1
1777222029667,2,GET /restaurants?q=ramen,200,OK,Restaurant Search Load Test 2-236,text,true,,587,137,1,2,http://localhost:8002/restaurants/?q=ramen,2,0,0
1777222029633,171,POST /auth/login,200,OK,Login Load Test 1-236,text,true,,316,251,1,2,http://localhost:8001/auth/login,171,0,0
1777222029684,171,Login for Token,200,OK,Review Submission Load Test 3-236,text,true,,316,251,1,2,http://localhost:8001/auth/login,171,0,0
1777222029855,3,POST /reviews/,201,Created,Review Submission Load Test 3-236,text,true,,380,440,1,2,http://localhost:8004/reviews/,3,0,0
1777222029871,3,GET /restaurants?q=ramen,200,OK,Restaurant Search Load Test 2-237,text,true,,587,137,1,2,http://localhost:8002/restaurants/?q=ramen,3,0,0
1777222029833,171,POST /auth/login,200,OK,Login Load Test 1-237,text,true,,316,251,1,2,http://localhost:8001/auth/login,171,0,0
1777222029887,171,Login for Token,200,OK,Review Submission Load Test 3-237,text,true,,316,251,1,2,http://localhost:8001/auth/login,171,0,0
1777222030058,3,POST /reviews/,201,Created,Review Submission Load Test 3-237,text,true,,380,440,1,2,http://localhost:8004/reviews/,3,0,0
1777222030068,3,GET /restaurants?q=ramen,200,OK,Restaurant Search Load Test 2-238,text,true,,587,137,1,2,http://localhost:8002/restaurants/?q=ramen,3,0,0
1777222030032,172,POST /auth/login,200,OK,Login Load Test 1-238,text,true,,316,251,1,2,http://localhost:8001/auth/login,172,0,0
1777222030084,171,Login for Token,200,OK,Review Submission Load Test 3-238,text,true,,316,251,1,2,http://localhost:8001/auth/login,171,0,0
1777222030255,3,POST /reviews/,201,Created,Review Submission Load Test 3-238,text,true,,380,440,1,2,http://localhost:8004/reviews/,3,0,0
1777222030271,5,GET /restaurants?q=ramen,200,OK,Restaurant Search Load Test 2-239,text,true,,587,137,1,2,http://localhost:8002/restaurants/?q=ramen,5,0,0
1777222030236,172,POST /auth/login,200,OK,Login Load Test 1-239,text,true,,316,251,1,2,http://localhost:8001/auth/login,172,0,0
1777222030284,171,Login for Token,200,OK,Review Submission Load Test 3-239,text,true,,316,251,1,2,http://localhost:8001/auth/login,171,0,1
1777222030455,3,POST /reviews/,201,Created,Review Submission Load Test 3-239,text,true,,380,440,1,2,http://localhost:8004/reviews/,3,0,1
1777222030471,3,GET /restaurants?q=ramen,200,OK,Restaurant Search Load Test 2-240,text,true,,587,137,1,2,http://localhost:8002/restaurants/?q=ramen,3,0,0
1777222030433,171,POST /auth/login,200,OK,Login Load Test 1-240,text,true,,316,251,1,2,http://localhost:8001/auth/login,171,0,0
1777222030484,177,Login for Token,200,OK,Review Submission Load Test 3-240,text,true,,316,251,1,2,http://localhost:8001/auth/login,177,0,0
1777222030662,2,POST /reviews/,201,Created,Review Submission Load Test 3-240,text,true,,380,440,1,2,http://localhost:8004/reviews/,2,0,0
1777222030669,1,GET /restaurants?q=ramen,200,OK,Restaurant Search Load Test 2-241,text,true,,587,137,1,2,http://localhost:8002/restaurants/?q=ramen,1,0,0
1777222030628,175,POST /auth/login,200,OK,Login Load Test 1-241,text,true,,316,251,1,2,http://localhost:8001/auth/login,175,0,1
1777222030687,171,Login for Token,200,OK,Review Submission Load Test 3-241,text,true,,316,251,1,2,http://localhost:8001/auth/login,171,0,0
1777222030858,3,POST /reviews/,201,Created,Review Submission Load Test 3-241,text,true,,380,440,1,2,http://localhost:8004/reviews/,3,0,0
1777222030871,3,GET /restaurants?q=ramen,200,OK,Restaurant Search Load Test 2-242,text,true,,587,137,1,2,http://localhost:8002/restaurants/?q=ramen,3,0,0
1777222030833,172,POST /auth/login,200,OK,Login Load Test 1-242,text,true,,316,251,1,2,http://localhost:8001/auth/login,172,0,1
1777222030887,171,Login for Token,200,OK,Review Submission Load Test 3-242,text,true,,316,251,1,2,http://localhost:8001/auth/login,171,0,0
1777222031058,3,POST /reviews/,201,Created,Review Submission Load Test 3-242,text,true,,380,440,1,2,http://localhost:8004/reviews/,3,0,0
1777222031071,3,GET /restaurants?q=ramen,200,OK,Restaurant Search Load Test 2-243,text,true,,587,137,1,2,http://localhost:8002/restaurants/?q=ramen,3,0,0
1777222031034,172,POST /auth/login,200,OK,Login Load Test 1-243,text,true,,316,251,1,2,http://localhost:8001/auth/login,172,0,1
1777222031084,171,Login for Token,200,OK,Review Submission Load Test 3-243,text,true,,316,251,1,2,http://localhost:8001/auth/login,171,0,0
1777222031255,3,POST /reviews/,201,Created,Review Submission Load Test 3-243,text,true,,380,440,1,2,http://localhost:8004/reviews/,3,0,0
1777222031269,4,GET /restaurants?q=ramen,200,OK,Restaurant Search Load Test 2-244,text,true,,587,137,1,2,http://localhost:8002/restaurants/?q=ramen,4,0,0
1777222031233,172,POST /auth/login,200,OK,Login Load Test 1-244,text,true,,316,251,1,2,http://localhost:8001/auth/login,172,0,0
1777222031287,171,Login for Token,200,OK,Review Submission Load Test 3-244,text,true,,316,251,1,2,http://localhost:8001/auth/login,171,0,0
1777222031458,3,POST /reviews/,201,Created,Review Submission Load Test 3-244,text,true,,380,440,1,2,http://localhost:8004/reviews/,3,0,0
1777222031471,3,GET /restaurants?q=ramen,200,OK,Restaurant Search Load Test 2-245,text,true,,587,137,1,2,http://localhost:8002/restaurants/?q=ramen,3,0,0
1777222031430,172,POST /auth/login,200,OK,Login Load Test 1-245,text,true,,316,251,1,2,http://localhost:8001/auth/login,172,0,1
1777222031487,172,Login for Token,200,OK,Review Submission Load Test 3-245,text,true,,316,251,1,2,http://localhost:8001/auth/login,172,0,0
1777222031659,2,POST /reviews/,201,Created,Review Submission Load Test 3-245,text,true,,380,440,1,2,http://localhost:8004/reviews/,2,0,1
1777222031670,1,GET /restaurants?q=ramen,200,OK,Restaurant Search Load Test 2-246,text,true,,587,137,1,2,http://localhost:8002/restaurants/?q=ramen,1,0,0
1777222031632,172,POST /auth/login,200,OK,Login Load Test 1-246,text,true,,316,251,1,2,http://localhost:8001/auth/login,172,0,0
1777222031688,171,Login for Token,200,OK,Review Submission Load Test 3-246,text,true,,316,251,1,2,http://localhost:8001/auth/login,171,0,0
1777222031859,2,POST /reviews/,201,Created,Review Submission Load Test 3-246,text,true,,380,440,1,2,http://localhost:8004/reviews/,2,0,0
1777222031867,3,GET /restaurants?q=ramen,200,OK,Restaurant Search Load Test 2-247,text,true,,587,137,1,2,http://localhost:8002/restaurants/?q=ramen,3,0,0
1777222031827,172,POST /auth/login,200,OK,Login Load Test 1-247,text,true,,316,251,1,2,http://localhost:8001/auth/login,172,0,0
1777222031887,170,Login for Token,200,OK,Review Submission Load Test 3-247,text,true,,316,251,1,2,http://localhost:8001/auth/login,170,0,0
1777222032057,3,POST /reviews/,201,Created,Review Submission Load Test 3-247,text,true,,380,440,1,2,http://localhost:8004/reviews/,3,0,0
1777222032068,3,GET /restaurants?q=ramen,200,OK,Restaurant Search Load Test 2-248,text,true,,587,137,1,2,http://localhost:8002/restaurants/?q=ramen,3,0,0
1777222032030,173,POST /auth/login,200,OK,Login Load Test 1-248,text,true,,316,251,1,2,http://localhost:8001/auth/login,173,0,0
1777222032087,173,Login for Token,200,OK,Review Submission Load Test 3-248,text,true,,316,251,1,2,http://localhost:8001/auth/login,173,0,0
1777222032260,3,POST /reviews/,201,Created,Review Submission Load Test 3-248,text,true,,380,440,1,2,http://localhost:8004/reviews/,3,0,0
1777222032268,3,GET /restaurants?q=ramen,200,OK,Restaurant Search Load Test 2-249,text,true,,587,137,1,2,http://localhost:8002/restaurants/?q=ramen,3,0,0
1777222032230,174,POST /auth/login,200,OK,Login Load Test 1-249,text,true,,316,251,1,2,http://localhost:8001/auth/login,174,0,0
1777222032284,173,Login for Token,200,OK,Review Submission Load Test 3-249,text,true,,316,251,1,2,http://localhost:8001/auth/login,173,0,0
1777222032457,4,POST /reviews/,201,Created,Review Submission Load Test 3-249,text,true,,380,440,1,2,http://localhost:8004/reviews/,4,0,0
1777222032471,2,GET /restaurants?q=ramen,200,OK,Restaurant Search Load Test 2-250,text,true,,587,137,1,2,http://localhost:8002/restaurants/?q=ramen,2,0,0
1777222032426,175,POST /auth/login,200,OK,Login Load Test 1-250,text,true,,316,251,1,2,http://localhost:8001/auth/login,175,0,0
1777222032482,176,Login for Token,200,OK,Review Submission Load Test 3-250,text,true,,316,251,1,2,http://localhost:8001/auth/login,176,0,1
1777222032658,4,POST /reviews/,201,Created,Review Submission Load Test 3-250,text,true,,380,440,1,2,http://localhost:8004/reviews/,4,0,0
1777222032671,2,GET /restaurants?q=ramen,200,OK,Restaurant Search Load Test 2-251,text,true,,587,137,1,2,http://localhost:8002/restaurants/?q=ramen,2,0,0
1777222032629,177,POST /auth/login,200,OK,Login Load Test 1-251,text,true,,316,249,1,2,http://localhost:8001/auth/login,177,0,0
1777222032687,173,Login for Token,200,OK,Review Submission Load Test 3-251,text,true,,316,249,1,2,http://localhost:8001/auth/login,173,0,0
1777222032860,1,POST /reviews/,400,Bad Request,Review Submission Load Test 3-251,text,false,"Test failed: code expected to equal /

****** received  : [[[400]]]

****** comparison: [[[201]]]

/",188,440,1,2,http://localhost:8004/reviews/,1,0,0
1777222032870,3,GET /restaurants?q=ramen,200,OK,Restaurant Search Load Test 2-252,text,true,,587,137,1,2,http://localhost:8002/restaurants/?q=ramen,3,0,0
1777222032825,172,POST /auth/login,200,OK,Login Load Test 1-252,text,true,,316,249,1,2,http://localhost:8001/auth/login,172,0,1
1777222032885,170,Login for Token,200,OK,Review Submission Load Test 3-252,text,true,,316,249,1,2,http://localhost:8001/auth/login,170,0,0
1777222033055,2,POST /reviews/,400,Bad Request,Review Submission Load Test 3-252,text,false,"Test failed: code expected to equal /

****** received  : [[[400]]]

****** comparison: [[[201]]]

/",188,440,1,2,http://localhost:8004/reviews/,2,0,0
1777222033072,3,GET /restaurants?q=ramen,200,OK,Restaurant Search Load Test 2-253,text,true,,587,137,1,2,http://localhost:8002/restaurants/?q=ramen,3,0,0
1777222033025,171,POST /auth/login,200,OK,Login Load Test 1-253,text,true,,316,249,1,2,http://localhost:8001/auth/login,171,0,1
1777222033084,170,Login for Token,200,OK,Review Submission Load Test 3-253,text,true,,316,249,1,2,http://localhost:8001/auth/login,170,0,1
1777222033255,2,POST /reviews/,400,Bad Request,Review Submission Load Test 3-253,text,false,"Test failed: code expected to equal /

****** received  : [[[400]]]

****** comparison: [[[201]]]

/",188,440,1,2,http://localhost:8004/reviews/,2,0,0
1777222033271,3,GET /restaurants?q=ramen,200,OK,Restaurant Search Load Test 2-254,text,true,,587,137,1,2,http://localhost:8002/restaurants/?q=ramen,3,0,0
1777222033225,171,POST /auth/login,200,OK,Login Load Test 1-254,text,true,,316,249,1,2,http://localhost:8001/auth/login,171,0,1
1777222033285,177,Login for Token,200,OK,Review Submission Load Test 3-254,text,true,,316,249,1,2,http://localhost:8001/auth/login,177,0,0
1777222033463,1,POST /reviews/,400,Bad Request,Review Submission Load Test 3-254,text,false,"Test failed: code expected to equal /

****** received  : [[[400]]]

****** comparison: [[[201]]]

/",188,440,1,2,http://localhost:8004/reviews/,1,0,0
1777222033471,2,GET /restaurants?q=ramen,200,OK,Restaurant Search Load Test 2-255,text,true,,587,137,1,2,http://localhost:8002/restaurants/?q=ramen,2,0,0
1777222033426,182,POST /auth/login,200,OK,Login Load Test 1-255,text,true,,316,249,1,2,http://localhost:8001/auth/login,182,0,1
1777222033487,174,Login for Token,200,OK,Review Submission Load Test 3-255,text,true,,316,250,1,2,http://localhost:8001/auth/login,174,0,1
1777222033661,2,POST /reviews/,400,Bad Request,Review Submission Load Test 3-255,text,false,"Test failed: code expected to equal /

****** received  : [[[400]]]

****** comparison: [[[201]]]

/",188,440,1,2,http://localhost:8004/reviews/,2,0,1
1777222033667,2,GET /restaurants?q=ramen,200,OK,Restaurant Search Load Test 2-256,text,true,,587,137,1,2,http://localhost:8002/restaurants/?q=ramen,2,0,0
1777222033629,172,POST /auth/login,200,OK,Login Load Test 1-256,text,true,,316,250,1,2,http://localhost:8001/auth/login,172,0,0
1777222033687,171,Login for Token,200,OK,Review Submission Load Test 3-256,text,true,,316,250,1,2,http://localhost:8001/auth/login,171,0,0
1777222033859,2,POST /reviews/,400,Bad Request,Review Submission Load Test 3-256,text,false,"Test failed: code expected to equal /

****** received  : [[[400]]]

****** comparison: [[[201]]]

/",188,440,1,2,http://localhost:8004/reviews/,2,0,0
1777222033872,3,GET /restaurants?q=ramen,200,OK,Restaurant Search Load Test 2-257,text,true,,587,137,1,2,http://localhost:8002/restaurants/?q=ramen,3,0,0
1777222033826,175,POST /auth/login,200,OK,Login Load Test 1-257,text,true,,316,250,1,2,http://localhost:8001/auth/login,175,0,1
1777222033884,178,Login for Token,200,OK,Review Submission Load Test 3-257,text,true,,316,250,1,2,http://localhost:8001/auth/login,178,0,1
1777222034063,1,POST /reviews/,400,Bad Request,Review Submission Load Test 3-257,text,false,"Test failed: code expected to equal /

****** received  : [[[400]]]

****** comparison: [[[201]]]

/",188,440,1,2,http://localhost:8004/reviews/,1,0,0
1777222034068,2,GET /restaurants?q=ramen,200,OK,Restaurant Search Load Test 2-258,text,true,,587,137,1,2,http://localhost:8002/restaurants/?q=ramen,2,0,0
1777222034028,187,POST /auth/login,200,OK,Login Load Test 1-258,text,true,,316,250,1,2,http://localhost:8001/auth/login,187,0,0
1777222034085,178,Login for Token,200,OK,Review Submission Load Test 3-258,text,true,,316,250,1,2,http://localhost:8001/auth/login,178,0,1
1777222034263,2,POST /reviews/,400,Bad Request,Review Submission Load Test 3-258,text,false,"Test failed: code expected to equal /

****** received  : [[[400]]]

****** comparison: [[[201]]]

/",188,440,1,2,http://localhost:8004/reviews/,2,0,0
1777222034271,1,GET /restaurants?q=ramen,200,OK,Restaurant Search Load Test 2-259,text,true,,587,137,1,2,http://localhost:8002/restaurants/?q=ramen,1,0,0
1777222034228,173,POST /auth/login,200,OK,Login Load Test 1-259,text,true,,316,250,1,2,http://localhost:8001/auth/login,173,0,0
1777222034283,171,Login for Token,200,OK,Review Submission Load Test 3-259,text,true,,316,250,1,2,http://localhost:8001/auth/login,171,0,0
1777222034454,2,POST /reviews/,400,Bad Request,Review Submission Load Test 3-259,text,false,"Test failed: code expected to equal /

****** received  : [[[400]]]

****** comparison: [[[201]]]

/",188,440,1,2,http://localhost:8004/reviews/,2,0,0
1777222034468,3,GET /restaurants?q=ramen,200,OK,Restaurant Search Load Test 2-260,text,true,,587,137,1,2,http://localhost:8002/restaurants/?q=ramen,3,0,0
1777222034429,170,POST /auth/login,200,OK,Login Load Test 1-260,text,true,,316,250,1,2,http://localhost:8001/auth/login,170,0,0
1777222034484,171,Login for Token,200,OK,Review Submission Load Test 3-260,text,true,,316,250,1,2,http://localhost:8001/auth/login,171,0,1
1777222034655,1,POST /reviews/,400,Bad Request,Review Submission Load Test 3-260,text,false,"Test failed: code expected to equal /

****** received  : [[[400]]]

****** comparison: [[[201]]]

/",188,440,1,2,http://localhost:8004/reviews/,1,0,0
1777222034666,2,GET /restaurants?q=ramen,200,OK,Restaurant Search Load Test 2-261,text,true,,587,137,1,2,http://localhost:8002/restaurants/?q=ramen,2,0,0
1777222034628,171,POST /auth/login,200,OK,Login Load Test 1-261,text,true,,316,250,1,2,http://localhost:8001/auth/login,171,0,0
1777222034687,171,Login for Token,200,OK,Review Submission Load Test 3-261,text,true,,316,250,1,2,http://localhost:8001/auth/login,171,0,0
1777222034858,2,POST /reviews/,400,Bad Request,Review Submission Load Test 3-261,text,false,"Test failed: code expected to equal /

****** received  : [[[400]]]

****** comparison: [[[201]]]

/",188,440,1,2,http://localhost:8004/reviews/,2,0,0
1777222034871,3,GET /restaurants?q=ramen,200,OK,Restaurant Search Load Test 2-262,text,true,,587,137,1,2,http://localhost:8002/restaurants/?q=ramen,3,0,0
1777222034824,171,POST /auth/login,200,OK,Login Load Test 1-262,text,true,,316,250,1,2,http://localhost:8001/auth/login,171,0,0
1777222034883,170,Login for Token,200,OK,Review Submission Load Test 3-262,text,true,,316,250,1,2,http://localhost:8001/auth/login,170,0,1
1777222035053,2,POST /reviews/,400,Bad Request,Review Submission Load Test 3-262,text,false,"Test failed: code expected to equal /

****** received  : [[[400]]]

****** comparison: [[[201]]]

/",188,440,1,2,http://localhost:8004/reviews/,2,0,0
1777222035068,3,GET /restaurants?q=ramen,200,OK,Restaurant Search Load Test 2-263,text,true,,587,137,1,2,http://localhost:8002/restaurants/?q=ramen,3,0,0
1777222035029,171,POST /auth/login,200,OK,Login Load Test 1-263,text,true,,316,250,1,2,http://localhost:8001/auth/login,171,0,0
1777222035087,170,Login for Token,200,OK,Review Submission Load Test 3-263,text,true,,316,250,1,2,http://localhost:8001/auth/login,170,0,0
1777222035257,2,POST /reviews/,400,Bad Request,Review Submission Load Test 3-263,text,false,"Test failed: code expected to equal /

****** received  : [[[400]]]

****** comparison: [[[201]]]

/",188,440,1,2,http://localhost:8004/reviews/,2,0,0
1777222035271,4,GET /restaurants?q=ramen,200,OK,Restaurant Search Load Test 2-264,text,true,,587,137,1,2,http://localhost:8002/restaurants/?q=ramen,4,0,1
1777222035229,178,POST /auth/login,200,OK,Login Load Test 1-264,text,true,,316,250,1,2,http://localhost:8001/auth/login,178,0,1
1777222035283,180,Login for Token,200,OK,Review Submission Load Test 3-264,text,true,,316,250,1,2,http://localhost:8001/auth/login,180,0,0
1777222035464,1,POST /reviews/,400,Bad Request,Review Submission Load Test 3-264,text,false,"Test failed: code expected to equal /

****** received  : [[[400]]]

****** comparison: [[[201]]]

/",188,440,1,2,http://localhost:8004/reviews/,1,0,0
1777222035470,2,GET /restaurants?q=ramen,200,OK,Restaurant Search Load Test 2-265,text,true,,587,137,1,2,http://localhost:8002/restaurants/?q=ramen,2,0,0
1777222035425,179,POST /auth/login,200,OK,Login Load Test 1-265,text,true,,316,250,1,2,http://localhost:8001/auth/login,179,0,0
1777222035485,174,Login for Token,200,OK,Review Submission Load Test 3-265,text,true,,316,250,1,2,http://localhost:8001/auth/login,174,0,1
1777222035660,1,POST /reviews/,400,Bad Request,Review Submission Load Test 3-265,text,false,"Test failed: code expected to equal /

****** received  : [[[400]]]

****** comparison: [[[201]]]

/",188,440,1,2,http://localhost:8004/reviews/,1,0,0
1777222035672,1,GET /restaurants?q=ramen,200,OK,Restaurant Search Load Test 2-266,text,true,,587,137,1,2,http://localhost:8002/restaurants/?q=ramen,1,0,0
1777222035628,172,POST /auth/login,200,OK,Login Load Test 1-266,text,true,,316,250,1,2,http://localhost:8001/auth/login,172,0,1
1777222035682,171,Login for Token,200,OK,Review Submission Load Test 3-266,text,true,,316,250,1,2,http://localhost:8001/auth/login,171,0,1
1777222035853,2,POST /reviews/,400,Bad Request,Review Submission Load Test 3-266,text,false,"Test failed: code expected to equal /

****** received  : [[[400]]]

****** comparison: [[[201]]]

/",188,440,1,2,http://localhost:8004/reviews/,2,0,0
1777222035868,4,GET /restaurants?q=ramen,200,OK,Restaurant Search Load Test 2-267,text,true,,587,137,1,2,http://localhost:8002/restaurants/?q=ramen,4,0,1
1777222035826,171,POST /auth/login,200,OK,Login Load Test 1-267,text,true,,316,250,1,2,http://localhost:8001/auth/login,171,0,0
1777222035887,172,Login for Token,200,OK,Review Submission Load Test 3-267,text,true,,316,250,1,2,http://localhost:8001/auth/login,172,0,0
1777222036059,2,POST /reviews/,400,Bad Request,Review Submission Load Test 3-267,text,false,"Test failed: code expected to equal /

****** received  : [[[400]]]

****** comparison: [[[201]]]

/",188,440,1,2,http://localhost:8004/reviews/,2,0,0
1777222036070,2,GET /restaurants?q=ramen,200,OK,Restaurant Search Load Test 2-268,text,true,,587,137,1,2,http://localhost:8002/restaurants/?q=ramen,2,0,1
1777222036025,186,POST /auth/login,200,OK,Login Load Test 1-268,text,true,,316,250,1,2,http://localhost:8001/auth/login,186,0,0
1777222036268,2,GET /restaurants?q=ramen,200,OK,Restaurant Search Load Test 2-269,text,true,,587,137,1,3,http://localhost:8002/restaurants/?q=ramen,2,0,0
1777222036087,190,Login for Token,200,OK,Review Submission Load Test 3-268,text,true,,316,250,1,2,http://localhost:8001/auth/login,190,0,1
1777222036277,2,POST /reviews/,400,Bad Request,Review Submission Load Test 3-268,text,false,"Test failed: code expected to equal /

****** received  : [[[400]]]

****** comparison: [[[201]]]

/",188,440,1,2,http://localhost:8004/reviews/,2,0,0
1777222036226,186,POST /auth/login,200,OK,Login Load Test 1-269,text,true,,316,250,1,2,http://localhost:8001/auth/login,186,0,1
1777222036285,182,Login for Token,200,OK,Review Submission Load Test 3-269,text,true,,316,250,1,2,http://localhost:8001/auth/login,182,0,0
1777222036467,2,POST /reviews/,400,Bad Request,Review Submission Load Test 3-269,text,false,"Test failed: code expected to equal /

****** received  : [[[400]]]

****** comparison: [[[201]]]

/",188,440,1,2,http://localhost:8004/reviews/,2,0,0
1777222036471,2,GET /restaurants?q=ramen,200,OK,Restaurant Search Load Test 2-270,text,true,,587,137,1,2,http://localhost:8002/restaurants/?q=ramen,2,0,0
1777222036423,173,POST /auth/login,200,OK,Login Load Test 1-270,text,true,,316,250,1,2,http://localhost:8001/auth/login,173,0,0
1777222036487,172,Login for Token,200,OK,Review Submission Load Test 3-270,text,true,,316,250,1,2,http://localhost:8001/auth/login,172,0,0
1777222036659,2,POST /reviews/,400,Bad Request,Review Submission Load Test 3-270,text,false,"Test failed: code expected to equal /

****** received  : [[[400]]]

****** comparison: [[[201]]]

/",188,440,1,2,http://localhost:8004/reviews/,2,0,1
1777222036668,3,GET /restaurants?q=ramen,200,OK,Restaurant Search Load Test 2-271,text,true,,587,137,1,2,http://localhost:8002/restaurants/?q=ramen,3,0,0
1777222036626,171,POST /auth/login,200,OK,Login Load Test 1-271,text,true,,316,250,1,2,http://localhost:8001/auth/login,171,0,0
1777222036684,170,Login for Token,200,OK,Review Submission Load Test 3-271,text,true,,316,250,1,2,http://localhost:8001/auth/login,170,0,0
1777222036854,2,POST /reviews/,400,Bad Request,Review Submission Load Test 3-271,text,false,"Test failed: code expected to equal /

****** received  : [[[400]]]

****** comparison: [[[201]]]

/",188,440,1,2,http://localhost:8004/reviews/,2,0,0
1777222036868,3,GET /restaurants?q=ramen,200,OK,Restaurant Search Load Test 2-272,text,true,,587,137,1,2,http://localhost:8002/restaurants/?q=ramen,3,0,0
1777222036828,171,POST /auth/login,200,OK,Login Load Test 1-272,text,true,,316,250,1,2,http://localhost:8001/auth/login,171,0,0
1777222036885,171,Login for Token,200,OK,Review Submission Load Test 3-272,text,true,,316,250,1,2,http://localhost:8001/auth/login,171,0,0
1777222037056,2,POST /reviews/,400,Bad Request,Review Submission Load Test 3-272,text,false,"Test failed: code expected to equal /

****** received  : [[[400]]]

****** comparison: [[[201]]]

/",188,440,1,2,http://localhost:8004/reviews/,2,0,0
1777222037068,3,GET /restaurants?q=ramen,200,OK,Restaurant Search Load Test 2-273,text,true,,587,137,1,2,http://localhost:8002/restaurants/?q=ramen,3,0,0
1777222037026,172,POST /auth/login,200,OK,Login Load Test 1-273,text,true,,316,250,1,2,http://localhost:8001/auth/login,172,0,1
1777222037087,172,Login for Token,200,OK,Review Submission Load Test 3-273,text,true,,316,250,1,2,http://localhost:8001/auth/login,172,0,0
1777222037259,2,POST /reviews/,400,Bad Request,Review Submission Load Test 3-273,text,false,"Test failed: code expected to equal /

****** received  : [[[400]]]

****** comparison: [[[201]]]

/",188,440,1,2,http://localhost:8004/reviews/,2,0,1
1777222037271,3,GET /restaurants?q=ramen,200,OK,Restaurant Search Load Test 2-274,text,true,,587,137,1,2,http://localhost:8002/restaurants/?q=ramen,3,0,0
1777222037226,173,POST /auth/login,200,OK,Login Load Test 1-274,text,true,,316,250,1,2,http://localhost:8001/auth/login,173,0,1
1777222037287,172,Login for Token,200,OK,Review Submission Load Test 3-274,text,true,,316,250,1,2,http://localhost:8001/auth/login,172,0,0
1777222037459,2,POST /reviews/,400,Bad Request,Review Submission Load Test 3-274,text,false,"Test failed: code expected to equal /

****** received  : [[[400]]]

****** comparison: [[[201]]]

/",188,440,1,2,http://localhost:8004/reviews/,2,0,0
1777222037468,3,GET /restaurants?q=ramen,200,OK,Restaurant Search Load Test 2-275,text,true,,587,137,1,2,http://localhost:8002/restaurants/?q=ramen,3,0,0
1777222037429,172,POST /auth/login,200,OK,Login Load Test 1-275,text,true,,316,250,1,2,http://localhost:8001/auth/login,172,0,0
1777222037484,172,Login for Token,200,OK,Review Submission Load Test 3-275,text,true,,316,250,1,2,http://localhost:8001/auth/login,172,0,0
1777222037657,1,POST /reviews/,400,Bad Request,Review Submission Load Test 3-275,text,false,"Test failed: code expected to equal /

****** received  : [[[400]]]

****** comparison: [[[201]]]

/",188,440,1,2,http://localhost:8004/reviews/,1,0,0
1777222037668,2,GET /restaurants?q=ramen,200,OK,Restaurant Search Load Test 2-276,text,true,,587,137,1,2,http://localhost:8002/restaurants/?q=ramen,2,0,0
1777222037626,175,POST /auth/login,200,OK,Login Load Test 1-276,text,true,,316,250,1,2,http://localhost:8001/auth/login,175,0,1
1777222037687,172,Login for Token,200,OK,Review Submission Load Test 3-276,text,true,,316,250,1,2,http://localhost:8001/auth/login,172,0,1
1777222037859,2,POST /reviews/,400,Bad Request,Review Submission Load Test 3-276,text,false,"Test failed: code expected to equal /

****** received  : [[[400]]]

****** comparison: [[[201]]]

/",188,440,1,2,http://localhost:8004/reviews/,2,0,0
1777222037869,4,GET /restaurants?q=ramen,200,OK,Restaurant Search Load Test 2-277,text,true,,587,137,1,2,http://localhost:8002/restaurants/?q=ramen,4,0,0
1777222037829,171,POST /auth/login,200,OK,Login Load Test 1-277,text,true,,316,250,1,2,http://localhost:8001/auth/login,171,0,0
1777222037887,170,Login for Token,200,OK,Review Submission Load Test 3-277,text,true,,316,250,1,2,http://localhost:8001/auth/login,170,0,0
1777222038057,2,POST /reviews/,400,Bad Request,Review Submission Load Test 3-277,text,false,"Test failed: code expected to equal /

****** received  : [[[400]]]

****** comparison: [[[201]]]

/",188,440,1,2,http://localhost:8004/reviews/,2,0,1
1777222038071,3,GET /restaurants?q=ramen,200,OK,Restaurant Search Load Test 2-278,text,true,,587,137,1,2,http://localhost:8002/restaurants/?q=ramen,3,0,0
1777222038029,171,POST /auth/login,200,OK,Login Load Test 1-278,text,true,,316,250,1,2,http://localhost:8001/auth/login,171,0,0
1777222038084,171,Login for Token,200,OK,Review Submission Load Test 3-278,text,true,,316,250,1,2,http://localhost:8001/auth/login,171,0,1
1777222038255,2,POST /reviews/,400,Bad Request,Review Submission Load Test 3-278,text,false,"Test failed: code expected to equal /

****** received  : [[[400]]]

****** comparison: [[[201]]]

/",188,440,1,2,http://localhost:8004/reviews/,2,0,0
1777222038268,3,GET /restaurants?q=ramen,200,OK,Restaurant Search Load Test 2-279,text,true,,587,137,1,2,http://localhost:8002/restaurants/?q=ramen,3,0,0
1777222038227,171,POST /auth/login,200,OK,Login Load Test 1-279,text,true,,316,250,1,2,http://localhost:8001/auth/login,171,0,0
1777222038287,171,Login for Token,200,OK,Review Submission Load Test 3-279,text,true,,316,250,1,2,http://localhost:8001/auth/login,171,0,0
1777222038458,2,POST /reviews/,400,Bad Request,Review Submission Load Test 3-279,text,false,"Test failed: code expected to equal /

****** received  : [[[400]]]

****** comparison: [[[201]]]

/",188,440,1,2,http://localhost:8004/reviews/,2,0,0
1777222038468,3,GET /restaurants?q=ramen,200,OK,Restaurant Search Load Test 2-280,text,true,,587,137,1,2,http://localhost:8002/restaurants/?q=ramen,3,0,0
1777222038426,174,POST /auth/login,200,OK,Login Load Test 1-280,text,true,,316,250,1,2,http://localhost:8001/auth/login,174,0,1
1777222038488,178,Login for Token,200,OK,Review Submission Load Test 3-280,text,true,,316,250,1,2,http://localhost:8001/auth/login,178,0,0
1777222038666,3,POST /reviews/,400,Bad Request,Review Submission Load Test 3-280,text,false,"Test failed: code expected to equal /

****** received  : [[[400]]]

****** comparison: [[[201]]]

/",188,440,1,3,http://localhost:8004/reviews/,3,0,1
1777222038666,4,GET /restaurants?q=ramen,200,OK,Restaurant Search Load Test 2-281,text,true,,587,137,1,2,http://localhost:8002/restaurants/?q=ramen,4,0,1
1777222038624,175,POST /auth/login,200,OK,Login Load Test 1-281,text,true,,316,250,1,2,http://localhost:8001/auth/login,175,0,0
1777222038685,170,Login for Token,200,OK,Review Submission Load Test 3-281,text,true,,316,250,1,2,http://localhost:8001/auth/login,170,0,0
1777222038856,1,POST /reviews/,400,Bad Request,Review Submission Load Test 3-281,text,false,"Test failed: code expected to equal /

****** received  : [[[400]]]

****** comparison: [[[201]]]

/",188,440,1,2,http://localhost:8004/reviews/,1,0,0
1777222038868,3,GET /restaurants?q=ramen,200,OK,Restaurant Search Load Test 2-282,text,true,,587,137,1,2,http://localhost:8002/restaurants/?q=ramen,3,0,0
1777222038826,171,POST /auth/login,200,OK,Login Load Test 1-282,text,true,,316,250,1,2,http://localhost:8001/auth/login,171,0,0
1777222038884,169,Login for Token,200,OK,Review Submission Load Test 3-282,text,true,,316,250,1,2,http://localhost:8001/auth/login,169,0,0
1777222039054,2,POST /reviews/,400,Bad Request,Review Submission Load Test 3-282,text,false,"Test failed: code expected to equal /

****** received  : [[[400]]]

****** comparison: [[[201]]]

/",188,440,1,2,http://localhost:8004/reviews/,2,0,0
1777222039071,3,GET /restaurants?q=ramen,200,OK,Restaurant Search Load Test 2-283,text,true,,587,137,1,2,http://localhost:8002/restaurants/?q=ramen,3,0,0
1777222039029,170,POST /auth/login,200,OK,Login Load Test 1-283,text,true,,316,250,1,2,http://localhost:8001/auth/login,170,0,0
1777222039082,170,Login for Token,200,OK,Review Submission Load Test 3-283,text,true,,316,250,1,2,http://localhost:8001/auth/login,170,0,0
1777222039252,2,POST /reviews/,400,Bad Request,Review Submission Load Test 3-283,text,false,"Test failed: code expected to equal /

****** received  : [[[400]]]

****** comparison: [[[201]]]

/",188,440,1,2,http://localhost:8004/reviews/,2,0,0
1777222039270,3,GET /restaurants?q=ramen,200,OK,Restaurant Search Load Test 2-284,text,true,,587,137,1,2,http://localhost:8002/restaurants/?q=ramen,3,0,0
1777222039227,171,POST /auth/login,200,OK,Login Load Test 1-284,text,true,,316,250,1,2,http://localhost:8001/auth/login,171,0,0
1777222039284,171,Login for Token,200,OK,Review Submission Load Test 3-284,text,true,,316,250,1,2,http://localhost:8001/auth/login,171,0,1
1777222039455,2,POST /reviews/,400,Bad Request,Review Submission Load Test 3-284,text,false,"Test failed: code expected to equal /

****** received  : [[[400]]]

****** comparison: [[[201]]]

/",188,440,1,2,http://localhost:8004/reviews/,2,0,0
1777222039470,3,GET /restaurants?q=ramen,200,OK,Restaurant Search Load Test 2-285,text,true,,587,137,1,2,http://localhost:8002/restaurants/?q=ramen,3,0,0
1777222039427,171,POST /auth/login,200,OK,Login Load Test 1-285,text,true,,316,250,1,2,http://localhost:8001/auth/login,171,0,0
1777222039487,171,Login for Token,200,OK,Review Submission Load Test 3-285,text,true,,316,250,1,2,http://localhost:8001/auth/login,171,0,0
1777222039658,2,POST /reviews/,400,Bad Request,Review Submission Load Test 3-285,text,false,"Test failed: code expected to equal /

****** received  : [[[400]]]

****** comparison: [[[201]]]

/",188,440,1,2,http://localhost:8004/reviews/,2,0,0
1777222039666,4,GET /restaurants?q=ramen,200,OK,Restaurant Search Load Test 2-286,text,true,,587,137,1,2,http://localhost:8002/restaurants/?q=ramen,4,0,1
1777222039630,171,POST /auth/login,200,OK,Login Load Test 1-286,text,true,,316,250,1,2,http://localhost:8001/auth/login,171,0,0
1777222039686,171,Login for Token,200,OK,Review Submission Load Test 3-286,text,true,,316,250,1,2,http://localhost:8001/auth/login,171,0,1
1777222039857,3,POST /reviews/,400,Bad Request,Review Submission Load Test 3-286,text,false,"Test failed: code expected to equal /

****** received  : [[[400]]]

****** comparison: [[[201]]]

/",188,440,1,2,http://localhost:8004/reviews/,3,0,1
1777222039868,3,GET /restaurants?q=ramen,200,OK,Restaurant Search Load Test 2-287,text,true,,587,137,1,2,http://localhost:8002/restaurants/?q=ramen,3,0,0
1777222039829,172,POST /auth/login,200,OK,Login Load Test 1-287,text,true,,316,250,1,2,http://localhost:8001/auth/login,172,0,1
1777222039882,171,Login for Token,200,OK,Review Submission Load Test 3-287,text,true,,316,250,1,2,http://localhost:8001/auth/login,171,0,1
1777222040053,2,POST /reviews/,400,Bad Request,Review Submission Load Test 3-287,text,false,"Test failed: code expected to equal /

****** received  : [[[400]]]

****** comparison: [[[201]]]

/",188,440,1,2,http://localhost:8004/reviews/,2,0,0
1777222040071,4,GET /restaurants?q=ramen,200,OK,Restaurant Search Load Test 2-288,text,true,,587,137,1,2,http://localhost:8002/restaurants/?q=ramen,4,0,0
1777222040027,171,POST /auth/login,200,OK,Login Load Test 1-288,text,true,,316,250,1,2,http://localhost:8001/auth/login,171,0,0
1777222040084,172,Login for Token,200,OK,Review Submission Load Test 3-288,text,true,,316,250,1,2,http://localhost:8001/auth/login,172,0,1
1777222040256,2,POST /reviews/,400,Bad Request,Review Submission Load Test 3-288,text,false,"Test failed: code expected to equal /

****** received  : [[[400]]]

****** comparison: [[[201]]]

/",188,440,1,2,http://localhost:8004/reviews/,2,0,0
1777222040271,4,GET /restaurants?q=ramen,200,OK,Restaurant Search Load Test 2-289,text,true,,587,137,1,2,http://localhost:8002/restaurants/?q=ramen,4,0,0
1777222040226,171,POST /auth/login,200,OK,Login Load Test 1-289,text,true,,316,250,1,2,http://localhost:8001/auth/login,171,0,1
1777222040284,170,Login for Token,200,OK,Review Submission Load Test 3-289,text,true,,316,250,1,2,http://localhost:8001/auth/login,170,0,1
1777222040454,1,POST /reviews/,400,Bad Request,Review Submission Load Test 3-289,text,false,"Test failed: code expected to equal /

****** received  : [[[400]]]

****** comparison: [[[201]]]

/",188,440,1,2,http://localhost:8004/reviews/,1,0,0
1777222040471,3,GET /restaurants?q=ramen,200,OK,Restaurant Search Load Test 2-290,text,true,,587,137,1,2,http://localhost:8002/restaurants/?q=ramen,3,0,0
1777222040428,171,POST /auth/login,200,OK,Login Load Test 1-290,text,true,,316,250,1,2,http://localhost:8001/auth/login,171,0,1
1777222040487,177,Login for Token,200,OK,Review Submission Load Test 3-290,text,true,,316,250,1,2,http://localhost:8001/auth/login,177,0,0
1777222040664,2,POST /reviews/,400,Bad Request,Review Submission Load Test 3-290,text,false,"Test failed: code expected to equal /

****** received  : [[[400]]]

****** comparison: [[[201]]]

/",188,440,1,2,http://localhost:8004/reviews/,2,0,1
1777222040668,2,GET /restaurants?q=ramen,200,OK,Restaurant Search Load Test 2-291,text,true,,587,137,1,2,http://localhost:8002/restaurants/?q=ramen,2,0,0
1777222040626,173,POST /auth/login,200,OK,Login Load Test 1-291,text,true,,316,250,1,2,http://localhost:8001/auth/login,173,0,1
1777222040687,170,Login for Token,200,OK,Review Submission Load Test 3-291,text,true,,316,250,1,2,http://localhost:8001/auth/login,170,0,0
1777222040857,2,POST /reviews/,400,Bad Request,Review Submission Load Test 3-291,text,false,"Test failed: code expected to equal /

****** received  : [[[400]]]

****** comparison: [[[201]]]

/",188,440,1,2,http://localhost:8004/reviews/,2,0,0
1777222040868,3,GET /restaurants?q=ramen,200,OK,Restaurant Search Load Test 2-292,text,true,,587,137,1,2,http://localhost:8002/restaurants/?q=ramen,3,0,0
1777222040827,171,POST /auth/login,200,OK,Login Load Test 1-292,text,true,,316,250,1,2,http://localhost:8001/auth/login,171,0,0
1777222040882,172,Login for Token,200,OK,Review Submission Load Test 3-292,text,true,,316,250,1,2,http://localhost:8001/auth/login,172,0,0
1777222041054,2,POST /reviews/,400,Bad Request,Review Submission Load Test 3-292,text,false,"Test failed: code expected to equal /

****** received  : [[[400]]]

****** comparison: [[[201]]]

/",188,440,1,2,http://localhost:8004/reviews/,2,0,0
1777222041072,3,GET /restaurants?q=ramen,200,OK,Restaurant Search Load Test 2-293,text,true,,587,137,1,2,http://localhost:8002/restaurants/?q=ramen,3,0,0
1777222041028,170,POST /auth/login,200,OK,Login Load Test 1-293,text,true,,316,250,1,2,http://localhost:8001/auth/login,170,0,0
1777222041087,170,Login for Token,200,OK,Review Submission Load Test 3-293,text,true,,316,250,1,2,http://localhost:8001/auth/login,170,0,0
1777222041257,2,POST /reviews/,400,Bad Request,Review Submission Load Test 3-293,text,false,"Test failed: code expected to equal /

****** received  : [[[400]]]

****** comparison: [[[201]]]

/",188,440,1,2,http://localhost:8004/reviews/,2,0,0
1777222041272,3,GET /restaurants?q=ramen,200,OK,Restaurant Search Load Test 2-294,text,true,,587,137,1,2,http://localhost:8002/restaurants/?q=ramen,3,0,0
1777222041226,172,POST /auth/login,200,OK,Login Load Test 1-294,text,true,,316,250,1,2,http://localhost:8001/auth/login,172,0,1
1777222041285,170,Login for Token,200,OK,Review Submission Load Test 3-294,text,true,,316,250,1,2,http://localhost:8001/auth/login,170,0,0
1777222041455,3,POST /reviews/,400,Bad Request,Review Submission Load Test 3-294,text,false,"Test failed: code expected to equal /

****** received  : [[[400]]]

****** comparison: [[[201]]]

/",188,440,1,2,http://localhost:8004/reviews/,3,0,1
1777222041471,3,GET /restaurants?q=ramen,200,OK,Restaurant Search Load Test 2-295,text,true,,587,137,1,2,http://localhost:8002/restaurants/?q=ramen,3,0,0
1777222041426,172,POST /auth/login,200,OK,Login Load Test 1-295,text,true,,316,250,1,2,http://localhost:8001/auth/login,172,0,0
1777222041487,170,Login for Token,200,OK,Review Submission Load Test 3-295,text,true,,316,250,1,2,http://localhost:8001/auth/login,170,0,0
1777222041657,3,POST /reviews/,400,Bad Request,Review Submission Load Test 3-295,text,false,"Test failed: code expected to equal /

****** received  : [[[400]]]

****** comparison: [[[201]]]

/",188,440,1,2,http://localhost:8004/reviews/,3,0,1
1777222041671,3,GET /restaurants?q=ramen,200,OK,Restaurant Search Load Test 2-296,text,true,,587,137,1,2,http://localhost:8002/restaurants/?q=ramen,3,0,0
1777222041628,171,POST /auth/login,200,OK,Login Load Test 1-296,text,true,,316,250,1,2,http://localhost:8001/auth/login,171,0,0
1777222041687,171,Login for Token,200,OK,Review Submission Load Test 3-296,text,true,,316,250,1,2,http://localhost:8001/auth/login,171,0,1
1777222041858,2,POST /reviews/,400,Bad Request,Review Submission Load Test 3-296,text,false,"Test failed: code expected to equal /

****** received  : [[[400]]]

****** comparison: [[[201]]]

/",188,440,1,2,http://localhost:8004/reviews/,2,0,0
1777222041871,3,GET /restaurants?q=ramen,200,OK,Restaurant Search Load Test 2-297,text,true,,587,137,1,2,http://localhost:8002/restaurants/?q=ramen,3,0,0
1777222041824,171,POST /auth/login,200,OK,Login Load Test 1-297,text,true,,316,250,1,2,http://localhost:8001/auth/login,171,0,1
1777222041883,170,Login for Token,200,OK,Review Submission Load Test 3-297,text,true,,316,250,1,2,http://localhost:8001/auth/login,170,0,1
1777222042053,2,POST /reviews/,400,Bad Request,Review Submission Load Test 3-297,text,false,"Test failed: code expected to equal /

****** received  : [[[400]]]

****** comparison: [[[201]]]

/",188,440,1,2,http://localhost:8004/reviews/,2,0,0
1777222042071,4,GET /restaurants?q=ramen,200,OK,Restaurant Search Load Test 2-298,text,true,,587,137,1,2,http://localhost:8002/restaurants/?q=ramen,4,0,0
1777222042025,171,POST /auth/login,200,OK,Login Load Test 1-298,text,true,,316,250,1,2,http://localhost:8001/auth/login,171,0,0
1777222042086,171,Login for Token,200,OK,Review Submission Load Test 3-298,text,true,,316,250,1,2,http://localhost:8001/auth/login,171,0,0
1777222042257,2,POST /reviews/,400,Bad Request,Review Submission Load Test 3-298,text,false,"Test failed: code expected to equal /

****** received  : [[[400]]]

****** comparison: [[[201]]]

/",188,440,1,2,http://localhost:8004/reviews/,2,0,0
1777222042270,3,GET /restaurants?q=ramen,200,OK,Restaurant Search Load Test 2-299,text,true,,587,137,1,2,http://localhost:8002/restaurants/?q=ramen,3,0,0
1777222042228,173,POST /auth/login,200,OK,Login Load Test 1-299,text,true,,316,250,1,2,http://localhost:8001/auth/login,173,0,1
1777222042287,172,Login for Token,200,OK,Review Submission Load Test 3-299,text,true,,316,250,1,2,http://localhost:8001/auth/login,172,0,0
1777222042459,2,POST /reviews/,400,Bad Request,Review Submission Load Test 3-299,text,false,"Test failed: code expected to equal /

****** received  : [[[400]]]

****** comparison: [[[201]]]

/",188,440,1,2,http://localhost:8004/reviews/,2,0,0
1777222042468,4,GET /restaurants?q=ramen,200,OK,Restaurant Search Load Test 2-300,text,true,,587,137,1,2,http://localhost:8002/restaurants/?q=ramen,4,0,0
1777222042428,174,POST /auth/login,200,OK,Login Load Test 1-300,text,true,,316,250,1,2,http://localhost:8001/auth/login,174,0,0
1777222042487,173,Login for Token,200,OK,Review Submission Load Test 3-300,text,true,,316,251,1,1,http://localhost:8001/auth/login,173,0,0
1777222042661,2,POST /reviews/,400,Bad Request,Review Submission Load Test 3-300,text,false,"Test failed: code expected to equal /

****** received  : [[[400]]]

****** comparison: [[[201]]]

/",188,440,1,1,http://localhost:8004/reviews/,2,0,0
